order_id,customer_id,order_date,category,product_name,unit_price,quantity,country,payment_method,channel,order_status,revenue,month,quarter,year
ORD103060,CUST1288,2024-02-16,Home & Kitchen,Air Fryer,3360.0,1.0,United Kingdom,Upi,Mobile App,Delivered,3360.0,2024-02,1,2024
ORD102675,CUST363,2024-04-23,Books,Fiction Bestseller,686.71,2.0,India,Cod,Mobile App,Delivered,1373.42,2024-04,2,2024
ORD103653,CUST875,2024-08-12,Fashion,Denim Jacket,603.78,1.0,India,Net Banking,Mobile App,Delivered,603.78,2024-08,3,2024
ORD104328,CUST415,2024-01-16,Electronics,Bluetooth Speaker,2874.07,1.0,Germany,Credit Card,Website,Cancelled,2874.07,2024-01,1,2024
ORD101222,CUST764,2024-05-05,Home & Kitchen,Blender,1108.87,4.0,Germany,Upi,Mobile App,Delivered,4435.48,2024-05,2,2024
ORD105822,CUST394,2024-07-03,Fashion,Running Shoes,1918.95,1.0,India,Credit Card,Mobile App,Delivered,1918.95,2024-07,3,2024
ORD101479,CUST542,2024-05-13,Toys,Puzzle 1000pc,540.91,1.0,United Kingdom,Debit Card,Mobile App,Delivered,540.91,2024-05,2,2024
ORD100841,CUST34,2024-01-05,Fashion,Denim Jacket,2132.51,2.0,India,Upi,Mobile App,Returned,4265.02,2024-01,1,2024
ORD100998,CUST1204,2024-06-08,Fashion,Running Shoes,501.47,1.0,Uae,Upi,Website,Delivered,501.47,2024-06,2,2024
ORD102822,CUST713,2024-04-29,Toys,Board Game,1225.72,1.0,United Kingdom,Credit Card,Website,Delivered,1225.72,2024-04,2,2024
ORD104956,CUST1435,2024-09-28,Home & Kitchen,Air Fryer,2968.64,1.0,Germany,Upi,Marketplace,Delivered,2968.64,2024-09,3,2024
ORD103067,CUST1247,2024-02-04,Electronics,Phone Case,3322.03,2.0,France,Upi,Mobile App,Delivered,6644.06,2024-02,1,2024
ORD101459,CUST357,2024-01-24,Toys,Puzzle 1000pc,596.53,2.0,India,Cod,Mobile App,Delivered,1193.06,2024-01,1,2024
ORD102713,CUST945,2024-03-10,Fashion,Cotton T-Shirt,2172.39,1.0,United Kingdom,Credit Card,Marketplace,Delivered,2172.39,2024-03,1,2024
ORD100615,CUST677,2024-05-30,Electronics,Smartwatch,2163.99,2.0,India,Paypal,Marketplace,Delivered,4327.98,2024-05,2,2024
ORD102277,CUST974,2024-09-22,Electronics,Power Bank,3064.68,3.0,India,Credit Card,Marketplace,Delivered,9194.039999999999,2024-09,3,2024
ORD100629,CUST1657,2024-02-11,Books,Fiction Bestseller,611.61,1.0,United States,Cod,Mobile App,Delivered,611.61,2024-02,1,2024
ORD103743,CUST214,2024-06-09,Fashion,Leather Wallet,1322.8,1.0,India,Upi,Mobile App,Delivered,1322.8,2024-06,2,2024
ORD100469,CUST436,2024-03-17,Fashion,Leather Wallet,1737.4,1.0,United Kingdom,Cod,Mobile App,Delivered,1737.4,2024-03,1,2024
ORD102424,CUST1198,2024-08-12,Books,Fiction Bestseller,538.32,1.0,India,Upi,Mobile App,Returned,538.32,2024-08,3,2024
ORD100293,CUST274,2024-04-04,Beauty,Lip Balm Set,769.1,3.0,Germany,Cod,Mobile App,Delivered,2307.3,2024-04,2,2024
ORD105810,CUST234,2024-04-30,Fashion,Denim Jacket,1746.67,2.0,United States,Unknown,Marketplace,Returned,3493.34,2024-04,2,2024
ORD104311,CUST1734,2024-05-01,Toys,Puzzle 1000pc,1829.26,1.0,India,Debit Card,Website,Delivered,1829.26,2024-05,2,2024
ORD104478,CUST1568,2024-02-24,Fashion,Running Shoes,1040.9,3.0,India,Debit Card,Mobile App,Delivered,3122.7000000000003,2024-02,1,2024
ORD105561,CUST1381,2024-02-17,Home & Kitchen,Storage Containers,1991.35,1.0,India,Credit Card,Mobile App,Delivered,1991.35,2024-02,1,2024
ORD104815,CUST934,2024-04-06,Fashion,Cotton T-Shirt,970.12,2.0,India,Upi,Mobile App,Delivered,1940.24,2024-04,2,2024
ORD105226,CUST88,2024-04-17,Sports,Cycling Gloves,2414.91,2.0,India,Credit Card,Website,Delivered,4829.82,2024-04,2,2024
ORD105062,CUST349,2024-01-31,Fashion,Leather Wallet,1995.4,1.0,India,Net Banking,Website,Cancelled,1995.4,2024-01,1,2024
ORD103895,CUST1692,2024-07-02,Home & Kitchen,Blender,2021.24,2.0,United States,Upi,Website,Delivered,4042.48,2024-07,3,2024
ORD100035,CUST256,2024-01-05,Beauty,Face Serum,713.63,2.0,India,Debit Card,Marketplace,Delivered,1427.26,2024-01,1,2024
ORD102939,CUST1345,2024-03-20,Beauty,Face Serum,219.79,1.0,India,Paypal,Marketplace,Cancelled,219.79,2024-03,1,2024
ORD104385,CUST1722,2024-05-17,Sports,Resistance Bands,606.87,5.0,Germany,Credit Card,Website,Delivered,3034.35,2024-05,2,2024
ORD103876,CUST371,2024-03-15,Home & Kitchen,LED Desk Lamp,1456.5,2.0,India,Debit Card,Website,Delivered,2913.0,2024-03,1,2024
ORD100038,CUST1758,2024-03-06,Sports,Yoga Mat,507.24,2.0,Germany,Paypal,Mobile App,Delivered,1014.48,2024-03,1,2024
ORD103417,CUST620,2024-08-27,Fashion,Running Shoes,2629.81,4.0,Uae,Cod,Mobile App,Delivered,10519.24,2024-08,3,2024
ORD104954,CUST57,2024-08-30,Beauty,Sunscreen SPF50,1156.96,2.0,Uae,Net Banking,Marketplace,Delivered,2313.92,2024-08,3,2024
ORD100120,CUST1460,2024-01-17,Toys,RC Car,1622.78,4.0,United States,Paypal,Marketplace,Delivered,6491.12,2024-01,1,2024
ORD100921,CUST1546,2024-03-23,Books,Self-Help Guide,498.08,3.0,India,Credit Card,Mobile App,Delivered,1494.24,2024-03,1,2024
ORD103996,CUST68,2024-01-03,Fashion,Sunglasses,1133.18,4.0,United States,Credit Card,Marketplace,Delivered,4532.72,2024-01,1,2024
ORD105183,CUST446,2024-03-19,Home & Kitchen,Air Fryer,1413.74,2.0,United States,Cod,Website,Returned,2827.48,2024-03,1,2024
ORD100592,CUST841,2024-04-20,Books,Kids Picture Book,412.6,1.0,United States,Debit Card,Mobile App,Delivered,412.6,2024-04,2,2024
ORD105603,CUST1781,2024-05-16,Beauty,Lip Balm Set,1497.34,2.0,Germany,Net Banking,Website,Delivered,2994.68,2024-05,2,2024
ORD105274,CUST1334,2024-04-02,Electronics,Smartwatch,3265.37,1.0,India,Credit Card,Marketplace,Returned,3265.37,2024-04,2,2024
ORD101493,CUST1653,2024-03-06,Sports,Resistance Bands,1373.83,1.0,Uae,Upi,Mobile App,Delivered,1373.83,2024-03,1,2024
ORD103701,UNKNOWN,2024-06-22,Fashion,Sunglasses,1511.97,1.0,India,Debit Card,Mobile App,Delivered,1511.97,2024-06,2,2024
ORD105232,CUST535,2024-03-09,Fashion,Running Shoes,221.63,1.0,Uae,Credit Card,Website,Delivered,221.63,2024-03,1,2024
ORD104109,CUST1528,2024-05-08,Home & Kitchen,LED Desk Lamp,653.13,1.0,India,Upi,Mobile App,Cancelled,653.13,2024-05,2,2024
ORD102847,UNKNOWN,2024-03-10,Fashion,Denim Jacket,498.23,1.0,United Kingdom,Credit Card,Website,Delivered,498.23,2024-03,1,2024
ORD100285,CUST780,2024-08-17,Fashion,Cotton T-Shirt,1984.77,1.0,India,Paypal,Mobile App,Delivered,1984.77,2024-08,3,2024
ORD100828,CUST1407,2024-04-24,Fashion,Leather Wallet,429.59,1.0,India,Credit Card,Mobile App,Delivered,429.59,2024-04,2,2024
ORD102097,CUST1252,2024-09-28,Home & Kitchen,Blender,763.95,2.0,India,Credit Card,Mobile App,Delivered,1527.9,2024-09,3,2024
ORD105396,CUST1145,2024-09-08,Home & Kitchen,LED Desk Lamp,3092.45,2.0,India,Credit Card,Mobile App,Returned,6184.9,2024-09,3,2024
ORD103594,CUST810,2024-01-17,Electronics,USB-C Cable,3330.61,2.0,United Kingdom,Cod,Mobile App,Delivered,6661.22,2024-01,1,2024
ORD100019,CUST1501,2024-02-05,Home & Kitchen,Blender,2891.36,3.0,Germany,Upi,Marketplace,Returned,8674.08,2024-02,1,2024
ORD105626,CUST1377,2024-09-19,Sports,Cycling Gloves,630.05,5.0,India,Paypal,Mobile App,Delivered,3150.25,2024-09,3,2024
ORD101301,CUST1126,2024-05-20,Fashion,Cotton T-Shirt,2194.71,1.0,United States,Upi,Mobile App,Delivered,2194.71,2024-05,2,2024
ORD105654,CUST121,2024-08-06,Fashion,Running Shoes,2033.85,2.0,United States,Upi,Website,Cancelled,4067.7,2024-08,3,2024
ORD103268,CUST1039,2024-02-03,Fashion,Cotton T-Shirt,1425.65,1.0,United Kingdom,Credit Card,Mobile App,Returned,1425.65,2024-02,1,2024
ORD101878,CUST1186,2024-04-17,Home & Kitchen,LED Desk Lamp,651.14,1.0,India,Debit Card,Website,Delivered,651.14,2024-04,2,2024
ORD104963,CUST160,2024-06-03,Electronics,Wireless Earbuds,2133.59,1.0,India,Credit Card,Website,Delivered,2133.59,2024-06,2,2024
ORD102276,CUST1095,2024-05-20,Toys,Puzzle 1000pc,881.37,1.0,India,Credit Card,Mobile App,Delivered,881.37,2024-05,2,2024
ORD101880,CUST1427,2024-04-07,Electronics,Smartwatch,2875.48,1.0,Germany,Credit Card,Website,Delivered,2875.48,2024-04,2,2024
ORD102659,CUST919,2024-03-09,Beauty,Face Serum,199.04,1.0,United States,Upi,Mobile App,Returned,199.04,2024-03,1,2024
ORD101274,CUST568,2024-01-18,Sports,Cycling Gloves,403.26,1.0,France,Cod,Mobile App,Delivered,403.26,2024-01,1,2024
ORD105402,CUST338,2024-02-20,Fashion,Denim Jacket,561.97,2.0,India,Credit Card,Website,Delivered,1123.94,2024-02,1,2024
ORD105961,CUST1613,2024-06-09,Toys,Board Game,292.37,1.0,United Kingdom,Upi,Mobile App,Delivered,292.37,2024-06,2,2024
ORD103854,CUST174,2024-05-03,Electronics,Smartwatch,2901.44,1.0,United States,Upi,Marketplace,Returned,2901.44,2024-05,2,2024
ORD100724,CUST757,2024-02-05,Electronics,Phone Case,3849.51,1.0,India,Credit Card,Mobile App,Delivered,3849.51,2024-02,1,2024
ORD101352,CUST1220,2024-03-23,Home & Kitchen,LED Desk Lamp,820.81,1.0,United Kingdom,Credit Card,Mobile App,Returned,820.81,2024-03,1,2024
ORD102356,CUST1503,2024-03-07,Fashion,Leather Wallet,553.45,2.0,United States,Unknown,Mobile App,Delivered,1106.9,2024-03,1,2024
ORD102783,CUST942,2024-03-08,Sports,Cycling Gloves,1373.83,2.0,India,Credit Card,Website,Returned,2747.66,2024-03,1,2024
ORD103039,CUST774,2024-04-05,Beauty,Lip Balm Set,685.05,1.0,United Kingdom,Debit Card,Marketplace,Delivered,685.05,2024-04,2,2024
ORD100713,CUST1169,2024-07-21,Electronics,Bluetooth Speaker,3030.94,1.0,India,Credit Card,Website,Delivered,3030.94,2024-07,3,2024
ORD105883,CUST665,2024-01-14,Fashion,Running Shoes,2568.07,1.0,India,Cod,Marketplace,Delivered,2568.07,2024-01,1,2024
ORD101212,CUST1014,2024-05-02,Beauty,Makeup Brush Kit,1368.33,1.0,India,Paypal,Mobile App,Delivered,1368.33,2024-05,2,2024
ORD103697,CUST793,2024-05-17,Toys,Board Game,1951.16,3.0,India,Cod,Marketplace,Delivered,5853.4800000000005,2024-05,2,2024
ORD101360,CUST1237,2024-09-17,Fashion,Sunglasses,1770.76,3.0,India,Credit Card,Website,Delivered,5312.28,2024-09,3,2024
ORD103081,CUST195,2024-02-29,Electronics,Bluetooth Speaker,967.4,1.0,Germany,Credit Card,Mobile App,Cancelled,967.4,2024-02,1,2024
ORD101617,CUST1727,2024-01-20,Beauty,Lip Balm Set,1177.75,1.0,Germany,Debit Card,Marketplace,Cancelled,1177.75,2024-01,1,2024
ORD103593,CUST850,2024-06-13,Fashion,Leather Wallet,521.11,1.0,India,Credit Card,Website,Delivered,521.11,2024-06,2,2024
ORD102835,CUST1361,2024-04-15,Beauty,Face Serum,1216.46,1.0,United States,Upi,Marketplace,Delivered,1216.46,2024-04,2,2024
ORD102169,CUST728,2024-05-26,Fashion,Sunglasses,386.5,2.0,Uae,Cod,Mobile App,Delivered,773.0,2024-05,2,2024
ORD105184,CUST700,2024-07-15,Home & Kitchen,Non-stick Pan Set,581.6,2.0,United States,Credit Card,Mobile App,Delivered,1163.2,2024-07,3,2024
ORD100760,CUST1687,2024-07-13,Fashion,Running Shoes,1034.47,2.0,India,Upi,Mobile App,Delivered,2068.94,2024-07,3,2024
ORD102100,CUST730,2024-09-04,Beauty,Lip Balm Set,525.95,1.0,India,Debit Card,Mobile App,Cancelled,525.95,2024-09,3,2024
ORD102069,CUST506,2024-06-28,Home & Kitchen,Storage Containers,3216.3,4.0,India,Cod,Mobile App,Delivered,12865.2,2024-06,2,2024
ORD101408,CUST1465,2024-05-09,Home & Kitchen,Storage Containers,1425.77,1.0,India,Paypal,Marketplace,Delivered,1425.77,2024-05,2,2024
ORD101224,CUST1355,2024-03-25,Home & Kitchen,Blender,3080.39,1.0,United Kingdom,Cod,Mobile App,Delivered,3080.39,2024-03,1,2024
ORD103961,CUST1601,2024-05-24,Electronics,USB-C Cable,3054.76,1.0,India,Upi,Mobile App,Delivered,3054.76,2024-05,2,2024
ORD101579,CUST1155,2024-07-26,Fashion,Running Shoes,2571.41,1.0,India,Credit Card,Marketplace,Delivered,2571.41,2024-07,3,2024
ORD103143,CUST257,2024-01-18,Electronics,USB-C Cable,559.13,1.0,India,Paypal,Mobile App,Delivered,559.13,2024-01,1,2024
ORD101812,CUST1797,2024-06-11,Sports,Water Bottle,931.79,2.0,Uae,Upi,Mobile App,Delivered,1863.58,2024-06,2,2024
ORD103482,CUST61,2024-05-31,Electronics,Bluetooth Speaker,4717.37,1.0,United States,Paypal,Website,Delivered,4717.37,2024-05,2,2024
ORD104312,CUST466,2024-01-02,Sports,Water Bottle,416.94,1.0,United Kingdom,Net Banking,Website,Delivered,416.94,2024-01,1,2024
ORD104163,CUST1594,2024-09-06,Fashion,Sunglasses,1502.91,1.0,India,Cod,Mobile App,Delivered,1502.91,2024-09,3,2024
ORD100634,CUST699,2024-05-31,Electronics,Bluetooth Speaker,3589.46,2.0,India,Credit Card,Marketplace,Returned,7178.92,2024-05,2,2024
ORD104897,CUST1159,2024-01-05,Fashion,Cotton T-Shirt,911.08,1.0,India,Upi,Mobile App,Delivered,911.08,2024-01,1,2024
ORD100291,CUST1302,2024-09-11,Fashion,Leather Wallet,2763.21,1.0,India,Cod,Mobile App,Delivered,2763.21,2024-09,3,2024
ORD100206,CUST1228,2024-05-03,Electronics,Smartwatch,1423.0,1.0,United States,Upi,Website,Delivered,1423.0,2024-05,2,2024
ORD102175,CUST1202,2024-08-18,Electronics,Power Bank,1928.69,3.0,India,Credit Card,Mobile App,Delivered,5786.07,2024-08,3,2024
ORD102910,CUST354,2024-02-18,Electronics,USB-C Cable,3249.62,1.0,India,Paypal,Mobile App,Delivered,3249.62,2024-02,1,2024
ORD102478,CUST1255,2024-04-10,Fashion,Sunglasses,1594.03,5.0,India,Credit Card,Website,Delivered,7970.15,2024-04,2,2024
ORD105270,CUST785,2024-09-27,Electronics,USB-C Cable,2725.72,2.0,India,Net Banking,Website,Delivered,5451.44,2024-09,3,2024
ORD103195,CUST368,2024-07-30,Sports,Resistance Bands,493.49,1.0,India,Net Banking,Marketplace,Delivered,493.49,2024-07,3,2024
ORD105428,CUST1290,2024-07-02,Fashion,Cotton T-Shirt,693.54,2.0,India,Cod,Marketplace,Delivered,1387.08,2024-07,3,2024
ORD103402,CUST1763,2024-05-21,Sports,Water Bottle,2333.44,5.0,India,Credit Card,Website,Delivered,11667.2,2024-05,2,2024
ORD105236,UNKNOWN,2024-06-13,Toys,Building Blocks Set,1715.07,1.0,United States,Upi,Website,Delivered,1715.07,2024-06,2,2024
ORD101472,CUST489,2024-09-27,Electronics,Wireless Earbuds,3831.67,1.0,India,Net Banking,Mobile App,Delivered,3831.67,2024-09,3,2024
ORD100630,CUST67,2024-03-12,Books,Kids Picture Book,117.47,1.0,India,Credit Card,Marketplace,Delivered,117.47,2024-03,1,2024
ORD102321,CUST801,2024-07-11,Beauty,Sunscreen SPF50,1361.58,1.0,India,Upi,Marketplace,Delivered,1361.58,2024-07,3,2024
ORD100023,CUST1459,2024-04-03,Sports,Yoga Mat,985.32,1.0,Germany,Net Banking,Mobile App,Delivered,985.32,2024-04,2,2024
ORD104664,CUST485,2024-09-11,Home & Kitchen,Storage Containers,2457.86,1.0,Germany,Net Banking,Website,Delivered,2457.86,2024-09,3,2024
ORD105946,CUST743,2024-02-24,Books,Kids Picture Book,588.16,1.0,United Kingdom,Upi,Marketplace,Delivered,588.16,2024-02,1,2024
ORD100772,CUST329,2024-03-18,Fashion,Leather Wallet,1030.45,1.0,India,Debit Card,Website,Cancelled,1030.45,2024-03,1,2024
ORD105371,CUST223,2024-07-22,Books,Self-Help Guide,229.03,2.0,India,Credit Card,Mobile App,Returned,458.06,2024-07,3,2024
ORD102889,CUST547,2024-05-17,Books,Fiction Bestseller,248.55,1.0,Germany,Debit Card,Mobile App,Delivered,248.55,2024-05,2,2024
ORD101928,CUST1768,2024-05-17,Fashion,Sunglasses,2132.05,1.0,Germany,Net Banking,Website,Delivered,2132.05,2024-05,2,2024
ORD103125,CUST610,2024-02-11,Home & Kitchen,Air Fryer,2623.89,1.0,India,Cod,Marketplace,Delivered,2623.89,2024-02,1,2024
ORD101054,CUST1404,2024-08-02,Sports,Dumbbell Set,2294.45,1.0,India,Credit Card,Mobile App,Delivered,2294.45,2024-08,3,2024
ORD101425,CUST945,2024-03-27,Beauty,Sunscreen SPF50,195.03,1.0,India,Debit Card,Mobile App,Returned,195.03,2024-03,1,2024
ORD104999,CUST349,2024-06-07,Fashion,Denim Jacket,1361.52,1.0,United States,Net Banking,Website,Delivered,1361.52,2024-06,2,2024
ORD101598,CUST724,2024-08-20,Books,Self-Help Guide,54770.00000000001,4.0,Uae,Credit Card,Website,Delivered,219080.00000000003,2024-08,3,2024
ORD101010,CUST1364,2024-05-22,Books,Cookbook,616.69,1.0,India,Upi,Website,Delivered,616.69,2024-05,2,2024
ORD103296,CUST333,2024-09-08,Fashion,Sunglasses,2330.26,1.0,Uae,Credit Card,Marketplace,Delivered,2330.26,2024-09,3,2024
ORD104044,UNKNOWN,2024-01-03,Sports,Dumbbell Set,1892.09,2.0,India,Paypal,Mobile App,Cancelled,3784.18,2024-01,1,2024
ORD101419,CUST528,2024-07-24,Toys,Board Game,1120.57,1.0,United Kingdom,Upi,Mobile App,Delivered,1120.57,2024-07,3,2024
ORD103902,CUST689,2024-06-29,Fashion,Denim Jacket,1125.14,2.0,United States,Debit Card,Marketplace,Delivered,2250.28,2024-06,2,2024
ORD103431,CUST1598,2024-01-18,Sports,Yoga Mat,1690.23,1.0,India,Unknown,Website,Delivered,1690.23,2024-01,1,2024
ORD102853,CUST231,2024-04-06,Home & Kitchen,LED Desk Lamp,1947.67,1.0,India,Credit Card,Website,Delivered,1947.67,2024-04,2,2024
ORD101229,CUST967,2024-06-22,Electronics,Phone Case,4740.25,1.0,India,Net Banking,Website,Delivered,4740.25,2024-06,2,2024
ORD100833,CUST490,2024-05-31,Home & Kitchen,Blender,2545.25,1.0,India,Debit Card,Website,Delivered,2545.25,2024-05,2,2024
ORD102412,CUST951,2024-09-06,Sports,Water Bottle,1321.31,1.0,United States,Credit Card,Website,Delivered,1321.31,2024-09,3,2024
ORD104087,CUST488,2024-05-18,Home & Kitchen,Storage Containers,1037.0,1.0,India,Credit Card,Marketplace,Delivered,1037.0,2024-05,2,2024
ORD102112,CUST64,2024-02-26,Beauty,Lip Balm Set,1084.67,1.0,France,Upi,Website,Delivered,1084.67,2024-02,1,2024
ORD100486,CUST299,2024-06-21,Toys,Puzzle 1000pc,1662.54,1.0,,Net Banking,Website,Delivered,1662.54,2024-06,2,2024
ORD105463,CUST1613,2024-05-11,Fashion,Cotton T-Shirt,1630.16,1.0,,Credit Card,Website,Returned,1630.16,2024-05,2,2024
ORD100512,CUST633,2024-04-19,Electronics,Power Bank,1547.7,2.0,United States,Credit Card,Marketplace,Delivered,3095.4,2024-04,2,2024
ORD101184,CUST694,2024-03-27,Sports,Yoga Mat,2341.7,1.0,India,Credit Card,Mobile App,Returned,2341.7,2024-03,1,2024
ORD102098,CUST1562,2024-01-01,Fashion,Denim Jacket,461.39,1.0,United States,Upi,Mobile App,Delivered,461.39,2024-01,1,2024
ORD105832,UNKNOWN,2024-01-11,Fashion,Denim Jacket,1255.81,1.0,India,Debit Card,Marketplace,Delivered,1255.81,2024-01,1,2024
ORD103093,CUST228,2024-08-25,Fashion,Sunglasses,2772.07,1.0,India,Debit Card,Mobile App,Delivered,2772.07,2024-08,3,2024
ORD101071,CUST680,2024-06-27,Beauty,Lip Balm Set,912.47,1.0,United States,Paypal,Website,Delivered,912.47,2024-06,2,2024
ORD101473,CUST1578,2024-02-04,Home & Kitchen,Air Fryer,3050.24,1.0,United Kingdom,Debit Card,Marketplace,Delivered,3050.24,2024-02,1,2024
ORD101541,CUST576,2024-08-28,Home & Kitchen,Non-stick Pan Set,3198.71,1.0,India,Credit Card,Website,Delivered,3198.71,2024-08,3,2024
ORD104643,CUST1086,2024-01-11,Books,Cookbook,435.69,5.0,Uae,Credit Card,Website,Delivered,2178.45,2024-01,1,2024
ORD100241,CUST1423,2024-08-06,Electronics,Power Bank,4951.53,1.0,United States,Upi,Mobile App,Delivered,4951.53,2024-08,3,2024
ORD105859,CUST617,2024-02-04,Beauty,Sunscreen SPF50,359.79,1.0,United Kingdom,Credit Card,Mobile App,Delivered,359.79,2024-02,1,2024
ORD104047,CUST1384,2024-05-01,Electronics,USB-C Cable,776.96,1.0,Germany,Cod,Mobile App,Delivered,776.96,2024-05,2,2024
ORD101804,CUST1730,2024-04-10,Home & Kitchen,Storage Containers,1947.67,2.0,India,Upi,Marketplace,Delivered,3895.34,2024-04,2,2024
ORD100210,CUST860,2024-02-08,Beauty,Face Serum,1054.41,1.0,India,Cod,Marketplace,Delivered,1054.41,2024-02,1,2024
ORD103542,CUST205,2024-02-01,Fashion,Denim Jacket,488.82,2.0,United States,Cod,Mobile App,Delivered,977.64,2024-02,1,2024
ORD105911,CUST80,2024-05-25,Home & Kitchen,Blender,1236.7,1.0,United Kingdom,Credit Card,Website,Delivered,1236.7,2024-05,2,2024
ORD104631,CUST138,2024-02-05,Fashion,Running Shoes,713.25,1.0,India,Credit Card,Marketplace,Returned,713.25,2024-02,1,2024
ORD104204,CUST1292,2024-09-24,Home & Kitchen,Storage Containers,2773.57,2.0,Germany,Upi,Website,Delivered,5547.14,2024-09,3,2024
ORD105892,CUST712,2024-02-23,Home & Kitchen,Air Fryer,1401.9,1.0,India,Upi,Mobile App,Delivered,1401.9,2024-02,1,2024
ORD102427,CUST189,2024-07-03,Sports,Dumbbell Set,983.54,1.0,United Kingdom,Debit Card,Mobile App,Cancelled,983.54,2024-07,3,2024
ORD104983,CUST21,2024-09-27,Fashion,Sunglasses,207.06,1.0,India,Debit Card,Website,Delivered,207.06,2024-09,3,2024
ORD101000,CUST1662,2024-05-05,Sports,Dumbbell Set,1863.62,1.0,India,Debit Card,Website,Delivered,1863.62,2024-05,2,2024
ORD104517,CUST1373,2024-07-02,Fashion,Cotton T-Shirt,1465.64,2.0,India,Net Banking,Website,Delivered,2931.28,2024-07,3,2024
ORD101428,UNKNOWN,2024-07-11,Beauty,Face Serum,424.0,1.0,Uae,Debit Card,Website,Delivered,424.0,2024-07,3,2024
ORD105534,CUST1456,2024-06-12,Beauty,Sunscreen SPF50,913.77,1.0,India,Upi,Marketplace,Delivered,913.77,2024-06,2,2024
ORD105884,UNKNOWN,2024-07-05,Electronics,Wireless Earbuds,1524.13,1.0,India,Cod,Marketplace,Delivered,1524.13,2024-07,3,2024
ORD104191,CUST571,2024-04-09,Electronics,Wireless Earbuds,1613.86,2.0,France,Credit Card,Mobile App,Cancelled,3227.72,2024-04,2,2024
ORD103401,CUST1318,2024-07-20,Beauty,Sunscreen SPF50,512.62,2.0,India,Credit Card,Mobile App,Delivered,1025.24,2024-07,3,2024
ORD101089,CUST1054,2024-02-24,Fashion,Running Shoes,329.06,1.0,India,Upi,Mobile App,Delivered,329.06,2024-02,1,2024
ORD102439,CUST768,2024-09-16,Fashion,Cotton T-Shirt,1837.8,1.0,Uae,Credit Card,Marketplace,Delivered,1837.8,2024-09,3,2024
ORD101108,CUST1483,2024-06-29,Beauty,Face Serum,1011.07,1.0,India,Credit Card,Website,Delivered,1011.07,2024-06,2,2024
ORD100365,CUST1051,2024-09-10,Beauty,Lip Balm Set,337.26,2.0,India,Credit Card,Website,Delivered,674.52,2024-09,3,2024
ORD102396,CUST1131,2024-02-12,Sports,Cycling Gloves,1842.58,1.0,India,Upi,Mobile App,Delivered,1842.58,2024-02,1,2024
ORD105233,CUST51,2024-05-28,Fashion,Leather Wallet,1055.22,4.0,India,Credit Card,Mobile App,Cancelled,4220.88,2024-05,2,2024
ORD102489,CUST954,2024-07-30,Fashion,Cotton T-Shirt,2156.18,1.0,India,Upi,Mobile App,Delivered,2156.18,2024-07,3,2024
ORD102078,CUST972,2024-07-03,Fashion,Running Shoes,2396.86,4.0,India,Upi,Mobile App,Delivered,9587.44,2024-07,3,2024
ORD101150,CUST352,2024-02-19,Home & Kitchen,Blender,2414.81,1.0,United States,Debit Card,Website,Delivered,2414.81,2024-02,1,2024
ORD105926,CUST976,2024-04-19,Sports,Water Bottle,1368.34,1.0,India,Upi,Website,Delivered,1368.34,2024-04,2,2024
ORD103659,CUST1061,2024-06-09,Beauty,Face Serum,1129.4,2.0,India,Debit Card,Website,Cancelled,2258.8,2024-06,2,2024
ORD102147,CUST687,2024-07-27,Home & Kitchen,LED Desk Lamp,1445.92,4.0,India,Upi,Mobile App,Delivered,5783.68,2024-07,3,2024
ORD105182,CUST223,2024-06-02,Fashion,Leather Wallet,829.32,1.0,France,Credit Card,Website,Delivered,829.32,2024-06,2,2024
ORD103652,CUST1162,2024-04-22,Books,Fiction Bestseller,415.42,2.0,United States,Cod,Mobile App,Delivered,830.84,2024-04,2,2024
ORD105547,CUST608,2024-01-31,Books,Cookbook,443.155,1.0,India,Upi,Mobile App,Delivered,443.155,2024-01,1,2024
ORD100272,CUST148,2024-03-15,Beauty,Hair Dryer,291.55,2.0,India,Upi,Website,Delivered,583.1,2024-03,1,2024
ORD102001,CUST130,2024-08-06,Beauty,Lip Balm Set,585.44,3.0,United States,Cod,Website,Delivered,1756.3200000000002,2024-08,3,2024
ORD101947,CUST1359,2024-04-07,Electronics,Bluetooth Speaker,2874.07,1.0,Germany,Upi,Mobile App,Delivered,2874.07,2024-04,2,2024
ORD101514,UNKNOWN,2024-03-20,Electronics,USB-C Cable,2061.13,1.0,India,Upi,Marketplace,Delivered,2061.13,2024-03,1,2024
ORD100364,CUST1289,2024-03-16,Sports,Water Bottle,2025.23,1.0,United Kingdom,Credit Card,Marketplace,Delivered,2025.23,2024-03,1,2024
ORD100697,CUST792,2024-01-13,Home & Kitchen,Blender,1126.47,3.0,India,Paypal,Website,Cancelled,3379.41,2024-01,1,2024
ORD100743,CUST334,2024-04-04,Fashion,Denim Jacket,1770.14,1.0,India,Credit Card,Website,Returned,1770.14,2024-04,2,2024
ORD102385,CUST1072,2024-07-23,Home & Kitchen,LED Desk Lamp,505.59,1.0,United States,Debit Card,Website,Cancelled,505.59,2024-07,3,2024
ORD102559,CUST659,2024-01-05,Electronics,Power Bank,3460.84,1.0,United States,Cod,Website,Delivered,3460.84,2024-01,1,2024
ORD100483,CUST839,2024-08-21,Toys,Board Game,1423.78,1.0,France,Credit Card,Mobile App,Delivered,1423.78,2024-08,3,2024
ORD104205,CUST1185,2024-04-20,Toys,Building Blocks Set,728.64,1.0,United Kingdom,Credit Card,Website,Delivered,728.64,2024-04,2,2024
ORD105713,CUST810,2024-07-08,Fashion,Running Shoes,1438.14,1.0,France,Debit Card,Mobile App,Delivered,1438.14,2024-07,3,2024
ORD105175,CUST263,2024-05-11,Toys,RC Car,1586.99,1.0,United Kingdom,Unknown,Website,Delivered,1586.99,2024-05,2,2024
ORD101147,CUST1257,2024-09-27,Books,Cookbook,769.8,1.0,India,Credit Card,Website,Cancelled,769.8,2024-09,3,2024
ORD101483,CUST1156,2024-02-21,Toys,Board Game,1548.44,1.0,India,Credit Card,Website,Delivered,1548.44,2024-02,1,2024
ORD102434,CUST1729,2024-04-27,Fashion,Leather Wallet,2717.93,1.0,United States,Upi,Marketplace,Delivered,2717.93,2024-04,2,2024
ORD104833,UNKNOWN,2024-04-01,Books,Cookbook,443.155,1.0,India,Net Banking,Website,Delivered,443.155,2024-04,2,2024
ORD100996,CUST879,2024-09-06,Beauty,Makeup Brush Kit,532.45,3.0,United States,Debit Card,Mobile App,Delivered,1597.3500000000001,2024-09,3,2024
ORD104499,CUST832,2024-07-15,Fashion,Leather Wallet,2076.98,5.0,United Kingdom,Upi,Website,Delivered,10384.9,2024-07,3,2024
ORD101127,CUST1735,2024-09-06,Fashion,Leather Wallet,1465.58,1.0,United States,Net Banking,Mobile App,Delivered,1465.58,2024-09,3,2024
ORD103712,UNKNOWN,2024-05-03,Fashion,Denim Jacket,2124.43,1.0,United States,Credit Card,Mobile App,Delivered,2124.43,2024-05,2,2024
ORD104851,CUST1642,2024-06-30,Home & Kitchen,Blender,2835.07,1.0,United Kingdom,Debit Card,Website,Delivered,2835.07,2024-06,2,2024
ORD101756,CUST193,2024-08-01,Electronics,Smartwatch,4989.13,1.0,,Cod,Website,Delivered,4989.13,2024-08,3,2024
ORD102025,CUST1513,2024-07-30,Home & Kitchen,LED Desk Lamp,623.62,1.0,India,Upi,Website,Delivered,623.62,2024-07,3,2024
ORD105206,CUST828,2024-07-19,Home & Kitchen,Non-stick Pan Set,3121.44,1.0,India,Upi,Website,Delivered,3121.44,2024-07,3,2024
ORD105196,UNKNOWN,2024-03-23,Fashion,Running Shoes,2463.49,1.0,United Kingdom,Credit Card,Marketplace,Delivered,2463.49,2024-03,1,2024
ORD103046,CUST1682,2024-05-30,Fashion,Sunglasses,2799.73,1.0,Germany,Paypal,Website,Delivered,2799.73,2024-05,2,2024
ORD100614,CUST1598,2024-03-20,Home & Kitchen,Non-stick Pan Set,3251.0,2.0,United States,Upi,Website,Delivered,6502.0,2024-03,1,2024
ORD105748,CUST1337,2024-02-25,Beauty,Makeup Brush Kit,784.97,2.0,United States,Credit Card,Mobile App,Delivered,1569.94,2024-02,1,2024
ORD105057,CUST374,2024-06-29,Electronics,Bluetooth Speaker,616.08,2.0,United States,Debit Card,Marketplace,Delivered,1232.16,2024-06,2,2024
ORD105882,CUST276,2024-08-16,Beauty,Face Serum,1483.86,4.0,United Kingdom,Cod,Marketplace,Delivered,5935.44,2024-08,3,2024
ORD103552,CUST1057,2024-06-28,Toys,Building Blocks Set,1166.02,2.0,United Kingdom,Credit Card,Website,Delivered,2332.04,2024-06,2,2024
ORD103207,CUST849,2024-05-31,Electronics,Power Bank,3456.6,1.0,India,Paypal,Mobile App,Delivered,3456.6,2024-05,2,2024
ORD105457,CUST655,2024-09-24,Electronics,Smartwatch,2851.13,1.0,India,Debit Card,Mobile App,Returned,2851.13,2024-09,3,2024
ORD100331,CUST13,2024-03-14,Home & Kitchen,Storage Containers,380.12,1.0,United Kingdom,Debit Card,Website,Delivered,380.12,2024-03,1,2024
ORD105765,CUST1292,2024-07-18,Fashion,Running Shoes,1594.03,1.0,India,Debit Card,Website,Delivered,1594.03,2024-07,3,2024
ORD102111,CUST169,2024-01-01,Sports,Water Bottle,1373.83,1.0,United Kingdom,Debit Card,Marketplace,Delivered,1373.83,2024-01,1,2024
ORD101506,CUST1440,2024-05-31,Fashion,Running Shoes,2421.28,1.0,India,Credit Card,Website,Delivered,2421.28,2024-05,2,2024
ORD101334,UNKNOWN,2024-05-08,Home & Kitchen,LED Desk Lamp,2525.86,1.0,India,Credit Card,Marketplace,Delivered,2525.86,2024-05,2,2024
ORD101440,CUST1083,2024-06-17,Fashion,Running Shoes,1045.08,2.0,United Kingdom,Upi,Website,Delivered,2090.16,2024-06,2,2024
ORD105760,CUST756,2024-03-31,Electronics,Smartwatch,2035.36,1.0,United Kingdom,Cod,Website,Delivered,2035.36,2024-03,1,2024
ORD103849,CUST1784,2024-01-27,Sports,Dumbbell Set,1272.01,4.0,India,Upi,Website,Delivered,5088.04,2024-01,1,2024
ORD101819,CUST1222,2024-08-09,Beauty,Lip Balm Set,424.57,1.0,India,Debit Card,Mobile App,Delivered,424.57,2024-08,3,2024
ORD105357,CUST955,2024-07-13,Fashion,Leather Wallet,2531.26,2.0,India,Debit Card,Mobile App,Delivered,5062.52,2024-07,3,2024
ORD101295,CUST1648,2024-06-14,Books,Kids Picture Book,420.73,1.0,,Upi,Mobile App,Delivered,420.73,2024-06,2,2024
ORD102055,CUST505,2024-02-21,Fashion,Denim Jacket,422.16,1.0,India,Credit Card,Marketplace,Delivered,422.16,2024-02,1,2024
ORD104797,CUST777,2024-07-26,Electronics,Power Bank,2874.07,1.0,India,Credit Card,Mobile App,Returned,2874.07,2024-07,3,2024
ORD100472,CUST1761,2024-08-17,Toys,Puzzle 1000pc,1072.93,1.0,United States,Cod,Website,Delivered,1072.93,2024-08,3,2024
ORD105349,CUST383,2024-05-21,Electronics,Phone Case,3539.95,2.0,India,Credit Card,Marketplace,Delivered,7079.9,2024-05,2,2024
ORD102550,CUST136,2024-06-11,Toys,RC Car,786.58,4.0,India,Cod,Mobile App,Delivered,3146.32,2024-06,2,2024
ORD104636,CUST991,2024-04-28,Toys,Board Game,856.83,2.0,India,Upi,Marketplace,Delivered,1713.66,2024-04,2,2024
ORD102749,CUST341,2024-05-20,Beauty,Sunscreen SPF50,209.62,3.0,United States,Paypal,Mobile App,Cancelled,628.86,2024-05,2,2024
ORD105854,CUST1114,2024-01-13,Home & Kitchen,LED Desk Lamp,2835.01,1.0,India,Debit Card,Website,Delivered,2835.01,2024-01,1,2024
ORD101856,CUST1527,2024-05-29,Fashion,Sunglasses,2835.31,2.0,France,Cod,Marketplace,Delivered,5670.62,2024-05,2,2024
ORD104017,CUST1387,2024-06-17,Beauty,Makeup Brush Kit,885.33,3.0,India,Cod,Mobile App,Delivered,2655.9900000000002,2024-06,2,2024
ORD100212,CUST691,2024-06-30,Sports,Yoga Mat,2316.76,1.0,Germany,Credit Card,Marketplace,Delivered,2316.76,2024-06,2,2024
ORD105032,CUST740,2024-01-04,Sports,Resistance Bands,2475.72,1.0,India,Upi,Website,Delivered,2475.72,2024-01,1,2024
ORD100598,CUST1227,2024-07-02,Fashion,Sunglasses,1295.07,1.0,United Kingdom,Upi,Website,Delivered,1295.07,2024-07,3,2024
ORD100873,CUST498,2024-01-15,Fashion,Denim Jacket,2646.19,1.0,India,Credit Card,Marketplace,Returned,2646.19,2024-01,1,2024
ORD101026,CUST847,2024-09-29,Beauty,Makeup Brush Kit,433.81,2.0,India,Debit Card,Mobile App,Delivered,867.62,2024-09,3,2024
ORD103163,CUST283,2024-07-24,Beauty,Sunscreen SPF50,572.9,1.0,India,Debit Card,Marketplace,Delivered,572.9,2024-07,3,2024
ORD103086,CUST425,2024-02-09,Electronics,Bluetooth Speaker,2500.41,1.0,Germany,Credit Card,Mobile App,Delivered,2500.41,2024-02,1,2024
ORD102047,CUST468,2024-02-10,Home & Kitchen,Blender,1617.2,2.0,India,Credit Card,Website,Delivered,3234.4,2024-02,1,2024
ORD101710,CUST1251,2024-06-28,Fashion,Running Shoes,2430.15,2.0,India,Debit Card,Mobile App,Delivered,4860.3,2024-06,2,2024
ORD102493,CUST188,2024-06-27,Fashion,Cotton T-Shirt,1867.83,2.0,Germany,Credit Card,Mobile App,Delivered,3735.66,2024-06,2,2024
ORD101098,CUST1276,2024-09-27,Electronics,Bluetooth Speaker,3374.3,4.0,India,Upi,Marketplace,Delivered,13497.2,2024-09,3,2024
ORD105552,CUST635,2024-04-19,Home & Kitchen,Blender,697.13,1.0,United States,Cod,Website,Delivered,697.13,2024-04,2,2024
ORD103408,CUST2,2024-06-13,Electronics,Phone Case,2874.07,5.0,India,Upi,Marketplace,Delivered,14370.35,2024-06,2,2024
ORD105395,CUST803,2024-06-22,Toys,Puzzle 1000pc,506.96,4.0,India,Upi,Marketplace,Delivered,2027.84,2024-06,2,2024
ORD104358,CUST665,2024-08-17,Electronics,Bluetooth Speaker,1042.74,2.0,United States,Upi,Mobile App,Delivered,2085.48,2024-08,3,2024
ORD103880,CUST26,2024-05-31,Electronics,Power Bank,1361.29,1.0,India,Upi,Website,Delivered,1361.29,2024-05,2,2024
ORD105124,CUST14,2024-05-11,Fashion,Cotton T-Shirt,2927.6,1.0,India,Debit Card,Mobile App,Delivered,2927.6,2024-05,2,2024
ORD100941,CUST428,2024-08-19,Electronics,Bluetooth Speaker,3282.69,1.0,United States,Upi,Mobile App,Delivered,3282.69,2024-08,3,2024
ORD100390,CUST1130,2024-04-09,Fashion,Cotton T-Shirt,688.39,2.0,France,Debit Card,Website,Delivered,1376.78,2024-04,2,2024
ORD101868,CUST1142,2024-06-01,Beauty,Makeup Brush Kit,661.63,2.0,India,Upi,Website,Delivered,1323.26,2024-06,2,2024
ORD100450,CUST911,2024-02-12,Toys,Board Game,964.3,1.0,India,Debit Card,Website,Delivered,964.3,2024-02,1,2024
ORD102177,CUST488,2024-06-17,Fashion,Running Shoes,1481.3,1.0,India,Cod,Mobile App,Delivered,1481.3,2024-06,2,2024
ORD100935,CUST1712,2024-01-04,Electronics,Smartwatch,1283.85,1.0,India,Upi,Website,Delivered,1283.85,2024-01,1,2024
ORD105619,CUST1736,2024-04-25,Electronics,Bluetooth Speaker,1164.64,1.0,India,Net Banking,Mobile App,Delivered,1164.64,2024-04,2,2024
ORD102962,CUST461,2024-03-30,Electronics,USB-C Cable,2964.39,1.0,India,Upi,Marketplace,Delivered,2964.39,2024-03,1,2024
ORD100651,CUST1587,2024-04-16,Home & Kitchen,Blender,3048.4,1.0,Uae,Cod,Marketplace,Delivered,3048.4,2024-04,2,2024
ORD103901,CUST28,2024-09-05,Electronics,USB-C Cable,528.9,1.0,Uae,Upi,Marketplace,Delivered,528.9,2024-09,3,2024
ORD102467,CUST527,2024-03-30,Fashion,Denim Jacket,2197.11,1.0,India,Paypal,Website,Delivered,2197.11,2024-03,1,2024
ORD103120,CUST468,2024-08-26,Books,Self-Help Guide,720.27,1.0,,Net Banking,Website,Delivered,720.27,2024-08,3,2024
ORD104384,CUST280,2024-07-03,Electronics,Bluetooth Speaker,3889.8,2.0,Germany,Debit Card,Website,Delivered,7779.6,2024-07,3,2024
ORD101664,CUST1737,2024-03-27,Books,Cookbook,148.83,1.0,United States,Cod,Mobile App,Delivered,148.83,2024-03,1,2024
ORD104255,CUST612,2024-05-07,Home & Kitchen,Storage Containers,1747.46,1.0,India,Debit Card,Marketplace,Delivered,1747.46,2024-05,2,2024
ORD104395,CUST890,2024-09-22,Electronics,Phone Case,3153.2,1.0,India,Upi,Marketplace,Delivered,3153.2,2024-09,3,2024
ORD105907,CUST875,2024-09-09,Sports,Dumbbell Set,2249.24,3.0,Germany,Cod,Mobile App,Delivered,6747.719999999999,2024-09,3,2024
ORD100098,CUST86,2024-04-23,Home & Kitchen,Air Fryer,2980.97,2.0,India,Cod,Marketplace,Delivered,5961.94,2024-04,2,2024
ORD103836,CUST1477,2024-01-05,Beauty,Hair Dryer,941.69,2.0,India,Upi,Marketplace,Delivered,1883.38,2024-01,1,2024
ORD101832,CUST1683,2024-08-16,Electronics,Power Bank,798.02,1.0,India,Upi,Mobile App,Cancelled,798.02,2024-08,3,2024
ORD104751,CUST496,2024-03-04,Electronics,Phone Case,4413.91,1.0,India,Upi,Website,Delivered,4413.91,2024-03,1,2024
ORD103050,CUST227,2024-01-21,Home & Kitchen,Storage Containers,621.81,1.0,France,Net Banking,Website,Delivered,621.81,2024-01,1,2024
ORD103581,CUST130,2024-02-09,Fashion,Running Shoes,2450.35,2.0,India,Credit Card,Mobile App,Delivered,4900.7,2024-02,1,2024
ORD105544,CUST1215,2024-06-27,Electronics,Smartwatch,2216.8,1.0,United Kingdom,Credit Card,Marketplace,Delivered,2216.8,2024-06,2,2024
ORD104796,CUST353,2024-04-22,Fashion,Denim Jacket,1775.97,1.0,India,Upi,Mobile App,Delivered,1775.97,2024-04,2,2024
ORD103851,CUST411,2024-01-05,Fashion,Sunglasses,641.79,1.0,India,Paypal,Website,Delivered,641.79,2024-01,1,2024
ORD105512,CUST1524,2024-03-11,Electronics,Phone Case,3691.84,2.0,Germany,Net Banking,Mobile App,Delivered,7383.68,2024-03,1,2024
ORD100549,CUST1422,2024-08-15,Fashion,Cotton T-Shirt,2442.28,1.0,United Kingdom,Upi,Website,Delivered,2442.28,2024-08,3,2024
ORD104844,CUST883,2024-03-21,Home & Kitchen,Non-stick Pan Set,2897.98,4.0,India,Upi,Mobile App,Delivered,11591.92,2024-03,1,2024
ORD100131,CUST273,2024-07-04,Beauty,Hair Dryer,837.65,1.0,United States,Upi,Mobile App,Delivered,837.65,2024-07,3,2024
ORD102057,CUST559,2024-06-12,Electronics,Wireless Earbuds,748.84,1.0,United States,Net Banking,Mobile App,Delivered,748.84,2024-06,2,2024
ORD101988,CUST450,2024-06-23,Books,Self-Help Guide,133.83,1.0,United States,Upi,Mobile App,Delivered,133.83,2024-06,2,2024
ORD103789,CUST1554,2024-03-05,Sports,Yoga Mat,1373.83,5.0,India,Upi,Marketplace,Returned,6869.15,2024-03,1,2024
ORD100383,CUST1623,2024-02-22,Beauty,Hair Dryer,612.46,1.0,United Kingdom,Net Banking,Marketplace,Delivered,612.46,2024-02,1,2024
ORD103939,CUST567,2024-06-07,Beauty,Makeup Brush Kit,1032.62,1.0,India,Credit Card,Mobile App,Delivered,1032.62,2024-06,2,2024
ORD102595,CUST802,2024-07-30,Home & Kitchen,Blender,841.41,1.0,India,Credit Card,Mobile App,Delivered,841.41,2024-07,3,2024
ORD100723,CUST1001,2024-04-07,Books,Cookbook,199.14,1.0,India,Credit Card,Marketplace,Delivered,199.14,2024-04,2,2024
ORD103275,CUST905,2024-07-10,Sports,Resistance Bands,1159.62,1.0,United Kingdom,Net Banking,Website,Delivered,1159.62,2024-07,3,2024
ORD102082,CUST1363,2024-06-19,Home & Kitchen,LED Desk Lamp,1972.34,1.0,India,Upi,Website,Delivered,1972.34,2024-06,2,2024
ORD100982,CUST692,2024-04-19,Beauty,Makeup Brush Kit,696.05,2.0,India,Credit Card,Mobile App,Delivered,1392.1,2024-04,2,2024
ORD104925,CUST770,2024-07-30,Toys,Building Blocks Set,1148.16,2.0,Germany,Debit Card,Mobile App,Delivered,2296.32,2024-07,3,2024
ORD101376,CUST627,2024-03-27,Home & Kitchen,Air Fryer,2536.68,5.0,India,Upi,Mobile App,Delivered,12683.4,2024-03,1,2024
ORD105279,CUST705,2024-05-22,Electronics,Bluetooth Speaker,4067.47,1.0,India,Credit Card,Website,Delivered,4067.47,2024-05,2,2024
ORD102059,UNKNOWN,2024-06-06,Beauty,Makeup Brush Kit,1081.42,2.0,India,Upi,Mobile App,Returned,2162.84,2024-06,2,2024
ORD102776,CUST1651,2024-05-13,Books,Cookbook,225.43,2.0,United Kingdom,Debit Card,Website,Cancelled,450.86,2024-05,2,2024
ORD101825,CUST1783,2024-08-25,Home & Kitchen,Storage Containers,1065.28,1.0,India,Cod,Marketplace,Returned,1065.28,2024-08,3,2024
ORD101645,CUST662,2024-03-08,Home & Kitchen,Blender,938.51,1.0,Germany,Net Banking,Website,Delivered,938.51,2024-03,1,2024
ORD102704,CUST1667,2024-07-09,Fashion,Denim Jacket,1708.62,1.0,India,Credit Card,Mobile App,Returned,1708.62,2024-07,3,2024
ORD100541,CUST8,2024-09-20,Home & Kitchen,Blender,1332.83,1.0,Germany,Upi,Website,Delivered,1332.83,2024-09,3,2024
ORD101095,CUST125,2024-01-01,Electronics,Power Bank,4953.76,3.0,India,Upi,Marketplace,Delivered,14861.28,2024-01,1,2024
ORD105948,CUST815,2024-08-24,Electronics,Wireless Earbuds,3736.92,1.0,India,Net Banking,Mobile App,Delivered,3736.92,2024-08,3,2024
ORD101524,UNKNOWN,2024-02-09,Toys,Puzzle 1000pc,1598.9,1.0,India,Credit Card,Mobile App,Delivered,1598.9,2024-02,1,2024
ORD103722,CUST871,2024-01-18,Sports,Cycling Gloves,1785.77,3.0,Germany,Credit Card,Mobile App,Delivered,5357.3099999999995,2024-01,1,2024
ORD102630,CUST592,2024-04-13,Toys,Puzzle 1000pc,424.26,1.0,Uae,Unknown,Mobile App,Delivered,424.26,2024-04,2,2024
ORD101087,CUST1339,2024-01-10,Beauty,Face Serum,1199.93,1.0,India,Cod,Mobile App,Delivered,1199.93,2024-01,1,2024
ORD103753,CUST908,2024-07-21,Fashion,Sunglasses,304.04,1.0,United States,Cod,Mobile App,Delivered,304.04,2024-07,3,2024
ORD104157,CUST365,2024-07-05,Home & Kitchen,Air Fryer,819.19,1.0,India,Credit Card,Mobile App,Delivered,819.19,2024-07,3,2024
ORD105169,CUST1194,2024-07-08,Beauty,Hair Dryer,329.49,5.0,United States,Debit Card,Website,Delivered,1647.45,2024-07,3,2024
ORD102999,CUST1577,2024-02-09,Fashion,Denim Jacket,862.49,1.0,India,Credit Card,Website,Delivered,862.49,2024-02,1,2024
ORD100552,CUST1021,2024-02-03,Electronics,Smartwatch,4742.59,1.0,India,Debit Card,Marketplace,Delivered,4742.59,2024-02,1,2024
ORD104239,CUST609,2024-05-04,Sports,Cycling Gloves,1219.59,3.0,India,Upi,Website,Delivered,3658.7699999999995,2024-05,2,2024
ORD103273,CUST1376,2024-07-03,Fashion,Sunglasses,453.45,2.0,India,Credit Card,Website,Returned,906.9,2024-07,3,2024
ORD105409,CUST336,2024-01-04,Fashion,Denim Jacket,2816.04,1.0,India,Debit Card,Mobile App,Delivered,2816.04,2024-01,1,2024
ORD101355,CUST141,2024-06-01,Sports,Resistance Bands,2146.64,1.0,India,Debit Card,Mobile App,Delivered,2146.64,2024-06,2,2024
ORD101367,CUST1539,2024-01-20,Electronics,Smartwatch,2949.31,1.0,Uae,Upi,Website,Delivered,2949.31,2024-01,1,2024
ORD105796,CUST1494,2024-01-20,Books,Kids Picture Book,111.84,1.0,Germany,Debit Card,Mobile App,Returned,111.84,2024-01,1,2024
ORD104623,CUST277,2024-07-01,Sports,Cycling Gloves,1373.83,1.0,United States,Credit Card,Mobile App,Delivered,1373.83,2024-07,3,2024
ORD103152,CUST618,2024-03-26,Fashion,Running Shoes,2355.58,1.0,India,Debit Card,Mobile App,Delivered,2355.58,2024-03,1,2024
ORD101338,CUST688,2024-07-07,Fashion,Denim Jacket,2136.33,1.0,India,Credit Card,Mobile App,Returned,2136.33,2024-07,3,2024
ORD100942,UNKNOWN,2024-06-07,Sports,Water Bottle,968.71,3.0,India,Credit Card,Website,Delivered,2906.13,2024-06,2,2024
ORD104093,CUST1120,2024-02-15,Electronics,USB-C Cable,4375.16,1.0,United States,Credit Card,Mobile App,Delivered,4375.16,2024-02,1,2024
ORD102446,UNKNOWN,2024-09-11,Home & Kitchen,Blender,931.06,2.0,Germany,Cod,Mobile App,Delivered,1862.12,2024-09,3,2024
ORD100520,CUST1546,2024-03-07,Sports,Cycling Gloves,869.65,3.0,United States,Upi,Mobile App,Delivered,2608.95,2024-03,1,2024
ORD105792,CUST1459,2024-08-21,Fashion,Running Shoes,1791.92,5.0,India,Paypal,Mobile App,Delivered,8959.6,2024-08,3,2024
ORD103238,CUST1294,2024-09-28,Fashion,Leather Wallet,1338.79,1.0,Uae,Credit Card,Website,Delivered,1338.79,2024-09,3,2024
ORD101073,CUST1540,2024-09-07,Electronics,Phone Case,2874.07,1.0,India,Credit Card,Mobile App,Delivered,2874.07,2024-09,3,2024
ORD101100,CUST1216,2024-01-25,Beauty,Makeup Brush Kit,604.59,2.0,Uae,Debit Card,Marketplace,Delivered,1209.18,2024-01,1,2024
ORD105098,CUST22,2024-06-04,Electronics,Wireless Earbuds,1141.15,1.0,India,Upi,Website,Delivered,1141.15,2024-06,2,2024
ORD102685,CUST596,2024-06-06,Home & Kitchen,Blender,1426.61,1.0,India,Cod,Marketplace,Delivered,1426.61,2024-06,2,2024
ORD102461,CUST1078,2024-04-09,Sports,Dumbbell Set,1468.41,1.0,United States,Debit Card,Mobile App,Delivered,1468.41,2024-04,2,2024
ORD102179,CUST1453,2024-02-07,Home & Kitchen,Storage Containers,1462.14,1.0,India,Debit Card,Marketplace,Delivered,1462.14,2024-02,1,2024
ORD105630,CUST1102,2024-02-14,Books,Self-Help Guide,429.88,1.0,Germany,Upi,Marketplace,Returned,429.88,2024-02,1,2024
ORD102477,CUST454,2024-07-28,Fashion,Cotton T-Shirt,1458.62,1.0,United Kingdom,Debit Card,Mobile App,Delivered,1458.62,2024-07,3,2024
ORD103953,CUST1057,2024-02-19,Home & Kitchen,Non-stick Pan Set,443.31,1.0,India,Upi,Website,Delivered,443.31,2024-02,1,2024
ORD101174,CUST1777,2024-07-11,Beauty,Makeup Brush Kit,1038.8,2.0,United States,Upi,Website,Delivered,2077.6,2024-07,3,2024
ORD104690,CUST1108,2024-02-07,Electronics,Smartwatch,2620.41,4.0,India,Credit Card,Mobile App,Delivered,10481.64,2024-02,1,2024
ORD101998,CUST534,2024-04-19,Fashion,Cotton T-Shirt,1555.56,2.0,Germany,Credit Card,Mobile App,Delivered,3111.12,2024-04,2,2024
ORD102698,CUST694,2024-08-06,Toys,Board Game,1400.92,3.0,India,Cod,Mobile App,Delivered,4202.76,2024-08,3,2024
ORD100164,UNKNOWN,2024-03-27,Electronics,Bluetooth Speaker,1021.63,1.0,India,Unknown,Mobile App,Delivered,1021.63,2024-03,1,2024
ORD103609,CUST492,2024-03-13,Books,Cookbook,673.22,1.0,India,Upi,Website,Delivered,673.22,2024-03,1,2024
ORD104305,CUST1740,2024-05-19,Electronics,USB-C Cable,3818.07,2.0,India,Credit Card,Website,Delivered,7636.14,2024-05,2,2024
ORD101133,CUST649,2024-03-19,Toys,Building Blocks Set,1663.21,1.0,India,Credit Card,Mobile App,Delivered,1663.21,2024-03,1,2024
ORD100845,CUST1147,2024-02-24,Home & Kitchen,Blender,1540.56,1.0,United States,Cod,Mobile App,Delivered,1540.56,2024-02,1,2024
ORD105473,CUST23,2024-01-22,Sports,Yoga Mat,2415.66,1.0,Germany,Upi,Mobile App,Delivered,2415.66,2024-01,1,2024
ORD104164,CUST1268,2024-08-23,Fashion,Running Shoes,463.3,2.0,India,Cod,Website,Returned,926.6,2024-08,3,2024
ORD103603,CUST1264,2024-05-31,Home & Kitchen,LED Desk Lamp,2501.94,1.0,India,Net Banking,Website,Delivered,2501.94,2024-05,2,2024
ORD103832,CUST853,2024-07-29,Electronics,Wireless Earbuds,2709.1,1.0,India,Upi,Mobile App,Delivered,2709.1,2024-07,3,2024
ORD104296,CUST629,2024-05-17,Electronics,Wireless Earbuds,4676.19,1.0,India,Credit Card,Mobile App,Delivered,4676.19,2024-05,2,2024
ORD104015,CUST373,2024-03-30,Fashion,Denim Jacket,1690.86,1.0,India,Cod,Website,Delivered,1690.86,2024-03,1,2024
ORD100952,CUST1551,2024-02-29,Fashion,Denim Jacket,1335.84,2.0,United States,Upi,Marketplace,Cancelled,2671.68,2024-02,1,2024
ORD105170,CUST897,2024-03-03,Electronics,Wireless Earbuds,4403.03,1.0,Uae,Paypal,Marketplace,Delivered,4403.03,2024-03,1,2024
ORD104784,CUST1763,2024-06-24,Toys,Puzzle 1000pc,654.51,3.0,France,Credit Card,Marketplace,Delivered,1963.53,2024-06,2,2024
ORD102986,CUST16,2024-07-09,Fashion,Running Shoes,2970.84,2.0,United States,Upi,Website,Delivered,5941.68,2024-07,3,2024
ORD105993,CUST327,2024-06-26,Electronics,Bluetooth Speaker,4320.35,2.0,United Kingdom,Upi,Marketplace,Delivered,8640.7,2024-06,2,2024
ORD104902,CUST1022,2024-07-23,Fashion,Leather Wallet,732.84,1.0,India,Credit Card,Website,Delivered,732.84,2024-07,3,2024
ORD101840,CUST422,2024-09-25,Toys,Puzzle 1000pc,1305.75,2.0,United States,Cod,Mobile App,Delivered,2611.5,2024-09,3,2024
ORD104331,CUST1584,2024-06-26,Sports,Cycling Gloves,1932.11,2.0,Germany,Upi,Marketplace,Delivered,3864.22,2024-06,2,2024
ORD101175,CUST928,2024-03-21,Sports,Cycling Gloves,1499.59,1.0,Germany,Paypal,Marketplace,Delivered,1499.59,2024-03,1,2024
ORD103563,CUST551,2024-04-18,Home & Kitchen,LED Desk Lamp,535.48,1.0,Germany,Credit Card,Website,Delivered,535.48,2024-04,2,2024
ORD105120,CUST1085,2024-08-21,Home & Kitchen,Air Fryer,373.14,2.0,United States,Debit Card,Mobile App,Delivered,746.28,2024-08,3,2024
ORD100692,CUST369,2024-03-12,Sports,Cycling Gloves,1155.19,1.0,Germany,Upi,Marketplace,Delivered,1155.19,2024-03,1,2024
ORD100910,CUST1768,2024-03-31,Books,Fiction Bestseller,443.155,1.0,United States,Debit Card,Marketplace,Delivered,443.155,2024-03,1,2024
ORD104740,CUST72,2024-09-25,Home & Kitchen,LED Desk Lamp,2854.15,1.0,Germany,Cod,Website,Delivered,2854.15,2024-09,3,2024
ORD102432,CUST862,2024-09-13,Electronics,Bluetooth Speaker,2818.52,1.0,,Net Banking,Marketplace,Delivered,2818.52,2024-09,3,2024
ORD102196,CUST1039,2024-09-11,Toys,RC Car,1120.57,1.0,India,Cod,Mobile App,Returned,1120.57,2024-09,3,2024
ORD100297,CUST306,2024-06-19,Electronics,Wireless Earbuds,4083.18,2.0,United Kingdom,Net Banking,Website,Cancelled,8166.36,2024-06,2,2024
ORD100853,CUST1000,2024-02-12,Fashion,Denim Jacket,2706.46,3.0,India,Credit Card,Marketplace,Delivered,8119.38,2024-02,1,2024
ORD101004,CUST562,2024-02-18,Electronics,Phone Case,2741.46,2.0,India,Credit Card,Mobile App,Delivered,5482.92,2024-02,1,2024
ORD100462,CUST1,2024-02-15,Fashion,Running Shoes,448.23,3.0,India,Debit Card,Website,Delivered,1344.69,2024-02,1,2024
ORD105316,CUST237,2024-03-13,Electronics,Power Bank,3630.62,1.0,United States,Upi,Website,Delivered,3630.62,2024-03,1,2024
ORD102666,CUST552,2024-07-21,Electronics,Phone Case,2763.05,1.0,India,Credit Card,Website,Delivered,2763.05,2024-07,3,2024
ORD105668,CUST234,2024-04-23,Electronics,Wireless Earbuds,3790.46,1.0,India,Debit Card,Marketplace,Delivered,3790.46,2024-04,2,2024
ORD105054,CUST1405,2024-01-28,Beauty,Face Serum,1388.04,3.0,India,Upi,Website,Cancelled,4164.12,2024-01,1,2024
ORD102516,CUST365,2024-07-03,Sports,Resistance Bands,1682.57,2.0,India,Debit Card,Marketplace,Delivered,3365.14,2024-07,3,2024
ORD102881,CUST161,2024-09-03,Books,Cookbook,367.05,1.0,United Kingdom,Credit Card,Marketplace,Delivered,367.05,2024-09,3,2024
ORD103913,CUST1798,2024-05-04,Home & Kitchen,Blender,1190.94,1.0,United Kingdom,Net Banking,Mobile App,Delivered,1190.94,2024-05,2,2024
ORD105077,CUST1298,2024-01-22,Fashion,Denim Jacket,798.89,1.0,India,Credit Card,Mobile App,Delivered,798.89,2024-01,1,2024
ORD103486,CUST336,2024-04-20,Electronics,Smartwatch,1066.78,1.0,India,Net Banking,Mobile App,Delivered,1066.78,2024-04,2,2024
ORD102035,CUST1009,2024-07-14,Electronics,USB-C Cable,3952.94,2.0,India,Net Banking,Mobile App,Cancelled,7905.88,2024-07,3,2024
ORD105173,CUST1055,2024-04-08,Beauty,Makeup Brush Kit,812.17,2.0,United Kingdom,Credit Card,Marketplace,Delivered,1624.34,2024-04,2,2024
ORD101259,CUST771,2024-02-21,Fashion,Sunglasses,1080.44,2.0,Germany,Net Banking,Website,Delivered,2160.88,2024-02,1,2024
ORD103599,CUST183,2024-02-24,Beauty,Hair Dryer,1299.36,1.0,India,Cod,Mobile App,Delivered,1299.36,2024-02,1,2024
ORD100932,CUST1681,2024-05-14,Home & Kitchen,Blender,1867.36,1.0,India,Upi,Marketplace,Delivered,1867.36,2024-05,2,2024
ORD101916,CUST974,2024-01-28,Home & Kitchen,Non-stick Pan Set,668.18,1.0,France,Credit Card,Marketplace,Delivered,668.18,2024-01,1,2024
ORD104669,CUST1392,2024-01-04,Books,Self-Help Guide,475.08,1.0,India,Net Banking,Mobile App,Delivered,475.08,2024-01,1,2024
ORD100028,CUST729,2024-03-16,Home & Kitchen,Non-stick Pan Set,618.95,4.0,India,Paypal,Mobile App,Delivered,2475.8,2024-03,1,2024
ORD102190,CUST448,2024-07-10,Beauty,Makeup Brush Kit,350.2,2.0,India,Credit Card,Website,Delivered,700.4,2024-07,3,2024
ORD101463,CUST1469,2024-08-11,Home & Kitchen,LED Desk Lamp,1328.96,1.0,India,Paypal,Website,Delivered,1328.96,2024-08,3,2024
ORD104014,CUST219,2024-02-29,Home & Kitchen,Non-stick Pan Set,1262.22,1.0,India,Upi,Marketplace,Delivered,1262.22,2024-02,1,2024
ORD102592,CUST898,2024-06-09,Fashion,Denim Jacket,2639.91,3.0,United Kingdom,Credit Card,Website,Delivered,7919.73,2024-06,2,2024
ORD101292,CUST1021,2024-09-27,Electronics,Bluetooth Speaker,1512.05,1.0,France,Debit Card,Website,Delivered,1512.05,2024-09,3,2024
ORD105199,CUST693,2024-02-18,Electronics,Phone Case,2487.08,4.0,United States,Paypal,Website,Delivered,9948.32,2024-02,1,2024
ORD105427,CUST194,2024-07-07,Electronics,Smartwatch,4992.23,5.0,United States,Upi,Website,Returned,24961.149999999998,2024-07,3,2024
ORD105704,UNKNOWN,2024-02-21,Electronics,Smartwatch,3873.4,1.0,,Debit Card,Website,Delivered,3873.4,2024-02,1,2024
ORD102846,CUST814,2024-09-10,Sports,Yoga Mat,1373.83,1.0,United States,Cod,Website,Delivered,1373.83,2024-09,3,2024
ORD102923,CUST1409,2024-05-08,Toys,Board Game,1757.92,1.0,India,Upi,Marketplace,Returned,1757.92,2024-05,2,2024
ORD100344,CUST1322,2024-01-25,Electronics,USB-C Cable,4224.89,5.0,India,Credit Card,Website,Returned,21124.45,2024-01,1,2024
ORD101717,CUST1688,2024-03-23,Electronics,USB-C Cable,3587.07,1.0,India,Credit Card,Marketplace,Delivered,3587.07,2024-03,1,2024
ORD104243,CUST506,2024-06-04,Beauty,Face Serum,1277.18,1.0,Germany,Debit Card,Mobile App,Delivered,1277.18,2024-06,2,2024
ORD104100,CUST1313,2024-05-06,Beauty,Makeup Brush Kit,1415.0,1.0,France,Credit Card,Mobile App,Delivered,1415.0,2024-05,2,2024
ORD105537,CUST1247,2024-06-07,Beauty,Makeup Brush Kit,1461.46,2.0,United States,Credit Card,Website,Cancelled,2922.92,2024-06,2,2024
ORD101166,UNKNOWN,2024-03-19,Beauty,Makeup Brush Kit,333.21,2.0,France,Debit Card,Marketplace,Returned,666.42,2024-03,1,2024
ORD104817,CUST1060,2024-05-14,Toys,Board Game,632.99,1.0,United Kingdom,Debit Card,Marketplace,Delivered,632.99,2024-05,2,2024
ORD105638,CUST28,2024-07-22,Electronics,Power Bank,2065.19,2.0,India,Credit Card,Mobile App,Delivered,4130.38,2024-07,3,2024
ORD105629,CUST1630,2024-03-04,Electronics,Phone Case,4996.28,4.0,United States,Credit Card,Website,Delivered,19985.12,2024-03,1,2024
ORD101791,CUST803,2024-03-22,Fashion,Cotton T-Shirt,2362.81,2.0,India,Credit Card,Mobile App,Delivered,4725.62,2024-03,1,2024
ORD103036,CUST1758,2024-05-01,Sports,Cycling Gloves,1139.23,4.0,United Kingdom,Cod,Website,Returned,4556.92,2024-05,2,2024
ORD101273,CUST1179,2024-04-14,Sports,Water Bottle,2089.93,1.0,India,Credit Card,Mobile App,Returned,2089.93,2024-04,2,2024
ORD100059,CUST778,2024-06-26,Home & Kitchen,Blender,1606.95,1.0,Germany,Debit Card,Mobile App,Delivered,1606.95,2024-06,2,2024
ORD102948,CUST1031,2024-09-13,Electronics,Bluetooth Speaker,2810.62,1.0,Germany,Paypal,Website,Delivered,2810.62,2024-09,3,2024
ORD105653,CUST852,2024-01-18,Fashion,Leather Wallet,481.09,1.0,India,Debit Card,Website,Delivered,481.09,2024-01,1,2024
ORD104905,UNKNOWN,2024-02-22,Electronics,Phone Case,651.56,3.0,India,Net Banking,Mobile App,Delivered,1954.6799999999998,2024-02,1,2024
ORD100221,CUST668,2024-04-27,Beauty,Face Serum,776.82,1.0,Germany,Upi,Website,Returned,776.82,2024-04,2,2024
ORD104175,CUST257,2024-06-28,Home & Kitchen,Storage Containers,3411.12,1.0,United Kingdom,Upi,Website,Delivered,3411.12,2024-06,2,2024
ORD100490,CUST208,2024-09-05,Electronics,Phone Case,1780.09,1.0,United States,Cod,Mobile App,Delivered,1780.09,2024-09,3,2024
ORD105930,CUST757,2024-06-19,Toys,Building Blocks Set,1923.1,5.0,United States,Debit Card,Marketplace,Cancelled,9615.5,2024-06,2,2024
ORD104944,CUST879,2024-01-23,Home & Kitchen,LED Desk Lamp,971.18,1.0,India,Upi,Website,Returned,971.18,2024-01,1,2024
ORD102577,CUST850,2024-04-21,Sports,Dumbbell Set,779.18,1.0,India,Credit Card,Mobile App,Delivered,779.18,2024-04,2,2024
ORD102585,CUST1641,2024-02-09,Beauty,Sunscreen SPF50,251.59,1.0,United States,Debit Card,Mobile App,Delivered,251.59,2024-02,1,2024
ORD102927,CUST871,2024-05-06,Electronics,Bluetooth Speaker,1346.68,4.0,India,Debit Card,Website,Cancelled,5386.72,2024-05,2,2024
ORD101620,CUST553,2024-08-18,Electronics,Smartwatch,3760.16,1.0,India,Debit Card,Website,Delivered,3760.16,2024-08,3,2024
ORD101235,CUST1189,2024-09-12,Home & Kitchen,Storage Containers,2670.47,1.0,India,Credit Card,Marketplace,Delivered,2670.47,2024-09,3,2024
ORD102302,CUST1122,2024-04-14,Electronics,Phone Case,3917.74,1.0,United Kingdom,Unknown,Mobile App,Delivered,3917.74,2024-04,2,2024
ORD103074,CUST1244,2024-04-01,Home & Kitchen,Air Fryer,1894.59,1.0,India,Net Banking,Website,Delivered,1894.59,2024-04,2,2024
ORD102935,CUST150,2024-09-15,Sports,Yoga Mat,2133.25,2.0,United States,Upi,Website,Delivered,4266.5,2024-09,3,2024
ORD103457,CUST435,2024-08-07,Electronics,Phone Case,4960.36,2.0,United Kingdom,Upi,Mobile App,Delivered,9920.72,2024-08,3,2024
ORD100589,CUST455,2024-03-26,Beauty,Hair Dryer,710.17,1.0,India,Credit Card,Website,Delivered,710.17,2024-03,1,2024
ORD103324,CUST1620,2024-02-03,Books,Fiction Bestseller,379.79,2.0,India,Cod,Marketplace,Delivered,759.58,2024-02,1,2024
ORD100025,UNKNOWN,2024-03-05,Fashion,Denim Jacket,1482.11,4.0,Uae,Paypal,Website,Delivered,5928.44,2024-03,1,2024
ORD105999,CUST1641,2024-01-12,Fashion,Cotton T-Shirt,1938.82,1.0,India,Debit Card,Website,Delivered,1938.82,2024-01,1,2024
ORD105241,CUST1093,2024-04-25,Fashion,Leather Wallet,1394.88,2.0,Uae,Debit Card,Website,Delivered,2789.76,2024-04,2,2024
ORD102695,CUST752,2024-04-20,Electronics,USB-C Cable,2706.42,1.0,United Kingdom,Upi,Mobile App,Delivered,2706.42,2024-04,2,2024
ORD103887,CUST1325,2024-09-25,Electronics,Phone Case,2874.07,4.0,Germany,Upi,Website,Delivered,11496.28,2024-09,3,2024
ORD104610,CUST653,2024-02-15,Home & Kitchen,Air Fryer,2768.7,1.0,India,Debit Card,Website,Delivered,2768.7,2024-02,1,2024
ORD100026,CUST849,2024-04-14,Beauty,Makeup Brush Kit,1289.58,2.0,United States,Upi,Website,Cancelled,2579.16,2024-04,2,2024
ORD100010,CUST1137,2024-04-22,Electronics,Bluetooth Speaker,4830.01,1.0,India,Unknown,Website,Delivered,4830.01,2024-04,2,2024
ORD100090,CUST307,2024-02-28,Electronics,USB-C Cable,3735.41,5.0,United States,Credit Card,Mobile App,Delivered,18677.05,2024-02,1,2024
ORD101951,CUST203,2024-03-29,Fashion,Sunglasses,1345.07,1.0,United States,Paypal,Mobile App,Delivered,1345.07,2024-03,1,2024
ORD101020,CUST442,2024-06-08,Electronics,Smartwatch,2874.07,1.0,India,Upi,Website,Cancelled,2874.07,2024-06,2,2024
ORD102533,CUST492,2024-06-01,Fashion,Cotton T-Shirt,235.41,1.0,India,Cod,Mobile App,Delivered,235.41,2024-06,2,2024
ORD104121,CUST25,2024-05-24,Fashion,Denim Jacket,2264.41,1.0,India,Debit Card,Marketplace,Delivered,2264.41,2024-05,2,2024
ORD101064,CUST1326,2024-07-03,Electronics,Bluetooth Speaker,1326.6,1.0,United States,Upi,Website,Delivered,1326.6,2024-07,3,2024
ORD102480,CUST1614,2024-05-15,Beauty,Lip Balm Set,892.35,2.0,India,Paypal,Marketplace,Delivered,1784.7,2024-05,2,2024
ORD101817,CUST465,2024-09-01,Toys,Puzzle 1000pc,1166.74,1.0,India,Debit Card,Mobile App,Delivered,1166.74,2024-09,3,2024
ORD103341,CUST556,2024-08-08,Home & Kitchen,LED Desk Lamp,868.72,1.0,United Kingdom,Credit Card,Mobile App,Delivered,868.72,2024-08,3,2024
ORD105452,CUST1796,2024-08-23,Electronics,Bluetooth Speaker,1831.34,2.0,India,Paypal,Mobile App,Delivered,3662.68,2024-08,3,2024
ORD104471,CUST620,2024-09-22,Home & Kitchen,Blender,2831.58,1.0,United States,Credit Card,Website,Returned,2831.58,2024-09,3,2024
ORD103508,CUST289,2024-05-14,Sports,Dumbbell Set,2153.86,2.0,Germany,Paypal,Mobile App,Delivered,4307.72,2024-05,2,2024
ORD102458,CUST1194,2024-03-09,Home & Kitchen,Storage Containers,1309.79,2.0,India,Upi,Website,Cancelled,2619.58,2024-03,1,2024
ORD105097,CUST639,2024-05-20,Toys,Board Game,675.82,1.0,Germany,Net Banking,Mobile App,Delivered,675.82,2024-05,2,2024
ORD100916,CUST614,2024-03-04,Books,Fiction Bestseller,489.79,2.0,United States,Credit Card,Website,Delivered,979.58,2024-03,1,2024
ORD104630,CUST1257,2024-03-28,Toys,RC Car,1091.09,1.0,United Kingdom,Credit Card,Marketplace,Delivered,1091.09,2024-03,1,2024
ORD105913,CUST622,2024-08-23,Home & Kitchen,LED Desk Lamp,2565.15,1.0,United States,Credit Card,Mobile App,Returned,2565.15,2024-08,3,2024
ORD101134,CUST1622,2024-01-19,Sports,Dumbbell Set,1411.96,2.0,Germany,Cod,Mobile App,Delivered,2823.92,2024-01,1,2024
ORD101024,CUST1382,2024-02-04,Electronics,Bluetooth Speaker,3241.84,1.0,India,Net Banking,Marketplace,Delivered,3241.84,2024-02,1,2024
ORD103559,CUST1453,2024-07-31,Fashion,Leather Wallet,1357.15,3.0,United Kingdom,Paypal,Website,Delivered,4071.4500000000003,2024-07,3,2024
ORD105300,CUST96,2024-08-21,Fashion,Leather Wallet,1715.97,2.0,United States,Upi,Mobile App,Delivered,3431.94,2024-08,3,2024
ORD105129,CUST973,2024-09-16,Electronics,Wireless Earbuds,1198.35,1.0,India,Debit Card,Mobile App,Delivered,1198.35,2024-09,3,2024
ORD101288,CUST1797,2024-06-21,Fashion,Cotton T-Shirt,1293.24,2.0,India,Net Banking,Mobile App,Delivered,2586.48,2024-06,2,2024
ORD104848,CUST228,2024-09-13,Home & Kitchen,Non-stick Pan Set,3486.02,1.0,Uae,Debit Card,Mobile App,Delivered,3486.02,2024-09,3,2024
ORD101704,CUST1653,2024-05-27,Fashion,Denim Jacket,2479.84,5.0,India,Credit Card,Mobile App,Cancelled,12399.2,2024-05,2,2024
ORD101395,CUST1261,2024-01-10,Electronics,Smartwatch,2011.59,1.0,United Kingdom,Credit Card,Mobile App,Delivered,2011.59,2024-01,1,2024
ORD104169,CUST651,2024-06-01,Electronics,Power Bank,1489.98,1.0,India,Debit Card,Marketplace,Cancelled,1489.98,2024-06,2,2024
ORD102873,CUST633,2024-04-01,Books,Self-Help Guide,530.15,4.0,United Kingdom,Credit Card,Mobile App,Returned,2120.6,2024-04,2,2024
ORD104168,CUST175,2024-06-14,Fashion,Running Shoes,332.26,1.0,India,Debit Card,Marketplace,Delivered,332.26,2024-06,2,2024
ORD104780,CUST791,2024-08-04,Home & Kitchen,Storage Containers,501.06,3.0,India,Upi,Website,Delivered,1503.18,2024-08,3,2024
ORD101927,CUST1016,2024-03-22,Beauty,Hair Dryer,1016.64,1.0,United States,Cod,Mobile App,Delivered,1016.64,2024-03,1,2024
ORD102839,CUST453,2024-05-02,Fashion,Cotton T-Shirt,1281.9,2.0,United Kingdom,Cod,Website,Delivered,2563.8,2024-05,2,2024
ORD100969,CUST1104,2024-03-13,Electronics,USB-C Cable,1419.01,1.0,United States,Debit Card,Marketplace,Delivered,1419.01,2024-03,1,2024
ORD101914,CUST516,2024-06-24,Beauty,Sunscreen SPF50,534.71,1.0,India,Credit Card,Marketplace,Delivered,534.71,2024-06,2,2024
ORD105559,CUST1278,2024-07-13,Electronics,Wireless Earbuds,4816.75,1.0,India,Credit Card,Mobile App,Delivered,4816.75,2024-07,3,2024
ORD102571,CUST21,2024-05-31,Home & Kitchen,Storage Containers,1822.72,1.0,United States,Debit Card,Website,Delivered,1822.72,2024-05,2,2024
ORD104138,CUST1771,2024-06-15,Electronics,Phone Case,528.49,2.0,United Kingdom,Upi,Website,Delivered,1056.98,2024-06,2,2024
ORD100964,CUST917,2024-09-22,Beauty,Lip Balm Set,574.35,2.0,France,Upi,Website,Cancelled,1148.7,2024-09,3,2024
ORD101238,CUST611,2024-09-13,Electronics,Smartwatch,1598.64,4.0,United States,Credit Card,Website,Delivered,6394.56,2024-09,3,2024
ORD105977,CUST1300,2024-09-25,Electronics,Bluetooth Speaker,4362.52,2.0,India,Credit Card,Mobile App,Cancelled,8725.04,2024-09,3,2024
ORD101601,UNKNOWN,2024-02-07,Home & Kitchen,Storage Containers,1749.03,3.0,India,Cod,Website,Delivered,5247.09,2024-02,1,2024
ORD103491,CUST1619,2024-09-05,Sports,Water Bottle,728.0,1.0,India,Credit Card,Website,Delivered,728.0,2024-09,3,2024
ORD100361,CUST1347,2024-04-18,Sports,Cycling Gloves,1373.06,1.0,Germany,Upi,Marketplace,Delivered,1373.06,2024-04,2,2024
ORD103316,CUST83,2024-07-14,Electronics,Phone Case,4017.85,2.0,Uae,Credit Card,Mobile App,Delivered,8035.7,2024-07,3,2024
ORD104236,CUST1470,2024-06-08,Toys,Puzzle 1000pc,1893.6,2.0,India,Cod,Website,Returned,3787.2,2024-06,2,2024
ORD103833,CUST813,2024-04-07,Toys,RC Car,787.65,2.0,India,Credit Card,Mobile App,Delivered,1575.3,2024-04,2,2024
ORD103918,CUST233,2024-03-19,Fashion,Cotton T-Shirt,387.1,1.0,India,Paypal,Mobile App,Delivered,387.1,2024-03,1,2024
ORD104041,CUST725,2024-05-01,Electronics,Bluetooth Speaker,708.8,1.0,India,Credit Card,Website,Delivered,708.8,2024-05,2,2024
ORD102163,CUST1771,2024-04-10,Sports,Cycling Gloves,1483.96,1.0,Germany,Debit Card,Mobile App,Delivered,1483.96,2024-04,2,2024
ORD105551,CUST1118,2024-01-08,Sports,Resistance Bands,1109.45,1.0,United Kingdom,Unknown,Marketplace,Returned,1109.45,2024-01,1,2024
ORD104657,CUST920,2024-05-09,Electronics,Power Bank,1913.0,1.0,United States,Debit Card,Mobile App,Delivered,1913.0,2024-05,2,2024
ORD102928,CUST1361,2024-01-09,Electronics,Power Bank,2981.98,2.0,United States,Debit Card,Website,Delivered,5963.96,2024-01,1,2024
ORD100730,UNKNOWN,2024-03-01,Electronics,Phone Case,4537.67,1.0,India,Net Banking,Mobile App,Delivered,4537.67,2024-03,1,2024
ORD101751,CUST1101,2024-07-17,Electronics,Wireless Earbuds,2738.92,2.0,India,Net Banking,Website,Delivered,5477.84,2024-07,3,2024
ORD105202,UNKNOWN,2024-06-12,Electronics,Wireless Earbuds,1265.43,1.0,United States,Credit Card,Mobile App,Delivered,1265.43,2024-06,2,2024
ORD105085,CUST592,2024-04-13,Fashion,Cotton T-Shirt,1467.45,2.0,United Kingdom,Unknown,Mobile App,Delivered,2934.9,2024-04,2,2024
ORD102006,CUST996,2024-01-07,Fashion,Denim Jacket,1207.44,1.0,France,Upi,Marketplace,Delivered,1207.44,2024-01,1,2024
ORD105065,CUST743,2024-06-24,Toys,Puzzle 1000pc,694.74,2.0,United States,Credit Card,Marketplace,Delivered,1389.48,2024-06,2,2024
ORD102234,CUST34,2024-01-18,Beauty,Face Serum,759.96,1.0,United States,Credit Card,Mobile App,Delivered,759.96,2024-01,1,2024
ORD105527,CUST1358,2024-06-11,Electronics,Phone Case,1513.7,1.0,Germany,Credit Card,Website,Delivered,1513.7,2024-06,2,2024
ORD104580,CUST47,2024-09-18,Electronics,Power Bank,2970.86,1.0,France,Debit Card,Marketplace,Delivered,2970.86,2024-09,3,2024
ORD101548,CUST1203,2024-03-16,Beauty,Face Serum,828.31,1.0,India,Credit Card,Website,Cancelled,828.31,2024-03,1,2024
ORD103848,CUST1583,2024-06-22,Beauty,Face Serum,1052.31,1.0,United States,Credit Card,Marketplace,Delivered,1052.31,2024-06,2,2024
ORD101976,CUST516,2024-09-29,Home & Kitchen,Blender,2075.01,1.0,India,Credit Card,Marketplace,Delivered,2075.01,2024-09,3,2024
ORD101221,CUST229,2024-06-03,Fashion,Denim Jacket,1026.59,1.0,United Kingdom,Paypal,Mobile App,Cancelled,1026.59,2024-06,2,2024
ORD104045,CUST485,2024-03-12,Electronics,Wireless Earbuds,1555.48,2.0,India,Net Banking,Marketplace,Delivered,3110.96,2024-03,1,2024
ORD102189,CUST766,2024-02-08,Electronics,Bluetooth Speaker,3750.47,1.0,United States,Debit Card,Website,Delivered,3750.47,2024-02,1,2024
ORD100382,CUST1097,2024-08-07,Home & Kitchen,Non-stick Pan Set,1176.48,2.0,United Kingdom,Upi,Marketplace,Delivered,2352.96,2024-08,3,2024
ORD100386,CUST967,2024-06-24,Home & Kitchen,Non-stick Pan Set,1127.68,1.0,United States,Paypal,Website,Delivered,1127.68,2024-06,2,2024
ORD105103,CUST1242,2024-01-08,Beauty,Lip Balm Set,151.53,1.0,India,Credit Card,Website,Cancelled,151.53,2024-01,1,2024
ORD104314,CUST1289,2024-07-21,Fashion,Leather Wallet,2146.99,1.0,India,Debit Card,Marketplace,Delivered,2146.99,2024-07,3,2024
ORD102360,CUST275,2024-07-11,Electronics,Smartwatch,2119.65,1.0,Uae,Credit Card,Marketplace,Delivered,2119.65,2024-07,3,2024
ORD101213,CUST1173,2024-04-05,Electronics,Phone Case,3619.87,1.0,France,Credit Card,Website,Delivered,3619.87,2024-04,2,2024
ORD101716,CUST477,2024-01-08,Home & Kitchen,Blender,975.71,2.0,United States,Debit Card,Website,Returned,1951.42,2024-01,1,2024
ORD102568,CUST1740,2024-07-01,Home & Kitchen,Air Fryer,1687.46,4.0,Uae,Credit Card,Website,Returned,6749.84,2024-07,3,2024
ORD104150,CUST175,2024-08-15,Toys,RC Car,1064.24,1.0,India,Credit Card,Website,Returned,1064.24,2024-08,3,2024
ORD103839,CUST1404,2024-03-24,Electronics,Smartwatch,3449.03,1.0,,Net Banking,Mobile App,Delivered,3449.03,2024-03,1,2024
ORD105088,CUST986,2024-07-28,Sports,Dumbbell Set,1754.51,1.0,India,Unknown,Website,Delivered,1754.51,2024-07,3,2024
ORD101084,UNKNOWN,2024-03-10,Electronics,Phone Case,3875.41,1.0,India,Credit Card,Website,Delivered,3875.41,2024-03,1,2024
ORD104858,CUST430,2024-09-26,Electronics,Power Bank,3662.97,1.0,United States,Debit Card,Website,Delivered,3662.97,2024-09,3,2024
ORD102694,CUST1282,2024-09-07,Fashion,Cotton T-Shirt,1562.49,3.0,India,Unknown,Website,Returned,4687.47,2024-09,3,2024
ORD101168,CUST192,2024-04-05,Home & Kitchen,Blender,2643.77,1.0,India,Upi,Marketplace,Delivered,2643.77,2024-04,2,2024
ORD101290,CUST1284,2024-03-20,Beauty,Lip Balm Set,812.17,4.0,France,Debit Card,Website,Delivered,3248.68,2024-03,1,2024
ORD103124,CUST440,2024-04-08,Home & Kitchen,Non-stick Pan Set,1086.06,2.0,India,Paypal,Marketplace,Cancelled,2172.12,2024-04,2,2024
ORD104416,CUST1495,2024-02-26,Fashion,Cotton T-Shirt,1939.17,1.0,India,Credit Card,Website,Delivered,1939.17,2024-02,1,2024
ORD102784,CUST1552,2024-04-01,Fashion,Leather Wallet,1929.66,1.0,United Kingdom,Credit Card,Website,Cancelled,1929.66,2024-04,2,2024
ORD104136,CUST575,2024-06-20,Fashion,Sunglasses,611.83,2.0,United States,Upi,Mobile App,Returned,1223.66,2024-06,2,2024
ORD100564,CUST584,2024-06-21,Electronics,Wireless Earbuds,2580.79,2.0,India,Upi,Mobile App,Delivered,5161.58,2024-06,2,2024
ORD103193,CUST1147,2024-08-30,Beauty,Lip Balm Set,248.45,1.0,United States,Debit Card,Website,Delivered,248.45,2024-08,3,2024
ORD101178,CUST416,2024-01-26,Fashion,Running Shoes,2079.96,1.0,United States,Upi,Mobile App,Delivered,2079.96,2024-01,1,2024
ORD103226,CUST1726,2024-01-21,Fashion,Sunglasses,479.87,3.0,Germany,Upi,Mobile App,Delivered,1439.6100000000001,2024-01,1,2024
ORD101268,CUST1505,2024-06-30,Electronics,Smartwatch,2043.54,4.0,Germany,Credit Card,Website,Delivered,8174.16,2024-06,2,2024
ORD101537,CUST269,2024-02-23,Beauty,Makeup Brush Kit,1418.01,3.0,Germany,Net Banking,Website,Delivered,4254.03,2024-02,1,2024
ORD100175,CUST703,2024-09-04,Electronics,Smartwatch,3988.06,1.0,United States,Credit Card,Marketplace,Delivered,3988.06,2024-09,3,2024
ORD102476,CUST731,2024-06-04,Sports,Yoga Mat,1989.2,1.0,India,Net Banking,Website,Delivered,1989.2,2024-06,2,2024
ORD101427,CUST765,2024-06-05,Home & Kitchen,Air Fryer,1947.67,3.0,India,Upi,Website,Delivered,5843.01,2024-06,2,2024
ORD105605,CUST619,2024-03-20,Toys,Puzzle 1000pc,767.43,1.0,Uae,Credit Card,Website,Delivered,767.43,2024-03,1,2024
ORD104350,CUST662,2024-05-08,Home & Kitchen,Air Fryer,2308.77,4.0,Uae,Debit Card,Website,Delivered,9235.08,2024-05,2,2024
ORD100250,CUST1700,2024-07-06,Books,Kids Picture Book,573.68,1.0,,Debit Card,Website,Delivered,573.68,2024-07,3,2024
ORD101511,CUST497,2024-06-02,Sports,Water Bottle,1549.99,1.0,Germany,Credit Card,Marketplace,Returned,1549.99,2024-06,2,2024
ORD102851,CUST1155,2024-07-29,Beauty,Face Serum,1209.14,4.0,India,Credit Card,Mobile App,Delivered,4836.56,2024-07,3,2024
ORD102416,CUST291,2024-02-20,Electronics,Smartwatch,1793.4,4.0,United Kingdom,Upi,Website,Delivered,7173.6,2024-02,1,2024
ORD104880,CUST1235,2024-05-14,Sports,Dumbbell Set,1353.73,1.0,India,Debit Card,Marketplace,Delivered,1353.73,2024-05,2,2024
ORD102554,CUST1480,2024-07-07,Toys,Board Game,304.02,1.0,India,Upi,Website,Delivered,304.02,2024-07,3,2024
ORD103977,CUST130,2024-06-09,Toys,Puzzle 1000pc,749.76,1.0,,Credit Card,Mobile App,Delivered,749.76,2024-06,2,2024
ORD105136,CUST1450,2024-06-09,Sports,Cycling Gloves,259.05,2.0,India,Cod,Website,Delivered,518.1,2024-06,2,2024
ORD101663,CUST627,2024-01-26,Books,Self-Help Guide,700.63,1.0,United States,Upi,Marketplace,Cancelled,700.63,2024-01,1,2024
ORD100793,CUST1668,2024-06-04,Books,Cookbook,278.12,1.0,United Kingdom,Debit Card,Website,Delivered,278.12,2024-06,2,2024
ORD101444,UNKNOWN,2024-06-13,Beauty,Lip Balm Set,508.96,1.0,United States,Cod,Marketplace,Delivered,508.96,2024-06,2,2024
ORD101176,CUST615,2024-06-26,Toys,RC Car,1675.57,1.0,India,Net Banking,Marketplace,Delivered,1675.57,2024-06,2,2024
ORD102782,CUST466,2024-04-19,Electronics,Power Bank,2334.18,1.0,India,Credit Card,Marketplace,Delivered,2334.18,2024-04,2,2024
ORD104639,CUST86,2024-01-16,Electronics,Phone Case,3246.85,2.0,Uae,Credit Card,Mobile App,Delivered,6493.7,2024-01,1,2024
ORD105041,CUST27,2024-07-17,Sports,Yoga Mat,753.87,2.0,India,Upi,Website,Delivered,1507.74,2024-07,3,2024
ORD101454,CUST287,2024-04-20,Electronics,Wireless Earbuds,823.51,1.0,India,Cod,Website,Returned,823.51,2024-04,2,2024
ORD103370,CUST857,2024-08-21,Fashion,Cotton T-Shirt,2827.63,1.0,India,Upi,Mobile App,Delivered,2827.63,2024-08,3,2024
ORD100974,CUST107,2024-02-06,Sports,Dumbbell Set,2096.59,2.0,India,Paypal,Mobile App,Delivered,4193.18,2024-02,1,2024
ORD104688,CUST1028,2024-09-17,Beauty,Face Serum,1290.36,4.0,India,Credit Card,Mobile App,Delivered,5161.44,2024-09,3,2024
ORD104000,CUST557,2024-05-08,Beauty,Hair Dryer,927.98,2.0,India,Debit Card,Mobile App,Delivered,1855.96,2024-05,2,2024
ORD103220,CUST1188,2024-04-04,Home & Kitchen,LED Desk Lamp,3306.75,2.0,Germany,Debit Card,Website,Cancelled,6613.5,2024-04,2,2024
ORD102657,CUST627,2024-05-09,Electronics,Phone Case,1819.35,2.0,India,Upi,Marketplace,Delivered,3638.7,2024-05,2,2024
ORD103754,CUST1565,2024-04-25,Books,Fiction Bestseller,204.69,1.0,India,Credit Card,Website,Returned,204.69,2024-04,2,2024
ORD105405,CUST835,2024-01-18,Home & Kitchen,Blender,491.46,2.0,United Kingdom,Cod,Mobile App,Delivered,982.92,2024-01,1,2024
ORD105211,CUST222,2024-07-13,Electronics,Bluetooth Speaker,1969.05,1.0,India,Cod,Mobile App,Delivered,1969.05,2024-07,3,2024
ORD105936,CUST1582,2024-05-30,Beauty,Makeup Brush Kit,1267.35,2.0,India,Net Banking,Mobile App,Delivered,2534.7,2024-05,2,2024
ORD105969,UNKNOWN,2024-07-17,Beauty,Face Serum,891.77,2.0,India,Credit Card,Website,Delivered,1783.54,2024-07,3,2024
ORD105198,CUST223,2024-01-15,Beauty,Face Serum,1410.41,2.0,France,Credit Card,Website,Returned,2820.82,2024-01,1,2024
ORD105513,CUST455,2024-08-17,Home & Kitchen,Non-stick Pan Set,2117.11,1.0,United States,Upi,Marketplace,Delivered,2117.11,2024-08,3,2024
ORD101905,UNKNOWN,2024-03-29,Electronics,Bluetooth Speaker,2947.01,1.0,United States,Credit Card,Mobile App,Delivered,2947.01,2024-03,1,2024
ORD100930,CUST593,2024-07-12,Sports,Cycling Gloves,1175.67,1.0,United States,Cod,Mobile App,Delivered,1175.67,2024-07,3,2024
ORD100245,CUST911,2024-09-20,Electronics,Bluetooth Speaker,1565.88,4.0,France,Cod,Mobile App,Delivered,6263.52,2024-09,3,2024
ORD100779,CUST438,2024-06-19,Home & Kitchen,Blender,3125.78,1.0,India,Paypal,Mobile App,Delivered,3125.78,2024-06,2,2024
ORD105009,CUST1493,2024-08-26,Fashion,Denim Jacket,710.43,2.0,India,Upi,Website,Returned,1420.86,2024-08,3,2024
ORD101829,CUST1209,2024-07-30,Fashion,Leather Wallet,1690.96,1.0,Uae,Cod,Website,Delivered,1690.96,2024-07,3,2024
ORD105962,CUST1632,2024-01-06,Fashion,Sunglasses,2919.15,1.0,India,Debit Card,Website,Delivered,2919.15,2024-01,1,2024
ORD105853,CUST1169,2024-02-05,Electronics,Wireless Earbuds,4357.49,1.0,India,Unknown,Mobile App,Delivered,4357.49,2024-02,1,2024
ORD101653,CUST1446,2024-08-19,Sports,Resistance Bands,596.28,2.0,India,Upi,Marketplace,Delivered,1192.56,2024-08,3,2024
ORD102089,CUST1366,2024-09-20,Sports,Resistance Bands,1522.88,1.0,India,Upi,Mobile App,Delivered,1522.88,2024-09,3,2024
ORD100213,CUST1643,2024-07-04,Books,Kids Picture Book,392.57,2.0,India,Debit Card,Mobile App,Delivered,785.14,2024-07,3,2024
ORD100791,CUST187,2024-01-09,Beauty,Sunscreen SPF50,640.78,3.0,United Kingdom,Debit Card,Marketplace,Delivered,1922.34,2024-01,1,2024
ORD105298,CUST1110,2024-05-04,Fashion,Denim Jacket,1292.78,1.0,France,Upi,Website,Delivered,1292.78,2024-05,2,2024
ORD102108,CUST1474,2024-07-24,Books,Fiction Bestseller,443.155,2.0,United States,Upi,Website,Delivered,886.31,2024-07,3,2024
ORD103981,CUST93,2024-01-15,Electronics,Bluetooth Speaker,1563.76,4.0,India,Upi,Mobile App,Delivered,6255.04,2024-01,1,2024
ORD105687,CUST445,2024-02-13,Fashion,Leather Wallet,811.81,1.0,India,Net Banking,Mobile App,Cancelled,811.81,2024-02,1,2024
ORD101822,CUST1178,2024-09-28,Sports,Resistance Bands,878.69,1.0,United States,Credit Card,Website,Returned,878.69,2024-09,3,2024
ORD103343,CUST286,2024-03-07,Fashion,Running Shoes,2633.68,1.0,India,Cod,Marketplace,Delivered,2633.68,2024-03,1,2024
ORD104091,CUST634,2024-07-22,Electronics,Wireless Earbuds,3322.49,1.0,,Paypal,Marketplace,Delivered,3322.49,2024-07,3,2024
ORD102956,CUST1503,2024-02-07,Home & Kitchen,Blender,531.83,1.0,United States,Cod,Marketplace,Delivered,531.83,2024-02,1,2024
ORD104059,CUST274,2024-01-03,Books,Self-Help Guide,618.09,1.0,India,Cod,Marketplace,Returned,618.09,2024-01,1,2024
ORD102444,CUST2,2024-01-17,Books,Kids Picture Book,160.36,1.0,Germany,Debit Card,Marketplace,Delivered,160.36,2024-01,1,2024
ORD104470,CUST1484,2024-06-30,Electronics,Smartwatch,4236.66,1.0,India,Net Banking,Website,Delivered,4236.66,2024-06,2,2024
ORD101534,CUST1700,2024-02-03,Fashion,Sunglasses,2994.87,1.0,United States,Net Banking,Mobile App,Delivered,2994.87,2024-02,1,2024
ORD104673,CUST1260,2024-07-16,Fashion,Leather Wallet,482.12,1.0,India,Upi,Website,Delivered,482.12,2024-07,3,2024
ORD100097,CUST1209,2024-05-05,Beauty,Lip Balm Set,808.94,1.0,India,Net Banking,Website,Delivered,808.94,2024-05,2,2024
ORD103956,CUST1615,2024-04-05,Electronics,Power Bank,525.8,1.0,France,Credit Card,Mobile App,Delivered,525.8,2024-04,2,2024
ORD104020,CUST1509,2024-07-05,Electronics,USB-C Cable,3196.31,2.0,United Kingdom,Debit Card,Marketplace,Returned,6392.62,2024-07,3,2024
ORD102604,CUST748,2024-08-13,Books,Fiction Bestseller,105.9,1.0,India,Credit Card,Mobile App,Delivered,105.9,2024-08,3,2024
ORD102545,UNKNOWN,2024-03-23,Books,Cookbook,524.98,1.0,United States,Upi,Website,Returned,524.98,2024-03,1,2024
ORD100140,CUST588,2024-02-18,Electronics,USB-C Cable,4127.82,1.0,India,Credit Card,Website,Delivered,4127.82,2024-02,1,2024
ORD104158,CUST1792,2024-03-10,Electronics,Wireless Earbuds,1754.66,1.0,India,Paypal,Mobile App,Delivered,1754.66,2024-03,1,2024
ORD102965,CUST807,2024-04-13,Books,Kids Picture Book,176.82,4.0,India,Paypal,Marketplace,Delivered,707.28,2024-04,2,2024
ORD105914,CUST1065,2024-05-04,Home & Kitchen,LED Desk Lamp,2521.07,1.0,France,Upi,Website,Cancelled,2521.07,2024-05,2,2024
ORD101219,CUST1312,2024-08-14,Toys,Board Game,406.15,1.0,India,Upi,Marketplace,Delivered,406.15,2024-08,3,2024
ORD105782,CUST119,2024-08-20,Books,Kids Picture Book,179.25,1.0,India,Cod,Mobile App,Delivered,179.25,2024-08,3,2024
ORD102187,CUST938,2024-04-05,Fashion,Running Shoes,1945.22,2.0,India,Credit Card,Website,Delivered,3890.44,2024-04,2,2024
ORD101502,CUST870,2024-04-20,Home & Kitchen,Non-stick Pan Set,971.24,1.0,United States,Debit Card,Website,Returned,971.24,2024-04,2,2024
ORD101726,UNKNOWN,2024-09-16,Electronics,Wireless Earbuds,1583.37,2.0,France,Paypal,Marketplace,Delivered,3166.74,2024-09,3,2024
ORD102144,CUST420,2024-04-15,Home & Kitchen,Storage Containers,750.23,1.0,United Kingdom,Debit Card,Website,Delivered,750.23,2024-04,2,2024
ORD104974,CUST591,2024-04-19,Fashion,Cotton T-Shirt,1916.04,4.0,France,Credit Card,Mobile App,Delivered,7664.16,2024-04,2,2024
ORD100600,CUST1416,2024-09-07,Electronics,Smartwatch,3234.81,1.0,Germany,Cod,Mobile App,Delivered,3234.81,2024-09,3,2024
ORD101254,CUST1788,2024-04-28,Electronics,Smartwatch,4177.13,2.0,United Kingdom,Upi,Mobile App,Delivered,8354.26,2024-04,2,2024
ORD105238,CUST1,2024-09-23,Books,Kids Picture Book,17333.0,2.0,India,Upi,Website,Returned,34666.0,2024-09,3,2024
ORD105648,CUST88,2024-07-19,Home & Kitchen,Blender,2009.16,2.0,Germany,Credit Card,Mobile App,Cancelled,4018.32,2024-07,3,2024
ORD100640,CUST703,2024-08-29,Home & Kitchen,Storage Containers,344.69,1.0,India,Debit Card,Mobile App,Delivered,344.69,2024-08,3,2024
ORD100870,CUST1121,2024-09-27,Sports,Water Bottle,490.31,1.0,India,Credit Card,Mobile App,Returned,490.31,2024-09,3,2024
ORD104574,CUST878,2024-08-09,Sports,Cycling Gloves,1625.65,1.0,United States,Credit Card,Marketplace,Delivered,1625.65,2024-08,3,2024
ORD104884,CUST435,2024-02-09,Sports,Cycling Gloves,936.6,1.0,Germany,Upi,Marketplace,Delivered,936.6,2024-02,1,2024
ORD102594,CUST1202,2024-04-06,Beauty,Makeup Brush Kit,480.02,5.0,India,Upi,Website,Delivered,2400.1,2024-04,2,2024
ORD105333,CUST575,2024-01-02,Sports,Dumbbell Set,1425.98,1.0,United States,Cod,Mobile App,Delivered,1425.98,2024-01,1,2024
ORD100917,CUST1135,2024-09-13,Fashion,Running Shoes,324.19,1.0,France,Net Banking,Website,Cancelled,324.19,2024-09,3,2024
ORD101103,UNKNOWN,2024-09-08,Fashion,Sunglasses,1100.55,1.0,France,Paypal,Marketplace,Cancelled,1100.55,2024-09,3,2024
ORD101527,CUST107,2024-01-16,Books,Self-Help Guide,633.42,1.0,India,Upi,Mobile App,Returned,633.42,2024-01,1,2024
ORD103037,CUST808,2024-04-01,Fashion,Sunglasses,540.31,2.0,India,Debit Card,Mobile App,Delivered,1080.62,2024-04,2,2024
ORD102684,CUST761,2024-05-17,Fashion,Running Shoes,2319.75,1.0,India,Upi,Website,Delivered,2319.75,2024-05,2,2024
ORD100345,CUST530,2024-09-02,Electronics,Power Bank,678.65,1.0,United States,Debit Card,Mobile App,Cancelled,678.65,2024-09,3,2024
ORD101630,CUST944,2024-02-02,Sports,Water Bottle,226.03,1.0,India,Credit Card,Mobile App,Delivered,226.03,2024-02,1,2024
ORD102394,UNKNOWN,2024-05-09,Sports,Resistance Bands,1518.14,1.0,,Upi,Marketplace,Delivered,1518.14,2024-05,2,2024
ORD101141,CUST415,2024-08-03,Home & Kitchen,Air Fryer,1297.69,1.0,France,Upi,Marketplace,Delivered,1297.69,2024-08,3,2024
ORD101125,CUST1206,2024-01-30,Electronics,Wireless Earbuds,4382.81,1.0,India,Credit Card,Mobile App,Delivered,4382.81,2024-01,1,2024
ORD104670,CUST1038,2024-04-16,Fashion,Cotton T-Shirt,353.5,1.0,United Kingdom,Upi,Website,Delivered,353.5,2024-04,2,2024
ORD101101,CUST469,2024-03-15,Beauty,Sunscreen SPF50,1003.53,4.0,India,Debit Card,Website,Returned,4014.12,2024-03,1,2024
ORD101285,CUST1162,2024-03-30,Fashion,Sunglasses,1836.98,1.0,India,Cod,Mobile App,Delivered,1836.98,2024-03,1,2024
ORD104079,CUST744,2024-06-10,Sports,Water Bottle,976.68,1.0,United States,Credit Card,Website,Returned,976.68,2024-06,2,2024
ORD101258,UNKNOWN,2024-04-05,Electronics,Power Bank,2778.56,2.0,India,Cod,Mobile App,Returned,5557.12,2024-04,2,2024
ORD102484,CUST861,2024-05-24,Electronics,Wireless Earbuds,4501.1,1.0,,Credit Card,Mobile App,Delivered,4501.1,2024-05,2,2024
ORD104917,CUST554,2024-07-13,Home & Kitchen,Air Fryer,2341.63,1.0,United Kingdom,Debit Card,Mobile App,Delivered,2341.63,2024-07,3,2024
ORD103022,CUST3,2024-01-22,Sports,Resistance Bands,943.58,1.0,India,Credit Card,Mobile App,Delivered,943.58,2024-01,1,2024
ORD104585,CUST1563,2024-06-01,Fashion,Denim Jacket,1157.83,1.0,United States,Upi,Mobile App,Returned,1157.83,2024-06,2,2024
ORD100022,CUST1013,2024-02-17,Electronics,Bluetooth Speaker,1202.97,1.0,India,Paypal,Mobile App,Delivered,1202.97,2024-02,1,2024
ORD100842,CUST1650,2024-08-19,Electronics,Power Bank,3029.27,4.0,Uae,Debit Card,Website,Delivered,12117.08,2024-08,3,2024
ORD103726,CUST1604,2024-04-07,Home & Kitchen,Non-stick Pan Set,2725.56,2.0,India,Net Banking,Website,Delivered,5451.12,2024-04,2,2024
ORD100885,CUST888,2024-02-03,Toys,Board Game,1901.77,1.0,India,Upi,Website,Delivered,1901.77,2024-02,1,2024
ORD102947,CUST1414,2024-01-13,Books,Cookbook,170.25,1.0,United Kingdom,Net Banking,Mobile App,Delivered,170.25,2024-01,1,2024
ORD103218,CUST1711,2024-04-17,Beauty,Hair Dryer,405.93,4.0,India,Debit Card,Mobile App,Delivered,1623.72,2024-04,2,2024
ORD102474,CUST554,2024-07-27,Beauty,Hair Dryer,574.6,1.0,Germany,Credit Card,Marketplace,Delivered,574.6,2024-07,3,2024
ORD101335,CUST1064,2024-09-05,Fashion,Sunglasses,2843.64,4.0,United Kingdom,Credit Card,Mobile App,Delivered,11374.56,2024-09,3,2024
ORD103161,CUST377,2024-09-09,Fashion,Cotton T-Shirt,616.32,1.0,United States,Net Banking,Mobile App,Delivered,616.32,2024-09,3,2024
ORD101803,CUST1614,2024-06-15,Electronics,Phone Case,663.71,3.0,United States,Upi,Mobile App,Delivered,1991.13,2024-06,2,2024
ORD104682,CUST1625,2024-02-29,Fashion,Leather Wallet,2223.11,1.0,Germany,Paypal,Mobile App,Delivered,2223.11,2024-02,1,2024
ORD100693,CUST925,2024-07-20,Fashion,Cotton T-Shirt,1089.89,1.0,United Kingdom,Unknown,Website,Delivered,1089.89,2024-07,3,2024
ORD102557,CUST1522,2024-06-16,Toys,Building Blocks Set,1711.8,1.0,United Kingdom,Net Banking,Website,Cancelled,1711.8,2024-06,2,2024
ORD101975,CUST12,2024-02-29,Fashion,Running Shoes,2797.27,1.0,India,Credit Card,Mobile App,Delivered,2797.27,2024-02,1,2024
ORD104388,CUST1367,2024-04-29,Electronics,Power Bank,3708.53,2.0,United States,Cod,Mobile App,Delivered,7417.06,2024-04,2,2024
ORD104567,UNKNOWN,2024-02-20,Beauty,Sunscreen SPF50,760.88,1.0,India,Credit Card,Website,Delivered,760.88,2024-02,1,2024
ORD103777,CUST84,2024-07-26,Electronics,Wireless Earbuds,4942.51,1.0,India,Debit Card,Website,Delivered,4942.51,2024-07,3,2024
ORD103318,CUST285,2024-07-22,Home & Kitchen,Non-stick Pan Set,1087.34,2.0,United States,Credit Card,Mobile App,Delivered,2174.68,2024-07,3,2024
ORD100096,UNKNOWN,2024-02-28,Books,Fiction Bestseller,547.0,1.0,India,Upi,Website,Delivered,547.0,2024-02,1,2024
ORD105137,CUST1535,2024-03-30,Home & Kitchen,Storage Containers,906.97,1.0,United States,Debit Card,Marketplace,Delivered,906.97,2024-03,1,2024
ORD105818,CUST709,2024-01-10,Books,Cookbook,248.4,5.0,India,Upi,Website,Delivered,1242.0,2024-01,1,2024
ORD105174,CUST870,2024-05-30,Fashion,Cotton T-Shirt,547.31,5.0,United States,Credit Card,Marketplace,Cancelled,2736.5499999999997,2024-05,2,2024
ORD104415,CUST1377,2024-04-05,Home & Kitchen,Non-stick Pan Set,1704.8,1.0,India,Debit Card,Mobile App,Delivered,1704.8,2024-04,2,2024
ORD101138,CUST339,2024-03-25,Home & Kitchen,Storage Containers,1968.99,1.0,United Kingdom,Upi,Mobile App,Delivered,1968.99,2024-03,1,2024
ORD101715,CUST1215,2024-01-09,Home & Kitchen,Air Fryer,3268.45,2.0,India,Credit Card,Mobile App,Delivered,6536.9,2024-01,1,2024
ORD100115,CUST846,2024-09-10,Toys,Building Blocks Set,433.91,1.0,United States,Debit Card,Mobile App,Delivered,433.91,2024-09,3,2024
ORD100163,UNKNOWN,2024-03-07,Electronics,Phone Case,3017.6,1.0,Uae,Debit Card,Website,Delivered,3017.6,2024-03,1,2024
ORD105697,CUST378,2024-05-20,Beauty,Sunscreen SPF50,432.08,1.0,United Kingdom,Credit Card,Website,Delivered,432.08,2024-05,2,2024
ORD104369,CUST43,2024-09-29,Sports,Resistance Bands,1833.75,2.0,India,Paypal,Website,Delivered,3667.5,2024-09,3,2024
ORD102052,CUST796,2024-03-15,Sports,Yoga Mat,1060.29,1.0,United States,Paypal,Mobile App,Delivered,1060.29,2024-03,1,2024
ORD104267,CUST114,2024-03-05,Fashion,Running Shoes,1563.36,3.0,India,Cod,Mobile App,Delivered,4690.08,2024-03,1,2024
ORD105444,UNKNOWN,2024-05-20,Electronics,Phone Case,3699.44,4.0,United Kingdom,Credit Card,Website,Delivered,14797.76,2024-05,2,2024
ORD100667,CUST1642,2024-07-01,Sports,Water Bottle,2015.94,1.0,United States,Upi,Mobile App,Delivered,2015.94,2024-07,3,2024
ORD104655,CUST460,2024-06-03,Fashion,Running Shoes,625.09,3.0,United Kingdom,Debit Card,Website,Delivered,1875.27,2024-06,2,2024
ORD103997,CUST1178,2024-06-30,Home & Kitchen,Blender,2543.14,2.0,India,Credit Card,Mobile App,Delivered,5086.28,2024-06,2,2024
ORD101475,CUST1220,2024-03-19,Sports,Water Bottle,1279.25,1.0,India,Paypal,Marketplace,Delivered,1279.25,2024-03,1,2024
ORD100572,CUST1781,2024-05-21,Electronics,Phone Case,2371.98,2.0,Germany,Credit Card,Marketplace,Delivered,4743.96,2024-05,2,2024
ORD103965,CUST1232,2024-02-17,Sports,Water Bottle,1238.02,1.0,India,Cod,Mobile App,Delivered,1238.02,2024-02,1,2024
ORD104698,CUST457,2024-01-04,Electronics,Smartwatch,4447.84,1.0,India,Credit Card,Website,Delivered,4447.84,2024-01,1,2024
ORD103788,CUST821,2024-09-16,Electronics,Wireless Earbuds,2401.53,1.0,United States,Cod,Mobile App,Delivered,2401.53,2024-09,3,2024
ORD104996,CUST1777,2024-07-03,Electronics,Wireless Earbuds,4422.09,1.0,United States,Credit Card,Mobile App,Returned,4422.09,2024-07,3,2024
ORD102284,CUST707,2024-04-09,Electronics,USB-C Cable,4530.66,1.0,United States,Net Banking,Website,Delivered,4530.66,2024-04,2,2024
ORD103335,CUST870,2024-01-31,Electronics,Power Bank,1613.42,1.0,India,Paypal,Marketplace,Delivered,1613.42,2024-01,1,2024
ORD100551,CUST253,2024-03-01,Books,Self-Help Guide,381.9,1.0,United States,Debit Card,Mobile App,Delivered,381.9,2024-03,1,2024
ORD104577,CUST748,2024-02-19,Home & Kitchen,Air Fryer,3112.11,1.0,India,Debit Card,Website,Delivered,3112.11,2024-02,1,2024
ORD103607,CUST1342,2024-03-08,Fashion,Sunglasses,1826.03,2.0,India,Credit Card,Website,Returned,3652.06,2024-03,1,2024
ORD105155,CUST1451,2024-03-22,Electronics,Smartwatch,1637.32,1.0,India,Net Banking,Mobile App,Delivered,1637.32,2024-03,1,2024
ORD104553,CUST1796,2024-04-06,Beauty,Sunscreen SPF50,603.32,1.0,India,Unknown,Website,Delivered,603.32,2024-04,2,2024
ORD103500,CUST701,2024-04-21,Electronics,Power Bank,2874.07,2.0,Uae,Debit Card,Mobile App,Delivered,5748.14,2024-04,2,2024
ORD104354,CUST1321,2024-05-15,Beauty,Hair Dryer,751.15,1.0,India,Debit Card,Website,Delivered,751.15,2024-05,2,2024
ORD105739,CUST1106,2024-02-04,Sports,Resistance Bands,1255.42,2.0,India,Net Banking,Mobile App,Delivered,2510.84,2024-02,1,2024
ORD103951,CUST1018,2024-02-29,Beauty,Hair Dryer,1316.6,1.0,India,Upi,Mobile App,Delivered,1316.6,2024-02,1,2024
ORD103498,CUST375,2024-04-04,Books,Cookbook,718.52,2.0,United Kingdom,Paypal,Website,Delivered,1437.04,2024-04,2,2024
ORD101809,CUST1629,2024-04-17,Fashion,Leather Wallet,2039.09,1.0,India,Upi,Mobile App,Delivered,2039.09,2024-04,2,2024
ORD103719,CUST875,2024-08-03,Beauty,Makeup Brush Kit,274.11,4.0,Uae,Debit Card,Mobile App,Delivered,1096.44,2024-08,3,2024
ORD104197,CUST1002,2024-02-04,Sports,Water Bottle,418.76,1.0,India,Credit Card,Website,Delivered,418.76,2024-02,1,2024
ORD103889,CUST1095,2024-01-25,Toys,RC Car,1067.2,1.0,France,Debit Card,Website,Delivered,1067.2,2024-01,1,2024
ORD103336,CUST1562,2024-09-29,Electronics,Wireless Earbuds,2052.16,1.0,France,Upi,Mobile App,Delivered,2052.16,2024-09,3,2024
ORD102257,CUST11,2024-07-08,Electronics,USB-C Cable,1155.84,1.0,India,Credit Card,Mobile App,Delivered,1155.84,2024-07,3,2024
ORD105588,CUST1629,2024-03-23,Home & Kitchen,Air Fryer,2039.41,1.0,India,Credit Card,Mobile App,Delivered,2039.41,2024-03,1,2024
ORD102621,CUST1408,2024-01-13,Sports,Dumbbell Set,1151.95,1.0,India,Debit Card,Website,Delivered,1151.95,2024-01,1,2024
ORD103021,CUST696,2024-04-03,Fashion,Cotton T-Shirt,1646.15,1.0,India,Credit Card,Mobile App,Delivered,1646.15,2024-04,2,2024
ORD104154,CUST455,2024-03-19,Toys,RC Car,858.02,1.0,India,Debit Card,Marketplace,Delivered,858.02,2024-03,1,2024
ORD100205,CUST404,2024-03-02,Home & Kitchen,Blender,3311.07,1.0,United States,Credit Card,Mobile App,Delivered,3311.07,2024-03,1,2024
ORD102094,CUST261,2024-07-12,Sports,Resistance Bands,1969.94,2.0,Germany,Upi,Mobile App,Delivered,3939.88,2024-07,3,2024
ORD100792,CUST332,2024-05-27,Toys,Board Game,705.97,1.0,India,Paypal,Mobile App,Delivered,705.97,2024-05,2,2024
ORD103011,CUST897,2024-04-23,Electronics,Power Bank,3850.74,3.0,United States,Credit Card,Website,Delivered,11552.22,2024-04,2,2024
ORD103627,CUST513,2024-05-20,Electronics,Phone Case,521.26,1.0,Germany,Cod,Marketplace,Cancelled,521.26,2024-05,2,2024
ORD103988,CUST231,2024-06-29,Sports,Dumbbell Set,1129.17,1.0,Germany,Debit Card,Website,Delivered,1129.17,2024-06,2,2024
ORD105269,CUST1329,2024-08-23,Home & Kitchen,LED Desk Lamp,2627.99,1.0,India,Debit Card,Mobile App,Delivered,2627.99,2024-08,3,2024
ORD100468,CUST702,2024-06-23,Toys,Board Game,1960.24,1.0,India,Net Banking,Mobile App,Delivered,1960.24,2024-06,2,2024
ORD101643,CUST443,2024-03-08,Books,Cookbook,443.155,2.0,Germany,Paypal,Mobile App,Delivered,886.31,2024-03,1,2024
ORD101077,CUST870,2024-02-24,Fashion,Sunglasses,2661.1,2.0,,Credit Card,Website,Delivered,5322.2,2024-02,1,2024
ORD105784,CUST1210,2024-03-27,Beauty,Sunscreen SPF50,971.28,1.0,India,Upi,Website,Returned,971.28,2024-03,1,2024
ORD100033,CUST1556,2024-02-23,Electronics,Wireless Earbuds,1474.64,5.0,United States,Paypal,Website,Delivered,7373.200000000001,2024-02,1,2024
ORD103333,CUST795,2024-06-04,Toys,Building Blocks Set,1525.27,1.0,India,Credit Card,Mobile App,Delivered,1525.27,2024-06,2,2024
ORD105321,CUST262,2024-07-28,Beauty,Makeup Brush Kit,458.96,2.0,India,Unknown,Mobile App,Delivered,917.92,2024-07,3,2024
ORD103385,CUST712,2024-05-17,Toys,Board Game,1058.15,2.0,France,Debit Card,Mobile App,Delivered,2116.3,2024-05,2,2024
ORD102076,CUST490,2024-05-18,Fashion,Denim Jacket,1803.34,1.0,India,Debit Card,Website,Delivered,1803.34,2024-05,2,2024
ORD105830,CUST1728,2024-04-29,Sports,Water Bottle,846.42,1.0,India,Debit Card,Website,Delivered,846.42,2024-04,2,2024
ORD100767,CUST112,2024-01-18,Toys,Building Blocks Set,843.7,1.0,Germany,Debit Card,Mobile App,Delivered,843.7,2024-01,1,2024
ORD101117,CUST1217,2024-02-28,Electronics,Power Bank,1941.64,1.0,United States,Debit Card,Mobile App,Delivered,1941.64,2024-02,1,2024
ORD105141,CUST1758,2024-05-12,Electronics,Wireless Earbuds,2483.22,2.0,United Kingdom,Cod,Marketplace,Delivered,4966.44,2024-05,2,2024
ORD100554,CUST1719,2024-04-29,Home & Kitchen,Non-stick Pan Set,519.77,1.0,India,Paypal,Mobile App,Delivered,519.77,2024-04,2,2024
ORD103692,CUST668,2024-03-03,Home & Kitchen,Air Fryer,2798.24,1.0,United States,Upi,Website,Returned,2798.24,2024-03,1,2024
ORD104001,CUST1420,2024-06-14,Sports,Dumbbell Set,1579.38,1.0,United States,Paypal,Mobile App,Delivered,1579.38,2024-06,2,2024
ORD104340,CUST724,2024-06-06,Books,Self-Help Guide,225.48,2.0,United States,Paypal,Marketplace,Cancelled,450.96,2024-06,2,2024
ORD102767,UNKNOWN,2024-08-29,Home & Kitchen,Blender,2360.22,1.0,,Paypal,Website,Delivered,2360.22,2024-08,3,2024
ORD103835,CUST1305,2024-02-18,Books,Kids Picture Book,194.44,1.0,France,Debit Card,Website,Returned,194.44,2024-02,1,2024
ORD100810,CUST325,2024-04-17,Toys,Puzzle 1000pc,1279.95,2.0,India,Credit Card,Marketplace,Delivered,2559.9,2024-04,2,2024
ORD102689,CUST722,2024-02-25,Electronics,USB-C Cable,1656.56,2.0,India,Debit Card,Mobile App,Delivered,3313.12,2024-02,1,2024
ORD104445,CUST1016,2024-07-30,Sports,Resistance Bands,1065.31,1.0,India,Credit Card,Website,Returned,1065.31,2024-07,3,2024
ORD102725,CUST1068,2024-07-02,Beauty,Hair Dryer,1489.39,1.0,India,Upi,Website,Returned,1489.39,2024-07,3,2024
ORD105064,CUST967,2024-01-21,Beauty,Lip Balm Set,914.26,1.0,India,Paypal,Mobile App,Delivered,914.26,2024-01,1,2024
ORD105855,CUST479,2024-05-13,Beauty,Makeup Brush Kit,1189.83,1.0,Uae,Cod,Marketplace,Cancelled,1189.83,2024-05,2,2024
ORD100497,CUST1763,2024-09-03,Fashion,Sunglasses,854.36,1.0,India,Upi,Marketplace,Delivered,854.36,2024-09,3,2024
ORD101437,CUST1181,2024-05-11,Books,Kids Picture Book,310.13,1.0,India,Credit Card,Marketplace,Delivered,310.13,2024-05,2,2024
ORD105101,CUST1539,2024-08-10,Toys,Building Blocks Set,1863.91,2.0,United Kingdom,Credit Card,Website,Cancelled,3727.82,2024-08,3,2024
ORD105112,CUST1318,2024-03-16,Toys,Board Game,1557.01,2.0,,Credit Card,Mobile App,Cancelled,3114.02,2024-03,1,2024
ORD100642,UNKNOWN,2024-07-26,Electronics,Wireless Earbuds,1430.44,2.0,India,Credit Card,Mobile App,Delivered,2860.88,2024-07,3,2024
ORD103946,UNKNOWN,2024-03-19,Toys,Board Game,891.82,2.0,India,Debit Card,Mobile App,Delivered,1783.64,2024-03,1,2024
ORD101415,CUST1409,2024-02-14,Books,Kids Picture Book,526.67,4.0,,Debit Card,Website,Delivered,2106.68,2024-02,1,2024
ORD101159,CUST948,2024-05-27,Sports,Dumbbell Set,1820.6,1.0,Germany,Net Banking,Website,Delivered,1820.6,2024-05,2,2024
ORD102940,CUST1015,2024-09-07,Electronics,Wireless Earbuds,1737.2,1.0,India,Debit Card,Mobile App,Delivered,1737.2,2024-09,3,2024
ORD103747,CUST1148,2024-03-31,Home & Kitchen,Non-stick Pan Set,3428.62,4.0,India,Upi,Marketplace,Returned,13714.48,2024-03,1,2024
ORD102034,CUST1567,2024-06-28,Electronics,Wireless Earbuds,811.28,1.0,United Kingdom,Credit Card,Website,Returned,811.28,2024-06,2,2024
ORD100152,UNKNOWN,2024-09-11,Home & Kitchen,Storage Containers,2163.98,2.0,United States,Credit Card,Website,Delivered,4327.96,2024-09,3,2024
ORD103156,CUST152,2024-06-29,Fashion,Cotton T-Shirt,1949.45,1.0,Germany,Upi,Marketplace,Delivered,1949.45,2024-06,2,2024
ORD104483,CUST996,2024-07-25,Sports,Cycling Gloves,2142.12,2.0,United States,Debit Card,Website,Delivered,4284.24,2024-07,3,2024
ORD103306,UNKNOWN,2024-06-28,Books,Self-Help Guide,124.9,1.0,United Kingdom,Debit Card,Mobile App,Delivered,124.9,2024-06,2,2024
ORD103799,CUST30,2024-06-30,Home & Kitchen,Non-stick Pan Set,2327.73,1.0,India,Net Banking,Marketplace,Delivered,2327.73,2024-06,2,2024
ORD105909,CUST1548,2024-03-26,Sports,Water Bottle,313.96,4.0,United Kingdom,Paypal,Mobile App,Delivered,1255.84,2024-03,1,2024
ORD102930,CUST620,2024-08-30,Electronics,Power Bank,1783.71,3.0,India,Debit Card,Website,Delivered,5351.13,2024-08,3,2024
ORD100872,CUST1540,2024-05-06,Fashion,Denim Jacket,2424.24,1.0,India,Debit Card,Mobile App,Returned,2424.24,2024-05,2,2024
ORD100016,CUST453,2024-06-20,Home & Kitchen,Non-stick Pan Set,2129.41,1.0,Uae,Paypal,Website,Delivered,2129.41,2024-06,2,2024
ORD100150,CUST1299,2024-05-03,Sports,Water Bottle,2457.14,1.0,Germany,Debit Card,Marketplace,Delivered,2457.14,2024-05,2,2024
ORD104978,CUST728,2024-09-09,Beauty,Hair Dryer,686.4,1.0,India,Credit Card,Mobile App,Delivered,686.4,2024-09,3,2024
ORD102897,CUST160,2024-02-13,Electronics,Wireless Earbuds,1411.25,2.0,India,Credit Card,Mobile App,Delivered,2822.5,2024-02,1,2024
ORD105788,CUST1701,2024-02-23,Home & Kitchen,LED Desk Lamp,1820.69,1.0,India,Credit Card,Website,Returned,1820.69,2024-02,1,2024
ORD103150,CUST678,2024-05-19,Books,Fiction Bestseller,175.92,1.0,United States,Cod,Website,Delivered,175.92,2024-05,2,2024
ORD100464,CUST1128,2024-06-17,Beauty,Sunscreen SPF50,454.3,2.0,India,Net Banking,Website,Delivered,908.6,2024-06,2,2024
ORD103733,CUST519,2024-06-18,Electronics,Power Bank,3602.11,3.0,India,Credit Card,Mobile App,Delivered,10806.33,2024-06,2,2024
ORD104927,CUST1377,2024-05-14,Home & Kitchen,Storage Containers,1232.05,2.0,United States,Paypal,Marketplace,Delivered,2464.1,2024-05,2,2024
ORD105899,CUST1364,2024-05-18,Home & Kitchen,Non-stick Pan Set,2963.51,1.0,India,Cod,Website,Delivered,2963.51,2024-05,2,2024
ORD101814,CUST394,2024-07-05,Sports,Cycling Gloves,1621.31,2.0,Uae,Credit Card,Mobile App,Delivered,3242.62,2024-07,3,2024
ORD105117,CUST1690,2024-08-20,Home & Kitchen,Blender,2559.06,1.0,Germany,Credit Card,Website,Returned,2559.06,2024-08,3,2024
ORD104061,CUST40,2024-09-28,Fashion,Denim Jacket,2272.69,1.0,United States,Paypal,Website,Delivered,2272.69,2024-09,3,2024
ORD104756,CUST1561,2024-06-26,Home & Kitchen,LED Desk Lamp,2289.03,1.0,India,Upi,Website,Delivered,2289.03,2024-06,2,2024
ORD104853,CUST1771,2024-08-18,Books,Self-Help Guide,120.08,1.0,United States,Upi,Website,Delivered,120.08,2024-08,3,2024
ORD102768,CUST530,2024-08-09,Electronics,Phone Case,2874.07,2.0,India,Upi,Mobile App,Delivered,5748.14,2024-08,3,2024
ORD100134,CUST254,2024-02-04,Beauty,Face Serum,1403.98,1.0,India,Cod,Marketplace,Delivered,1403.98,2024-02,1,2024
ORD103087,CUST1775,2024-09-23,Books,Kids Picture Book,580.11,1.0,United States,Debit Card,Marketplace,Delivered,580.11,2024-09,3,2024
ORD105439,CUST28,2024-05-11,Home & Kitchen,Non-stick Pan Set,1227.43,1.0,Germany,Net Banking,Website,Delivered,1227.43,2024-05,2,2024
ORD102791,CUST1203,2024-09-28,Sports,Yoga Mat,2087.94,2.0,United States,Upi,Website,Cancelled,4175.88,2024-09,3,2024
ORD100335,CUST912,2024-05-23,Electronics,USB-C Cable,2276.74,1.0,India,Net Banking,Mobile App,Delivered,2276.74,2024-05,2,2024
ORD101051,CUST1573,2024-04-29,Electronics,USB-C Cable,1181.57,3.0,United States,Debit Card,Website,Delivered,3544.71,2024-04,2,2024
ORD103454,CUST1478,2024-08-27,Electronics,Smartwatch,786.39,3.0,United Kingdom,Cod,Marketplace,Delivered,2359.17,2024-08,3,2024
ORD102225,CUST1362,2024-09-24,Electronics,Wireless Earbuds,2290.87,1.0,India,Cod,Website,Returned,2290.87,2024-09,3,2024
ORD105392,CUST1100,2024-04-01,Beauty,Sunscreen SPF50,1000.05,1.0,France,Upi,Mobile App,Delivered,1000.05,2024-04,2,2024
ORD104901,CUST1229,2024-04-12,Home & Kitchen,Blender,3090.4,2.0,India,Upi,Marketplace,Delivered,6180.8,2024-04,2,2024
ORD101637,CUST1763,2024-03-13,Toys,Puzzle 1000pc,1062.13,1.0,India,Paypal,Mobile App,Returned,1062.13,2024-03,1,2024
ORD103636,CUST239,2024-01-26,Electronics,Power Bank,2184.04,1.0,India,Net Banking,Website,Delivered,2184.04,2024-01,1,2024
ORD103551,CUST1295,2024-08-24,Sports,Cycling Gloves,2226.62,1.0,United States,Upi,Marketplace,Delivered,2226.62,2024-08,3,2024
ORD104659,CUST74,2024-07-12,Beauty,Lip Balm Set,883.27,5.0,France,Paypal,Website,Delivered,4416.35,2024-07,3,2024
ORD103589,CUST1669,2024-08-03,Fashion,Running Shoes,1357.45,1.0,India,Paypal,Website,Delivered,1357.45,2024-08,3,2024
ORD103456,CUST702,2024-07-03,Beauty,Lip Balm Set,500.09,2.0,United States,Credit Card,Website,Delivered,1000.18,2024-07,3,2024
ORD105051,CUST949,2024-01-24,Fashion,Cotton T-Shirt,2537.35,1.0,United States,Debit Card,Website,Delivered,2537.35,2024-01,1,2024
ORD102346,CUST234,2024-08-17,Home & Kitchen,Non-stick Pan Set,2053.24,1.0,India,Upi,Marketplace,Delivered,2053.24,2024-08,3,2024
ORD104813,CUST447,2024-01-04,Sports,Yoga Mat,1336.7,2.0,India,Credit Card,Website,Delivered,2673.4,2024-01,1,2024
ORD102625,CUST1192,2024-09-12,Fashion,Leather Wallet,1874.49,2.0,United States,Upi,Mobile App,Cancelled,3748.98,2024-09,3,2024
ORD105844,CUST731,2024-01-16,Beauty,Sunscreen SPF50,1325.03,2.0,India,Net Banking,Marketplace,Delivered,2650.06,2024-01,1,2024
ORD103507,CUST799,2024-09-05,Toys,Board Game,995.46,1.0,India,Debit Card,Marketplace,Delivered,995.46,2024-09,3,2024
ORD101826,CUST1577,2024-02-17,Home & Kitchen,Air Fryer,2889.66,2.0,France,Net Banking,Marketplace,Delivered,5779.32,2024-02,1,2024
ORD104920,CUST92,2024-07-06,Home & Kitchen,Air Fryer,2208.42,1.0,France,Unknown,Mobile App,Delivered,2208.42,2024-07,3,2024
ORD103418,CUST1362,2024-04-25,Beauty,Makeup Brush Kit,1350.31,1.0,United Kingdom,Net Banking,Website,Returned,1350.31,2024-04,2,2024
ORD105795,CUST1759,2024-04-03,Beauty,Makeup Brush Kit,815.31,1.0,United States,Credit Card,Website,Delivered,815.31,2024-04,2,2024
ORD103694,CUST1020,2024-07-12,Electronics,Bluetooth Speaker,1578.31,1.0,India,Credit Card,Mobile App,Delivered,1578.31,2024-07,3,2024
ORD103356,CUST674,2024-09-05,Home & Kitchen,LED Desk Lamp,1243.19,4.0,India,Cod,Mobile App,Delivered,4972.76,2024-09,3,2024
ORD101621,CUST1480,2024-03-03,Electronics,USB-C Cable,1387.43,1.0,United Kingdom,Debit Card,Marketplace,Delivered,1387.43,2024-03,1,2024
ORD105266,CUST1249,2024-01-31,Electronics,USB-C Cable,2874.07,1.0,India,Net Banking,Mobile App,Cancelled,2874.07,2024-01,1,2024
ORD105483,CUST1587,2024-09-23,Toys,Puzzle 1000pc,364.5,2.0,Germany,Upi,Mobile App,Delivered,729.0,2024-09,3,2024
ORD105688,CUST533,2024-01-25,Fashion,Leather Wallet,2892.33,1.0,India,Debit Card,Website,Cancelled,2892.33,2024-01,1,2024
ORD101351,CUST1701,2024-01-06,Books,Cookbook,220.85,1.0,India,Net Banking,Marketplace,Delivered,220.85,2024-01,1,2024
ORD104658,CUST269,2024-02-10,Books,Fiction Bestseller,321.97,2.0,India,Debit Card,Mobile App,Returned,643.94,2024-02,1,2024
ORD104247,UNKNOWN,2024-05-17,Home & Kitchen,Storage Containers,1219.38,3.0,Germany,Upi,Website,Delivered,3658.1400000000003,2024-05,2,2024
ORD103233,CUST1039,2024-04-15,Toys,Board Game,1757.99,2.0,France,Unknown,Mobile App,Delivered,3515.98,2024-04,2,2024
ORD101755,CUST876,2024-01-16,Fashion,Denim Jacket,1342.98,2.0,India,Upi,Website,Cancelled,2685.96,2024-01,1,2024
ORD104341,CUST543,2024-01-06,Electronics,Smartwatch,4015.49,1.0,United States,Debit Card,Mobile App,Cancelled,4015.49,2024-01,1,2024
ORD102722,CUST529,2024-08-28,Home & Kitchen,LED Desk Lamp,2090.1,1.0,India,Credit Card,Mobile App,Delivered,2090.1,2024-08,3,2024
ORD100668,CUST910,2024-09-18,Fashion,Sunglasses,631.58,1.0,United Kingdom,Credit Card,Mobile App,Delivered,631.58,2024-09,3,2024
ORD100712,CUST1670,2024-07-08,Books,Kids Picture Book,401.59,2.0,India,Cod,Website,Delivered,803.18,2024-07,3,2024
ORD102326,CUST1331,2024-05-21,Fashion,Running Shoes,987.91,1.0,India,Debit Card,Website,Delivered,987.91,2024-05,2,2024
ORD101529,CUST1748,2024-08-23,Beauty,Lip Balm Set,941.59,1.0,,Unknown,Mobile App,Delivered,941.59,2024-08,3,2024
ORD100394,CUST1646,2024-06-10,Fashion,Running Shoes,2183.03,1.0,United States,Credit Card,Mobile App,Delivered,2183.03,2024-06,2,2024
ORD105366,CUST271,2024-06-11,Toys,Puzzle 1000pc,424.59,5.0,United States,Upi,Website,Delivered,2122.95,2024-06,2,2024
ORD101569,UNKNOWN,2024-05-11,Electronics,Power Bank,3565.88,2.0,United Kingdom,Upi,Marketplace,Delivered,7131.76,2024-05,2,2024
ORD102064,CUST1654,2024-08-18,Home & Kitchen,Storage Containers,1529.28,1.0,India,Upi,Website,Delivered,1529.28,2024-08,3,2024
ORD100975,CUST945,2024-09-08,Home & Kitchen,Non-stick Pan Set,1947.67,2.0,United States,Upi,Mobile App,Cancelled,3895.34,2024-09,3,2024
ORD105328,UNKNOWN,2024-07-18,Books,Fiction Bestseller,253.93,3.0,United Kingdom,Credit Card,Mobile App,Returned,761.79,2024-07,3,2024
ORD105220,CUST236,2024-08-20,Sports,Cycling Gloves,2113.81,2.0,India,Upi,Mobile App,Delivered,4227.62,2024-08,3,2024
ORD103847,CUST256,2024-09-09,Beauty,Sunscreen SPF50,1204.32,3.0,United States,Debit Card,Mobile App,Cancelled,3612.96,2024-09,3,2024
ORD104086,CUST235,2024-05-12,Fashion,Denim Jacket,1850.04,2.0,India,Credit Card,Mobile App,Delivered,3700.08,2024-05,2,2024
ORD105253,CUST1209,2024-06-01,Beauty,Sunscreen SPF50,589.66,1.0,United Kingdom,Cod,Mobile App,Delivered,589.66,2024-06,2,2024
ORD101850,CUST142,2024-01-09,Toys,Puzzle 1000pc,389.98,1.0,United States,Cod,Website,Delivered,389.98,2024-01,1,2024
ORD103474,CUST835,2024-01-12,Home & Kitchen,Blender,3442.08,2.0,India,Upi,Mobile App,Delivered,6884.16,2024-01,1,2024
ORD105081,CUST86,2024-03-07,Electronics,Power Bank,4430.45,1.0,India,Debit Card,Marketplace,Returned,4430.45,2024-03,1,2024
ORD102544,CUST1632,2024-01-26,Sports,Dumbbell Set,941.77,2.0,Germany,Cod,Website,Delivered,1883.54,2024-01,1,2024
ORD104142,CUST463,2024-04-18,Fashion,Denim Jacket,2781.1,1.0,United Kingdom,Cod,Mobile App,Returned,2781.1,2024-04,2,2024
ORD100080,CUST1479,2024-07-14,Fashion,Running Shoes,1156.24,3.0,India,Net Banking,Website,Delivered,3468.7200000000003,2024-07,3,2024
ORD100129,CUST1034,2024-03-26,Sports,Resistance Bands,631.46,2.0,Germany,Cod,Marketplace,Delivered,1262.92,2024-03,1,2024
ORD101699,CUST716,2024-02-09,Electronics,Smartwatch,4587.27,1.0,India,Credit Card,Mobile App,Delivered,4587.27,2024-02,1,2024
ORD100537,CUST641,2024-07-15,Electronics,Power Bank,3975.35,2.0,India,Paypal,Website,Delivered,7950.7,2024-07,3,2024
ORD101092,CUST576,2024-05-26,Books,Fiction Bestseller,347.27,4.0,India,Paypal,Marketplace,Delivered,1389.08,2024-05,2,2024
ORD100265,CUST1294,2024-05-04,Beauty,Face Serum,560.06,1.0,India,Debit Card,Mobile App,Delivered,560.06,2024-05,2,2024
ORD102166,CUST1358,2024-06-13,Fashion,Running Shoes,2548.99,1.0,United States,Debit Card,Website,Delivered,2548.99,2024-06,2,2024
ORD102022,CUST925,2024-08-22,Home & Kitchen,Air Fryer,676.24,1.0,India,Paypal,Mobile App,Delivered,676.24,2024-08,3,2024
ORD101952,CUST441,2024-07-11,Electronics,Phone Case,3161.36,1.0,United Kingdom,Paypal,Mobile App,Delivered,3161.36,2024-07,3,2024
ORD102904,UNKNOWN,2024-06-15,Fashion,Denim Jacket,964.46,1.0,India,Credit Card,Website,Delivered,964.46,2024-06,2,2024
ORD100884,CUST1050,2024-07-09,Home & Kitchen,Storage Containers,1177.63,2.0,India,Net Banking,Mobile App,Delivered,2355.26,2024-07,3,2024
ORD105928,CUST1091,2024-05-08,Sports,Cycling Gloves,2267.7,1.0,United States,Cod,Website,Delivered,2267.7,2024-05,2,2024
ORD102421,CUST1256,2024-06-25,Fashion,Running Shoes,205.39,1.0,India,Upi,Website,Delivered,205.39,2024-06,2,2024
ORD102734,CUST1510,2024-06-02,Beauty,Face Serum,513.7,1.0,India,Net Banking,Website,Delivered,513.7,2024-06,2,2024
ORD104935,CUST67,2024-08-06,Sports,Yoga Mat,1277.53,3.0,United Kingdom,Credit Card,Mobile App,Delivered,3832.59,2024-08,3,2024
ORD100866,CUST818,2024-05-08,Home & Kitchen,LED Desk Lamp,856.94,4.0,India,Debit Card,Mobile App,Delivered,3427.76,2024-05,2,2024
ORD101075,CUST645,2024-03-13,Home & Kitchen,Blender,2475.85,1.0,India,Unknown,Mobile App,Delivered,2475.85,2024-03,1,2024
ORD104440,CUST1058,2024-02-06,Home & Kitchen,Blender,2592.49,1.0,France,Upi,Mobile App,Returned,2592.49,2024-02,1,2024
ORD100153,CUST480,2024-06-22,Fashion,Sunglasses,2143.46,3.0,United Kingdom,Upi,Marketplace,Delivered,6430.38,2024-06,2,2024
ORD103242,CUST955,2024-08-31,Books,Cookbook,422.76,1.0,India,Upi,Mobile App,Returned,422.76,2024-08,3,2024
ORD101286,CUST555,2024-04-05,Toys,Board Game,1091.73,1.0,France,Upi,Marketplace,Delivered,1091.73,2024-04,2,2024
ORD100626,CUST1776,2024-05-25,Electronics,USB-C Cable,3642.86,1.0,India,Credit Card,Website,Delivered,3642.86,2024-05,2,2024
ORD101794,CUST240,2024-03-18,Electronics,USB-C Cable,2337.19,1.0,Uae,Credit Card,Marketplace,Delivered,2337.19,2024-03,1,2024
ORD100557,CUST537,2024-05-28,Home & Kitchen,Non-stick Pan Set,2735.67,1.0,United States,Debit Card,Website,Delivered,2735.67,2024-05,2,2024
ORD105945,CUST1051,2024-01-26,Home & Kitchen,Storage Containers,1027.76,1.0,United States,Upi,Website,Returned,1027.76,2024-01,1,2024
ORD105468,CUST438,2024-04-11,Fashion,Denim Jacket,1742.27,1.0,India,Upi,Mobile App,Delivered,1742.27,2024-04,2,2024
ORD100193,CUST1290,2024-08-24,Toys,Building Blocks Set,317.13,1.0,India,Debit Card,Marketplace,Delivered,317.13,2024-08,3,2024
ORD105273,CUST666,2024-01-09,Home & Kitchen,Blender,3453.54,2.0,India,Net Banking,Website,Returned,6907.08,2024-01,1,2024
ORD102375,CUST772,2024-07-11,Home & Kitchen,Blender,479.41,1.0,India,Net Banking,Marketplace,Delivered,479.41,2024-07,3,2024
ORD102127,CUST1726,2024-08-12,Electronics,Wireless Earbuds,3734.07,1.0,India,Upi,Website,Delivered,3734.07,2024-08,3,2024
ORD103114,CUST590,2024-05-27,Fashion,Cotton T-Shirt,2904.1,1.0,United Kingdom,Paypal,Mobile App,Delivered,2904.1,2024-05,2,2024
ORD101443,CUST122,2024-03-17,Beauty,Face Serum,1092.59,2.0,India,Net Banking,Marketplace,Delivered,2185.18,2024-03,1,2024
ORD105278,CUST421,2024-03-14,Toys,RC Car,1340.11,1.0,India,Cod,Website,Delivered,1340.11,2024-03,1,2024
ORD102723,CUST530,2024-02-20,Beauty,Lip Balm Set,265.21,1.0,Uae,Unknown,Mobile App,Delivered,265.21,2024-02,1,2024
ORD101495,CUST1249,2024-03-10,Books,Kids Picture Book,432.08,1.0,Uae,Debit Card,Marketplace,Delivered,432.08,2024-03,1,2024
ORD101515,CUST999,2024-02-05,Electronics,USB-C Cable,4909.42,1.0,United States,Upi,Mobile App,Delivered,4909.42,2024-02,1,2024
ORD103190,CUST475,2024-04-04,Beauty,Hair Dryer,1223.06,2.0,India,Upi,Website,Returned,2446.12,2024-04,2,2024
ORD105148,CUST1378,2024-08-28,Books,Cookbook,745.02,1.0,India,Debit Card,Mobile App,Delivered,745.02,2024-08,3,2024
ORD103338,CUST806,2024-09-23,Fashion,Running Shoes,1047.57,1.0,India,Upi,Website,Delivered,1047.57,2024-09,3,2024
ORD100809,CUST699,2024-05-23,Home & Kitchen,Storage Containers,734.64,2.0,India,Cod,Marketplace,Delivered,1469.28,2024-05,2,2024
ORD105248,UNKNOWN,2024-06-25,Beauty,Hair Dryer,540.27,2.0,United Kingdom,Cod,Mobile App,Delivered,1080.54,2024-06,2,2024
ORD100822,CUST1003,2024-05-12,Home & Kitchen,Storage Containers,2244.51,2.0,United States,Upi,Marketplace,Delivered,4489.02,2024-05,2,2024
ORD104090,CUST13,2024-05-06,Electronics,Bluetooth Speaker,3742.57,2.0,,Upi,Mobile App,Delivered,7485.14,2024-05,2,2024
ORD104029,CUST1534,2024-08-16,Electronics,Wireless Earbuds,4484.03,1.0,India,Upi,Website,Delivered,4484.03,2024-08,3,2024
ORD105296,CUST493,2024-04-03,Toys,Puzzle 1000pc,279.76,1.0,India,Debit Card,Website,Returned,279.76,2024-04,2,2024
ORD100000,CUST1127,2024-08-02,Sports,Resistance Bands,1992.29,1.0,India,Cod,Mobile App,Delivered,1992.29,2024-08,3,2024
ORD105052,CUST1482,2024-09-10,Electronics,Smartwatch,3133.84,2.0,United States,Upi,Website,Delivered,6267.68,2024-09,3,2024
ORD100888,CUST1225,2024-03-06,Electronics,Bluetooth Speaker,4813.6,2.0,France,Upi,Mobile App,Delivered,9627.2,2024-03,1,2024
ORD104145,CUST914,2024-06-03,Books,Kids Picture Book,128.2,1.0,India,Debit Card,Website,Returned,128.2,2024-06,2,2024
ORD101698,CUST1434,2024-01-25,Electronics,Wireless Earbuds,3217.86,1.0,United States,Debit Card,Marketplace,Delivered,3217.86,2024-01,1,2024
ORD105166,CUST904,2024-01-02,Electronics,USB-C Cable,955.66,1.0,France,Upi,Mobile App,Delivered,955.66,2024-01,1,2024
ORD104874,CUST686,2024-01-10,Sports,Yoga Mat,1732.33,2.0,India,Credit Card,Mobile App,Delivered,3464.66,2024-01,1,2024
ORD100898,CUST952,2024-07-03,Electronics,Wireless Earbuds,3859.47,2.0,India,Credit Card,Mobile App,Delivered,7718.94,2024-07,3,2024
ORD104082,CUST246,2024-08-18,Toys,Puzzle 1000pc,739.4,2.0,India,Cod,Marketplace,Delivered,1478.8,2024-08,3,2024
ORD100439,CUST83,2024-06-25,Books,Kids Picture Book,442.93,1.0,India,Credit Card,Marketplace,Delivered,442.93,2024-06,2,2024
ORD101193,CUST970,2024-03-17,Sports,Resistance Bands,2109.06,1.0,United States,Paypal,Mobile App,Delivered,2109.06,2024-03,1,2024
ORD104828,CUST803,2024-01-21,Fashion,Running Shoes,2484.38,1.0,United States,Cod,Mobile App,Delivered,2484.38,2024-01,1,2024
ORD101956,CUST1202,2024-04-18,Home & Kitchen,Blender,2402.25,1.0,India,Unknown,Mobile App,Returned,2402.25,2024-04,2,2024
ORD101964,CUST13,2024-09-22,Home & Kitchen,LED Desk Lamp,3074.47,1.0,India,Debit Card,Website,Delivered,3074.47,2024-09,3,2024
ORD104274,CUST1151,2024-06-09,Home & Kitchen,Blender,693.32,4.0,India,Credit Card,Mobile App,Delivered,2773.28,2024-06,2,2024
ORD104448,CUST984,2024-09-03,Fashion,Running Shoes,2204.72,2.0,India,Credit Card,Website,Delivered,4409.44,2024-09,3,2024
ORD100931,UNKNOWN,2024-02-12,Electronics,Bluetooth Speaker,3096.76,2.0,India,Upi,Website,Returned,6193.52,2024-02,1,2024
ORD104457,CUST1337,2024-09-29,Electronics,USB-C Cable,1812.49,1.0,Germany,Upi,Marketplace,Cancelled,1812.49,2024-09,3,2024
ORD105757,CUST1692,2024-09-26,Fashion,Cotton T-Shirt,909.21,1.0,United States,Debit Card,Mobile App,Delivered,909.21,2024-09,3,2024
ORD103185,CUST28,2024-07-20,Fashion,Leather Wallet,2726.11,2.0,Germany,Credit Card,Mobile App,Delivered,5452.22,2024-07,3,2024
ORD105562,CUST1455,2024-02-11,Toys,RC Car,1486.73,1.0,India,Paypal,Mobile App,Delivered,1486.73,2024-02,1,2024
ORD104030,CUST1746,2024-09-10,Sports,Water Bottle,415.49,1.0,India,Net Banking,Mobile App,Delivered,415.49,2024-09,3,2024
ORD101523,CUST306,2024-07-03,Home & Kitchen,Storage Containers,2110.48,1.0,United Kingdom,Paypal,Website,Delivered,2110.48,2024-07,3,2024
ORD103688,CUST1375,2024-09-04,Home & Kitchen,Storage Containers,877.45,2.0,India,Upi,Marketplace,Delivered,1754.9,2024-09,3,2024
ORD103610,CUST1316,2024-05-19,Fashion,Cotton T-Shirt,916.07,1.0,India,Upi,Website,Delivered,916.07,2024-05,2,2024
ORD103393,CUST255,2024-02-25,Beauty,Hair Dryer,760.87,1.0,Uae,Upi,Marketplace,Delivered,760.87,2024-02,1,2024
ORD104892,CUST920,2024-01-12,Fashion,Sunglasses,1348.78,4.0,India,Upi,Marketplace,Delivered,5395.12,2024-01,1,2024
ORD100405,CUST1701,2024-04-14,Books,Kids Picture Book,130.21,1.0,India,Credit Card,Mobile App,Delivered,130.21,2024-04,2,2024
ORD102777,CUST1498,2024-02-04,Toys,Building Blocks Set,1949.78,1.0,United Kingdom,Credit Card,Mobile App,Delivered,1949.78,2024-02,1,2024
ORD102130,CUST1602,2024-09-17,Toys,RC Car,1120.57,1.0,India,Net Banking,Mobile App,Delivered,1120.57,2024-09,3,2024
ORD100959,CUST1599,2024-02-12,Beauty,Makeup Brush Kit,1111.02,1.0,India,Debit Card,Website,Delivered,1111.02,2024-02,1,2024
ORD101186,CUST773,2024-03-22,Fashion,Cotton T-Shirt,2810.33,1.0,India,Cod,Website,Delivered,2810.33,2024-03,1,2024
ORD101578,CUST1262,2024-08-13,Beauty,Face Serum,1169.14,3.0,United States,Debit Card,Website,Cancelled,3507.42,2024-08,3,2024
ORD104250,CUST1160,2024-03-24,Fashion,Cotton T-Shirt,782.67,1.0,India,Credit Card,Mobile App,Delivered,782.67,2024-03,1,2024
ORD104403,CUST955,2024-01-03,Home & Kitchen,Non-stick Pan Set,968.87,2.0,India,Cod,Mobile App,Delivered,1937.74,2024-01,1,2024
ORD100666,CUST1040,2024-04-15,Home & Kitchen,Blender,1608.9,1.0,France,Credit Card,Website,Returned,1608.9,2024-04,2,2024
ORD100217,CUST1263,2024-02-14,Beauty,Makeup Brush Kit,812.17,1.0,India,Credit Card,Marketplace,Delivered,812.17,2024-02,1,2024
ORD101298,CUST399,2024-08-27,Fashion,Leather Wallet,2783.04,2.0,India,Credit Card,Mobile App,Delivered,5566.08,2024-08,3,2024
ORD101190,CUST1226,2024-07-31,Sports,Yoga Mat,1880.38,1.0,United Kingdom,Upi,Marketplace,Delivered,1880.38,2024-07,3,2024
ORD103646,CUST962,2024-05-25,Fashion,Running Shoes,2388.6,3.0,India,Upi,Website,Delivered,7165.799999999999,2024-05,2,2024
ORD103523,CUST1014,2024-01-31,Electronics,Bluetooth Speaker,3794.44,1.0,United Kingdom,Upi,Marketplace,Delivered,3794.44,2024-01,1,2024
ORD103345,CUST1145,2024-05-26,Beauty,Face Serum,210.42,1.0,United States,Upi,Marketplace,Delivered,210.42,2024-05,2,2024
ORD100579,CUST550,2024-02-18,Sports,Water Bottle,464.69,4.0,India,Debit Card,Mobile App,Delivered,1858.76,2024-02,1,2024
ORD103212,CUST1141,2024-08-16,Electronics,Smartwatch,2917.83,1.0,India,Upi,Website,Delivered,2917.83,2024-08,3,2024
ORD102868,CUST356,2024-03-09,Fashion,Running Shoes,2442.81,1.0,India,Credit Card,Website,Delivered,2442.81,2024-03,1,2024
ORD104964,CUST129,2024-03-11,Books,Fiction Bestseller,383.24,1.0,France,Cod,Marketplace,Delivered,383.24,2024-03,1,2024
ORD102540,CUST216,2024-04-13,Home & Kitchen,Air Fryer,1442.45,2.0,India,Unknown,Website,Delivered,2884.9,2024-04,2,2024
ORD103526,CUST496,2024-04-19,Electronics,USB-C Cable,2874.07,1.0,India,Upi,Mobile App,Delivered,2874.07,2024-04,2,2024
ORD101871,CUST576,2024-05-18,Sports,Yoga Mat,2345.44,2.0,United Kingdom,Upi,Mobile App,Delivered,4690.88,2024-05,2,2024
ORD102466,CUST1122,2024-08-26,Electronics,USB-C Cable,2571.88,1.0,India,Credit Card,Website,Delivered,2571.88,2024-08,3,2024
ORD102837,CUST1712,2024-05-17,Home & Kitchen,LED Desk Lamp,1113.77,1.0,India,Cod,Marketplace,Delivered,1113.77,2024-05,2,2024
ORD103397,CUST541,2024-05-19,Toys,Puzzle 1000pc,699.36,1.0,Germany,Debit Card,Marketplace,Delivered,699.36,2024-05,2,2024
ORD103413,CUST506,2024-05-16,Electronics,Bluetooth Speaker,3887.44,1.0,India,Debit Card,Mobile App,Delivered,3887.44,2024-05,2,2024
ORD101767,CUST1363,2024-05-21,Fashion,Running Shoes,2380.86,1.0,India,Debit Card,Website,Delivered,2380.86,2024-05,2,2024
ORD103941,CUST88,2024-01-06,Fashion,Denim Jacket,2340.1,1.0,India,Credit Card,Website,Delivered,2340.1,2024-01,1,2024
ORD103866,CUST1358,2024-01-27,Home & Kitchen,Storage Containers,3464.56,1.0,United Kingdom,Net Banking,Website,Delivered,3464.56,2024-01,1,2024
ORD105700,CUST27,2024-06-30,Beauty,Makeup Brush Kit,1335.0,1.0,France,Upi,Mobile App,Delivered,1335.0,2024-06,2,2024
ORD103351,CUST1355,2024-07-14,Electronics,Wireless Earbuds,2874.07,2.0,United States,Upi,Mobile App,Delivered,5748.14,2024-07,3,2024
ORD104962,CUST465,2024-04-30,Home & Kitchen,Non-stick Pan Set,674.4,1.0,India,Unknown,Mobile App,Delivered,674.4,2024-04,2,2024
ORD105778,CUST1373,2024-09-09,Toys,RC Car,576.88,2.0,India,Cod,Website,Cancelled,1153.76,2024-09,3,2024
ORD100445,CUST1703,2024-08-25,Electronics,USB-C Cable,1261.4,4.0,France,Debit Card,Mobile App,Delivered,5045.6,2024-08,3,2024
ORD100770,CUST780,2024-03-23,Home & Kitchen,Storage Containers,1526.08,1.0,United Kingdom,Debit Card,Website,Delivered,1526.08,2024-03,1,2024
ORD102631,CUST680,2024-01-02,Sports,Water Bottle,538.93,1.0,United States,Upi,Mobile App,Delivered,538.93,2024-01,1,2024
ORD101531,CUST1381,2024-05-28,Books,Kids Picture Book,718.94,1.0,Germany,Upi,Mobile App,Delivered,718.94,2024-05,2,2024
ORD100548,CUST1350,2024-08-08,Electronics,Phone Case,1577.69,1.0,Uae,Upi,Website,Delivered,1577.69,2024-08,3,2024
ORD105951,CUST1270,2024-06-02,Home & Kitchen,LED Desk Lamp,960.45,1.0,India,Debit Card,Mobile App,Returned,960.45,2024-06,2,2024
ORD103148,CUST931,2024-02-06,Fashion,Running Shoes,2071.06,3.0,India,Debit Card,Website,Delivered,6213.18,2024-02,1,2024
ORD101169,CUST1558,2024-02-17,Home & Kitchen,Non-stick Pan Set,2996.41,1.0,United States,Net Banking,Website,Delivered,2996.41,2024-02,1,2024
ORD105828,CUST329,2024-02-25,Toys,Building Blocks Set,579.49,1.0,India,Upi,Website,Delivered,579.49,2024-02,1,2024
ORD100280,CUST1425,2024-04-13,Toys,Puzzle 1000pc,1122.2,3.0,India,Debit Card,Marketplace,Delivered,3366.6000000000004,2024-04,2,2024
ORD105152,CUST665,2024-05-21,Books,Cookbook,420.83,2.0,India,Credit Card,Website,Delivered,841.66,2024-05,2,2024
ORD100586,CUST1722,2024-05-23,Home & Kitchen,Blender,1947.67,1.0,Uae,Upi,Mobile App,Delivered,1947.67,2024-05,2,2024
ORD104969,CUST967,2024-04-23,Fashion,Denim Jacket,1594.03,3.0,India,Credit Card,Mobile App,Delivered,4782.09,2024-04,2,2024
ORD103278,CUST439,2024-09-24,Toys,RC Car,1505.43,1.0,Germany,Debit Card,Website,Delivered,1505.43,2024-09,3,2024
ORD105330,CUST55,2024-06-03,Beauty,Sunscreen SPF50,526.05,4.0,France,Upi,Marketplace,Delivered,2104.2,2024-06,2,2024
ORD104387,CUST131,2024-01-10,Electronics,Bluetooth Speaker,1472.76,1.0,United States,Debit Card,Mobile App,Delivered,1472.76,2024-01,1,2024
ORD105038,CUST1265,2024-03-14,Home & Kitchen,LED Desk Lamp,1038.16,1.0,Germany,Debit Card,Mobile App,Delivered,1038.16,2024-03,1,2024
ORD100040,CUST111,2024-07-02,Electronics,Smartwatch,1123.72,1.0,India,Cod,Mobile App,Delivered,1123.72,2024-07,3,2024
ORD100336,CUST538,2024-01-02,Electronics,Phone Case,1471.14,2.0,India,Upi,Marketplace,Delivered,2942.28,2024-01,1,2024
ORD101725,CUST1596,2024-02-11,Books,Kids Picture Book,458.39,1.0,India,Upi,Website,Delivered,458.39,2024-02,1,2024
ORD105459,CUST324,2024-06-29,Electronics,Wireless Earbuds,2561.88,2.0,United States,Debit Card,Website,Delivered,5123.76,2024-06,2,2024
ORD100031,CUST1439,2024-02-08,Fashion,Leather Wallet,1762.53,3.0,India,Credit Card,Mobile App,Delivered,5287.59,2024-02,1,2024
ORD102843,CUST1130,2024-05-27,Home & Kitchen,Air Fryer,2571.31,1.0,France,Credit Card,Mobile App,Delivered,2571.31,2024-05,2,2024
ORD104185,CUST900,2024-01-23,Fashion,Running Shoes,2414.85,1.0,India,Cod,Website,Delivered,2414.85,2024-01,1,2024
ORD105462,CUST664,2024-01-24,Fashion,Denim Jacket,2372.83,1.0,India,Debit Card,Website,Cancelled,2372.83,2024-01,1,2024
ORD102874,CUST117,2024-04-19,Electronics,Smartwatch,4921.6,1.0,India,Upi,Mobile App,Delivered,4921.6,2024-04,2,2024
ORD100799,CUST928,2024-08-07,Home & Kitchen,Blender,2453.11,2.0,India,Debit Card,Mobile App,Delivered,4906.22,2024-08,3,2024
ORD105403,CUST193,2024-05-09,Toys,Board Game,839.0,1.0,United Kingdom,Upi,Mobile App,Delivered,839.0,2024-05,2,2024
ORD105817,CUST472,2024-05-06,Electronics,Power Bank,4548.05,3.0,United States,Net Banking,Marketplace,Delivered,13644.150000000001,2024-05,2,2024
ORD102296,CUST59,2024-03-25,Sports,Resistance Bands,2376.43,1.0,India,Upi,Marketplace,Delivered,2376.43,2024-03,1,2024
ORD102229,CUST1468,2024-04-29,Toys,Building Blocks Set,1633.13,1.0,United Kingdom,Paypal,Mobile App,Delivered,1633.13,2024-04,2,2024
ORD101582,CUST76,2024-08-30,Home & Kitchen,Air Fryer,553.45,2.0,United States,Credit Card,Website,Delivered,1106.9,2024-08,3,2024
ORD102058,CUST557,2024-01-17,Electronics,USB-C Cable,1307.84,1.0,India,Cod,Mobile App,Delivered,1307.84,2024-01,1,2024
ORD102523,CUST1564,2024-01-23,Fashion,Leather Wallet,1970.78,1.0,United States,Credit Card,Marketplace,Delivered,1970.78,2024-01,1,2024
ORD104092,CUST71,2024-05-21,Toys,RC Car,1364.13,1.0,India,Upi,Mobile App,Delivered,1364.13,2024-05,2,2024
ORD102988,CUST1313,2024-08-23,Beauty,Lip Balm Set,1482.06,1.0,India,Credit Card,Mobile App,Delivered,1482.06,2024-08,3,2024
ORD100456,CUST545,2024-02-11,Sports,Yoga Mat,1510.43,1.0,United Kingdom,Credit Card,Mobile App,Delivered,1510.43,2024-02,1,2024
ORD105675,CUST426,2024-04-05,Beauty,Sunscreen SPF50,1317.05,4.0,India,Upi,Mobile App,Delivered,5268.2,2024-04,2,2024
ORD101860,CUST960,2024-06-03,Beauty,Makeup Brush Kit,1187.78,1.0,Germany,Debit Card,Website,Delivered,1187.78,2024-06,2,2024
ORD105738,CUST104,2024-08-26,Fashion,Cotton T-Shirt,740.34,1.0,India,Upi,Website,Delivered,740.34,2024-08,3,2024
ORD103249,CUST1022,2024-07-24,Books,Fiction Bestseller,767.57,1.0,India,Paypal,Website,Cancelled,767.57,2024-07,3,2024
ORD105607,CUST197,2024-07-18,Toys,Board Game,1997.23,4.0,Germany,Debit Card,Marketplace,Delivered,7988.92,2024-07,3,2024
ORD105422,CUST1742,2024-01-13,Beauty,Face Serum,478.24,4.0,India,Debit Card,Marketplace,Cancelled,1912.96,2024-01,1,2024
ORD102191,CUST689,2024-03-31,Books,Kids Picture Book,790.1,3.0,India,Upi,Mobile App,Delivered,2370.3,2024-03,1,2024
ORD105223,CUST138,2024-08-09,Books,Self-Help Guide,168.89,2.0,United Kingdom,Upi,Marketplace,Delivered,337.78,2024-08,3,2024
ORD105646,CUST1757,2024-01-04,Electronics,Smartwatch,790.48,2.0,United Kingdom,Credit Card,Website,Delivered,1580.96,2024-01,1,2024
ORD104406,CUST380,2024-08-05,Books,Fiction Bestseller,160.63,2.0,United Kingdom,Credit Card,Website,Delivered,321.26,2024-08,3,2024
ORD101327,CUST1412,2024-09-16,Fashion,Running Shoes,2914.36,1.0,India,Net Banking,Website,Delivered,2914.36,2024-09,3,2024
ORD103388,CUST355,2024-09-13,Sports,Cycling Gloves,2025.17,1.0,India,Debit Card,Mobile App,Delivered,2025.17,2024-09,3,2024
ORD100675,CUST792,2024-04-23,Fashion,Leather Wallet,2264.29,1.0,India,Paypal,Mobile App,Delivered,2264.29,2024-04,2,2024
ORD101909,CUST1365,2024-06-16,Home & Kitchen,LED Desk Lamp,2375.49,2.0,United Kingdom,Credit Card,Website,Delivered,4750.98,2024-06,2,2024
ORD101281,CUST954,2024-05-08,Fashion,Running Shoes,1496.31,1.0,India,Upi,Mobile App,Delivered,1496.31,2024-05,2,2024
ORD104287,CUST764,2024-06-18,Sports,Water Bottle,939.2,1.0,India,Upi,Marketplace,Delivered,939.2,2024-06,2,2024
ORD100558,CUST1650,2024-06-28,Beauty,Sunscreen SPF50,704.86,2.0,Germany,Cod,Marketplace,Delivered,1409.72,2024-06,2,2024
ORD105400,CUST1517,2024-09-01,Fashion,Denim Jacket,451.65,2.0,India,Paypal,Marketplace,Delivered,903.3,2024-09,3,2024
ORD104034,CUST877,2024-09-15,Beauty,Face Serum,469.32,1.0,United Kingdom,Credit Card,Mobile App,Delivered,469.32,2024-09,3,2024
ORD101639,CUST704,2024-01-11,Beauty,Makeup Brush Kit,1403.62,2.0,India,Unknown,Mobile App,Cancelled,2807.24,2024-01,1,2024
ORD105636,CUST1190,2024-07-23,Toys,Puzzle 1000pc,324.5,2.0,India,Paypal,Marketplace,Delivered,649.0,2024-07,3,2024
ORD102053,CUST1273,2024-06-01,Home & Kitchen,LED Desk Lamp,3497.07,1.0,United States,Debit Card,Website,Delivered,3497.07,2024-06,2,2024
ORD102433,CUST1030,2024-09-23,Books,Self-Help Guide,205.98,2.0,Uae,Credit Card,Mobile App,Cancelled,411.96,2024-09,3,2024
ORD101793,CUST359,2024-09-21,Fashion,Leather Wallet,293.11,1.0,India,Credit Card,Website,Delivered,293.11,2024-09,3,2024
ORD105538,CUST765,2024-09-21,Electronics,Phone Case,1436.05,1.0,United States,Upi,Website,Returned,1436.05,2024-09,3,2024
ORD100518,CUST1745,2024-06-26,Fashion,Leather Wallet,1552.86,2.0,India,Credit Card,Marketplace,Delivered,3105.72,2024-06,2,2024
ORD101189,CUST526,2024-01-03,Electronics,Phone Case,1176.96,1.0,United Kingdom,Cod,Website,Delivered,1176.96,2024-01,1,2024
ORD102243,CUST812,2024-09-26,Home & Kitchen,Storage Containers,1450.04,1.0,Germany,Credit Card,Marketplace,Delivered,1450.04,2024-09,3,2024
ORD100247,CUST1716,2024-08-14,Home & Kitchen,Air Fryer,1701.17,1.0,United Kingdom,Credit Card,Website,Delivered,1701.17,2024-08,3,2024
ORD102564,CUST1260,2024-09-06,Home & Kitchen,Air Fryer,1099.5,1.0,Uae,Cod,Website,Delivered,1099.5,2024-09,3,2024
ORD102264,CUST1642,2024-02-25,Beauty,Lip Balm Set,1063.41,1.0,India,Credit Card,Mobile App,Delivered,1063.41,2024-02,1,2024
ORD101172,CUST316,2024-04-02,Fashion,Denim Jacket,1836.5,2.0,India,Credit Card,Mobile App,Delivered,3673.0,2024-04,2,2024
ORD102860,CUST308,2024-01-30,Books,Cookbook,718.39,2.0,France,Upi,Mobile App,Cancelled,1436.78,2024-01,1,2024
ORD102011,CUST554,2024-04-16,Beauty,Face Serum,1016.54,2.0,United States,Cod,Website,Cancelled,2033.08,2024-04,2,2024
ORD101009,CUST352,2024-02-29,Electronics,Phone Case,2917.23,1.0,India,Credit Card,Website,Delivered,2917.23,2024-02,1,2024
ORD105734,CUST1009,2024-03-15,Beauty,Lip Balm Set,861.62,1.0,India,Upi,Marketplace,Delivered,861.62,2024-03,1,2024
ORD105362,CUST183,2024-02-06,Home & Kitchen,Air Fryer,1340.18,1.0,Uae,Upi,Mobile App,Delivered,1340.18,2024-02,1,2024
ORD105661,CUST370,2024-04-21,Fashion,Cotton T-Shirt,2147.82,1.0,India,Debit Card,Mobile App,Delivered,2147.82,2024-04,2,2024
ORD104861,CUST589,2024-06-06,Sports,Yoga Mat,1242.42,1.0,India,Credit Card,Website,Delivered,1242.42,2024-06,2,2024
ORD105019,CUST1065,2024-07-09,Fashion,Leather Wallet,2670.4,1.0,United States,Debit Card,Mobile App,Returned,2670.4,2024-07,3,2024
ORD104529,CUST1342,2024-07-11,Sports,Cycling Gloves,845.3,1.0,India,Cod,Website,Delivered,845.3,2024-07,3,2024
ORD100435,CUST210,2024-07-02,Fashion,Denim Jacket,950.2,2.0,United States,Credit Card,Mobile App,Delivered,1900.4,2024-07,3,2024
ORD102560,CUST1760,2024-01-29,Electronics,Wireless Earbuds,1781.85,1.0,India,Upi,Website,Delivered,1781.85,2024-01,1,2024
ORD101329,CUST991,2024-02-25,Fashion,Sunglasses,2232.48,1.0,United States,Credit Card,Mobile App,Delivered,2232.48,2024-02,1,2024
ORD100539,UNKNOWN,2024-07-17,Toys,Puzzle 1000pc,1704.25,1.0,United States,Credit Card,Mobile App,Cancelled,1704.25,2024-07,3,2024
ORD102211,CUST1437,2024-07-02,Toys,Board Game,631.83,1.0,India,Credit Card,Mobile App,Delivered,631.83,2024-07,3,2024
ORD103300,CUST53,2024-09-05,Home & Kitchen,Storage Containers,1947.67,1.0,,Upi,Website,Delivered,1947.67,2024-09,3,2024
ORD105406,UNKNOWN,2024-04-24,Fashion,Leather Wallet,2390.69,1.0,United States,Credit Card,Marketplace,Delivered,2390.69,2024-04,2,2024
ORD104836,CUST312,2024-05-07,Books,Kids Picture Book,145.6,2.0,India,Net Banking,Marketplace,Delivered,291.2,2024-05,2,2024
ORD100953,CUST130,2024-07-29,Beauty,Sunscreen SPF50,1236.39,1.0,United States,Debit Card,Mobile App,Delivered,1236.39,2024-07,3,2024
ORD100474,CUST1385,2024-04-22,Fashion,Running Shoes,1166.74,1.0,India,Upi,Mobile App,Delivered,1166.74,2024-04,2,2024
ORD101910,CUST1044,2024-03-08,Electronics,Wireless Earbuds,2874.07,1.0,Uae,Unknown,Website,Delivered,2874.07,2024-03,1,2024
ORD104882,CUST854,2024-06-04,Electronics,USB-C Cable,1624.95,1.0,Germany,Cod,Marketplace,Delivered,1624.95,2024-06,2,2024
ORD103570,CUST151,2024-07-26,Beauty,Sunscreen SPF50,1355.17,1.0,India,Credit Card,Mobile App,Cancelled,1355.17,2024-07,3,2024
ORD105252,CUST1659,2024-07-10,Beauty,Sunscreen SPF50,710.85,1.0,India,Unknown,Website,Delivered,710.85,2024-07,3,2024
ORD102844,UNKNOWN,2024-06-01,Toys,Puzzle 1000pc,1458.94,1.0,India,Credit Card,Mobile App,Delivered,1458.94,2024-06,2,2024
ORD103381,CUST806,2024-01-21,Books,Fiction Bestseller,657.55,1.0,United States,Unknown,Mobile App,Delivered,657.55,2024-01,1,2024
ORD105503,CUST1411,2024-01-14,Home & Kitchen,Air Fryer,787.01,3.0,India,Credit Card,Marketplace,Delivered,2361.0299999999997,2024-01,1,2024
ORD102892,CUST507,2024-07-27,Fashion,Running Shoes,2516.34,1.0,United States,Debit Card,Mobile App,Delivered,2516.34,2024-07,3,2024
ORD101623,CUST1551,2024-02-14,Books,Kids Picture Book,443.155,2.0,United States,Credit Card,Mobile App,Delivered,886.31,2024-02,1,2024
ORD102289,CUST746,2024-08-21,Books,Cookbook,609.72,2.0,United States,Credit Card,Mobile App,Delivered,1219.44,2024-08,3,2024
ORD101731,CUST523,2024-05-02,Fashion,Sunglasses,232.58,1.0,Germany,Upi,Mobile App,Delivered,232.58,2024-05,2,2024
ORD102345,CUST1469,2024-09-11,Sports,Cycling Gloves,1780.04,3.0,Germany,Credit Card,Website,Returned,5340.12,2024-09,3,2024
ORD104601,CUST1493,2024-09-20,Toys,Building Blocks Set,435.29,2.0,United States,Debit Card,Website,Delivered,870.58,2024-09,3,2024
ORD102154,CUST1044,2024-06-01,Beauty,Lip Balm Set,403.74,1.0,Uae,Upi,Website,Delivered,403.74,2024-06,2,2024
ORD104624,CUST1388,2024-07-07,Toys,RC Car,1285.53,2.0,Uae,Upi,Mobile App,Returned,2571.06,2024-07,3,2024
ORD105491,CUST1211,2024-01-02,Beauty,Makeup Brush Kit,840.3,1.0,India,Debit Card,Marketplace,Cancelled,840.3,2024-01,1,2024
ORD105308,CUST1632,2024-01-28,Beauty,Hair Dryer,388.47,1.0,India,Upi,Marketplace,Returned,388.47,2024-01,1,2024
ORD105718,CUST1183,2024-05-06,Toys,Board Game,1005.45,2.0,India,Credit Card,Marketplace,Delivered,2010.9,2024-05,2,2024
ORD101640,CUST26,2024-01-10,Sports,Yoga Mat,728.7,2.0,United States,Cod,Website,Cancelled,1457.4,2024-01,1,2024
ORD103411,CUST1253,2024-08-19,Electronics,Bluetooth Speaker,2722.55,1.0,United States,Net Banking,Website,Delivered,2722.55,2024-08,3,2024
ORD103030,CUST1666,2024-01-09,Electronics,Bluetooth Speaker,4496.19,1.0,Germany,Net Banking,Website,Delivered,4496.19,2024-01,1,2024
ORD104060,UNKNOWN,2024-09-18,Fashion,Leather Wallet,2133.92,1.0,Germany,Debit Card,Website,Delivered,2133.92,2024-09,3,2024
ORD102087,CUST1235,2024-08-11,Books,Cookbook,682.81,1.0,India,Credit Card,Mobile App,Delivered,682.81,2024-08,3,2024
ORD101800,CUST628,2024-02-04,Electronics,Wireless Earbuds,3130.16,3.0,India,Debit Card,Website,Cancelled,9390.48,2024-02,1,2024
ORD103053,CUST1091,2024-08-22,Home & Kitchen,Blender,2278.16,1.0,India,Credit Card,Website,Delivered,2278.16,2024-08,3,2024
ORD104625,CUST1243,2024-04-21,Home & Kitchen,Air Fryer,878.9,1.0,United States,Upi,Website,Delivered,878.9,2024-04,2,2024
ORD105042,CUST1566,2024-03-31,Sports,Water Bottle,558.87,1.0,United States,Cod,Website,Delivered,558.87,2024-03,1,2024
ORD101904,CUST926,2024-05-30,Books,Kids Picture Book,499.13,1.0,France,Credit Card,Mobile App,Cancelled,499.13,2024-05,2,2024
ORD104596,CUST781,2024-02-14,Toys,Puzzle 1000pc,1329.69,1.0,United States,Upi,Marketplace,Delivered,1329.69,2024-02,1,2024
ORD104589,CUST444,2024-07-04,Books,Self-Help Guide,149.06,1.0,India,Credit Card,Website,Returned,149.06,2024-07,3,2024
ORD104073,CUST1439,2024-04-19,Home & Kitchen,Non-stick Pan Set,1878.62,1.0,Germany,Debit Card,Marketplace,Delivered,1878.62,2024-04,2,2024
ORD104807,CUST37,2024-04-17,Electronics,Power Bank,1304.68,3.0,India,Credit Card,Mobile App,Delivered,3914.04,2024-04,2,2024
ORD104104,CUST776,2024-03-03,Toys,Building Blocks Set,1777.1,1.0,India,Upi,Mobile App,Delivered,1777.1,2024-03,1,2024
ORD104749,CUST705,2024-05-14,Fashion,Sunglasses,2764.2,1.0,Germany,Upi,Mobile App,Cancelled,2764.2,2024-05,2,2024
ORD103131,CUST120,2024-01-31,Sports,Water Bottle,1373.83,1.0,United States,Upi,Marketplace,Cancelled,1373.83,2024-01,1,2024
ORD104074,CUST79,2024-05-01,Beauty,Face Serum,1465.35,1.0,Germany,Credit Card,Mobile App,Delivered,1465.35,2024-05,2,2024
ORD105430,CUST272,2024-05-30,Sports,Water Bottle,1763.68,1.0,India,Net Banking,Mobile App,Cancelled,1763.68,2024-05,2,2024
ORD105581,CUST1613,2024-06-06,Electronics,Smartwatch,3022.77,4.0,Germany,Upi,Mobile App,Delivered,12091.08,2024-06,2,2024
ORD100322,CUST189,2024-07-14,Fashion,Running Shoes,1594.03,2.0,,Upi,Mobile App,Delivered,3188.06,2024-07,3,2024
ORD105209,CUST277,2024-04-28,Electronics,USB-C Cable,1300.8,1.0,India,Credit Card,Website,Delivered,1300.8,2024-04,2,2024
ORD101037,CUST334,2024-08-10,Sports,Yoga Mat,1314.75,1.0,France,Unknown,Website,Delivered,1314.75,2024-08,3,2024
ORD100201,CUST1443,2024-08-03,Electronics,Bluetooth Speaker,3270.6,1.0,United Kingdom,Cod,Mobile App,Delivered,3270.6,2024-08,3,2024
ORD104127,CUST1484,2024-03-31,Sports,Dumbbell Set,1758.71,2.0,India,Debit Card,Mobile App,Delivered,3517.42,2024-03,1,2024
ORD104118,CUST1706,2024-05-06,Books,Self-Help Guide,443.38,2.0,India,Credit Card,Marketplace,Returned,886.76,2024-05,2,2024
ORD102305,CUST1059,2024-06-27,Fashion,Leather Wallet,2170.14,2.0,India,Credit Card,Mobile App,Cancelled,4340.28,2024-06,2,2024
ORD104460,CUST990,2024-03-19,Beauty,Lip Balm Set,420.52,1.0,India,Upi,Mobile App,Delivered,420.52,2024-03,1,2024
ORD100702,CUST1181,2024-08-01,Home & Kitchen,Non-stick Pan Set,2784.95,2.0,Germany,Cod,Website,Delivered,5569.9,2024-08,3,2024
ORD102101,CUST694,2024-05-18,Beauty,Face Serum,1379.88,1.0,India,Net Banking,Marketplace,Delivered,1379.88,2024-05,2,2024
ORD104914,CUST1402,2024-03-28,Home & Kitchen,LED Desk Lamp,397.32,3.0,India,Unknown,Website,Delivered,1191.96,2024-03,1,2024
ORD102996,UNKNOWN,2024-06-17,Fashion,Denim Jacket,388.34,1.0,India,Debit Card,Website,Returned,388.34,2024-06,2,2024
ORD103738,UNKNOWN,2024-04-16,Sports,Yoga Mat,757.73,1.0,India,Upi,Mobile App,Delivered,757.73,2024-04,2,2024
ORD100907,CUST444,2024-07-17,Electronics,Smartwatch,2874.07,1.0,India,Cod,Website,Delivered,2874.07,2024-07,3,2024
ORD101014,CUST705,2024-08-23,Toys,Building Blocks Set,613.87,1.0,India,Upi,Marketplace,Delivered,613.87,2024-08,3,2024
ORD103265,CUST1088,2024-05-24,Electronics,Smartwatch,4803.39,1.0,India,Debit Card,Website,Delivered,4803.39,2024-05,2,2024
ORD105243,CUST1519,2024-02-27,Electronics,USB-C Cable,1518.45,1.0,India,Upi,Mobile App,Delivered,1518.45,2024-02,1,2024
ORD104510,CUST1701,2024-08-31,Electronics,Phone Case,1814.81,1.0,India,Credit Card,Mobile App,Delivered,1814.81,2024-08,3,2024
ORD103321,CUST228,2024-02-15,Toys,Puzzle 1000pc,1688.18,2.0,Germany,Upi,Website,Delivered,3376.36,2024-02,1,2024
ORD103176,CUST1142,2024-01-29,Sports,Yoga Mat,968.74,1.0,India,Credit Card,Website,Delivered,968.74,2024-01,1,2024
ORD101478,CUST1020,2024-06-11,Home & Kitchen,Air Fryer,1434.05,5.0,United Kingdom,Credit Card,Website,Delivered,7170.25,2024-06,2,2024
ORD100961,CUST1713,2024-04-06,Fashion,Leather Wallet,2476.36,1.0,United Kingdom,Upi,Mobile App,Cancelled,2476.36,2024-04,2,2024
ORD105488,CUST1634,2024-06-02,Beauty,Sunscreen SPF50,943.82,1.0,Germany,Paypal,Mobile App,Delivered,943.82,2024-06,2,2024
ORD100625,CUST1003,2024-09-15,Books,Kids Picture Book,463.58,1.0,India,Paypal,Mobile App,Delivered,463.58,2024-09,3,2024
ORD104278,CUST136,2024-02-16,Beauty,Makeup Brush Kit,1398.24,1.0,India,Credit Card,Mobile App,Delivered,1398.24,2024-02,1,2024
ORD101001,CUST1678,2024-01-28,Books,Cookbook,458.95,2.0,United States,Net Banking,Website,Cancelled,917.9,2024-01,1,2024
ORD103617,CUST383,2024-08-03,Home & Kitchen,Blender,3063.64,1.0,India,Net Banking,Mobile App,Cancelled,3063.64,2024-08,3,2024
ORD101097,CUST632,2024-08-13,Home & Kitchen,Air Fryer,873.53,1.0,India,Upi,Website,Returned,873.53,2024-08,3,2024
ORD103359,CUST16,2024-04-03,Sports,Dumbbell Set,1373.83,1.0,India,Paypal,Mobile App,Returned,1373.83,2024-04,2,2024
ORD101566,CUST1423,2024-01-24,Fashion,Cotton T-Shirt,597.01,1.0,United Kingdom,Upi,Marketplace,Delivered,597.01,2024-01,1,2024
ORD100696,CUST774,2024-09-23,Electronics,USB-C Cable,3504.0,2.0,India,Upi,Mobile App,Delivered,7008.0,2024-09,3,2024
ORD104132,CUST1661,2024-03-20,Electronics,Bluetooth Speaker,2306.07,2.0,,Unknown,Mobile App,Delivered,4612.14,2024-03,1,2024
ORD104769,CUST360,2024-09-10,Home & Kitchen,Air Fryer,2956.93,1.0,India,Credit Card,Website,Cancelled,2956.93,2024-09,3,2024
ORD105919,CUST550,2024-05-07,Books,Fiction Bestseller,699.88,1.0,India,Debit Card,Marketplace,Delivered,699.88,2024-05,2,2024
ORD102707,CUST1209,2024-05-14,Electronics,Smartwatch,1844.1,1.0,India,Cod,Mobile App,Delivered,1844.1,2024-05,2,2024
ORD103994,CUST1238,2024-03-25,Electronics,Phone Case,4038.17,1.0,India,Net Banking,Mobile App,Delivered,4038.17,2024-03,1,2024
ORD104931,CUST203,2024-09-04,Toys,Board Game,1125.39,1.0,United Kingdom,Credit Card,Marketplace,Delivered,1125.39,2024-09,3,2024
ORD103295,CUST1490,2024-09-10,Home & Kitchen,Storage Containers,1957.99,1.0,France,Net Banking,Mobile App,Delivered,1957.99,2024-09,3,2024
ORD101345,CUST1463,2024-08-25,Books,Self-Help Guide,430.45,1.0,Uae,Debit Card,Marketplace,Delivered,430.45,2024-08,3,2024
ORD103135,CUST134,2024-05-14,Sports,Resistance Bands,400.21,4.0,United States,Upi,Marketplace,Delivered,1600.84,2024-05,2,2024
ORD102415,CUST1451,2024-04-08,Home & Kitchen,Air Fryer,2834.14,1.0,India,Upi,Marketplace,Delivered,2834.14,2024-04,2,2024
ORD104870,CUST31,2024-07-07,Fashion,Sunglasses,2924.02,1.0,India,Debit Card,Website,Delivered,2924.02,2024-07,3,2024
ORD100936,CUST380,2024-06-09,Electronics,Smartwatch,655.34,1.0,United States,Upi,Mobile App,Delivered,655.34,2024-06,2,2024
ORD101319,CUST1516,2024-02-09,Fashion,Denim Jacket,267.36,1.0,United Kingdom,Net Banking,Mobile App,Returned,267.36,2024-02,1,2024
ORD103354,CUST925,2024-01-14,Home & Kitchen,Non-stick Pan Set,1808.28,1.0,India,Net Banking,Mobile App,Returned,1808.28,2024-01,1,2024
ORD104838,CUST817,2024-04-20,Electronics,Phone Case,1378.97,1.0,India,Credit Card,Website,Delivered,1378.97,2024-04,2,2024
ORD105342,CUST1623,2024-04-09,Beauty,Hair Dryer,798.33,1.0,United Kingdom,Credit Card,Mobile App,Delivered,798.33,2024-04,2,2024
ORD104562,CUST990,2024-03-04,Home & Kitchen,Storage Containers,871.63,2.0,United Kingdom,Credit Card,Website,Delivered,1743.26,2024-03,1,2024
ORD100105,CUST1050,2024-05-31,Electronics,Bluetooth Speaker,1285.48,3.0,India,Credit Card,Marketplace,Delivered,3856.44,2024-05,2,2024
ORD104084,CUST934,2024-04-28,Fashion,Running Shoes,1594.03,1.0,United States,Credit Card,Website,Delivered,1594.03,2024-04,2,2024
ORD101960,CUST1503,2024-06-21,Fashion,Leather Wallet,2301.83,1.0,Uae,Credit Card,Website,Delivered,2301.83,2024-06,2,2024
ORD102727,CUST314,2024-06-27,Toys,Building Blocks Set,723.57,1.0,India,Upi,Mobile App,Delivered,723.57,2024-06,2,2024
ORD104016,CUST1034,2024-09-15,Electronics,Bluetooth Speaker,4686.13,2.0,United States,Upi,Mobile App,Delivered,9372.26,2024-09,3,2024
ORD105904,CUST1413,2024-01-14,Electronics,Smartwatch,4848.11,1.0,United Kingdom,Upi,Website,Delivered,4848.11,2024-01,1,2024
ORD105599,CUST53,2024-07-20,Books,Cookbook,700.77,1.0,United States,Upi,Website,Delivered,700.77,2024-07,3,2024
ORD101226,CUST320,2024-07-19,Sports,Cycling Gloves,1519.01,1.0,United States,Credit Card,Mobile App,Delivered,1519.01,2024-07,3,2024
ORD101735,CUST546,2024-01-27,Toys,RC Car,1135.49,1.0,India,Net Banking,Mobile App,Returned,1135.49,2024-01,1,2024
ORD105482,CUST1309,2024-08-23,Home & Kitchen,Non-stick Pan Set,1584.12,1.0,India,Upi,Marketplace,Delivered,1584.12,2024-08,3,2024
ORD103406,CUST1724,2024-06-17,Home & Kitchen,LED Desk Lamp,2813.18,1.0,India,Credit Card,Mobile App,Delivered,2813.18,2024-06,2,2024
ORD101040,CUST782,2024-08-19,Home & Kitchen,LED Desk Lamp,311.88,1.0,United Kingdom,Upi,Website,Delivered,311.88,2024-08,3,2024
ORD103968,CUST1717,2024-08-13,Toys,Puzzle 1000pc,1903.25,1.0,Uae,Cod,Mobile App,Cancelled,1903.25,2024-08,3,2024
ORD102959,CUST1346,2024-04-04,Electronics,Bluetooth Speaker,1002.55,2.0,United Kingdom,Upi,Website,Delivered,2005.1,2024-04,2,2024
ORD101618,CUST1092,2024-07-23,Home & Kitchen,Storage Containers,1305.39,1.0,India,Upi,Website,Delivered,1305.39,2024-07,3,2024
ORD105579,CUST109,2024-01-11,Electronics,Phone Case,3430.68,1.0,France,Credit Card,Marketplace,Delivered,3430.68,2024-01,1,2024
ORD103800,CUST445,2024-08-10,Fashion,Running Shoes,1690.43,2.0,India,Debit Card,Website,Delivered,3380.86,2024-08,3,2024
ORD104352,UNKNOWN,2024-09-20,Books,Self-Help Guide,308.14,4.0,India,Credit Card,Marketplace,Delivered,1232.56,2024-09,3,2024
ORD104381,CUST617,2024-02-23,Toys,Board Game,1782.99,2.0,Germany,Credit Card,Mobile App,Delivered,3565.98,2024-02,1,2024
ORD101363,CUST509,2024-06-17,Fashion,Cotton T-Shirt,2373.29,1.0,Uae,Paypal,Mobile App,Delivered,2373.29,2024-06,2,2024
ORD103516,CUST217,2024-07-25,Toys,Building Blocks Set,1842.22,3.0,India,Debit Card,Marketplace,Delivered,5526.66,2024-07,3,2024
ORD101973,CUST478,2024-02-03,Fashion,Running Shoes,2516.0,3.0,India,Upi,Mobile App,Delivered,7548.0,2024-02,1,2024
ORD102908,CUST735,2024-04-02,Electronics,Phone Case,3923.02,1.0,India,Debit Card,Marketplace,Delivered,3923.02,2024-04,2,2024
ORD102017,CUST943,2024-09-04,Home & Kitchen,LED Desk Lamp,1765.15,2.0,United Kingdom,Upi,Website,Delivered,3530.3,2024-09,3,2024
ORD103938,CUST654,2024-08-31,Beauty,Hair Dryer,812.17,3.0,India,Paypal,Website,Returned,2436.5099999999998,2024-08,3,2024
ORD102925,CUST1024,2024-01-02,Beauty,Sunscreen SPF50,1093.22,1.0,,Paypal,Mobile App,Cancelled,1093.22,2024-01,1,2024
ORD101337,CUST882,2024-03-24,Beauty,Hair Dryer,815.33,1.0,Uae,Credit Card,Website,Delivered,815.33,2024-03,1,2024
ORD103947,CUST516,2024-04-24,Sports,Resistance Bands,1921.09,2.0,France,Debit Card,Marketplace,Cancelled,3842.18,2024-04,2,2024
ORD103842,CUST1017,2024-01-04,Sports,Water Bottle,1727.4,2.0,United States,Net Banking,Mobile App,Delivered,3454.8,2024-01,1,2024
ORD103342,CUST1602,2024-04-03,Electronics,USB-C Cable,2995.76,2.0,India,Credit Card,Marketplace,Delivered,5991.52,2024-04,2,2024
ORD103547,CUST548,2024-08-23,Books,Kids Picture Book,307.83,2.0,India,Paypal,Marketplace,Delivered,615.66,2024-08,3,2024
ORD102142,CUST1284,2024-03-23,Sports,Cycling Gloves,1738.65,1.0,United Kingdom,Upi,Mobile App,Delivered,1738.65,2024-03,1,2024
ORD104477,CUST743,2024-08-13,Beauty,Lip Balm Set,285.87,4.0,India,Upi,Mobile App,Returned,1143.48,2024-08,3,2024
ORD101464,CUST1246,2024-04-26,Electronics,USB-C Cable,3432.98,4.0,India,Debit Card,Mobile App,Delivered,13731.92,2024-04,2,2024
ORD104762,CUST190,2024-01-10,Home & Kitchen,LED Desk Lamp,1784.67,1.0,India,Credit Card,Mobile App,Delivered,1784.67,2024-01,1,2024
ORD100006,UNKNOWN,2024-05-10,Beauty,Lip Balm Set,906.68,4.0,United Kingdom,Upi,Marketplace,Delivered,3626.72,2024-05,2,2024
ORD102007,CUST557,2024-01-18,Beauty,Makeup Brush Kit,1454.01,1.0,India,Net Banking,Website,Delivered,1454.01,2024-01,1,2024
ORD101240,CUST901,2024-05-03,Fashion,Running Shoes,1216.47,1.0,United Kingdom,Debit Card,Mobile App,Delivered,1216.47,2024-05,2,2024
ORD101859,CUST228,2024-09-27,Fashion,Running Shoes,2292.68,2.0,United States,Upi,Website,Delivered,4585.36,2024-09,3,2024
ORD104608,CUST299,2024-05-20,Fashion,Sunglasses,1660.44,1.0,United States,Upi,Marketplace,Delivered,1660.44,2024-05,2,2024
ORD101865,CUST995,2024-03-27,Electronics,USB-C Cable,3006.05,1.0,India,Debit Card,Website,Delivered,3006.05,2024-03,1,2024
ORD101342,UNKNOWN,2024-03-02,Beauty,Makeup Brush Kit,611.43,1.0,United States,Credit Card,Mobile App,Delivered,611.43,2024-03,1,2024
ORD102499,CUST515,2024-04-13,Electronics,Power Bank,2970.09,2.0,United States,Credit Card,Website,Delivered,5940.18,2024-04,2,2024
ORD104701,CUST845,2024-03-30,Electronics,Smartwatch,2462.95,1.0,India,Net Banking,Mobile App,Delivered,2462.95,2024-03,1,2024
ORD105550,CUST215,2024-03-15,Fashion,Cotton T-Shirt,1831.16,4.0,Uae,Unknown,Website,Delivered,7324.64,2024-03,1,2024
ORD105239,CUST1393,2024-01-09,Electronics,Power Bank,4857.3,1.0,United States,Upi,Marketplace,Delivered,4857.3,2024-01,1,2024
ORD103948,CUST83,2024-01-31,Fashion,Cotton T-Shirt,2285.45,1.0,Uae,Cod,Marketplace,Delivered,2285.45,2024-01,1,2024
ORD101262,CUST1653,2024-04-09,Fashion,Cotton T-Shirt,2854.31,1.0,United States,Debit Card,Mobile App,Cancelled,2854.31,2024-04,2,2024
ORD103979,CUST1672,2024-07-08,Electronics,Power Bank,4843.62,1.0,Germany,Credit Card,Website,Delivered,4843.62,2024-07,3,2024
ORD101564,CUST1653,2024-03-25,Sports,Cycling Gloves,990.92,2.0,India,Net Banking,Marketplace,Delivered,1981.84,2024-03,1,2024
ORD103600,CUST479,2024-07-31,Books,Kids Picture Book,501.49,1.0,India,Cod,Mobile App,Delivered,501.49,2024-07,3,2024
ORD101991,CUST882,2024-08-09,Sports,Yoga Mat,1758.52,2.0,India,Upi,Mobile App,Delivered,3517.04,2024-08,3,2024
ORD101874,CUST835,2024-07-25,Books,Fiction Bestseller,105.49,1.0,United States,Paypal,Website,Delivered,105.49,2024-07,3,2024
ORD105563,CUST925,2024-09-12,Fashion,Cotton T-Shirt,412.28,1.0,United States,Credit Card,Mobile App,Delivered,412.28,2024-09,3,2024
ORD103787,CUST1545,2024-03-23,Sports,Cycling Gloves,1373.83,1.0,,Debit Card,Mobile App,Delivered,1373.83,2024-03,1,2024
ORD102718,CUST1090,2024-03-20,Fashion,Cotton T-Shirt,571.35,2.0,United States,Debit Card,Website,Delivered,1142.7,2024-03,1,2024
ORD103635,CUST1107,2024-03-12,Toys,Building Blocks Set,1435.29,1.0,India,Upi,Marketplace,Delivered,1435.29,2024-03,1,2024
ORD104675,CUST249,2024-04-15,Sports,Yoga Mat,733.9,1.0,India,Cod,Mobile App,Delivered,733.9,2024-04,2,2024
ORD103311,CUST1022,2024-09-09,Sports,Resistance Bands,1368.96,2.0,United States,Net Banking,Mobile App,Delivered,2737.92,2024-09,3,2024
ORD102506,CUST102,2024-01-19,Sports,Water Bottle,2052.98,1.0,,Credit Card,Marketplace,Delivered,2052.98,2024-01,1,2024
ORD103678,CUST1062,2024-01-31,Electronics,USB-C Cable,1874.65,1.0,United States,Debit Card,Website,Delivered,1874.65,2024-01,1,2024
ORD101854,CUST1791,2024-09-01,Books,Self-Help Guide,491.18,1.0,India,Upi,Marketplace,Cancelled,491.18,2024-09,3,2024
ORD102330,CUST1389,2024-03-10,Fashion,Cotton T-Shirt,1105.37,1.0,India,Credit Card,Mobile App,Delivered,1105.37,2024-03,1,2024
ORD100851,CUST331,2024-08-27,Electronics,Smartwatch,3072.31,1.0,France,Net Banking,Marketplace,Delivered,3072.31,2024-08,3,2024
ORD100154,UNKNOWN,2024-07-12,Electronics,Phone Case,2229.3,2.0,India,Upi,Mobile App,Delivered,4458.6,2024-07,3,2024
ORD100887,CUST1730,2024-04-11,Sports,Cycling Gloves,1979.8,1.0,France,Paypal,Website,Delivered,1979.8,2024-04,2,2024
ORD100808,CUST217,2024-02-11,Fashion,Sunglasses,1285.54,2.0,United Kingdom,Cod,Website,Delivered,2571.08,2024-02,1,2024
ORD100812,CUST907,2024-08-18,Electronics,Bluetooth Speaker,669.03,1.0,United States,Credit Card,Mobile App,Cancelled,669.03,2024-08,3,2024
ORD102351,CUST1281,2024-09-27,Books,Cookbook,443.155,1.0,India,Cod,Website,Delivered,443.155,2024-09,3,2024
ORD103759,CUST375,2024-03-17,Home & Kitchen,LED Desk Lamp,833.5,1.0,United States,Net Banking,Marketplace,Delivered,833.5,2024-03,1,2024
ORD105093,CUST797,2024-06-24,Toys,RC Car,1348.81,1.0,United Kingdom,Credit Card,Mobile App,Cancelled,1348.81,2024-06,2,2024
ORD101963,CUST550,2024-01-19,Beauty,Lip Balm Set,1440.05,2.0,Germany,Credit Card,Website,Delivered,2880.1,2024-01,1,2024
ORD102603,CUST231,2024-09-17,Toys,RC Car,1120.57,3.0,United States,Upi,Marketplace,Delivered,3361.71,2024-09,3,2024
ORD104083,CUST1339,2024-01-23,Electronics,USB-C Cable,1410.2,1.0,India,Credit Card,Website,Delivered,1410.2,2024-01,1,2024
ORD105189,CUST1277,2024-08-27,Home & Kitchen,Air Fryer,2824.14,1.0,India,Upi,Mobile App,Delivered,2824.14,2024-08,3,2024
ORD104055,CUST154,2024-02-27,Toys,Board Game,665.94,2.0,United States,Credit Card,Website,Cancelled,1331.88,2024-02,1,2024
ORD102110,CUST41,2024-05-19,Beauty,Makeup Brush Kit,206.55,3.0,India,Unknown,Mobile App,Delivered,619.6500000000001,2024-05,2,2024
ORD103214,CUST998,2024-08-04,Home & Kitchen,Non-stick Pan Set,1530.54,3.0,India,Cod,Website,Delivered,4591.62,2024-08,3,2024
ORD101457,CUST1323,2024-03-23,Electronics,Phone Case,2421.2,1.0,United States,Debit Card,Website,Delivered,2421.2,2024-03,1,2024
ORD101806,CUST587,2024-02-01,Beauty,Sunscreen SPF50,1470.15,1.0,Germany,Credit Card,Marketplace,Delivered,1470.15,2024-02,1,2024
ORD104672,CUST833,2024-06-15,Books,Self-Help Guide,687.33,4.0,India,Cod,Mobile App,Delivered,2749.32,2024-06,2,2024
ORD103642,CUST385,2024-03-29,Fashion,Denim Jacket,872.18,1.0,India,Cod,Website,Delivered,872.18,2024-03,1,2024
ORD103870,CUST340,2024-06-15,Fashion,Leather Wallet,595.22,2.0,United States,Debit Card,Website,Delivered,1190.44,2024-06,2,2024
ORD103489,CUST926,2024-03-10,Electronics,Power Bank,2874.07,1.0,India,Cod,Mobile App,Delivered,2874.07,2024-03,1,2024
ORD102314,CUST1416,2024-06-27,Home & Kitchen,Non-stick Pan Set,1409.75,2.0,India,Paypal,Mobile App,Delivered,2819.5,2024-06,2,2024
ORD104259,CUST1113,2024-08-11,Electronics,Phone Case,3406.43,1.0,India,Credit Card,Website,Delivered,3406.43,2024-08,3,2024
ORD100072,CUST1713,2024-06-01,Electronics,USB-C Cable,1835.51,2.0,India,Paypal,Website,Delivered,3671.02,2024-06,2,2024
ORD104722,CUST1660,2024-09-07,Electronics,Phone Case,2569.84,2.0,United States,Upi,Website,Delivered,5139.68,2024-09,3,2024
ORD100680,CUST81,2024-07-18,Electronics,Smartwatch,1847.17,1.0,India,Credit Card,Mobile App,Cancelled,1847.17,2024-07,3,2024
ORD105326,CUST91,2024-02-25,Fashion,Denim Jacket,721.26,3.0,India,Cod,Website,Returned,2163.7799999999997,2024-02,1,2024
ORD103441,CUST1275,2024-05-07,Beauty,Makeup Brush Kit,1027.98,3.0,United States,Credit Card,Mobile App,Returned,3083.94,2024-05,2,2024
ORD101241,CUST797,2024-03-24,Home & Kitchen,Non-stick Pan Set,3139.03,1.0,United Kingdom,Net Banking,Mobile App,Delivered,3139.03,2024-03,1,2024
ORD101554,CUST730,2024-04-27,Books,Cookbook,577.79,1.0,Uae,Unknown,Mobile App,Delivered,577.79,2024-04,2,2024
ORD104865,CUST1577,2024-02-12,Sports,Yoga Mat,690.99,1.0,United States,Debit Card,Mobile App,Delivered,690.99,2024-02,1,2024
ORD100249,CUST1395,2024-06-04,Home & Kitchen,Air Fryer,1362.06,1.0,United States,Upi,Website,Delivered,1362.06,2024-06,2,2024
ORD100606,CUST1203,2024-09-19,Sports,Cycling Gloves,764.23,1.0,United Kingdom,Cod,Website,Delivered,764.23,2024-09,3,2024
ORD104051,CUST1302,2024-05-06,Toys,Board Game,718.38,1.0,United Kingdom,Debit Card,Website,Cancelled,718.38,2024-05,2,2024
ORD101759,CUST1784,2024-02-21,Books,Kids Picture Book,15907.0,1.0,India,Credit Card,Mobile App,Delivered,15907.0,2024-02,1,2024
ORD100237,CUST494,2024-02-19,Fashion,Running Shoes,1364.41,1.0,India,Credit Card,Website,Delivered,1364.41,2024-02,1,2024
ORD103141,CUST1737,2024-06-12,Fashion,Leather Wallet,1749.52,1.0,India,Credit Card,Website,Delivered,1749.52,2024-06,2,2024
ORD102411,CUST724,2024-01-21,Sports,Cycling Gloves,2320.62,1.0,Uae,Upi,Website,Delivered,2320.62,2024-01,1,2024
ORD103728,CUST1243,2024-02-26,Electronics,Power Bank,4632.7,2.0,India,Credit Card,Website,Delivered,9265.4,2024-02,1,2024
ORD101701,CUST1464,2024-05-03,Home & Kitchen,Storage Containers,474.23,1.0,India,Net Banking,Website,Returned,474.23,2024-05,2,2024
ORD104046,CUST1701,2024-01-15,Fashion,Running Shoes,941.19,1.0,India,Credit Card,Website,Delivered,941.19,2024-01,1,2024
ORD101136,CUST1094,2024-04-09,Home & Kitchen,Air Fryer,2054.84,1.0,India,Paypal,Marketplace,Delivered,2054.84,2024-04,2,2024
ORD100199,CUST1215,2024-09-27,Fashion,Leather Wallet,2921.78,1.0,India,Paypal,Mobile App,Delivered,2921.78,2024-09,3,2024
ORD102206,CUST1199,2024-05-09,Toys,RC Car,1804.55,2.0,India,Debit Card,Website,Delivered,3609.1,2024-05,2,2024
ORD102495,CUST1134,2024-03-30,Electronics,Bluetooth Speaker,4023.8,4.0,United States,Credit Card,Mobile App,Delivered,16095.2,2024-03,1,2024
ORD101332,UNKNOWN,2024-03-18,Fashion,Cotton T-Shirt,513.16,1.0,India,Debit Card,Mobile App,Delivered,513.16,2024-03,1,2024
ORD101961,CUST952,2024-09-06,Books,Kids Picture Book,212.25,1.0,United States,Upi,Mobile App,Delivered,212.25,2024-09,3,2024
ORD104904,CUST291,2024-03-12,Electronics,Smartwatch,1222.21,1.0,India,Net Banking,Marketplace,Delivered,1222.21,2024-03,1,2024
ORD103638,CUST741,2024-09-14,Electronics,Phone Case,1363.44,1.0,United Kingdom,Credit Card,Marketplace,Delivered,1363.44,2024-09,3,2024
ORD105971,CUST1273,2024-03-22,Home & Kitchen,Non-stick Pan Set,2402.62,1.0,United States,Debit Card,Marketplace,Delivered,2402.62,2024-03,1,2024
ORD102426,CUST343,2024-03-22,Home & Kitchen,LED Desk Lamp,3448.4,1.0,United Kingdom,Upi,Website,Delivered,3448.4,2024-03,1,2024
ORD100024,CUST522,2024-04-05,Books,Kids Picture Book,130.71,1.0,Germany,Upi,Website,Delivered,130.71,2024-04,2,2024
ORD100612,CUST1086,2024-01-19,Books,Fiction Bestseller,128.05,1.0,Germany,Upi,Marketplace,Delivered,128.05,2024-01,1,2024
ORD103784,CUST252,2024-04-07,Electronics,Phone Case,2610.5,1.0,Germany,Net Banking,Mobile App,Delivered,2610.5,2024-04,2,2024
ORD102817,CUST28,2024-01-15,Home & Kitchen,Air Fryer,1711.83,2.0,India,Upi,Mobile App,Delivered,3423.66,2024-01,1,2024
ORD105264,CUST72,2024-03-20,Home & Kitchen,Non-stick Pan Set,410.11,1.0,India,Upi,Website,Delivered,410.11,2024-03,1,2024
ORD100214,CUST1778,2024-01-21,Fashion,Sunglasses,648.3,1.0,United Kingdom,Net Banking,Marketplace,Delivered,648.3,2024-01,1,2024
ORD103227,CUST847,2024-05-21,Sports,Dumbbell Set,1385.0,1.0,France,Credit Card,Mobile App,Returned,1385.0,2024-05,2,2024
ORD102386,CUST435,2024-07-11,Home & Kitchen,LED Desk Lamp,816.05,2.0,India,Upi,Mobile App,Delivered,1632.1,2024-07,3,2024
ORD101312,CUST347,2024-07-19,Toys,Puzzle 1000pc,383.8,2.0,France,Debit Card,Website,Delivered,767.6,2024-07,3,2024
ORD102752,CUST1655,2024-03-27,Beauty,Lip Balm Set,645.22,1.0,United States,Debit Card,Website,Cancelled,645.22,2024-03,1,2024
ORD100256,CUST717,2024-04-12,Fashion,Sunglasses,888.48,2.0,Uae,Debit Card,Website,Delivered,1776.96,2024-04,2,2024
ORD102519,CUST741,2024-07-17,Books,Kids Picture Book,391.67,1.0,United States,Paypal,Marketplace,Delivered,391.67,2024-07,3,2024
ORD102546,CUST1292,2024-09-22,Home & Kitchen,Air Fryer,2658.93,1.0,Germany,Upi,Mobile App,Delivered,2658.93,2024-09,3,2024
ORD102307,CUST1715,2024-08-21,Fashion,Running Shoes,2009.62,1.0,India,Upi,Marketplace,Cancelled,2009.62,2024-08,3,2024
ORD100454,CUST557,2024-06-15,Electronics,Wireless Earbuds,2473.0,1.0,India,Credit Card,Mobile App,Delivered,2473.0,2024-06,2,2024
ORD105023,CUST1727,2024-01-21,Beauty,Sunscreen SPF50,660.05,1.0,Germany,Upi,Mobile App,Returned,660.05,2024-01,1,2024
ORD105289,CUST984,2024-03-20,Beauty,Makeup Brush Kit,594.31,1.0,Germany,Debit Card,Mobile App,Delivered,594.31,2024-03,1,2024
ORD104291,CUST856,2024-08-08,Electronics,Power Bank,4149.7,1.0,India,Debit Card,Website,Delivered,4149.7,2024-08,3,2024
ORD103254,CUST1568,2024-06-04,Electronics,Phone Case,4992.46,2.0,India,Credit Card,Website,Returned,9984.92,2024-06,2,2024
ORD104746,UNKNOWN,2024-08-04,Electronics,Power Bank,4024.21,2.0,France,Upi,Website,Delivered,8048.42,2024-08,3,2024
ORD101375,CUST1518,2024-02-04,Electronics,Power Bank,4946.06,3.0,United Kingdom,Debit Card,Website,Delivered,14838.18,2024-02,1,2024
ORD101744,CUST201,2024-02-09,Fashion,Sunglasses,637.68,1.0,India,Unknown,Marketplace,Delivered,637.68,2024-02,1,2024
ORD101256,CUST1166,2024-07-26,Electronics,Bluetooth Speaker,1493.8,1.0,,Debit Card,Website,Cancelled,1493.8,2024-07,3,2024
ORD105369,CUST300,2024-06-16,Toys,RC Car,381.4,1.0,India,Credit Card,Marketplace,Delivered,381.4,2024-06,2,2024
ORD104135,CUST1657,2024-01-12,Home & Kitchen,Non-stick Pan Set,2707.83,1.0,United States,Upi,Marketplace,Delivered,2707.83,2024-01,1,2024
ORD105027,CUST1766,2024-09-19,Beauty,Sunscreen SPF50,571.16,2.0,United Kingdom,Paypal,Mobile App,Returned,1142.32,2024-09,3,2024
ORD102813,CUST1534,2024-02-29,Beauty,Face Serum,1245.33,2.0,India,Net Banking,Mobile App,Delivered,2490.66,2024-02,1,2024
ORD105680,CUST827,2024-06-04,Electronics,Bluetooth Speaker,2474.43,1.0,India,Upi,Mobile App,Returned,2474.43,2024-06,2,2024
ORD104579,CUST989,2024-04-11,Electronics,USB-C Cable,4739.53,1.0,Germany,Upi,Website,Returned,4739.53,2024-04,2,2024
ORD101079,CUST924,2024-08-07,Electronics,Bluetooth Speaker,877.77,1.0,India,Upi,Marketplace,Delivered,877.77,2024-08,3,2024
ORD104839,CUST483,2024-08-22,Electronics,Bluetooth Speaker,1447.05,1.0,United States,Upi,Marketplace,Delivered,1447.05,2024-08,3,2024
ORD102270,CUST100,2024-06-27,Sports,Water Bottle,1749.41,1.0,India,Net Banking,Mobile App,Delivered,1749.41,2024-06,2,2024
ORD103548,CUST1001,2024-01-22,Fashion,Leather Wallet,2247.97,2.0,United States,Upi,Marketplace,Cancelled,4495.94,2024-01,1,2024
ORD100209,CUST46,2024-02-23,Electronics,USB-C Cable,4895.53,1.0,India,Cod,Website,Returned,4895.53,2024-02,1,2024
ORD105213,CUST914,2024-07-26,Fashion,Cotton T-Shirt,1519.32,1.0,United States,Upi,Mobile App,Delivered,1519.32,2024-07,3,2024
ORD104539,UNKNOWN,2024-06-23,Toys,RC Car,1120.57,1.0,India,Credit Card,Website,Delivered,1120.57,2024-06,2,2024
ORD104952,CUST209,2024-06-30,Electronics,Bluetooth Speaker,3085.9,2.0,India,Credit Card,Marketplace,Delivered,6171.8,2024-06,2,2024
ORD102417,CUST1397,2024-03-12,Fashion,Cotton T-Shirt,1728.73,3.0,India,Debit Card,Mobile App,Delivered,5186.1900000000005,2024-03,1,2024
ORD101244,CUST1789,2024-06-13,Beauty,Hair Dryer,1381.22,1.0,Uae,Debit Card,Website,Returned,1381.22,2024-06,2,2024
ORD101403,CUST1756,2024-01-04,Sports,Water Bottle,2458.95,1.0,United States,Paypal,Website,Delivered,2458.95,2024-01,1,2024
ORD104723,CUST238,2024-03-24,Home & Kitchen,Non-stick Pan Set,3121.15,1.0,India,Upi,Website,Delivered,3121.15,2024-03,1,2024
ORD102350,CUST959,2024-05-16,Home & Kitchen,LED Desk Lamp,2657.42,2.0,India,Credit Card,Mobile App,Delivered,5314.84,2024-05,2,2024
ORD105917,CUST609,2024-02-26,Beauty,Face Serum,474.31,1.0,United Kingdom,Cod,Marketplace,Delivered,474.31,2024-02,1,2024
ORD101354,CUST1316,2024-04-14,Electronics,Power Bank,814.49,1.0,India,Cod,Website,Delivered,814.49,2024-04,2,2024
ORD105291,CUST100,2024-01-25,Home & Kitchen,Storage Containers,860.57,1.0,India,Debit Card,Website,Delivered,860.57,2024-01,1,2024
ORD100441,CUST1695,2024-03-15,Toys,RC Car,1728.33,5.0,United Kingdom,Upi,Mobile App,Cancelled,8641.65,2024-03,1,2024
ORD104651,CUST1061,2024-01-29,Fashion,Denim Jacket,1848.07,1.0,United Kingdom,Cod,Website,Delivered,1848.07,2024-01,1,2024
ORD105872,CUST70,2024-09-07,Electronics,Power Bank,2817.29,2.0,India,Credit Card,Website,Delivered,5634.58,2024-09,3,2024
ORD103108,CUST1571,2024-08-19,Books,Self-Help Guide,471.86,4.0,India,Net Banking,Mobile App,Returned,1887.44,2024-08,3,2024
ORD104953,CUST1402,2024-04-17,Fashion,Cotton T-Shirt,1567.02,1.0,United Kingdom,Cod,Mobile App,Delivered,1567.02,2024-04,2,2024
ORD105501,CUST592,2024-01-25,Electronics,Phone Case,1464.67,1.0,India,Upi,Website,Delivered,1464.67,2024-01,1,2024
ORD104627,CUST1510,2024-08-02,Sports,Cycling Gloves,375.75,1.0,United Kingdom,Cod,Website,Delivered,375.75,2024-08,3,2024
ORD105048,CUST111,2024-04-14,Electronics,Bluetooth Speaker,3050.1,2.0,India,Paypal,Marketplace,Delivered,6100.2,2024-04,2,2024
ORD103978,CUST1217,2024-08-27,Fashion,Running Shoes,1803.64,2.0,France,Credit Card,Website,Delivered,3607.28,2024-08,3,2024
ORD104485,CUST515,2024-08-11,Fashion,Denim Jacket,2698.81,3.0,India,Credit Card,Website,Delivered,8096.43,2024-08,3,2024
ORD100476,CUST1324,2024-05-27,Books,Fiction Bestseller,10104.0,2.0,United States,Upi,Marketplace,Cancelled,20208.0,2024-05,2,2024
ORD105283,CUST336,2024-05-26,Fashion,Sunglasses,1431.63,1.0,United Kingdom,Upi,Website,Returned,1431.63,2024-05,2,2024
ORD104355,CUST399,2024-01-02,Toys,Board Game,1120.57,1.0,India,Upi,Marketplace,Delivered,1120.57,2024-01,1,2024
ORD104523,CUST934,2024-01-21,Fashion,Cotton T-Shirt,2946.8,1.0,India,Credit Card,Marketplace,Delivered,2946.8,2024-01,1,2024
ORD100020,CUST854,2024-06-28,Home & Kitchen,Blender,2035.46,1.0,India,Debit Card,Mobile App,Delivered,2035.46,2024-06,2,2024
ORD100157,CUST1683,2024-04-18,Fashion,Sunglasses,1303.81,1.0,United States,Debit Card,Marketplace,Cancelled,1303.81,2024-04,2,2024
ORD101810,CUST595,2024-04-13,Fashion,Sunglasses,467.14,1.0,France,Cod,Mobile App,Delivered,467.14,2024-04,2,2024
ORD104563,CUST932,2024-08-03,Sports,Dumbbell Set,600.22,4.0,India,Net Banking,Website,Delivered,2400.88,2024-08,3,2024
ORD102964,CUST245,2024-02-05,Fashion,Running Shoes,1820.22,1.0,Uae,Upi,Website,Delivered,1820.22,2024-02,1,2024
ORD100571,CUST680,2024-01-11,Electronics,Power Bank,506.11,1.0,India,Credit Card,Mobile App,Delivered,506.11,2024-01,1,2024
ORD101987,CUST1177,2024-04-20,Books,Kids Picture Book,716.2,2.0,India,Credit Card,Mobile App,Delivered,1432.4,2024-04,2,2024
ORD105978,CUST856,2024-03-05,Beauty,Sunscreen SPF50,1040.7,2.0,India,Debit Card,Mobile App,Delivered,2081.4,2024-03,1,2024
ORD105249,CUST1088,2024-06-01,Toys,Board Game,1196.17,3.0,India,Paypal,Website,Cancelled,3588.51,2024-06,2,2024
ORD104867,CUST1061,2024-02-26,Fashion,Cotton T-Shirt,877.85,1.0,France,Debit Card,Marketplace,Delivered,877.85,2024-02,1,2024
ORD103721,CUST775,2024-01-04,Beauty,Face Serum,1149.1,1.0,United States,Cod,Website,Delivered,1149.1,2024-01,1,2024
ORD105755,UNKNOWN,2024-06-23,Electronics,Phone Case,2619.0,2.0,United Kingdom,Credit Card,Website,Delivered,5238.0,2024-06,2,2024
ORD102612,CUST175,2024-02-18,Electronics,Bluetooth Speaker,1921.23,1.0,India,Debit Card,Website,Delivered,1921.23,2024-02,1,2024
ORD102942,CUST45,2024-09-27,Home & Kitchen,Storage Containers,2003.37,1.0,India,Upi,Marketplace,Returned,2003.37,2024-09,3,2024
ORD103527,CUST975,2024-02-04,Sports,Cycling Gloves,2188.03,1.0,United Kingdom,Debit Card,Mobile App,Delivered,2188.03,2024-02,1,2024
ORD100553,CUST1639,2024-01-28,Electronics,Smartwatch,985.76,1.0,Germany,Upi,Website,Delivered,985.76,2024-01,1,2024
ORD100158,CUST727,2024-05-06,Electronics,Phone Case,3588.65,1.0,United States,Credit Card,Mobile App,Delivered,3588.65,2024-05,2,2024
ORD100169,UNKNOWN,2024-04-25,Fashion,Leather Wallet,2457.45,5.0,India,Upi,Website,Delivered,12287.25,2024-04,2,2024
ORD104319,CUST322,2024-04-18,Sports,Water Bottle,385.16,1.0,India,Debit Card,Marketplace,Cancelled,385.16,2024-04,2,2024
ORD101818,CUST457,2024-09-21,Home & Kitchen,LED Desk Lamp,1868.5,1.0,United Kingdom,Cod,Mobile App,Delivered,1868.5,2024-09,3,2024
ORD104856,CUST615,2024-06-03,Electronics,Wireless Earbuds,4934.75,1.0,India,Upi,Website,Delivered,4934.75,2024-06,2,2024
ORD105304,CUST590,2024-03-30,Home & Kitchen,LED Desk Lamp,2238.29,3.0,India,Credit Card,Website,Delivered,6714.87,2024-03,1,2024
ORD104805,UNKNOWN,2024-07-10,Fashion,Leather Wallet,2909.96,1.0,United Kingdom,Paypal,Mobile App,Delivered,2909.96,2024-07,3,2024
ORD102373,CUST1277,2024-01-14,Electronics,Bluetooth Speaker,569.25,1.0,United Kingdom,Cod,Website,Delivered,569.25,2024-01,1,2024
ORD103506,CUST716,2024-02-06,Toys,Building Blocks Set,654.94,1.0,United States,Cod,Website,Delivered,654.94,2024-02,1,2024
ORD102975,CUST1771,2024-05-28,Beauty,Makeup Brush Kit,1417.9,2.0,United States,Upi,Mobile App,Returned,2835.8,2024-05,2,2024
ORD101885,CUST1602,2024-06-03,Electronics,Phone Case,3258.83,2.0,Germany,Net Banking,Website,Delivered,6517.66,2024-06,2,2024
ORD102004,CUST1532,2024-03-29,Books,Self-Help Guide,775.54,2.0,India,Upi,Website,Delivered,1551.08,2024-03,1,2024
ORD103297,CUST597,2024-04-10,Beauty,Sunscreen SPF50,1253.61,1.0,United States,Upi,Website,Delivered,1253.61,2024-04,2,2024
ORD103497,CUST1106,2024-03-30,Fashion,Cotton T-Shirt,1001.67,2.0,United Kingdom,Upi,Website,Delivered,2003.34,2024-03,1,2024
ORD103095,CUST800,2024-06-05,Fashion,Cotton T-Shirt,2270.31,1.0,India,Debit Card,Website,Returned,2270.31,2024-06,2,2024
ORD104289,CUST723,2024-05-17,Beauty,Lip Balm Set,363.46,1.0,India,Debit Card,Mobile App,Delivered,363.46,2024-05,2,2024
ORD101080,CUST752,2024-04-17,Sports,Dumbbell Set,1542.7,1.0,United Kingdom,Cod,Mobile App,Returned,1542.7,2024-04,2,2024
ORD101588,CUST1151,2024-09-22,Toys,Puzzle 1000pc,1384.81,1.0,Germany,Paypal,Marketplace,Delivered,1384.81,2024-09,3,2024
ORD101703,CUST1632,2024-08-15,Fashion,Leather Wallet,2958.85,1.0,India,Debit Card,Website,Cancelled,2958.85,2024-08,3,2024
ORD102497,CUST218,2024-04-25,Home & Kitchen,Air Fryer,322.48,1.0,India,Debit Card,Website,Delivered,322.48,2024-04,2,2024
ORD105887,CUST984,2024-04-11,Sports,Resistance Bands,2149.03,1.0,India,Debit Card,Mobile App,Returned,2149.03,2024-04,2,2024
ORD101128,CUST594,2024-06-10,Books,Cookbook,457.9,1.0,India,Credit Card,Mobile App,Cancelled,457.9,2024-06,2,2024
ORD104223,CUST258,2024-04-07,Toys,Board Game,1065.49,1.0,United States,Upi,Website,Delivered,1065.49,2024-04,2,2024
ORD101662,CUST1048,2024-06-22,Beauty,Face Serum,432.95,1.0,India,Paypal,Mobile App,Delivered,432.95,2024-06,2,2024
ORD101604,CUST129,2024-09-25,Electronics,Smartwatch,2573.96,2.0,India,Paypal,Mobile App,Delivered,5147.92,2024-09,3,2024
ORD101781,CUST1050,2024-06-11,Electronics,USB-C Cable,4805.95,1.0,United States,Credit Card,Marketplace,Cancelled,4805.95,2024-06,2,2024
ORD101042,CUST923,2024-09-14,Home & Kitchen,Air Fryer,1993.35,1.0,Germany,Credit Card,Website,Delivered,1993.35,2024-09,3,2024
ORD103958,CUST536,2024-04-06,Electronics,USB-C Cable,2505.0,1.0,India,Credit Card,Mobile App,Delivered,2505.0,2024-04,2,2024
ORD101081,CUST1201,2024-02-16,Sports,Cycling Gloves,1910.63,1.0,United States,Cod,Website,Delivered,1910.63,2024-02,1,2024
ORD100973,CUST1349,2024-04-21,Beauty,Hair Dryer,1332.18,4.0,United States,Paypal,Website,Delivered,5328.72,2024-04,2,2024
ORD104514,CUST880,2024-09-23,Sports,Yoga Mat,345.19,1.0,India,Net Banking,Mobile App,Returned,345.19,2024-09,3,2024
ORD100686,CUST260,2024-05-15,Beauty,Hair Dryer,1065.18,1.0,France,Debit Card,Mobile App,Delivered,1065.18,2024-05,2,2024
ORD103462,CUST1217,2024-01-02,Sports,Resistance Bands,2313.25,2.0,Germany,Upi,Website,Delivered,4626.5,2024-01,1,2024
ORD105285,CUST312,2024-01-29,Home & Kitchen,Non-stick Pan Set,1977.72,1.0,United States,Credit Card,Marketplace,Delivered,1977.72,2024-01,1,2024
ORD102081,CUST773,2024-05-25,Electronics,Bluetooth Speaker,926.51,1.0,India,Net Banking,Mobile App,Returned,926.51,2024-05,2,2024
ORD103633,CUST1102,2024-01-10,Sports,Yoga Mat,1735.23,2.0,United States,Cod,Website,Delivered,3470.46,2024-01,1,2024
ORD100844,CUST1464,2024-07-29,Beauty,Lip Balm Set,548.51,1.0,India,Net Banking,Mobile App,Delivered,548.51,2024-07,3,2024
ORD100395,CUST698,2024-05-25,Toys,Board Game,968.15,1.0,India,Credit Card,Website,Returned,968.15,2024-05,2,2024
ORD105933,CUST1295,2024-05-10,Electronics,Wireless Earbuds,3419.45,1.0,India,Paypal,Mobile App,Returned,3419.45,2024-05,2,2024
ORD102173,CUST1234,2024-04-21,Beauty,Hair Dryer,554.68,1.0,India,Unknown,Website,Delivered,554.68,2024-04,2,2024
ORD105548,CUST1682,2024-01-15,Electronics,Smartwatch,4343.19,1.0,India,Cod,Mobile App,Delivered,4343.19,2024-01,1,2024
ORD102121,CUST93,2024-01-01,Fashion,Running Shoes,2446.72,1.0,India,Upi,Website,Delivered,2446.72,2024-01,1,2024
ORD100906,CUST514,2024-07-12,Electronics,Bluetooth Speaker,4355.94,2.0,Germany,Paypal,Website,Delivered,8711.88,2024-07,3,2024
ORD102482,CUST1363,2024-06-06,Fashion,Denim Jacket,2545.16,1.0,United Kingdom,Credit Card,Mobile App,Delivered,2545.16,2024-06,2,2024
ORD101835,CUST972,2024-07-07,Fashion,Leather Wallet,2573.0,2.0,India,Upi,Mobile App,Delivered,5146.0,2024-07,3,2024
ORD104878,CUST1734,2024-06-11,Home & Kitchen,Blender,3494.59,1.0,India,Net Banking,Mobile App,Delivered,3494.59,2024-06,2,2024
ORD103859,CUST1182,2024-08-12,Fashion,Sunglasses,1458.78,2.0,United Kingdom,Debit Card,Website,Delivered,2917.56,2024-08,3,2024
ORD102450,CUST1761,2024-01-23,Fashion,Leather Wallet,744.47,1.0,France,Upi,Mobile App,Delivered,744.47,2024-01,1,2024
ORD101330,CUST1286,2024-06-17,Home & Kitchen,Air Fryer,1838.77,1.0,India,Upi,Marketplace,Delivered,1838.77,2024-06,2,2024
ORD103191,CUST1400,2024-05-16,Sports,Cycling Gloves,521.27,2.0,India,Debit Card,Mobile App,Delivered,1042.54,2024-05,2,2024
ORD104263,CUST671,2024-07-22,Electronics,USB-C Cable,2874.07,1.0,India,Debit Card,Mobile App,Returned,2874.07,2024-07,3,2024
ORD104994,CUST989,2024-07-28,Fashion,Leather Wallet,591.85,1.0,India,Unknown,Mobile App,Delivered,591.85,2024-07,3,2024
ORD102795,CUST386,2024-09-19,Home & Kitchen,Blender,3029.8,5.0,United States,Upi,Mobile App,Delivered,15149.0,2024-09,3,2024
ORD102269,CUST1016,2024-02-14,Fashion,Sunglasses,2203.94,1.0,Germany,Upi,Website,Returned,2203.94,2024-02,1,2024
ORD102709,CUST1395,2024-03-07,Books,Cookbook,365.45,2.0,India,Debit Card,Website,Delivered,730.9,2024-03,1,2024
ORD103392,CUST1551,2024-02-06,Beauty,Face Serum,633.95,1.0,United States,Credit Card,Mobile App,Cancelled,633.95,2024-02,1,2024
ORD103875,CUST1359,2024-06-02,Beauty,Lip Balm Set,959.51,2.0,India,Upi,Mobile App,Delivered,1919.02,2024-06,2,2024
ORD102667,CUST1473,2024-03-16,Fashion,Leather Wallet,2064.14,1.0,India,Upi,Marketplace,Cancelled,2064.14,2024-03,1,2024
ORD104114,CUST1476,2024-01-05,Toys,RC Car,899.32,1.0,United States,Credit Card,Marketplace,Delivered,899.32,2024-01,1,2024
ORD102238,CUST1493,2024-06-11,Toys,RC Car,1084.27,1.0,United States,Unknown,Marketplace,Returned,1084.27,2024-06,2,2024
ORD103623,CUST428,2024-05-31,Beauty,Makeup Brush Kit,403.49,1.0,India,Credit Card,Mobile App,Delivered,403.49,2024-05,2,2024
ORD101149,CUST10,2024-06-04,Electronics,Phone Case,4792.62,1.0,India,Credit Card,Website,Delivered,4792.62,2024-06,2,2024
ORD105856,CUST258,2024-02-28,Electronics,Smartwatch,2316.05,2.0,United Kingdom,Upi,Website,Delivered,4632.1,2024-02,1,2024
ORD103157,CUST1742,2024-04-01,Fashion,Running Shoes,1019.03,1.0,United Kingdom,Upi,Mobile App,Delivered,1019.03,2024-04,2,2024
ORD102825,UNKNOWN,2024-04-10,Sports,Water Bottle,2367.05,1.0,Germany,Credit Card,Website,Delivered,2367.05,2024-04,2,2024
ORD103782,CUST1257,2024-09-24,Books,Kids Picture Book,481.67,1.0,Uae,Debit Card,Marketplace,Delivered,481.67,2024-09,3,2024
ORD102405,CUST767,2024-09-08,Home & Kitchen,Air Fryer,855.38,1.0,United States,Upi,Mobile App,Delivered,855.38,2024-09,3,2024
ORD102570,CUST695,2024-04-11,Fashion,Leather Wallet,490.91,1.0,France,Credit Card,Mobile App,Delivered,490.91,2024-04,2,2024
ORD101851,CUST1168,2024-09-03,Sports,Cycling Gloves,1864.95,2.0,Germany,Unknown,Mobile App,Delivered,3729.9,2024-09,3,2024
ORD103470,CUST334,2024-06-09,Fashion,Running Shoes,2041.65,5.0,India,Paypal,Mobile App,Cancelled,10208.25,2024-06,2,2024
ORD101736,CUST1351,2024-08-06,Toys,Board Game,1026.67,2.0,United States,Credit Card,Website,Delivered,2053.34,2024-08,3,2024
ORD102775,CUST1622,2024-02-28,Beauty,Face Serum,1379.43,1.0,India,Cod,Website,Delivered,1379.43,2024-02,1,2024
ORD102917,CUST721,2024-02-02,Electronics,Wireless Earbuds,1224.44,1.0,Uae,Paypal,Marketplace,Delivered,1224.44,2024-02,1,2024
ORD105554,CUST25,2024-08-30,Sports,Yoga Mat,2425.52,1.0,,Cod,Website,Cancelled,2425.52,2024-08,3,2024
ORD104863,CUST1541,2024-03-08,Fashion,Running Shoes,615.14,5.0,,Upi,Mobile App,Delivered,3075.7,2024-03,1,2024
ORD104246,CUST984,2024-06-12,Home & Kitchen,Storage Containers,1252.89,1.0,United States,Paypal,Mobile App,Delivered,1252.89,2024-06,2,2024
ORD102970,CUST1724,2024-01-28,Sports,Yoga Mat,2422.96,5.0,India,Cod,Mobile App,Delivered,12114.8,2024-01,1,2024
ORD101950,CUST792,2024-08-18,Home & Kitchen,Non-stick Pan Set,1292.87,1.0,India,Debit Card,Website,Delivered,1292.87,2024-08,3,2024
ORD100875,CUST1683,2024-03-02,Fashion,Sunglasses,2637.49,1.0,India,Debit Card,Mobile App,Delivered,2637.49,2024-03,1,2024
ORD102031,CUST1403,2024-09-04,Home & Kitchen,Air Fryer,3040.35,1.0,India,Upi,Website,Delivered,3040.35,2024-09,3,2024
ORD101702,CUST542,2024-08-09,Fashion,Sunglasses,2554.83,2.0,India,Debit Card,Website,Returned,5109.66,2024-08,3,2024
ORD100027,CUST457,2024-04-05,Fashion,Cotton T-Shirt,2972.41,1.0,India,Paypal,Marketplace,Delivered,2972.41,2024-04,2,2024
ORD102602,CUST1669,2024-01-04,Fashion,Leather Wallet,284.04,1.0,United States,Upi,Website,Delivered,284.04,2024-01,1,2024
ORD100862,CUST1596,2024-01-06,Fashion,Sunglasses,1594.03,2.0,United States,Net Banking,Mobile App,Delivered,3188.06,2024-01,1,2024
ORD103112,CUST924,2024-07-07,Sports,Dumbbell Set,220.97,1.0,Uae,Credit Card,Mobile App,Delivered,220.97,2024-07,3,2024
ORD105952,CUST1026,2024-06-18,Sports,Dumbbell Set,2228.52,1.0,India,Credit Card,Mobile App,Delivered,2228.52,2024-06,2,2024
ORD102337,CUST1796,2024-05-25,Fashion,Leather Wallet,2129.79,2.0,United States,Upi,Marketplace,Delivered,4259.58,2024-05,2,2024
ORD102103,CUST1664,2024-04-25,Fashion,Sunglasses,1907.19,1.0,Uae,Unknown,Website,Returned,1907.19,2024-04,2,2024
ORD100326,CUST1704,2024-07-05,Electronics,Phone Case,3961.49,3.0,France,Credit Card,Website,Delivered,11884.47,2024-07,3,2024
ORD101234,CUST722,2024-04-16,Fashion,Denim Jacket,666.47,1.0,India,Upi,Marketplace,Returned,666.47,2024-04,2,2024
ORD100202,CUST525,2024-03-29,Books,Self-Help Guide,485.89,1.0,India,Debit Card,Website,Returned,485.89,2024-03,1,2024
ORD101310,CUST106,2024-09-19,Books,Self-Help Guide,694.25,1.0,Uae,Credit Card,Mobile App,Delivered,694.25,2024-09,3,2024
ORD101432,CUST955,2024-05-27,Sports,Water Bottle,331.31,1.0,United States,Cod,Mobile App,Delivered,331.31,2024-05,2,2024
ORD104103,CUST1786,2024-05-15,Electronics,USB-C Cable,1381.37,1.0,India,Upi,Website,Delivered,1381.37,2024-05,2,2024
ORD100889,CUST1096,2024-04-16,Beauty,Sunscreen SPF50,504.35,2.0,India,Paypal,Website,Delivered,1008.7,2024-04,2,2024
ORD105997,CUST611,2024-04-24,Fashion,Leather Wallet,1222.39,1.0,India,Credit Card,Website,Delivered,1222.39,2024-04,2,2024
ORD101593,CUST632,2024-07-08,Home & Kitchen,Non-stick Pan Set,2532.02,1.0,Germany,Credit Card,Website,Delivered,2532.02,2024-07,3,2024
ORD100316,CUST415,2024-07-24,Electronics,Phone Case,3763.17,1.0,India,Credit Card,Website,Returned,3763.17,2024-07,3,2024
ORD100883,CUST1057,2024-03-16,Fashion,Cotton T-Shirt,1994.13,2.0,United States,Credit Card,Mobile App,Delivered,3988.26,2024-03,1,2024
ORD100283,CUST1097,2024-05-20,Sports,Resistance Bands,1348.91,1.0,United Kingdom,Net Banking,Website,Delivered,1348.91,2024-05,2,2024
ORD103530,UNKNOWN,2024-02-28,Electronics,Power Bank,4830.7,1.0,India,Credit Card,Website,Returned,4830.7,2024-02,1,2024
ORD103912,CUST806,2024-06-16,Home & Kitchen,Air Fryer,2150.72,3.0,United Kingdom,Credit Card,Mobile App,Delivered,6452.16,2024-06,2,2024
ORD105560,CUST179,2024-01-28,Beauty,Hair Dryer,861.41,1.0,Uae,Credit Card,Mobile App,Delivered,861.41,2024-01,1,2024
ORD103553,CUST1202,2024-06-08,Beauty,Lip Balm Set,722.04,2.0,United States,Debit Card,Website,Delivered,1444.08,2024-06,2,2024
ORD103934,CUST1428,2024-06-07,Home & Kitchen,Air Fryer,438.65,1.0,India,Credit Card,Marketplace,Delivered,438.65,2024-06,2,2024
ORD103159,CUST1619,2024-09-25,Electronics,Power Bank,2349.79,1.0,India,Cod,Website,Delivered,2349.79,2024-09,3,2024
ORD104108,CUST246,2024-02-07,Home & Kitchen,Air Fryer,1500.25,1.0,India,Credit Card,Mobile App,Delivered,1500.25,2024-02,1,2024
ORD105721,CUST1169,2024-05-09,Electronics,Bluetooth Speaker,3905.23,1.0,United States,Upi,Marketplace,Cancelled,3905.23,2024-05,2,2024
ORD101297,CUST1778,2024-02-27,Beauty,Lip Balm Set,846.64,1.0,France,Cod,Mobile App,Delivered,846.64,2024-02,1,2024
ORD100260,CUST903,2024-04-09,Fashion,Cotton T-Shirt,2365.0,2.0,United Kingdom,Paypal,Website,Delivered,4730.0,2024-04,2,2024
ORD103914,CUST1094,2024-01-25,Electronics,USB-C Cable,2988.23,1.0,United Kingdom,Cod,Marketplace,Delivered,2988.23,2024-01,1,2024
ORD101906,CUST1579,2024-05-07,Home & Kitchen,Blender,1506.78,1.0,France,Credit Card,Website,Delivered,1506.78,2024-05,2,2024
ORD103305,CUST131,2024-09-03,Electronics,Phone Case,4802.25,1.0,United States,Upi,Mobile App,Delivered,4802.25,2024-09,3,2024
ORD104949,CUST610,2024-02-05,Electronics,Smartwatch,1363.36,2.0,United States,Cod,Website,Returned,2726.72,2024-02,1,2024
ORD105988,CUST263,2024-08-24,Sports,Water Bottle,1549.43,1.0,India,Unknown,Mobile App,Returned,1549.43,2024-08,3,2024
ORD105506,CUST1004,2024-02-16,Electronics,Bluetooth Speaker,3451.02,1.0,India,Debit Card,Website,Delivered,3451.02,2024-02,1,2024
ORD105102,CUST1732,2024-05-08,Fashion,Cotton T-Shirt,1582.04,2.0,United Kingdom,Credit Card,Website,Delivered,3164.08,2024-05,2,2024
ORD104845,CUST471,2024-06-15,Home & Kitchen,Blender,2765.65,5.0,Uae,Credit Card,Website,Delivered,13828.25,2024-06,2,2024
ORD102828,CUST876,2024-07-04,Books,Kids Picture Book,48204.0,2.0,India,Upi,Mobile App,Delivered,96408.0,2024-07,3,2024
ORD105066,CUST447,2024-08-18,Books,Kids Picture Book,717.36,1.0,France,Debit Card,Mobile App,Delivered,717.36,2024-08,3,2024
ORD104099,CUST315,2024-08-29,Fashion,Sunglasses,1895.22,2.0,United States,Credit Card,Mobile App,Delivered,3790.44,2024-08,3,2024
ORD101706,CUST1780,2024-01-31,Home & Kitchen,Blender,1700.5,1.0,United States,Cod,Website,Delivered,1700.5,2024-01,1,2024
ORD102716,CUST1742,2024-01-25,Home & Kitchen,Storage Containers,1394.35,1.0,United Kingdom,Credit Card,Marketplace,Delivered,1394.35,2024-01,1,2024
ORD102800,CUST58,2024-03-06,Sports,Resistance Bands,2092.59,1.0,Germany,Credit Card,Mobile App,Delivered,2092.59,2024-03,1,2024
ORD104309,CUST609,2024-04-25,Fashion,Running Shoes,467.86,2.0,,Cod,Mobile App,Delivered,935.72,2024-04,2,2024
ORD104180,CUST1734,2024-05-16,Electronics,Phone Case,2480.38,2.0,India,Credit Card,Marketplace,Delivered,4960.76,2024-05,2,2024
ORD101616,CUST1285,2024-03-08,Sports,Resistance Bands,2494.44,1.0,India,Net Banking,Mobile App,Delivered,2494.44,2024-03,1,2024
ORD101948,CUST987,2024-06-17,Books,Self-Help Guide,345.12,2.0,India,Upi,Mobile App,Delivered,690.24,2024-06,2,2024
ORD100635,CUST104,2024-07-28,Toys,Board Game,1111.8,2.0,India,Credit Card,Website,Delivered,2223.6,2024-07,3,2024
ORD102606,CUST1565,2024-08-13,Sports,Resistance Bands,2170.36,1.0,United States,Debit Card,Mobile App,Cancelled,2170.36,2024-08,3,2024
ORD100726,CUST216,2024-03-11,Fashion,Leather Wallet,2246.79,5.0,India,Cod,Marketplace,Delivered,11233.95,2024-03,1,2024
ORD101113,CUST116,2024-09-10,Electronics,Smartwatch,693.49,1.0,India,Cod,Marketplace,Delivered,693.49,2024-09,3,2024
ORD100194,CUST327,2024-08-29,Toys,Building Blocks Set,983.03,1.0,India,Upi,Website,Delivered,983.03,2024-08,3,2024
ORD105159,CUST276,2024-07-05,Electronics,Wireless Earbuds,3855.44,1.0,United Kingdom,Paypal,Marketplace,Delivered,3855.44,2024-07,3,2024
ORD100089,CUST410,2024-01-12,Fashion,Denim Jacket,658.2,2.0,India,Credit Card,Marketplace,Delivered,1316.4,2024-01,1,2024
ORD102600,CUST1218,2024-02-15,Beauty,Hair Dryer,1273.54,1.0,United States,Cod,Website,Delivered,1273.54,2024-02,1,2024
ORD102651,CUST1658,2024-07-11,Fashion,Sunglasses,1643.72,1.0,India,Cod,Mobile App,Delivered,1643.72,2024-07,3,2024
ORD104196,CUST329,2024-03-05,Books,Kids Picture Book,427.25,2.0,United Kingdom,Credit Card,Website,Returned,854.5,2024-03,1,2024
ORD100694,CUST1336,2024-01-16,Toys,RC Car,1777.42,2.0,United States,Paypal,Marketplace,Delivered,3554.84,2024-01,1,2024
ORD103755,CUST149,2024-07-24,Fashion,Cotton T-Shirt,223.76,2.0,Germany,Debit Card,Mobile App,Delivered,447.52,2024-07,3,2024
ORD105847,CUST446,2024-02-25,Beauty,Lip Balm Set,1391.2,1.0,India,Upi,Website,Delivered,1391.2,2024-02,1,2024
ORD100392,CUST1486,2024-03-09,Beauty,Hair Dryer,1385.35,2.0,Uae,Paypal,Website,Delivered,2770.7,2024-03,1,2024
ORD104069,CUST964,2024-06-22,Sports,Yoga Mat,610.91,1.0,Germany,Debit Card,Marketplace,Delivered,610.91,2024-06,2,2024
ORD101661,CUST1428,2024-01-04,Sports,Yoga Mat,1128.47,1.0,United States,Debit Card,Marketplace,Delivered,1128.47,2024-01,1,2024
ORD103172,CUST1542,2024-06-10,Beauty,Sunscreen SPF50,669.71,2.0,United States,Upi,Mobile App,Cancelled,1339.42,2024-06,2,2024
ORD103767,CUST45,2024-05-22,Beauty,Hair Dryer,1405.28,1.0,India,Credit Card,Mobile App,Returned,1405.28,2024-05,2,2024
ORD103004,CUST699,2024-09-17,Electronics,Smartwatch,2281.72,5.0,India,Upi,Mobile App,Returned,11408.599999999999,2024-09,3,2024
ORD100305,CUST834,2024-08-28,Books,Cookbook,500.7,1.0,India,Credit Card,Website,Delivered,500.7,2024-08,3,2024
ORD105564,CUST107,2024-06-17,Fashion,Cotton T-Shirt,1850.13,1.0,India,Credit Card,Marketplace,Delivered,1850.13,2024-06,2,2024
ORD104941,CUST887,2024-04-04,Books,Cookbook,333.86,1.0,India,Upi,Mobile App,Returned,333.86,2024-04,2,2024
ORD100413,UNKNOWN,2024-08-19,Sports,Resistance Bands,2282.6,1.0,India,Credit Card,Website,Delivered,2282.6,2024-08,3,2024
ORD102000,CUST1393,2024-02-22,Electronics,Phone Case,2781.66,1.0,Germany,Upi,Website,Delivered,2781.66,2024-02,1,2024
ORD100401,CUST1599,2024-01-24,Fashion,Leather Wallet,419.15,1.0,India,Net Banking,Mobile App,Delivered,419.15,2024-01,1,2024
ORD100802,CUST530,2024-06-24,Home & Kitchen,Blender,2198.69,2.0,India,Upi,Website,Delivered,4397.38,2024-06,2,2024
ORD101438,UNKNOWN,2024-07-13,Toys,Board Game,792.43,1.0,India,Cod,Marketplace,Delivered,792.43,2024-07,3,2024
ORD101119,CUST1273,2024-03-27,Home & Kitchen,Storage Containers,2383.72,5.0,United States,Credit Card,Website,Delivered,11918.599999999999,2024-03,1,2024
ORD104782,CUST1744,2024-02-04,Electronics,USB-C Cable,2874.07,1.0,India,Upi,Mobile App,Returned,2874.07,2024-02,1,2024
ORD105258,CUST1626,2024-08-31,Toys,RC Car,300.63,1.0,Uae,Debit Card,Mobile App,Cancelled,300.63,2024-08,3,2024
ORD105021,CUST448,2024-07-13,Home & Kitchen,Non-stick Pan Set,566.49,1.0,India,Cod,Mobile App,Delivered,566.49,2024-07,3,2024
ORD105614,CUST1032,2024-01-20,Fashion,Denim Jacket,2841.34,1.0,India,Credit Card,Mobile App,Delivered,2841.34,2024-01,1,2024
ORD104407,CUST271,2024-02-13,Fashion,Sunglasses,2524.91,1.0,India,Paypal,Website,Returned,2524.91,2024-02,1,2024
ORD100313,CUST686,2024-03-15,Beauty,Sunscreen SPF50,477.82,1.0,Germany,Credit Card,Mobile App,Delivered,477.82,2024-03,1,2024
ORD103240,CUST1788,2024-04-08,Home & Kitchen,Storage Containers,1370.85,2.0,,Credit Card,Mobile App,Delivered,2741.7,2024-04,2,2024
ORD101034,CUST98,2024-01-10,Home & Kitchen,Air Fryer,1601.67,1.0,India,Upi,Mobile App,Delivered,1601.67,2024-01,1,2024
ORD101739,CUST601,2024-08-02,Sports,Resistance Bands,2316.16,2.0,India,Debit Card,Mobile App,Delivered,4632.32,2024-08,3,2024
ORD100481,CUST1077,2024-02-27,Books,Cookbook,528.38,1.0,United States,Upi,Mobile App,Delivered,528.38,2024-02,1,2024
ORD103136,CUST1656,2024-06-27,Beauty,Lip Balm Set,1197.87,2.0,United States,Net Banking,Mobile App,Delivered,2395.74,2024-06,2,2024
ORD101066,CUST1587,2024-08-01,Toys,Puzzle 1000pc,436.27,1.0,France,Debit Card,Mobile App,Delivered,436.27,2024-08,3,2024
ORD101779,CUST1533,2024-04-04,Sports,Dumbbell Set,1001.7,1.0,United Kingdom,Cod,Mobile App,Delivered,1001.7,2024-04,2,2024
ORD103625,CUST850,2024-04-29,Fashion,Leather Wallet,225.07,1.0,,Debit Card,Mobile App,Delivered,225.07,2024-04,2,2024
ORD105227,CUST47,2024-08-17,Electronics,Bluetooth Speaker,3955.8,1.0,India,Debit Card,Mobile App,Returned,3955.8,2024-08,3,2024
ORD105469,CUST471,2024-01-11,Fashion,Denim Jacket,1382.42,3.0,India,Upi,Website,Delivered,4147.26,2024-01,1,2024
ORD104741,CUST1019,2024-02-17,Toys,Board Game,1625.87,1.0,United States,Credit Card,Marketplace,Delivered,1625.87,2024-02,1,2024
ORD100255,CUST573,2024-08-24,Sports,Dumbbell Set,1525.77,1.0,United States,Credit Card,Marketplace,Returned,1525.77,2024-08,3,2024
ORD103302,CUST1220,2024-06-08,Beauty,Lip Balm Set,662.75,2.0,Germany,Credit Card,Website,Delivered,1325.5,2024-06,2,2024
ORD101307,CUST518,2024-08-31,Electronics,Wireless Earbuds,3359.43,2.0,Germany,Paypal,Marketplace,Delivered,6718.86,2024-08,3,2024
ORD102576,CUST1496,2024-03-28,Home & Kitchen,Air Fryer,1061.71,3.0,India,Net Banking,Mobile App,Returned,3185.13,2024-03,1,2024
ORD100144,CUST1548,2024-09-25,Sports,Yoga Mat,1159.85,2.0,India,Unknown,Mobile App,Delivered,2319.7,2024-09,3,2024
ORD104511,CUST219,2024-09-05,Electronics,Bluetooth Speaker,4979.65,3.0,United States,Paypal,Mobile App,Delivered,14938.949999999999,2024-09,3,2024
ORD104928,CUST1648,2024-05-06,Home & Kitchen,Storage Containers,2353.08,1.0,United Kingdom,Debit Card,Mobile App,Delivered,2353.08,2024-05,2,2024
ORD104934,CUST197,2024-04-09,Fashion,Cotton T-Shirt,236.61,1.0,India,Cod,Mobile App,Delivered,236.61,2024-04,2,2024
ORD104855,CUST1278,2024-06-26,Electronics,USB-C Cable,1008.7,1.0,United States,Credit Card,Website,Delivered,1008.7,2024-06,2,2024
ORD103879,CUST481,2024-09-25,Fashion,Denim Jacket,2113.53,2.0,United Kingdom,Upi,Marketplace,Delivered,4227.06,2024-09,3,2024
ORD101605,CUST7,2024-03-23,Books,Cookbook,480.38,1.0,Germany,Cod,Website,Delivered,480.38,2024-03,1,2024
ORD104573,CUST699,2024-06-30,Home & Kitchen,Non-stick Pan Set,1116.49,2.0,United Kingdom,Paypal,Website,Delivered,2232.98,2024-06,2,2024
ORD100535,CUST381,2024-02-24,Books,Kids Picture Book,279.39,1.0,United Kingdom,Upi,Website,Delivered,279.39,2024-02,1,2024
ORD105219,CUST1291,2024-06-18,Fashion,Running Shoes,1950.4,1.0,India,Credit Card,Mobile App,Delivered,1950.4,2024-06,2,2024
ORD101019,CUST291,2024-02-24,Beauty,Sunscreen SPF50,750.3,1.0,United States,Upi,Website,Delivered,750.3,2024-02,1,2024
ORD103769,CUST1590,2024-07-26,Home & Kitchen,Air Fryer,3292.26,2.0,Germany,Upi,Website,Delivered,6584.52,2024-07,3,2024
ORD103194,CUST394,2024-01-04,Beauty,Lip Balm Set,683.89,4.0,India,Upi,Website,Returned,2735.56,2024-01,1,2024
ORD104653,CUST990,2024-02-11,Home & Kitchen,LED Desk Lamp,1807.78,1.0,United Kingdom,Credit Card,Marketplace,Cancelled,1807.78,2024-02,1,2024
ORD104265,CUST1628,2024-01-21,Sports,Dumbbell Set,814.03,1.0,United States,Debit Card,Mobile App,Delivered,814.03,2024-01,1,2024
ORD105125,CUST1623,2024-05-27,Beauty,Face Serum,1097.68,2.0,India,Cod,Mobile App,Delivered,2195.36,2024-05,2,2024
ORD101252,CUST281,2024-07-26,Electronics,Wireless Earbuds,2827.59,1.0,United Kingdom,Credit Card,Mobile App,Delivered,2827.59,2024-07,3,2024
ORD100121,CUST759,2024-06-21,Beauty,Lip Balm Set,756.67,3.0,India,Net Banking,Mobile App,Delivered,2270.0099999999998,2024-06,2,2024
ORD105029,CUST213,2024-04-11,Books,Self-Help Guide,169.19,1.0,India,Upi,Website,Returned,169.19,2024-04,2,2024
ORD104566,CUST892,2024-07-25,Sports,Cycling Gloves,1373.83,1.0,Uae,Credit Card,Marketplace,Delivered,1373.83,2024-07,3,2024
ORD105216,CUST678,2024-03-27,Electronics,Smartwatch,2978.82,1.0,India,Credit Card,Website,Delivered,2978.82,2024-03,1,2024
ORD104266,CUST1642,2024-02-15,Fashion,Running Shoes,2652.12,1.0,India,Cod,Website,Delivered,2652.12,2024-02,1,2024
ORD105336,CUST1024,2024-04-08,Electronics,Power Bank,4715.67,2.0,France,Net Banking,Marketplace,Delivered,9431.34,2024-04,2,2024
ORD104433,CUST1403,2024-05-30,Toys,Board Game,1303.38,1.0,Germany,Paypal,Website,Delivered,1303.38,2024-05,2,2024
ORD104077,CUST298,2024-02-10,Electronics,Phone Case,640.02,5.0,India,Credit Card,Mobile App,Delivered,3200.1,2024-02,1,2024
ORD102888,CUST1055,2024-01-20,Fashion,Leather Wallet,774.49,1.0,India,Upi,Mobile App,Delivered,774.49,2024-01,1,2024
ORD103204,CUST1705,2024-05-15,Beauty,Hair Dryer,150.73,1.0,India,Credit Card,Mobile App,Delivered,150.73,2024-05,2,2024
ORD105797,CUST1631,2024-01-25,Electronics,USB-C Cable,2062.59,1.0,India,Debit Card,Mobile App,Delivered,2062.59,2024-01,1,2024
ORD102963,CUST488,2024-09-18,Home & Kitchen,Blender,1863.21,2.0,United States,Debit Card,Mobile App,Delivered,3726.42,2024-09,3,2024
ORD101315,CUST543,2024-02-27,Electronics,Wireless Earbuds,2075.43,2.0,United States,Net Banking,Marketplace,Delivered,4150.86,2024-02,1,2024
ORD105791,CUST639,2024-03-23,Home & Kitchen,Blender,2431.92,1.0,India,Debit Card,Mobile App,Cancelled,2431.92,2024-03,1,2024
ORD103605,CUST34,2024-02-13,Fashion,Denim Jacket,1411.92,1.0,India,Upi,Mobile App,Delivered,1411.92,2024-02,1,2024
ORD104691,CUST941,2024-04-28,Home & Kitchen,Air Fryer,535.72,2.0,India,Net Banking,Marketplace,Delivered,1071.44,2024-04,2,2024
ORD105107,CUST1605,2024-08-09,Electronics,Wireless Earbuds,2135.02,1.0,India,Upi,Website,Delivered,2135.02,2024-08,3,2024
ORD105662,CUST1397,2024-09-05,Fashion,Leather Wallet,2139.27,4.0,India,Upi,Website,Returned,8557.08,2024-09,3,2024
ORD102072,CUST636,2024-06-10,Sports,Cycling Gloves,736.59,2.0,United States,Cod,Website,Delivered,1473.18,2024-06,2,2024
ORD103853,CUST1654,2024-01-23,Electronics,Smartwatch,852.92,2.0,United States,Net Banking,Website,Delivered,1705.84,2024-01,1,2024
ORD104062,CUST601,2024-02-26,Home & Kitchen,LED Desk Lamp,3432.5,4.0,India,Upi,Website,Delivered,13730.0,2024-02,1,2024
ORD102628,CUST996,2024-06-18,Home & Kitchen,Storage Containers,513.5,1.0,India,Upi,Website,Cancelled,513.5,2024-06,2,2024
ORD100301,CUST439,2024-09-09,Home & Kitchen,Storage Containers,2149.75,2.0,India,Paypal,Marketplace,Delivered,4299.5,2024-09,3,2024
ORD101915,CUST1204,2024-02-18,Home & Kitchen,Blender,3156.73,3.0,Germany,Cod,Website,Cancelled,9470.19,2024-02,1,2024
ORD103123,CUST881,2024-07-25,Sports,Cycling Gloves,342.15,1.0,India,Upi,Marketplace,Delivered,342.15,2024-07,3,2024
ORD103423,CUST1663,2024-01-26,Books,Cookbook,732.04,2.0,United Kingdom,Upi,Website,Delivered,1464.08,2024-01,1,2024
ORD105729,CUST1028,2024-07-02,Fashion,Cotton T-Shirt,2294.27,3.0,India,Upi,Website,Delivered,6882.8099999999995,2024-07,3,2024
ORD104777,CUST456,2024-09-07,Beauty,Makeup Brush Kit,1414.08,1.0,India,Credit Card,Marketplace,Delivered,1414.08,2024-09,3,2024
ORD103781,CUST88,2024-04-21,Electronics,Phone Case,1720.72,1.0,India,Debit Card,Mobile App,Delivered,1720.72,2024-04,2,2024
ORD102344,CUST866,2024-09-16,Home & Kitchen,LED Desk Lamp,1797.47,2.0,India,Upi,Marketplace,Cancelled,3594.94,2024-09,3,2024
ORD103092,CUST1070,2024-05-21,Sports,Cycling Gloves,1429.89,1.0,United States,Debit Card,Website,Delivered,1429.89,2024-05,2,2024
ORD103843,CUST161,2024-02-05,Fashion,Sunglasses,1686.86,1.0,,Credit Card,Website,Delivered,1686.86,2024-02,1,2024
ORD103621,CUST826,2024-06-22,Beauty,Hair Dryer,462.06,2.0,India,Net Banking,Mobile App,Delivered,924.12,2024-06,2,2024
ORD105104,CUST1327,2024-01-14,Beauty,Sunscreen SPF50,200.09,1.0,India,Credit Card,Mobile App,Cancelled,200.09,2024-01,1,2024
ORD102214,CUST103,2024-01-27,Electronics,Power Bank,1641.78,1.0,India,Upi,Website,Delivered,1641.78,2024-01,1,2024
ORD104738,CUST793,2024-01-22,Toys,RC Car,600.26,1.0,India,Debit Card,Mobile App,Delivered,600.26,2024-01,1,2024
ORD101022,CUST919,2024-02-01,Beauty,Sunscreen SPF50,689.2,1.0,Uae,Cod,Marketplace,Delivered,689.2,2024-02,1,2024
ORD103085,CUST296,2024-05-30,Electronics,Phone Case,3130.98,2.0,India,Debit Card,Website,Delivered,6261.96,2024-05,2,2024
ORD100509,CUST643,2024-08-13,Home & Kitchen,Blender,1917.59,2.0,United States,Upi,Mobile App,Delivered,3835.18,2024-08,3,2024
ORD102306,CUST1192,2024-06-09,Home & Kitchen,LED Desk Lamp,1947.67,3.0,United Kingdom,Upi,Website,Delivered,5843.01,2024-06,2,2024
ORD103717,CUST781,2024-09-29,Home & Kitchen,Blender,1211.36,2.0,India,Debit Card,Website,Delivered,2422.72,2024-09,3,2024
ORD104481,CUST1660,2024-05-29,Electronics,Bluetooth Speaker,1576.52,1.0,India,Debit Card,Mobile App,Delivered,1576.52,2024-05,2,2024
ORD104572,CUST598,2024-09-28,Toys,Puzzle 1000pc,1261.88,2.0,India,Paypal,Website,Delivered,2523.76,2024-09,3,2024
ORD104680,CUST40,2024-01-23,Beauty,Sunscreen SPF50,1210.61,3.0,United States,Credit Card,Website,Returned,3631.83,2024-01,1,2024
ORD101481,CUST29,2024-09-08,Sports,Cycling Gloves,879.76,1.0,United Kingdom,Credit Card,Website,Delivered,879.76,2024-09,3,2024
ORD102778,CUST987,2024-08-14,Sports,Yoga Mat,2169.0,3.0,India,Paypal,Website,Delivered,6507.0,2024-08,3,2024
ORD100039,CUST249,2024-05-17,Fashion,Leather Wallet,1033.29,2.0,France,Upi,Website,Delivered,2066.58,2024-05,2,2024
ORD105212,CUST1730,2024-06-01,Fashion,Denim Jacket,2797.41,2.0,India,Credit Card,Website,Delivered,5594.82,2024-06,2,2024
ORD102511,CUST1143,2024-06-20,Toys,Building Blocks Set,1263.55,2.0,United Kingdom,Unknown,Website,Delivered,2527.1,2024-06,2,2024
ORD103795,CUST750,2024-03-11,Fashion,Sunglasses,770.85,1.0,United States,Cod,Marketplace,Delivered,770.85,2024-03,1,2024
ORD103669,CUST362,2024-06-06,Electronics,USB-C Cable,2617.88,3.0,India,Credit Card,Website,Delivered,7853.64,2024-06,2,2024
ORD103514,CUST307,2024-09-02,Sports,Resistance Bands,456.88,1.0,United Kingdom,Net Banking,Mobile App,Delivered,456.88,2024-09,3,2024
ORD104600,CUST1158,2024-06-14,Books,Cookbook,104.27,1.0,India,Credit Card,Mobile App,Delivered,104.27,2024-06,2,2024
ORD103375,CUST149,2024-07-30,Sports,Water Bottle,454.96,1.0,India,Paypal,Mobile App,Delivered,454.96,2024-07,3,2024
ORD100530,CUST874,2024-04-30,Fashion,Cotton T-Shirt,2597.84,1.0,India,Debit Card,Website,Returned,2597.84,2024-04,2,2024
ORD102774,CUST1022,2024-02-21,Electronics,Bluetooth Speaker,530.39,1.0,India,Credit Card,Mobile App,Delivered,530.39,2024-02,1,2024
ORD100980,CUST982,2024-07-31,Home & Kitchen,Air Fryer,1077.73,5.0,Germany,Upi,Website,Delivered,5388.65,2024-07,3,2024
ORD101762,CUST587,2024-01-13,Home & Kitchen,Storage Containers,2173.34,2.0,India,Paypal,Website,Delivered,4346.68,2024-01,1,2024
ORD103206,CUST1677,2024-04-16,Sports,Yoga Mat,1724.68,2.0,India,Upi,Marketplace,Delivered,3449.36,2024-04,2,2024
ORD103197,CUST1463,2024-03-22,Electronics,Bluetooth Speaker,3777.55,1.0,United States,Net Banking,Website,Delivered,3777.55,2024-03,1,2024
ORD104336,CUST1013,2024-08-05,Fashion,Running Shoes,571.59,1.0,India,Credit Card,Mobile App,Delivered,571.59,2024-08,3,2024
ORD100734,CUST916,2024-07-07,Electronics,Bluetooth Speaker,3536.71,2.0,India,Upi,Marketplace,Delivered,7073.42,2024-07,3,2024
ORD100372,CUST1571,2024-04-25,Fashion,Sunglasses,1650.18,1.0,United States,Credit Card,Website,Delivered,1650.18,2024-04,2,2024
ORD103299,CUST1340,2024-02-04,Home & Kitchen,LED Desk Lamp,3461.87,1.0,India,Upi,Marketplace,Delivered,3461.87,2024-02,1,2024
ORD101049,CUST1427,2024-01-23,Beauty,Sunscreen SPF50,641.4,1.0,India,Credit Card,Website,Delivered,641.4,2024-01,1,2024
ORD103662,CUST1104,2024-04-19,Books,Fiction Bestseller,552.35,1.0,United Kingdom,Debit Card,Marketplace,Delivered,552.35,2024-04,2,2024
ORD104480,CUST1450,2024-01-31,Home & Kitchen,Blender,977.18,1.0,United States,Credit Card,Website,Returned,977.18,2024-01,1,2024
ORD102991,CUST1679,2024-07-06,Beauty,Face Serum,1126.34,1.0,India,Debit Card,Marketplace,Delivered,1126.34,2024-07,3,2024
ORD104129,CUST1604,2024-02-12,Toys,Building Blocks Set,1817.26,1.0,United States,Net Banking,Mobile App,Delivered,1817.26,2024-02,1,2024
ORD100854,UNKNOWN,2024-02-05,Sports,Dumbbell Set,1498.78,1.0,India,Debit Card,Website,Delivered,1498.78,2024-02,1,2024
ORD102641,CUST1063,2024-06-15,Home & Kitchen,Blender,3221.78,3.0,India,Upi,Marketplace,Delivered,9665.34,2024-06,2,2024
ORD102285,CUST1502,2024-03-25,Sports,Cycling Gloves,1433.03,1.0,France,Debit Card,Website,Delivered,1433.03,2024-03,1,2024
ORD100766,CUST959,2024-07-10,Home & Kitchen,Air Fryer,1947.67,1.0,India,Paypal,Website,Delivered,1947.67,2024-07,3,2024
ORD100754,CUST90,2024-01-30,Beauty,Sunscreen SPF50,812.17,1.0,United Kingdom,Credit Card,Mobile App,Delivered,812.17,2024-01,1,2024
ORD100422,CUST1495,2024-01-09,Toys,Building Blocks Set,626.15,2.0,United Kingdom,Upi,Website,Returned,1252.3,2024-01,1,2024
ORD104568,CUST1356,2024-01-15,Beauty,Hair Dryer,987.66,2.0,India,Debit Card,Mobile App,Cancelled,1975.32,2024-01,1,2024
ORD101202,CUST1596,2024-09-21,Toys,RC Car,976.23,1.0,India,Upi,Website,Delivered,976.23,2024-09,3,2024
ORD100500,CUST979,2024-01-31,Fashion,Running Shoes,2554.75,1.0,India,Paypal,Website,Delivered,2554.75,2024-01,1,2024
ORD103090,CUST641,2024-04-24,Books,Self-Help Guide,441.84,1.0,India,Upi,Website,Delivered,441.84,2024-04,2,2024
ORD102014,CUST1360,2024-08-11,Beauty,Hair Dryer,853.54,2.0,Germany,Upi,Mobile App,Returned,1707.08,2024-08,3,2024
ORD105711,CUST402,2024-03-19,Sports,Cycling Gloves,943.1,2.0,India,Upi,Website,Delivered,1886.2,2024-03,1,2024
ORD104795,CUST620,2024-06-28,Electronics,Smartwatch,2693.31,1.0,United States,Unknown,Marketplace,Cancelled,2693.31,2024-06,2,2024
ORD105623,CUST845,2024-06-06,Home & Kitchen,Air Fryer,3189.8,1.0,India,Upi,Website,Delivered,3189.8,2024-06,2,2024
ORD102468,CUST1063,2024-06-24,Home & Kitchen,Blender,1082.38,3.0,India,Credit Card,Marketplace,Delivered,3247.1400000000003,2024-06,2,2024
ORD102773,CUST157,2024-04-09,Electronics,Wireless Earbuds,4842.86,1.0,Germany,Debit Card,Mobile App,Delivered,4842.86,2024-04,2,2024
ORD103243,CUST82,2024-05-12,Home & Kitchen,Air Fryer,2655.83,2.0,Germany,Debit Card,Website,Delivered,5311.66,2024-05,2,2024
ORD100234,CUST375,2024-06-04,Electronics,Phone Case,2545.93,3.0,India,Debit Card,Website,Delivered,7637.789999999999,2024-06,2,2024
ORD100832,CUST1400,2024-06-15,Fashion,Cotton T-Shirt,803.76,1.0,India,Upi,Marketplace,Delivered,803.76,2024-06,2,2024
ORD104642,CUST5,2024-03-19,Electronics,Phone Case,4356.61,1.0,United States,Credit Card,Website,Delivered,4356.61,2024-03,1,2024
ORD101815,CUST223,2024-02-12,Books,Self-Help Guide,343.37,2.0,United States,Cod,Mobile App,Delivered,686.74,2024-02,1,2024
ORD103730,CUST1600,2024-05-10,Electronics,Power Bank,1025.62,1.0,India,Unknown,Website,Delivered,1025.62,2024-05,2,2024
ORD101499,CUST1493,2024-02-16,Books,Cookbook,651.48,1.0,India,Cod,Marketplace,Returned,651.48,2024-02,1,2024
ORD103049,CUST1140,2024-05-03,Sports,Cycling Gloves,874.29,1.0,France,Cod,Marketplace,Delivered,874.29,2024-05,2,2024
ORD100451,CUST88,2024-09-26,Electronics,Phone Case,3848.99,1.0,France,Credit Card,Marketplace,Delivered,3848.99,2024-09,3,2024
ORD100397,CUST229,2024-06-25,Sports,Dumbbell Set,608.13,1.0,India,Credit Card,Marketplace,Delivered,608.13,2024-06,2,2024
ORD100653,CUST178,2024-07-12,Sports,Yoga Mat,1735.23,1.0,United Kingdom,Cod,Mobile App,Delivered,1735.23,2024-07,3,2024
ORD102882,CUST1744,2024-06-03,Home & Kitchen,Blender,2754.66,2.0,United Kingdom,Debit Card,Mobile App,Delivered,5509.32,2024-06,2,2024
ORD102323,CUST890,2024-01-05,Electronics,Smartwatch,1165.22,1.0,India,Credit Card,Mobile App,Delivered,1165.22,2024-01,1,2024
ORD100315,CUST1322,2024-07-27,Fashion,Running Shoes,1324.02,1.0,India,Cod,Marketplace,Delivered,1324.02,2024-07,3,2024
ORD103882,CUST873,2024-08-20,Electronics,Phone Case,4331.87,2.0,United States,Net Banking,Mobile App,Delivered,8663.74,2024-08,3,2024
ORD103771,CUST698,2024-04-05,Beauty,Face Serum,165.99,1.0,France,Credit Card,Website,Returned,165.99,2024-04,2,2024
ORD100339,CUST1093,2024-09-27,Electronics,Smartwatch,1243.75,1.0,India,Debit Card,Mobile App,Delivered,1243.75,2024-09,3,2024
ORD100777,CUST1741,2024-09-27,Home & Kitchen,LED Desk Lamp,3460.58,1.0,India,Credit Card,Website,Delivered,3460.58,2024-09,3,2024
ORD100769,CUST644,2024-04-26,Sports,Resistance Bands,760.42,1.0,India,Credit Card,Mobile App,Delivered,760.42,2024-04,2,2024
ORD103656,CUST649,2024-07-16,Sports,Yoga Mat,222.08,4.0,France,Net Banking,Website,Delivered,888.32,2024-07,3,2024
ORD101953,CUST1190,2024-04-07,Sports,Cycling Gloves,2133.17,1.0,India,Debit Card,Marketplace,Delivered,2133.17,2024-04,2,2024
ORD105710,CUST1537,2024-05-29,Books,Cookbook,455.85,1.0,India,Unknown,Mobile App,Cancelled,455.85,2024-05,2,2024
ORD105138,CUST589,2024-07-13,Toys,RC Car,1795.46,2.0,United States,Net Banking,Website,Delivered,3590.92,2024-07,3,2024
ORD100538,CUST1304,2024-08-23,Home & Kitchen,Blender,2372.03,1.0,Uae,Unknown,Marketplace,Delivered,2372.03,2024-08,3,2024
ORD102969,CUST810,2024-06-01,Sports,Resistance Bands,1763.14,1.0,United Kingdom,Paypal,Marketplace,Delivered,1763.14,2024-06,2,2024
ORD104982,CUST1745,2024-06-15,Beauty,Face Serum,788.73,1.0,United States,Credit Card,Website,Returned,788.73,2024-06,2,2024
ORD105516,UNKNOWN,2024-07-02,Home & Kitchen,Blender,3291.29,1.0,United States,Cod,Mobile App,Returned,3291.29,2024-07,3,2024
ORD100662,CUST935,2024-04-29,Electronics,Bluetooth Speaker,4200.86,1.0,Germany,Upi,Mobile App,Delivered,4200.86,2024-04,2,2024
ORD102020,CUST106,2024-01-08,Beauty,Makeup Brush Kit,539.1,1.0,France,Credit Card,Mobile App,Cancelled,539.1,2024-01,1,2024
ORD104798,UNKNOWN,2024-09-22,Toys,Puzzle 1000pc,1020.43,1.0,India,Cod,Website,Returned,1020.43,2024-09,3,2024
ORD101816,CUST439,2024-09-03,Electronics,Bluetooth Speaker,2874.07,4.0,India,Upi,Website,Delivered,11496.28,2024-09,3,2024
ORD101924,CUST437,2024-01-09,Home & Kitchen,Storage Containers,1219.19,1.0,Uae,Credit Card,Website,Delivered,1219.19,2024-01,1,2024
ORD105207,CUST575,2024-05-19,Home & Kitchen,Blender,1745.69,1.0,United States,Net Banking,Website,Delivered,1745.69,2024-05,2,2024
ORD101570,CUST1332,2024-08-24,Books,Fiction Bestseller,725.13,1.0,India,Paypal,Mobile App,Delivered,725.13,2024-08,3,2024
ORD105133,CUST1691,2024-09-17,Sports,Resistance Bands,1373.83,1.0,India,Paypal,Marketplace,Delivered,1373.83,2024-09,3,2024
ORD102376,UNKNOWN,2024-06-03,Home & Kitchen,Blender,1827.62,2.0,,Debit Card,Mobile App,Delivered,3655.24,2024-06,2,2024
ORD104593,CUST1304,2024-04-02,Electronics,Phone Case,2111.68,2.0,India,Upi,Website,Delivered,4223.36,2024-04,2,2024
ORD100075,CUST1777,2024-01-03,Electronics,Bluetooth Speaker,2817.62,5.0,Germany,Credit Card,Website,Delivered,14088.099999999999,2024-01,1,2024
ORD103293,CUST361,2024-02-24,Home & Kitchen,Storage Containers,937.97,2.0,United Kingdom,Credit Card,Mobile App,Delivered,1875.94,2024-02,1,2024
ORD102832,CUST774,2024-09-26,Home & Kitchen,LED Desk Lamp,2486.08,2.0,India,Debit Card,Mobile App,Cancelled,4972.16,2024-09,3,2024
ORD102670,CUST248,2024-07-15,Home & Kitchen,LED Desk Lamp,477.79,1.0,United States,Upi,Website,Delivered,477.79,2024-07,3,2024
ORD105860,CUST560,2024-02-20,Electronics,Smartwatch,1573.8,1.0,United Kingdom,Cod,Website,Delivered,1573.8,2024-02,1,2024
ORD105813,CUST733,2024-08-25,Fashion,Cotton T-Shirt,621.29,2.0,India,Cod,Website,Returned,1242.58,2024-08,3,2024
ORD100876,CUST178,2024-08-07,Electronics,Phone Case,3728.75,1.0,United Kingdom,Cod,Mobile App,Delivered,3728.75,2024-08,3,2024
ORD100465,CUST482,2024-06-04,Toys,Building Blocks Set,1086.0,1.0,India,Credit Card,Website,Delivered,1086.0,2024-06,2,2024
ORD101845,CUST771,2024-09-06,Home & Kitchen,Non-stick Pan Set,2259.5,1.0,India,Net Banking,Website,Delivered,2259.5,2024-09,3,2024
ORD100759,CUST663,2024-08-10,Home & Kitchen,Air Fryer,1682.13,1.0,India,Debit Card,Website,Delivered,1682.13,2024-08,3,2024
ORD104937,CUST1520,2024-07-31,Home & Kitchen,LED Desk Lamp,3291.54,2.0,France,Net Banking,Website,Delivered,6583.08,2024-07,3,2024
ORD101173,CUST1138,2024-04-17,Fashion,Leather Wallet,1907.72,3.0,India,Net Banking,Website,Delivered,5723.16,2024-04,2,2024
ORD103027,CUST770,2024-09-07,Sports,Dumbbell Set,598.93,1.0,India,Credit Card,Website,Returned,598.93,2024-09,3,2024
ORD101431,CUST1130,2024-06-05,Sports,Resistance Bands,1588.22,2.0,,Cod,Mobile App,Delivered,3176.44,2024-06,2,2024
ORD105671,CUST727,2024-07-07,Fashion,Sunglasses,2369.01,1.0,Germany,Upi,Marketplace,Delivered,2369.01,2024-07,3,2024
ORD105885,CUST440,2024-05-20,Books,Fiction Bestseller,236.3,1.0,India,Net Banking,Mobile App,Delivered,236.3,2024-05,2,2024
ORD102797,CUST813,2024-02-22,Sports,Cycling Gloves,1298.3,1.0,,Credit Card,Mobile App,Delivered,1298.3,2024-02,1,2024
ORD103451,CUST329,2024-05-29,Home & Kitchen,Non-stick Pan Set,958.71,2.0,,Upi,Mobile App,Delivered,1917.42,2024-05,2,2024
ORD103714,CUST1301,2024-03-29,Fashion,Denim Jacket,2093.43,1.0,Uae,Paypal,Mobile App,Delivered,2093.43,2024-03,1,2024
ORD104322,CUST697,2024-05-05,Home & Kitchen,Air Fryer,3072.69,1.0,United States,Credit Card,Marketplace,Delivered,3072.69,2024-05,2,2024
ORD103010,CUST1612,2024-06-05,Sports,Water Bottle,1580.38,1.0,India,Net Banking,Website,Delivered,1580.38,2024-06,2,2024
ORD105480,CUST1591,2024-01-07,Toys,Building Blocks Set,1452.65,1.0,India,Debit Card,Mobile App,Delivered,1452.65,2024-01,1,2024
ORD103555,CUST1641,2024-02-01,Home & Kitchen,Blender,451.23,1.0,Germany,Debit Card,Mobile App,Delivered,451.23,2024-02,1,2024
ORD100111,CUST149,2024-09-28,Electronics,USB-C Cable,900.06,1.0,United States,Credit Card,Website,Delivered,900.06,2024-09,3,2024
ORD104814,CUST1679,2024-07-03,Fashion,Running Shoes,2144.0,1.0,India,Paypal,Website,Delivered,2144.0,2024-07,3,2024
ORD105489,CUST1477,2024-06-13,Electronics,Smartwatch,4575.95,3.0,India,Debit Card,Mobile App,Cancelled,13727.849999999999,2024-06,2,2024
ORD100403,CUST1219,2024-03-27,Beauty,Face Serum,191.54,1.0,India,Credit Card,Marketplace,Delivered,191.54,2024-03,1,2024
ORD100604,CUST95,2024-08-27,Electronics,Power Bank,4230.32,1.0,Germany,Cod,Mobile App,Delivered,4230.32,2024-08,3,2024
ORD105950,CUST1782,2024-06-04,Electronics,Smartwatch,2245.07,2.0,United States,Credit Card,Website,Delivered,4490.14,2024-06,2,2024
ORD104774,CUST1458,2024-02-04,Fashion,Running Shoes,2025.47,3.0,India,Upi,Marketplace,Delivered,6076.41,2024-02,1,2024
ORD102619,CUST876,2024-04-29,Sports,Dumbbell Set,2316.93,1.0,India,Paypal,Mobile App,Delivered,2316.93,2024-04,2,2024
ORD102129,CUST1357,2024-02-07,Sports,Resistance Bands,878.31,1.0,India,Net Banking,Mobile App,Delivered,878.31,2024-02,1,2024
ORD102872,CUST901,2024-05-23,Electronics,Wireless Earbuds,4708.51,3.0,India,Debit Card,Website,Delivered,14125.53,2024-05,2,2024
ORD105780,UNKNOWN,2024-03-04,Fashion,Denim Jacket,1706.68,1.0,India,Upi,Website,Delivered,1706.68,2024-03,1,2024
ORD105837,CUST501,2024-09-14,Fashion,Sunglasses,1439.46,1.0,United States,Debit Card,Website,Delivered,1439.46,2024-09,3,2024
ORD100643,CUST1391,2024-08-26,Electronics,Phone Case,947.77,1.0,India,Credit Card,Mobile App,Delivered,947.77,2024-08,3,2024
ORD103174,CUST1030,2024-01-12,Fashion,Cotton T-Shirt,1439.57,1.0,India,Cod,Mobile App,Delivered,1439.57,2024-01,1,2024
ORD103025,CUST1066,2024-06-26,Home & Kitchen,LED Desk Lamp,2864.67,2.0,Germany,Unknown,Marketplace,Delivered,5729.34,2024-06,2,2024
ORD101341,CUST1056,2024-01-08,Fashion,Cotton T-Shirt,1746.58,1.0,France,Upi,Website,Delivered,1746.58,2024-01,1,2024
ORD103708,CUST280,2024-05-05,Books,Kids Picture Book,327.81,3.0,France,Upi,Mobile App,Delivered,983.4300000000001,2024-05,2,2024
ORD100588,CUST911,2024-04-10,Fashion,Running Shoes,1594.03,1.0,United States,Upi,Website,Returned,1594.03,2024-04,2,2024
ORD105758,CUST1266,2024-01-16,Fashion,Leather Wallet,969.05,2.0,India,Credit Card,Mobile App,Delivered,1938.1,2024-01,1,2024
ORD105611,CUST1285,2024-02-08,Home & Kitchen,Air Fryer,2276.79,1.0,India,Debit Card,Mobile App,Returned,2276.79,2024-02,1,2024
ORD101374,CUST1665,2024-09-01,Electronics,Phone Case,4520.91,1.0,Germany,Upi,Mobile App,Delivered,4520.91,2024-09,3,2024
ORD103347,CUST338,2024-01-29,Fashion,Running Shoes,2035.24,2.0,Germany,Credit Card,Website,Delivered,4070.48,2024-01,1,2024
ORD102230,CUST1701,2024-03-25,Fashion,Running Shoes,2107.17,4.0,Germany,Net Banking,Mobile App,Delivered,8428.68,2024-03,1,2024
ORD103798,CUST622,2024-03-22,Electronics,Wireless Earbuds,1266.64,1.0,India,Upi,Website,Cancelled,1266.64,2024-03,1,2024
ORD102578,CUST1719,2024-05-11,Sports,Resistance Bands,1748.0,1.0,India,Net Banking,Mobile App,Returned,1748.0,2024-05,2,2024
ORD102392,CUST758,2024-08-29,Sports,Yoga Mat,314.36,2.0,United Kingdom,Debit Card,Mobile App,Delivered,628.72,2024-08,3,2024
ORD101177,CUST480,2024-08-30,Sports,Water Bottle,1932.33,2.0,India,Unknown,Mobile App,Delivered,3864.66,2024-08,3,2024
ORD100478,CUST1410,2024-06-20,Home & Kitchen,Air Fryer,1591.72,1.0,India,Upi,Mobile App,Delivered,1591.72,2024-06,2,2024
ORD104222,CUST145,2024-08-23,Electronics,Wireless Earbuds,2559.15,1.0,United Kingdom,Net Banking,Mobile App,Delivered,2559.15,2024-08,3,2024
ORD103437,CUST901,2024-07-31,Books,Fiction Bestseller,231.95,1.0,United States,Net Banking,Marketplace,Delivered,231.95,2024-07,3,2024
ORD100488,CUST1363,2024-09-17,Home & Kitchen,Blender,3098.96,3.0,India,Debit Card,Mobile App,Returned,9296.880000000001,2024-09,3,2024
ORD105190,CUST526,2024-03-21,Fashion,Denim Jacket,2869.75,4.0,United Kingdom,Paypal,Marketplace,Delivered,11479.0,2024-03,1,2024
ORD100781,CUST736,2024-08-03,Home & Kitchen,Blender,3199.01,1.0,India,Upi,Website,Delivered,3199.01,2024-08,3,2024
ORD101216,CUST1234,2024-04-22,Sports,Yoga Mat,2069.48,1.0,India,Paypal,Website,Delivered,2069.48,2024-04,2,2024
ORD101824,CUST1684,2024-08-25,Toys,RC Car,1183.66,1.0,Uae,Debit Card,Marketplace,Delivered,1183.66,2024-08,3,2024
ORD105261,CUST1019,2024-07-11,Books,Cookbook,176.17,2.0,Germany,Upi,Mobile App,Delivered,352.34,2024-07,3,2024
ORD100997,CUST619,2024-04-21,Electronics,Smartwatch,2896.71,5.0,India,Paypal,Marketplace,Delivered,14483.55,2024-04,2,2024
ORD105733,CUST437,2024-07-06,Electronics,Phone Case,608.73,1.0,France,Cod,Website,Delivered,608.73,2024-07,3,2024
ORD101680,CUST1010,2024-09-12,Electronics,USB-C Cable,2928.64,1.0,India,Credit Card,Website,Delivered,2928.64,2024-09,3,2024
ORD104991,CUST1085,2024-02-16,Sports,Dumbbell Set,416.11,1.0,United Kingdom,Credit Card,Mobile App,Delivered,416.11,2024-02,1,2024
ORD102974,CUST1137,2024-01-01,Toys,Building Blocks Set,1684.96,2.0,Germany,Net Banking,Mobile App,Delivered,3369.92,2024-01,1,2024
ORD105127,CUST1663,2024-05-31,Sports,Resistance Bands,946.59,1.0,Germany,Paypal,Website,Delivered,946.59,2024-05,2,2024
ORD104088,CUST679,2024-06-02,Fashion,Sunglasses,1203.22,1.0,India,Upi,Website,Delivered,1203.22,2024-06,2,2024
ORD100801,CUST183,2024-01-22,Sports,Cycling Gloves,499.44,1.0,India,Upi,Marketplace,Delivered,499.44,2024-01,1,2024
ORD105040,CUST621,2024-01-02,Books,Fiction Bestseller,559.98,2.0,India,Debit Card,Website,Cancelled,1119.96,2024-01,1,2024
ORD102530,CUST1160,2024-04-25,Electronics,USB-C Cable,3869.18,1.0,India,Credit Card,Marketplace,Delivered,3869.18,2024-04,2,2024
ORD104449,CUST166,2024-02-12,Fashion,Denim Jacket,1087.59,1.0,India,Credit Card,Mobile App,Delivered,1087.59,2024-02,1,2024
ORD100939,CUST86,2024-02-21,Fashion,Sunglasses,1999.9,1.0,United States,Debit Card,Mobile App,Cancelled,1999.9,2024-02,1,2024
ORD100349,CUST366,2024-09-11,Home & Kitchen,Blender,1823.23,1.0,United States,Credit Card,Mobile App,Delivered,1823.23,2024-09,3,2024
ORD102858,CUST952,2024-03-26,Electronics,USB-C Cable,3969.19,1.0,United States,Debit Card,Mobile App,Delivered,3969.19,2024-03,1,2024
ORD102313,CUST1120,2024-07-30,Electronics,USB-C Cable,3647.26,1.0,India,Credit Card,Mobile App,Delivered,3647.26,2024-07,3,2024
ORD104071,CUST1108,2024-02-02,Toys,RC Car,1710.09,1.0,Germany,Cod,Website,Delivered,1710.09,2024-02,1,2024
ORD103661,CUST882,2024-04-12,Fashion,Cotton T-Shirt,2985.6,1.0,France,Paypal,Marketplace,Returned,2985.6,2024-04,2,2024
ORD105315,CUST596,2024-07-12,Home & Kitchen,Storage Containers,897.66,1.0,India,Net Banking,Website,Delivered,897.66,2024-07,3,2024
ORD105028,CUST1295,2024-05-10,Toys,Building Blocks Set,813.47,1.0,Uae,Credit Card,Website,Delivered,813.47,2024-05,2,2024
ORD100510,CUST416,2024-01-09,Fashion,Sunglasses,2408.31,1.0,India,Cod,Marketplace,Delivered,2408.31,2024-01,1,2024
ORD101387,CUST1174,2024-05-18,Electronics,Phone Case,1569.71,2.0,United States,Credit Card,Website,Returned,3139.42,2024-05,2,2024
ORD103518,CUST77,2024-01-01,Books,Kids Picture Book,355.05,1.0,India,Credit Card,Website,Delivered,355.05,2024-01,1,2024
ORD105958,UNKNOWN,2024-06-10,Fashion,Cotton T-Shirt,458.49,1.0,Germany,Credit Card,Marketplace,Delivered,458.49,2024-06,2,2024
ORD104462,CUST1503,2024-03-15,Fashion,Running Shoes,232.15,1.0,Uae,Debit Card,Marketplace,Delivered,232.15,2024-03,1,2024
ORD101476,CUST1777,2024-01-01,Electronics,USB-C Cable,3092.54,1.0,India,Paypal,Website,Delivered,3092.54,2024-01,1,2024
ORD104339,CUST622,2024-07-11,Books,Fiction Bestseller,325.63,4.0,Germany,Paypal,Mobile App,Delivered,1302.52,2024-07,3,2024
ORD101187,CUST955,2024-01-15,Home & Kitchen,Air Fryer,3199.05,3.0,India,Upi,Marketplace,Delivered,9597.150000000001,2024-01,1,2024
ORD105499,CUST1595,2024-04-19,Books,Cookbook,267.95,1.0,United States,Credit Card,Mobile App,Delivered,267.95,2024-04,2,2024
ORD101300,CUST1676,2024-09-10,Sports,Resistance Bands,1052.84,1.0,United States,Cod,Website,Cancelled,1052.84,2024-09,3,2024
ORD101003,CUST1670,2024-09-19,Beauty,Lip Balm Set,338.82,1.0,United Kingdom,Paypal,Website,Delivered,338.82,2024-09,3,2024
ORD103149,CUST90,2024-02-22,Beauty,Makeup Brush Kit,438.25,1.0,India,Credit Card,Website,Delivered,438.25,2024-02,1,2024
ORD104429,CUST911,2024-04-24,Fashion,Running Shoes,696.5,1.0,India,Debit Card,Marketplace,Delivered,696.5,2024-04,2,2024
ORD102494,CUST855,2024-01-05,Electronics,USB-C Cable,3737.47,1.0,India,Cod,Website,Delivered,3737.47,2024-01,1,2024
ORD102504,CUST1505,2024-01-17,Sports,Resistance Bands,2036.35,1.0,India,Upi,Marketplace,Delivered,2036.35,2024-01,1,2024
ORD105912,CUST746,2024-02-26,Fashion,Running Shoes,2473.81,1.0,India,Credit Card,Website,Delivered,2473.81,2024-02,1,2024
ORD100429,CUST1501,2024-01-07,Books,Fiction Bestseller,286.78,1.0,India,Upi,Website,Delivered,286.78,2024-01,1,2024
ORD102671,CUST988,2024-07-13,Sports,Resistance Bands,958.34,1.0,United States,Upi,Mobile App,Returned,958.34,2024-07,3,2024
ORD101264,CUST420,2024-04-04,Fashion,Sunglasses,1229.48,2.0,India,Credit Card,Mobile App,Delivered,2458.96,2024-04,2,2024
ORD102065,CUST227,2024-07-16,Electronics,Phone Case,2582.5,2.0,,Paypal,Website,Delivered,5165.0,2024-07,3,2024
ORD103091,CUST304,2024-03-12,Beauty,Sunscreen SPF50,249.35,1.0,United States,Debit Card,Website,Delivered,249.35,2024-03,1,2024
ORD104276,CUST964,2024-01-22,Toys,Building Blocks Set,1793.99,1.0,India,Credit Card,Marketplace,Delivered,1793.99,2024-01,1,2024
ORD104402,CUST1513,2024-09-02,Fashion,Sunglasses,587.46,4.0,United Kingdom,Paypal,Mobile App,Delivered,2349.84,2024-09,3,2024
ORD105386,CUST89,2024-02-09,Home & Kitchen,Air Fryer,2549.07,2.0,India,Upi,Mobile App,Delivered,5098.14,2024-02,1,2024
ORD101115,CUST1211,2024-04-04,Books,Cookbook,151.24,4.0,United States,Paypal,Mobile App,Delivered,604.96,2024-04,2,2024
ORD105717,CUST1229,2024-03-17,Electronics,Phone Case,2708.3,1.0,India,Net Banking,Mobile App,Delivered,2708.3,2024-03,1,2024
ORD100179,CUST1479,2024-05-16,Sports,Dumbbell Set,1468.76,2.0,United States,Upi,Marketplace,Delivered,2937.52,2024-05,2,2024
ORD103522,CUST555,2024-03-11,Home & Kitchen,Blender,1744.28,2.0,United States,Credit Card,Mobile App,Delivered,3488.56,2024-03,1,2024
ORD101971,CUST1707,2024-05-11,Fashion,Denim Jacket,2653.88,1.0,India,Upi,Marketplace,Returned,2653.88,2024-05,2,2024
ORD100191,CUST1591,2024-05-20,Sports,Resistance Bands,782.79,1.0,India,Paypal,Website,Delivered,782.79,2024-05,2,2024
ORD101597,CUST1448,2024-04-16,Electronics,Power Bank,2302.61,4.0,France,Upi,Marketplace,Cancelled,9210.44,2024-04,2,2024
ORD100420,CUST379,2024-04-09,Home & Kitchen,Blender,2823.62,3.0,United Kingdom,Cod,Website,Delivered,8470.86,2024-04,2,2024
ORD101573,CUST877,2024-04-01,Home & Kitchen,Non-stick Pan Set,2293.79,1.0,India,Credit Card,Mobile App,Delivered,2293.79,2024-04,2,2024
ORD103459,CUST1372,2024-08-08,Fashion,Sunglasses,914.33,1.0,United States,Debit Card,Mobile App,Delivered,914.33,2024-08,3,2024
ORD100768,CUST1054,2024-07-10,Toys,Building Blocks Set,1758.68,1.0,India,Upi,Website,Delivered,1758.68,2024-07,3,2024
ORD103164,CUST733,2024-03-08,Sports,Dumbbell Set,436.43,2.0,India,Cod,Website,Returned,872.86,2024-03,1,2024
ORD103792,CUST1095,2024-04-24,Beauty,Lip Balm Set,1045.6,2.0,Germany,Paypal,Website,Delivered,2091.2,2024-04,2,2024
ORD102384,CUST576,2024-08-13,Books,Fiction Bestseller,443.155,2.0,United Kingdom,Upi,Marketplace,Delivered,886.31,2024-08,3,2024
ORD102973,CUST744,2024-01-12,Fashion,Cotton T-Shirt,1649.4,1.0,India,Credit Card,Mobile App,Delivered,1649.4,2024-01,1,2024
ORD101852,CUST1276,2024-09-28,Toys,Building Blocks Set,1054.32,2.0,United States,Debit Card,Mobile App,Delivered,2108.64,2024-09,3,2024
ORD103196,CUST1164,2024-02-25,Home & Kitchen,Blender,1916.9,1.0,United Kingdom,Upi,Mobile App,Delivered,1916.9,2024-02,1,2024
ORD102198,CUST308,2024-07-18,Toys,Puzzle 1000pc,814.14,2.0,India,Net Banking,Website,Delivered,1628.28,2024-07,3,2024
ORD102756,CUST275,2024-06-21,Books,Fiction Bestseller,566.51,1.0,United States,Debit Card,Website,Delivered,566.51,2024-06,2,2024
ORD102210,CUST1196,2024-06-10,Books,Cookbook,517.91,5.0,India,Credit Card,Website,Delivered,2589.5499999999997,2024-06,2,2024
ORD101700,CUST1738,2024-04-16,Fashion,Cotton T-Shirt,2395.49,1.0,United States,Credit Card,Mobile App,Delivered,2395.49,2024-04,2,2024
ORD104208,CUST1039,2024-05-28,Electronics,Bluetooth Speaker,3246.46,1.0,India,Cod,Mobile App,Delivered,3246.46,2024-05,2,2024
ORD103348,CUST1337,2024-09-07,Home & Kitchen,Air Fryer,2707.59,2.0,Uae,Cod,Website,Delivered,5415.18,2024-09,3,2024
ORD100729,CUST1785,2024-09-18,Fashion,Sunglasses,1413.35,1.0,Germany,Credit Card,Mobile App,Delivered,1413.35,2024-09,3,2024
ORD105332,CUST1413,2024-01-18,Sports,Cycling Gloves,1078.85,1.0,India,Credit Card,Website,Delivered,1078.85,2024-01,1,2024
ORD100968,CUST167,2024-03-09,Home & Kitchen,Air Fryer,2795.73,2.0,United Kingdom,Net Banking,Website,Delivered,5591.46,2024-03,1,2024
ORD105153,CUST229,2024-08-14,Home & Kitchen,LED Desk Lamp,538.29,1.0,Germany,Net Banking,Website,Delivered,538.29,2024-08,3,2024
ORD105698,CUST1782,2024-02-26,Sports,Dumbbell Set,2417.09,1.0,France,Net Banking,Website,Delivered,2417.09,2024-02,1,2024
ORD102607,CUST160,2024-03-18,Beauty,Makeup Brush Kit,390.05,2.0,United Kingdom,Credit Card,Website,Returned,780.1,2024-03,1,2024
ORD100627,CUST542,2024-08-02,Home & Kitchen,Storage Containers,1441.2,1.0,United Kingdom,Debit Card,Website,Delivered,1441.2,2024-08,3,2024
ORD103289,CUST185,2024-02-28,Toys,Board Game,1843.63,2.0,France,Credit Card,Website,Delivered,3687.26,2024-02,1,2024
ORD101357,CUST81,2024-06-17,Beauty,Lip Balm Set,301.12,1.0,India,Upi,Mobile App,Delivered,301.12,2024-06,2,2024
ORD103687,CUST988,2024-02-28,Fashion,Running Shoes,2100.21,1.0,United States,Upi,Marketplace,Delivered,2100.21,2024-02,1,2024
ORD102241,CUST118,2024-02-05,Toys,Building Blocks Set,782.89,1.0,India,Credit Card,Mobile App,Delivered,782.89,2024-02,1,2024
ORD103698,CUST521,2024-05-11,Beauty,Makeup Brush Kit,711.71,2.0,India,Cod,Website,Delivered,1423.42,2024-05,2,2024
ORD101535,CUST708,2024-07-09,Home & Kitchen,LED Desk Lamp,389.06,2.0,United States,Upi,Website,Delivered,778.12,2024-07,3,2024
ORD104766,CUST1542,2024-02-18,Books,Self-Help Guide,211.15,1.0,United Kingdom,Cod,Mobile App,Delivered,211.15,2024-02,1,2024
ORD100838,CUST1243,2024-07-08,Electronics,Power Bank,4780.59,1.0,Germany,Upi,Mobile App,Delivered,4780.59,2024-07,3,2024
ORD102538,CUST1381,2024-02-06,Fashion,Sunglasses,1537.49,1.0,India,Debit Card,Website,Delivered,1537.49,2024-02,1,2024
ORD104718,CUST893,2024-08-01,Fashion,Cotton T-Shirt,2151.08,2.0,Uae,Credit Card,Website,Delivered,4302.16,2024-08,3,2024
ORD105318,CUST1765,2024-02-05,Beauty,Makeup Brush Kit,906.53,1.0,India,Debit Card,Website,Delivered,906.53,2024-02,1,2024
ORD100219,CUST137,2024-05-20,Fashion,Denim Jacket,1713.53,2.0,France,Upi,Mobile App,Delivered,3427.06,2024-05,2,2024
ORD103231,CUST1138,2024-03-16,Electronics,USB-C Cable,3010.16,1.0,India,Credit Card,Marketplace,Delivered,3010.16,2024-03,1,2024
ORD101094,CUST751,2024-06-28,Fashion,Leather Wallet,2962.21,1.0,India,Cod,Marketplace,Delivered,2962.21,2024-06,2,2024
ORD104879,CUST301,2024-04-29,Books,Fiction Bestseller,341.42,1.0,India,Credit Card,Mobile App,Delivered,341.42,2024-04,2,2024
ORD103449,CUST666,2024-04-20,Home & Kitchen,Blender,3179.87,2.0,India,Upi,Mobile App,Delivered,6359.74,2024-04,2,2024
ORD105929,CUST1789,2024-08-28,Toys,Board Game,132010.0,2.0,India,Credit Card,Website,Delivered,264020.0,2024-08,3,2024
ORD103682,CUST559,2024-08-03,Home & Kitchen,Blender,905.95,1.0,India,Cod,Mobile App,Returned,905.95,2024-08,3,2024
ORD105055,CUST1174,2024-04-14,Home & Kitchen,Storage Containers,2763.58,1.0,Germany,Debit Card,Website,Delivered,2763.58,2024-04,2,2024
ORD103024,CUST1348,2024-07-07,Fashion,Leather Wallet,810.88,1.0,India,Credit Card,Mobile App,Delivered,810.88,2024-07,3,2024
ORD105922,CUST960,2024-05-23,Toys,RC Car,321.74,1.0,Germany,Credit Card,Website,Delivered,321.74,2024-05,2,2024
ORD104885,CUST1147,2024-05-02,Fashion,Leather Wallet,1562.52,1.0,United States,Net Banking,Marketplace,Delivered,1562.52,2024-05,2,2024
ORD100044,CUST25,2024-02-03,Beauty,Lip Balm Set,1024.91,1.0,United States,Upi,Mobile App,Delivered,1024.91,2024-02,1,2024
ORD101114,CUST1106,2024-07-05,Home & Kitchen,Blender,351.41,1.0,India,Paypal,Mobile App,Delivered,351.41,2024-07,3,2024
ORD102581,CUST1497,2024-04-25,Electronics,USB-C Cable,3200.13,1.0,India,Credit Card,Mobile App,Returned,3200.13,2024-04,2,2024
ORD100170,CUST720,2024-05-05,Sports,Cycling Gloves,269.26,1.0,United States,Cod,Website,Delivered,269.26,2024-05,2,2024
ORD101684,CUST6,2024-04-20,Toys,RC Car,416.04,2.0,United States,Net Banking,Mobile App,Delivered,832.08,2024-04,2,2024
ORD103247,CUST710,2024-01-10,Sports,Cycling Gloves,1744.1,1.0,India,Debit Card,Website,Delivered,1744.1,2024-01,1,2024
ORD103409,CUST469,2024-05-29,Home & Kitchen,LED Desk Lamp,2211.19,1.0,United Kingdom,Credit Card,Marketplace,Returned,2211.19,2024-05,2,2024
ORD101116,CUST1653,2024-06-15,Fashion,Sunglasses,2734.52,3.0,United States,Upi,Website,Delivered,8203.56,2024-06,2,2024
ORD100116,CUST1487,2024-09-19,Books,Cookbook,218.47,2.0,United Kingdom,Credit Card,Mobile App,Delivered,436.94,2024-09,3,2024
ORD101918,CUST113,2024-04-06,Books,Self-Help Guide,413.7,2.0,United States,Debit Card,Marketplace,Delivered,827.4,2024-04,2,2024
ORD103165,CUST601,2024-04-03,Sports,Yoga Mat,2044.21,1.0,India,Debit Card,Marketplace,Returned,2044.21,2024-04,2,2024
ORD102700,CUST256,2024-09-21,Electronics,Smartwatch,3993.86,2.0,India,Credit Card,Website,Delivered,7987.72,2024-09,3,2024
ORD103585,CUST742,2024-05-13,Home & Kitchen,Non-stick Pan Set,1947.67,1.0,,Credit Card,Website,Delivered,1947.67,2024-05,2,2024
ORD101208,CUST1490,2024-01-11,Fashion,Running Shoes,2990.11,1.0,India,Debit Card,Mobile App,Returned,2990.11,2024-01,1,2024
ORD104540,CUST1190,2024-06-03,Fashion,Running Shoes,1424.33,1.0,India,Credit Card,Marketplace,Delivered,1424.33,2024-06,2,2024
ORD100505,CUST451,2024-05-21,Fashion,Sunglasses,1096.36,2.0,France,Upi,Marketplace,Returned,2192.72,2024-05,2,2024
ORD101287,CUST699,2024-01-13,Home & Kitchen,Storage Containers,2385.75,1.0,India,Upi,Website,Delivered,2385.75,2024-01,1,2024
ORD100913,CUST518,2024-03-18,Electronics,USB-C Cable,2874.07,1.0,United States,Credit Card,Website,Delivered,2874.07,2024-03,1,2024
ORD105841,CUST1055,2024-04-09,Electronics,Wireless Earbuds,2181.06,1.0,India,Debit Card,Marketplace,Delivered,2181.06,2024-04,2,2024
ORD105631,CUST302,2024-09-07,Books,Fiction Bestseller,161.46,2.0,United Kingdom,Paypal,Website,Cancelled,322.92,2024-09,3,2024
ORD100840,CUST317,2024-08-30,Fashion,Denim Jacket,1049.79,1.0,United Kingdom,Credit Card,Website,Delivered,1049.79,2024-08,3,2024
ORD101388,CUST1660,2024-03-20,Electronics,Phone Case,3881.22,1.0,Germany,Cod,Website,Returned,3881.22,2024-03,1,2024
ORD104714,CUST880,2024-07-08,Books,Self-Help Guide,12012.0,3.0,India,Credit Card,Website,Cancelled,36036.0,2024-07,3,2024
ORD102066,CUST1165,2024-08-14,Books,Fiction Bestseller,282.24,1.0,India,Credit Card,Website,Delivered,282.24,2024-08,3,2024
ORD101055,CUST1517,2024-01-27,Beauty,Lip Balm Set,541.96,2.0,India,Debit Card,Mobile App,Delivered,1083.92,2024-01,1,2024
ORD105737,CUST1354,2024-04-02,Home & Kitchen,Blender,1947.67,1.0,India,Credit Card,Marketplace,Delivered,1947.67,2024-04,2,2024
ORD104379,CUST555,2024-01-19,Electronics,Bluetooth Speaker,3601.13,1.0,India,Paypal,Website,Delivered,3601.13,2024-01,1,2024
ORD102119,CUST1387,2024-03-16,Toys,RC Car,1326.0,1.0,India,Credit Card,Marketplace,Delivered,1326.0,2024-03,1,2024
ORD100707,CUST1656,2024-04-18,Books,Cookbook,794.64,4.0,France,Debit Card,Website,Delivered,3178.56,2024-04,2,2024
ORD103426,UNKNOWN,2024-01-06,Electronics,Wireless Earbuds,2454.53,2.0,Germany,Unknown,Website,Delivered,4909.06,2024-01,1,2024
ORD101269,CUST693,2024-05-09,Books,Cookbook,409.8,2.0,India,Credit Card,Website,Delivered,819.6,2024-05,2,2024
ORD101206,CUST1086,2024-02-29,Sports,Yoga Mat,347.1,1.0,United States,Cod,Website,Delivered,347.1,2024-02,1,2024
ORD102061,CUST1521,2024-02-10,Electronics,Smartwatch,4771.52,2.0,United Kingdom,Credit Card,Website,Returned,9543.04,2024-02,1,2024
ORD103443,CUST1621,2024-06-07,Sports,Yoga Mat,2082.13,1.0,United States,Upi,Website,Delivered,2082.13,2024-06,2,2024
ORD103198,CUST1066,2024-09-10,Home & Kitchen,Storage Containers,2444.83,4.0,France,Credit Card,Marketplace,Delivered,9779.32,2024-09,3,2024
ORD103002,CUST901,2024-05-01,Toys,Puzzle 1000pc,1978.38,1.0,United States,Debit Card,Website,Delivered,1978.38,2024-05,2,2024
ORD102945,CUST1786,2024-06-02,Home & Kitchen,Non-stick Pan Set,1596.34,1.0,United States,Paypal,Website,Returned,1596.34,2024-06,2,2024
ORD105637,CUST1365,2024-06-30,Home & Kitchen,Non-stick Pan Set,2774.48,2.0,India,Cod,Website,Delivered,5548.96,2024-06,2,2024
ORD102583,CUST1331,2024-08-31,Beauty,Hair Dryer,1133.66,1.0,India,Paypal,Website,Delivered,1133.66,2024-08,3,2024
ORD105005,CUST688,2024-09-07,Electronics,USB-C Cable,2722.25,5.0,United Kingdom,Upi,Website,Delivered,13611.25,2024-09,3,2024
ORD103110,CUST614,2024-03-27,Electronics,Wireless Earbuds,2971.24,2.0,United Kingdom,Credit Card,Mobile App,Delivered,5942.48,2024-03,1,2024
ORD100529,CUST155,2024-08-04,Electronics,Wireless Earbuds,2367.46,1.0,India,Upi,Website,Cancelled,2367.46,2024-08,3,2024
ORD103598,CUST763,2024-06-18,Beauty,Face Serum,459.28,1.0,India,Debit Card,Website,Returned,459.28,2024-06,2,2024
ORD103517,UNKNOWN,2024-05-05,Sports,Water Bottle,1900.59,1.0,United States,Cod,Website,Delivered,1900.59,2024-05,2,2024
ORD105596,CUST1381,2024-04-06,Sports,Cycling Gloves,525.26,2.0,France,Paypal,Mobile App,Delivered,1050.52,2024-04,2,2024
ORD102920,CUST394,2024-09-29,Home & Kitchen,Non-stick Pan Set,1186.22,1.0,India,Unknown,Marketplace,Returned,1186.22,2024-09,3,2024
ORD102738,CUST1663,2024-05-13,Fashion,Leather Wallet,680.99,3.0,India,Credit Card,Mobile App,Delivered,2042.97,2024-05,2,2024
ORD102953,CUST122,2024-06-24,Books,Fiction Bestseller,706.82,1.0,India,Credit Card,Website,Delivered,706.82,2024-06,2,2024
ORD101424,CUST110,2024-09-17,Fashion,Leather Wallet,2224.05,2.0,Germany,Credit Card,Marketplace,Cancelled,4448.1,2024-09,3,2024
ORD101761,CUST976,2024-02-16,Sports,Resistance Bands,2243.19,3.0,India,Net Banking,Mobile App,Delivered,6729.57,2024-02,1,2024
ORD101052,CUST1474,2024-07-20,Home & Kitchen,Blender,1870.64,1.0,India,Cod,Website,Cancelled,1870.64,2024-07,3,2024
ORD100404,CUST506,2024-08-02,Books,Kids Picture Book,668.6,1.0,Germany,Debit Card,Mobile App,Delivered,668.6,2024-08,3,2024
ORD105434,CUST12,2024-02-07,Fashion,Running Shoes,2966.99,1.0,India,Credit Card,Mobile App,Delivered,2966.99,2024-02,1,2024
ORD103742,CUST716,2024-01-12,Electronics,Power Bank,2051.83,1.0,India,Cod,Mobile App,Cancelled,2051.83,2024-01,1,2024
ORD101016,CUST1005,2024-03-07,Electronics,Phone Case,873.86,1.0,India,Upi,Mobile App,Delivered,873.86,2024-03,1,2024
ORD100342,CUST1032,2024-05-28,Sports,Dumbbell Set,1202.37,1.0,India,Credit Card,Marketplace,Delivered,1202.37,2024-05,2,2024
ORD100166,CUST1304,2024-09-29,Books,Fiction Bestseller,537.36,1.0,United Kingdom,Debit Card,Website,Returned,537.36,2024-09,3,2024
ORD101581,CUST964,2024-09-29,Electronics,Wireless Earbuds,1133.47,1.0,Uae,Paypal,Website,Delivered,1133.47,2024-09,3,2024
ORD101025,CUST111,2024-08-26,Home & Kitchen,Blender,3286.98,1.0,United Kingdom,Debit Card,Mobile App,Delivered,3286.98,2024-08,3,2024
ORD105361,CUST1112,2024-08-20,Books,Cookbook,150.27,2.0,United Kingdom,Cod,Mobile App,Delivered,300.54,2024-08,3,2024
ORD100437,CUST1142,2024-05-07,Beauty,Lip Balm Set,460.03,5.0,United Kingdom,Paypal,Website,Returned,2300.1499999999996,2024-05,2,2024
ORD104301,CUST1074,2024-07-11,Sports,Resistance Bands,1914.63,1.0,Germany,Credit Card,Website,Cancelled,1914.63,2024-07,3,2024
ORD105897,CUST1384,2024-04-16,Sports,Cycling Gloves,1086.67,1.0,Germany,Debit Card,Website,Delivered,1086.67,2024-04,2,2024
ORD100843,CUST367,2024-04-17,Books,Cookbook,392.82,2.0,Germany,Debit Card,Website,Delivered,785.64,2024-04,2,2024
ORD105840,UNKNOWN,2024-09-09,Electronics,Phone Case,3076.1,1.0,United Kingdom,Cod,Website,Delivered,3076.1,2024-09,3,2024
ORD100979,CUST869,2024-02-01,Books,Self-Help Guide,446.64,4.0,United States,Upi,Website,Returned,1786.56,2024-02,1,2024
ORD104119,CUST1167,2024-09-02,Electronics,Phone Case,504.96,1.0,India,Unknown,Website,Delivered,504.96,2024-09,3,2024
ORD105679,UNKNOWN,2024-04-26,Books,Cookbook,601.1,1.0,United Kingdom,Debit Card,Marketplace,Delivered,601.1,2024-04,2,2024
ORD102539,CUST309,2024-06-04,Books,Fiction Bestseller,524.93,1.0,United States,Debit Card,Website,Delivered,524.93,2024-06,2,2024
ORD102646,CUST615,2024-06-26,Beauty,Makeup Brush Kit,772.91,1.0,United Kingdom,Upi,Marketplace,Delivered,772.91,2024-06,2,2024
ORD100337,CUST996,2024-09-10,Electronics,Bluetooth Speaker,4896.78,2.0,India,Net Banking,Marketplace,Cancelled,9793.56,2024-09,3,2024
ORD102993,CUST1680,2024-05-13,Electronics,Bluetooth Speaker,712.8,1.0,India,Net Banking,Website,Delivered,712.8,2024-05,2,2024
ORD105353,CUST1656,2024-04-17,Home & Kitchen,Blender,698.52,1.0,India,Cod,Mobile App,Delivered,698.52,2024-04,2,2024
ORD105583,CUST281,2024-01-05,Beauty,Makeup Brush Kit,210.59,3.0,United Kingdom,Paypal,Website,Delivered,631.77,2024-01,1,2024
ORD104520,CUST329,2024-07-16,Home & Kitchen,Air Fryer,1256.91,1.0,India,Paypal,Marketplace,Delivered,1256.91,2024-07,3,2024
ORD101227,CUST463,2024-03-27,Toys,RC Car,1338.83,1.0,India,Upi,Website,Delivered,1338.83,2024-03,1,2024
ORD100827,CUST954,2024-05-01,Books,Cookbook,702.36,1.0,United Kingdom,Credit Card,Website,Delivered,702.36,2024-05,2,2024
ORD105012,CUST240,2024-07-04,Books,Fiction Bestseller,459.94,1.0,India,Net Banking,Website,Delivered,459.94,2024-07,3,2024
ORD102472,CUST1173,2024-03-23,Beauty,Makeup Brush Kit,1167.05,1.0,India,Upi,Mobile App,Delivered,1167.05,2024-03,1,2024
ORD104926,CUST749,2024-08-17,Fashion,Leather Wallet,1212.72,2.0,United States,Credit Card,Marketplace,Returned,2425.44,2024-08,3,2024
ORD103239,CUST471,2024-01-24,Electronics,Power Bank,2874.07,1.0,United States,Debit Card,Website,Delivered,2874.07,2024-01,1,2024
ORD102176,CUST209,2024-08-28,Toys,RC Car,1735.52,1.0,United Kingdom,Credit Card,Mobile App,Returned,1735.52,2024-08,3,2024
ORD104220,CUST1214,2024-06-07,Beauty,Face Serum,459.64,2.0,France,Cod,Website,Delivered,919.28,2024-06,2,2024
ORD100264,CUST1675,2024-08-01,Sports,Water Bottle,945.0,1.0,Germany,Debit Card,Website,Delivered,945.0,2024-08,3,2024
ORD103808,CUST146,2024-07-03,Fashion,Sunglasses,2323.05,1.0,India,Upi,Mobile App,Returned,2323.05,2024-07,3,2024
ORD104098,CUST1263,2024-01-25,Fashion,Sunglasses,1204.81,2.0,France,Credit Card,Website,Delivered,2409.62,2024-01,1,2024
ORD101993,UNKNOWN,2024-01-10,Electronics,Smartwatch,1963.92,1.0,United States,Upi,Marketplace,Delivered,1963.92,2024-01,1,2024
ORD100574,CUST311,2024-04-02,Home & Kitchen,Blender,477.4,3.0,United Kingdom,Upi,Marketplace,Delivered,1432.1999999999998,2024-04,2,2024
ORD101109,CUST1558,2024-03-17,Fashion,Leather Wallet,1046.41,1.0,India,Upi,Website,Delivered,1046.41,2024-03,1,2024
ORD104410,CUST1113,2024-06-15,Electronics,Power Bank,2874.07,1.0,India,Debit Card,Mobile App,Delivered,2874.07,2024-06,2,2024
ORD100043,CUST750,2024-01-15,Sports,Water Bottle,445.5,1.0,India,Net Banking,Website,Delivered,445.5,2024-01,1,2024
ORD102898,CUST1063,2024-04-04,Electronics,Phone Case,1039.06,1.0,United States,Debit Card,Mobile App,Delivered,1039.06,2024-04,2,2024
ORD104128,CUST124,2024-05-17,Home & Kitchen,Air Fryer,3168.89,3.0,India,Paypal,Mobile App,Delivered,9506.67,2024-05,2,2024
ORD105110,CUST472,2024-06-24,Toys,Board Game,1508.46,3.0,India,Debit Card,Mobile App,Delivered,4525.38,2024-06,2,2024
ORD103906,CUST715,2024-02-01,Electronics,Phone Case,1273.19,1.0,United Kingdom,Paypal,Website,Delivered,1273.19,2024-02,1,2024
ORD103840,CUST1067,2024-09-06,Home & Kitchen,LED Desk Lamp,2078.43,1.0,United States,Upi,Website,Delivered,2078.43,2024-09,3,2024
ORD104383,CUST967,2024-03-03,Toys,Building Blocks Set,458.72,2.0,India,Upi,Mobile App,Delivered,917.44,2024-03,1,2024
ORD104583,CUST908,2024-01-25,Electronics,Bluetooth Speaker,1137.44,2.0,United States,Credit Card,Website,Returned,2274.88,2024-01,1,2024
ORD104513,CUST1542,2024-04-24,Beauty,Lip Balm Set,465.44,1.0,India,Paypal,Marketplace,Cancelled,465.44,2024-04,2,2024
ORD105750,CUST921,2024-08-07,Electronics,Wireless Earbuds,1490.19,2.0,India,Paypal,Marketplace,Delivered,2980.38,2024-08,3,2024
ORD105161,CUST314,2024-04-29,Electronics,Power Bank,884.45,1.0,India,Cod,Mobile App,Delivered,884.45,2024-04,2,2024
ORD102521,CUST441,2024-03-10,Fashion,Running Shoes,1485.75,2.0,Uae,Debit Card,Website,Delivered,2971.5,2024-03,1,2024
ORD100928,CUST1478,2024-04-13,Fashion,Running Shoes,1766.56,4.0,Uae,Credit Card,Marketplace,Delivered,7066.24,2024-04,2,2024
ORD104115,CUST965,2024-09-22,Books,Kids Picture Book,402.77,2.0,United Kingdom,Upi,Mobile App,Delivered,805.54,2024-09,3,2024
ORD101945,CUST404,2024-02-16,Sports,Yoga Mat,1042.15,1.0,India,Upi,Mobile App,Delivered,1042.15,2024-02,1,2024
ORD103841,CUST1694,2024-06-04,Books,Cookbook,538.35,1.0,India,Paypal,Website,Delivered,538.35,2024-06,2,2024
ORD105056,CUST1263,2024-05-18,Books,Cookbook,171.35,1.0,India,Paypal,Mobile App,Cancelled,171.35,2024-05,2,2024
ORD101846,CUST105,2024-05-16,Fashion,Leather Wallet,2978.19,1.0,India,Credit Card,Website,Delivered,2978.19,2024-05,2,2024
ORD102013,CUST1191,2024-04-15,Home & Kitchen,Storage Containers,712.95,1.0,Germany,Credit Card,Marketplace,Delivered,712.95,2024-04,2,2024
ORD101182,CUST1365,2024-09-09,Electronics,Power Bank,791.08,1.0,United States,Credit Card,Mobile App,Delivered,791.08,2024-09,3,2024
ORD101146,CUST1225,2024-05-09,Electronics,Bluetooth Speaker,2186.69,1.0,France,Upi,Marketplace,Delivered,2186.69,2024-05,2,2024
ORD103827,CUST814,2024-07-28,Books,Self-Help Guide,561.58,1.0,India,Debit Card,Mobile App,Delivered,561.58,2024-07,3,2024
ORD104056,CUST895,2024-06-28,Sports,Resistance Bands,1807.57,1.0,India,Net Banking,Mobile App,Delivered,1807.57,2024-06,2,2024
ORD103312,CUST345,2024-03-06,Electronics,Smartwatch,1449.91,1.0,United States,Debit Card,Marketplace,Delivered,1449.91,2024-03,1,2024
ORD100747,CUST512,2024-07-07,Fashion,Leather Wallet,1594.03,2.0,United Kingdom,Debit Card,Marketplace,Delivered,3188.06,2024-07,3,2024
ORD104193,CUST1263,2024-02-04,Electronics,USB-C Cable,1620.93,1.0,Germany,Debit Card,Mobile App,Delivered,1620.93,2024-02,1,2024
ORD104293,CUST1599,2024-08-16,Sports,Cycling Gloves,1994.65,2.0,United Kingdom,Upi,Mobile App,Delivered,3989.3,2024-08,3,2024
ORD102728,CUST45,2024-07-22,Electronics,Smartwatch,3261.77,1.0,Uae,Unknown,Marketplace,Delivered,3261.77,2024-07,3,2024
ORD101608,CUST125,2024-04-28,Fashion,Leather Wallet,1001.87,2.0,United States,Upi,Marketplace,Delivered,2003.74,2024-04,2,2024
ORD100746,CUST1137,2024-04-06,Fashion,Sunglasses,294.12,1.0,Germany,Credit Card,Website,Delivered,294.12,2024-04,2,2024
ORD105061,CUST185,2024-09-11,Sports,Resistance Bands,1797.18,1.0,France,Cod,Website,Delivered,1797.18,2024-09,3,2024
ORD103533,CUST1727,2024-04-22,Sports,Water Bottle,2217.26,1.0,United Kingdom,Upi,Mobile App,Delivered,2217.26,2024-04,2,2024
ORD100534,CUST1419,2024-07-25,Electronics,Phone Case,3037.88,2.0,India,Debit Card,Mobile App,Delivered,6075.76,2024-07,3,2024
ORD103528,CUST449,2024-01-09,Home & Kitchen,Non-stick Pan Set,2698.88,2.0,Germany,Credit Card,Mobile App,Delivered,5397.76,2024-01,1,2024
ORD102669,CUST15,2024-07-03,Electronics,Phone Case,554.06,1.0,India,Upi,Website,Delivered,554.06,2024-07,3,2024
ORD103452,CUST387,2024-05-05,Toys,Building Blocks Set,873.3,1.0,France,Net Banking,Website,Returned,873.3,2024-05,2,2024
ORD104155,CUST1541,2024-03-15,Electronics,Wireless Earbuds,2517.14,1.0,India,Credit Card,Mobile App,Delivered,2517.14,2024-03,1,2024
ORD104473,CUST380,2024-07-14,Fashion,Running Shoes,2636.62,1.0,India,Net Banking,Marketplace,Delivered,2636.62,2024-07,3,2024
ORD103032,CUST963,2024-04-10,Books,Cookbook,644.79,2.0,United States,Credit Card,Marketplace,Returned,1289.58,2024-04,2,2024
ORD104235,CUST1661,2024-01-25,Home & Kitchen,Air Fryer,1272.85,1.0,India,Debit Card,Mobile App,Cancelled,1272.85,2024-01,1,2024
ORD104254,CUST905,2024-06-12,Beauty,Hair Dryer,293.76,2.0,United States,Credit Card,Mobile App,Cancelled,587.52,2024-06,2,2024
ORD103225,CUST1136,2024-07-09,Sports,Resistance Bands,1579.29,2.0,India,Credit Card,Marketplace,Delivered,3158.58,2024-07,3,2024
ORD102977,CUST56,2024-02-18,Home & Kitchen,Blender,1860.19,1.0,India,Upi,Mobile App,Cancelled,1860.19,2024-02,1,2024
ORD101696,CUST1066,2024-03-27,Electronics,Phone Case,4264.36,3.0,India,Debit Card,Marketplace,Delivered,12793.079999999998,2024-03,1,2024
ORD103595,CUST1610,2024-03-29,Fashion,Running Shoes,2067.58,2.0,India,Debit Card,Marketplace,Delivered,4135.16,2024-03,1,2024
ORD102295,CUST1127,2024-08-09,Sports,Water Bottle,1732.1,2.0,United States,Credit Card,Mobile App,Delivered,3464.2,2024-08,3,2024
ORD101220,CUST1557,2024-03-17,Electronics,Smartwatch,2874.07,1.0,India,Credit Card,Mobile App,Delivered,2874.07,2024-03,1,2024
ORD104872,CUST911,2024-02-25,Fashion,Running Shoes,374.35,1.0,United Kingdom,Credit Card,Website,Delivered,374.35,2024-02,1,2024
ORD101693,CUST1403,2024-05-28,Home & Kitchen,Air Fryer,2086.88,1.0,United Kingdom,Cod,Mobile App,Returned,2086.88,2024-05,2,2024
ORD101823,UNKNOWN,2024-08-05,Beauty,Makeup Brush Kit,942.3,1.0,United States,Upi,Mobile App,Delivered,942.3,2024-08,3,2024
ORD105752,CUST839,2024-05-28,Beauty,Face Serum,157.34,1.0,India,Cod,Marketplace,Cancelled,157.34,2024-05,2,2024
ORD105779,UNKNOWN,2024-05-03,Home & Kitchen,Storage Containers,2034.02,2.0,United Kingdom,Paypal,Website,Delivered,4068.04,2024-05,2,2024
ORD105418,CUST1498,2024-05-15,Sports,Cycling Gloves,443.47,2.0,United Kingdom,Upi,Mobile App,Delivered,886.94,2024-05,2,2024
ORD102389,CUST1288,2024-09-29,Fashion,Cotton T-Shirt,1594.03,1.0,United Kingdom,Cod,Mobile App,Delivered,1594.03,2024-09,3,2024
ORD103256,UNKNOWN,2024-01-09,Sports,Water Bottle,1962.16,1.0,India,Upi,Website,Delivered,1962.16,2024-01,1,2024
ORD101490,CUST670,2024-02-18,Beauty,Face Serum,1077.92,1.0,United States,Upi,Mobile App,Delivered,1077.92,2024-02,1,2024
ORD102787,CUST1185,2024-02-20,Sports,Water Bottle,1017.91,1.0,United Kingdom,Credit Card,Marketplace,Delivered,1017.91,2024-02,1,2024
ORD105574,CUST391,2024-04-01,Toys,RC Car,989.54,1.0,United Kingdom,Credit Card,Website,Delivered,989.54,2024-04,2,2024
ORD100408,CUST880,2024-07-06,Toys,Building Blocks Set,427.31,1.0,India,Cod,Website,Delivered,427.31,2024-07,3,2024
ORD102512,CUST1184,2024-06-03,Fashion,Leather Wallet,2640.53,2.0,United States,Debit Card,Mobile App,Delivered,5281.06,2024-06,2,2024
ORD103133,CUST511,2024-01-26,Fashion,Running Shoes,1914.13,1.0,India,Upi,Website,Delivered,1914.13,2024-01,1,2024
ORD102865,CUST1541,2024-01-13,Toys,Board Game,1124.95,1.0,India,Upi,Marketplace,Delivered,1124.95,2024-01,1,2024
ORD104724,CUST129,2024-04-22,Home & Kitchen,Storage Containers,1252.05,1.0,Uae,Upi,Marketplace,Delivered,1252.05,2024-04,2,2024
ORD105475,CUST1680,2024-02-13,Electronics,Smartwatch,1302.69,3.0,France,Debit Card,Website,Delivered,3908.07,2024-02,1,2024
ORD105845,CUST1517,2024-09-05,Home & Kitchen,Blender,641.78,2.0,India,Credit Card,Mobile App,Delivered,1283.56,2024-09,3,2024
ORD102361,CUST1773,2024-02-06,Electronics,Phone Case,1056.67,1.0,Uae,Upi,Mobile App,Delivered,1056.67,2024-02,1,2024
ORD102315,CUST1690,2024-07-23,Electronics,Phone Case,4697.93,3.0,India,Debit Card,Mobile App,Returned,14093.79,2024-07,3,2024
ORD102068,CUST1114,2024-07-20,Sports,Resistance Bands,2291.85,1.0,India,Upi,Website,Cancelled,2291.85,2024-07,3,2024
ORD101939,CUST1205,2024-05-13,Books,Fiction Bestseller,664.21,1.0,India,Debit Card,Website,Delivered,664.21,2024-05,2,2024
ORD101250,CUST931,2024-07-14,Fashion,Sunglasses,737.25,1.0,United States,Credit Card,Marketplace,Delivered,737.25,2024-07,3,2024
ORD100181,CUST558,2024-04-20,Home & Kitchen,Blender,360.85,1.0,India,Paypal,Website,Delivered,360.85,2024-04,2,2024
ORD104497,CUST1665,2024-03-16,Electronics,USB-C Cable,2450.46,1.0,United Kingdom,Upi,Mobile App,Delivered,2450.46,2024-03,1,2024
ORD100515,UNKNOWN,2024-02-07,Sports,Yoga Mat,2302.22,2.0,Germany,Upi,Website,Cancelled,4604.44,2024-02,1,2024
ORD103181,CUST378,2024-05-02,Toys,Board Game,395.49,1.0,India,Paypal,Website,Delivered,395.49,2024-05,2,2024
ORD103844,CUST1325,2024-04-17,Fashion,Sunglasses,258.9,1.0,India,Paypal,Marketplace,Delivered,258.9,2024-04,2,2024
ORD105849,CUST365,2024-01-21,Sports,Water Bottle,2178.96,1.0,Germany,Cod,Mobile App,Delivered,2178.96,2024-01,1,2024
ORD101787,CUST220,2024-04-02,Sports,Yoga Mat,1825.06,2.0,Germany,Credit Card,Mobile App,Delivered,3650.12,2024-04,2,2024
ORD105677,CUST880,2024-08-13,Beauty,Sunscreen SPF50,553.27,1.0,India,Net Banking,Marketplace,Delivered,553.27,2024-08,3,2024
ORD102520,CUST1528,2024-08-14,Electronics,Smartwatch,2606.77,1.0,India,Upi,Website,Delivered,2606.77,2024-08,3,2024
ORD104683,CUST1354,2024-01-26,Electronics,USB-C Cable,2141.88,2.0,France,Upi,Marketplace,Cancelled,4283.76,2024-01,1,2024
ORD102465,CUST1328,2024-01-01,Electronics,Wireless Earbuds,4270.93,5.0,India,Upi,Marketplace,Delivered,21354.65,2024-01,1,2024
ORD101056,CUST473,2024-06-17,Fashion,Leather Wallet,1777.02,1.0,,Unknown,Mobile App,Delivered,1777.02,2024-06,2,2024
ORD100332,CUST1376,2024-04-03,Fashion,Denim Jacket,1158.95,1.0,India,Net Banking,Mobile App,Cancelled,1158.95,2024-04,2,2024
ORD100899,CUST88,2024-09-25,Fashion,Cotton T-Shirt,1594.03,2.0,India,Debit Card,Mobile App,Delivered,3188.06,2024-09,3,2024
ORD101035,CUST1273,2024-07-20,Books,Fiction Bestseller,552.75,3.0,India,Cod,Website,Delivered,1658.25,2024-07,3,2024
ORD101877,CUST155,2024-01-27,Beauty,Sunscreen SPF50,568.49,1.0,India,Debit Card,Website,Returned,568.49,2024-01,1,2024
ORD104742,CUST1489,2024-03-29,Books,Kids Picture Book,765.83,2.0,France,Credit Card,Marketplace,Delivered,1531.66,2024-03,1,2024
ORD103670,CUST1335,2024-03-28,Electronics,Bluetooth Speaker,2874.07,1.0,India,Credit Card,Marketplace,Delivered,2874.07,2024-03,1,2024
ORD104551,CUST1374,2024-05-29,Sports,Water Bottle,1701.41,2.0,Uae,Paypal,Mobile App,Delivered,3402.82,2024-05,2,2024
ORD103558,CUST274,2024-07-12,Home & Kitchen,Storage Containers,2300.43,1.0,India,Debit Card,Marketplace,Delivered,2300.43,2024-07,3,2024
ORD105867,CUST376,2024-07-23,Toys,Building Blocks Set,1953.74,1.0,Germany,Net Banking,Website,Cancelled,1953.74,2024-07,3,2024
ORD100009,CUST1249,2024-07-16,Home & Kitchen,Non-stick Pan Set,1665.74,2.0,United States,Debit Card,Website,Delivered,3331.48,2024-07,3,2024
ORD100074,CUST1684,2024-08-13,Toys,RC Car,1312.54,1.0,India,Credit Card,Mobile App,Returned,1312.54,2024-08,3,2024
ORD103915,CUST176,2024-02-15,Electronics,Phone Case,2198.79,1.0,India,Upi,Website,Delivered,2198.79,2024-02,1,2024
ORD100663,CUST1133,2024-09-13,Electronics,Bluetooth Speaker,3956.8,1.0,India,Credit Card,Mobile App,Delivered,3956.8,2024-09,3,2024
ORD104237,CUST578,2024-03-31,Electronics,USB-C Cable,2738.3,1.0,France,Debit Card,Website,Delivered,2738.3,2024-03,1,2024
ORD100224,CUST671,2024-07-19,Sports,Cycling Gloves,437.46,1.0,United States,Cod,Marketplace,Returned,437.46,2024-07,3,2024
ORD103000,CUST6,2024-08-18,Fashion,Cotton T-Shirt,1230.51,3.0,India,Upi,Marketplace,Delivered,3691.5299999999997,2024-08,3,2024
ORD104850,CUST286,2024-03-04,Fashion,Sunglasses,1771.82,1.0,United States,Paypal,Website,Cancelled,1771.82,2024-03,1,2024
ORD100236,CUST1097,2024-09-20,Books,Kids Picture Book,250.36,1.0,Uae,Net Banking,Website,Delivered,250.36,2024-09,3,2024
ORD104716,CUST1424,2024-05-14,Sports,Yoga Mat,2459.68,4.0,United States,Cod,Website,Delivered,9838.72,2024-05,2,2024
ORD100834,CUST1402,2024-03-19,Beauty,Sunscreen SPF50,812.17,1.0,India,Debit Card,Mobile App,Cancelled,812.17,2024-03,1,2024
ORD105528,CUST306,2024-07-03,Electronics,Wireless Earbuds,3424.45,1.0,United Kingdom,Upi,Mobile App,Delivered,3424.45,2024-07,3,2024
ORD102605,CUST109,2024-01-01,Beauty,Sunscreen SPF50,850.63,4.0,United States,Unknown,Website,Delivered,3402.52,2024-01,1,2024
ORD101760,CUST1025,2024-06-17,Books,Self-Help Guide,683.71,1.0,United Kingdom,Upi,Website,Delivered,683.71,2024-06,2,2024
ORD105086,CUST36,2024-08-26,Toys,Building Blocks Set,1506.35,1.0,France,Upi,Mobile App,Delivered,1506.35,2024-08,3,2024
ORD101291,CUST741,2024-06-21,Books,Kids Picture Book,456.28,1.0,Uae,Paypal,Website,Delivered,456.28,2024-06,2,2024
ORD104775,CUST746,2024-06-27,Books,Fiction Bestseller,624.57,1.0,India,Debit Card,Website,Delivered,624.57,2024-06,2,2024
ORD101322,CUST1283,2024-05-01,Books,Cookbook,403.46,1.0,France,Upi,Mobile App,Delivered,403.46,2024-05,2,2024
ORD105776,CUST444,2024-05-25,Fashion,Leather Wallet,1742.42,1.0,India,Net Banking,Website,Delivered,1742.42,2024-05,2,2024
ORD100146,CUST986,2024-06-28,Home & Kitchen,Storage Containers,2942.13,1.0,France,Net Banking,Website,Delivered,2942.13,2024-06,2,2024
ORD105870,CUST964,2024-09-27,Electronics,Wireless Earbuds,930.83,2.0,United States,Cod,Website,Cancelled,1861.66,2024-09,3,2024
ORD100587,UNKNOWN,2024-03-07,Home & Kitchen,Non-stick Pan Set,3329.95,1.0,India,Debit Card,Website,Delivered,3329.95,2024-03,1,2024
ORD104466,CUST186,2024-05-29,Sports,Yoga Mat,2030.22,4.0,United Kingdom,Credit Card,Marketplace,Delivered,8120.88,2024-05,2,2024
ORD102194,CUST1533,2024-04-28,Electronics,Wireless Earbuds,3100.77,1.0,United States,Debit Card,Website,Delivered,3100.77,2024-04,2,2024
ORD105706,CUST1358,2024-08-24,Home & Kitchen,Non-stick Pan Set,1978.61,2.0,India,Credit Card,Mobile App,Delivered,3957.22,2024-08,3,2024
ORD104871,CUST931,2024-03-21,Sports,Cycling Gloves,1583.95,2.0,India,Debit Card,Website,Delivered,3167.9,2024-03,1,2024
ORD101318,CUST592,2024-06-23,Books,Kids Picture Book,213.06,1.0,France,Upi,Website,Delivered,213.06,2024-06,2,2024
ORD100556,CUST775,2024-04-21,Sports,Cycling Gloves,2264.68,1.0,United Kingdom,Paypal,Marketplace,Cancelled,2264.68,2024-04,2,2024
ORD100425,CUST500,2024-05-16,Electronics,Power Bank,960.23,1.0,India,Debit Card,Mobile App,Delivered,960.23,2024-05,2,2024
ORD102932,CUST497,2024-05-09,Fashion,Cotton T-Shirt,1244.37,1.0,United States,Upi,Marketplace,Delivered,1244.37,2024-05,2,2024
ORD104347,CUST1388,2024-02-28,Fashion,Leather Wallet,900.32,1.0,India,Upi,Marketplace,Delivered,900.32,2024-02,1,2024
ORD104067,CUST90,2024-06-16,Electronics,Bluetooth Speaker,2040.4,1.0,India,Cod,Mobile App,Delivered,2040.4,2024-06,2,2024
ORD105063,CUST1242,2024-03-05,Toys,Building Blocks Set,1441.05,2.0,United Kingdom,Cod,Mobile App,Delivered,2882.1,2024-03,1,2024
ORD105510,CUST1298,2024-06-26,Beauty,Hair Dryer,1131.86,1.0,United States,Upi,Marketplace,Delivered,1131.86,2024-06,2,2024
ORD103715,CUST110,2024-05-21,Electronics,USB-C Cable,3534.52,3.0,United States,Credit Card,Website,Delivered,10603.56,2024-05,2,2024
ORD102741,CUST1699,2024-01-01,Home & Kitchen,Air Fryer,1733.23,3.0,India,Debit Card,Website,Delivered,5199.6900000000005,2024-01,1,2024
ORD103592,CUST1711,2024-06-17,Electronics,Wireless Earbuds,729.35,2.0,India,Debit Card,Marketplace,Delivered,1458.7,2024-06,2,2024
ORD101263,CUST1463,2024-04-18,Toys,RC Car,1547.27,1.0,United Kingdom,Net Banking,Mobile App,Delivered,1547.27,2024-04,2,2024
ORD101441,CUST428,2024-08-18,Sports,Dumbbell Set,1270.88,1.0,Germany,Cod,Marketplace,Delivered,1270.88,2024-08,3,2024
ORD105801,CUST1742,2024-04-13,Fashion,Denim Jacket,973.44,1.0,India,Credit Card,Mobile App,Delivered,973.44,2024-04,2,2024
ORD100991,CUST500,2024-05-04,Home & Kitchen,Non-stick Pan Set,3425.17,3.0,France,Debit Card,Mobile App,Cancelled,10275.51,2024-05,2,2024
ORD103088,CUST297,2024-04-02,Fashion,Sunglasses,1879.21,4.0,United States,Upi,Marketplace,Delivered,7516.84,2024-04,2,2024
ORD105812,CUST1520,2024-02-10,Sports,Cycling Gloves,2060.58,1.0,United Kingdom,Debit Card,Mobile App,Cancelled,2060.58,2024-02,1,2024
ORD101394,CUST1623,2024-04-21,Fashion,Leather Wallet,1150.01,1.0,India,Credit Card,Mobile App,Cancelled,1150.01,2024-04,2,2024
ORD101553,CUST1552,2024-07-24,Beauty,Sunscreen SPF50,471.8,2.0,United Kingdom,Upi,Website,Delivered,943.6,2024-07,3,2024
ORD100496,CUST738,2024-03-01,Fashion,Denim Jacket,887.8,1.0,India,Cod,Marketplace,Delivered,887.8,2024-03,1,2024
ORD103490,CUST375,2024-05-21,Sports,Yoga Mat,2110.96,2.0,United Kingdom,Cod,Mobile App,Delivered,4221.92,2024-05,2,2024
ORD105352,CUST1585,2024-01-10,Beauty,Hair Dryer,812.17,2.0,India,Paypal,Website,Delivered,1624.34,2024-01,1,2024
ORD104818,CUST785,2024-07-27,Sports,Cycling Gloves,274.74,1.0,India,Upi,Marketplace,Delivered,274.74,2024-07,3,2024
ORD104302,CUST1756,2024-03-03,Fashion,Leather Wallet,1666.45,5.0,India,Credit Card,Website,Delivered,8332.25,2024-03,1,2024
ORD102131,CUST955,2024-03-01,Sports,Dumbbell Set,1077.2,1.0,India,Cod,Mobile App,Returned,1077.2,2024-03,1,2024
ORD100869,CUST1180,2024-02-18,Toys,RC Car,1928.51,1.0,United States,Upi,Website,Delivered,1928.51,2024-02,1,2024
ORD102143,UNKNOWN,2024-04-02,Electronics,Smartwatch,4005.25,1.0,Uae,Upi,Mobile App,Delivered,4005.25,2024-04,2,2024
ORD100585,CUST707,2024-08-11,Books,Cookbook,523.56,2.0,India,Credit Card,Mobile App,Delivered,1047.12,2024-08,3,2024
ORD101487,CUST395,2024-08-28,Beauty,Sunscreen SPF50,390.71,1.0,India,Cod,Website,Delivered,390.71,2024-08,3,2024
ORD101935,CUST1004,2024-03-26,Electronics,USB-C Cable,3627.86,1.0,India,Upi,Mobile App,Delivered,3627.86,2024-03,1,2024
ORD101469,CUST637,2024-01-02,Books,Self-Help Guide,206.58,1.0,India,Upi,Mobile App,Delivered,206.58,2024-01,1,2024
ORD105060,CUST1378,2024-01-21,Home & Kitchen,Air Fryer,3233.12,4.0,United States,Upi,Mobile App,Delivered,12932.48,2024-01,1,2024
ORD100922,CUST1292,2024-02-21,Fashion,Leather Wallet,2513.36,1.0,India,Upi,Website,Returned,2513.36,2024-02,1,2024
ORD105869,CUST1675,2024-02-02,Toys,Board Game,1239.98,5.0,India,Credit Card,Marketplace,Delivered,6199.9,2024-02,1,2024
ORD103378,CUST68,2024-09-06,Beauty,Lip Balm Set,670.23,2.0,,Upi,Mobile App,Returned,1340.46,2024-09,3,2024
ORD105511,CUST1483,2024-04-17,Books,Self-Help Guide,582.73,3.0,India,Paypal,Mobile App,Delivered,1748.19,2024-04,2,2024
ORD105354,CUST1271,2024-06-22,Fashion,Denim Jacket,501.46,1.0,United States,Credit Card,Website,Returned,501.46,2024-06,2,2024
ORD102251,CUST1768,2024-04-25,Fashion,Running Shoes,2966.92,2.0,India,Debit Card,Marketplace,Cancelled,5933.84,2024-04,2,2024
ORD103525,CUST902,2024-05-21,Home & Kitchen,Non-stick Pan Set,2940.73,2.0,United States,Paypal,Marketplace,Delivered,5881.46,2024-05,2,2024
ORD100109,CUST1014,2024-09-14,Home & Kitchen,Blender,1364.61,5.0,India,Unknown,Mobile App,Delivered,6823.049999999999,2024-09,3,2024
ORD100918,CUST1686,2024-07-20,Sports,Cycling Gloves,633.5,1.0,India,Debit Card,Mobile App,Delivered,633.5,2024-07,3,2024
ORD104455,CUST806,2024-09-03,Home & Kitchen,LED Desk Lamp,2834.19,2.0,Germany,Cod,Website,Delivered,5668.38,2024-09,3,2024
ORD105880,CUST321,2024-03-05,Fashion,Running Shoes,1493.87,1.0,United States,Debit Card,Mobile App,Delivered,1493.87,2024-03,1,2024
ORD101526,CUST583,2024-09-02,Electronics,Bluetooth Speaker,4967.09,2.0,India,Paypal,Marketplace,Delivered,9934.18,2024-09,3,2024
ORD104217,CUST985,2024-05-10,Sports,Cycling Gloves,945.7,1.0,India,Credit Card,Website,Delivered,945.7,2024-05,2,2024
ORD105558,CUST1704,2024-07-02,Sports,Cycling Gloves,1574.96,3.0,India,Debit Card,Website,Delivered,4724.88,2024-07,3,2024
ORD103908,CUST375,2024-02-01,Electronics,Wireless Earbuds,2191.05,2.0,United States,Credit Card,Marketplace,Delivered,4382.1,2024-02,1,2024
ORD103580,CUST1082,2024-02-18,Beauty,Lip Balm Set,355.67,1.0,United States,Upi,Website,Delivered,355.67,2024-02,1,2024
ORD100458,CUST1584,2024-04-13,Fashion,Leather Wallet,1980.1,1.0,India,Credit Card,Website,Delivered,1980.1,2024-04,2,2024
ORD104799,UNKNOWN,2024-02-24,Electronics,Phone Case,788.02,1.0,India,Credit Card,Website,Delivered,788.02,2024-02,1,2024
ORD100275,CUST493,2024-05-23,Electronics,Smartwatch,3543.18,1.0,India,Credit Card,Mobile App,Delivered,3543.18,2024-05,2,2024
ORD103327,CUST1123,2024-02-19,Beauty,Lip Balm Set,930.3,1.0,United States,Upi,Mobile App,Delivered,930.3,2024-02,1,2024
ORD105730,CUST543,2024-05-25,Toys,Board Game,830.29,2.0,India,Cod,Website,Delivered,1660.58,2024-05,2,2024
ORD102626,CUST108,2024-03-13,Books,Self-Help Guide,278.77,2.0,United States,Credit Card,Website,Delivered,557.54,2024-03,1,2024
ORD105756,CUST603,2024-01-07,Electronics,Wireless Earbuds,4680.91,1.0,France,Credit Card,Mobile App,Delivered,4680.91,2024-01,1,2024
ORD102747,CUST119,2024-03-31,Electronics,Smartwatch,3174.17,1.0,India,Credit Card,Mobile App,Delivered,3174.17,2024-03,1,2024
ORD104622,CUST1560,2024-02-16,Electronics,Bluetooth Speaker,1634.04,1.0,United Kingdom,Paypal,Marketplace,Delivered,1634.04,2024-02,1,2024
ORD103796,CUST1400,2024-06-17,Electronics,USB-C Cable,3303.5,1.0,India,Cod,Website,Delivered,3303.5,2024-06,2,2024
ORD100064,CUST168,2024-07-08,Home & Kitchen,LED Desk Lamp,2427.12,3.0,United States,Credit Card,Website,Delivered,7281.36,2024-07,3,2024
ORD103762,CUST1350,2024-02-16,Electronics,Phone Case,4822.39,2.0,Germany,Debit Card,Marketplace,Delivered,9644.78,2024-02,1,2024
ORD103395,UNKNOWN,2024-06-19,Beauty,Lip Balm Set,191.39,1.0,United Kingdom,Credit Card,Website,Delivered,191.39,2024-06,2,2024
ORD102914,CUST971,2024-05-31,Books,Fiction Bestseller,119.12,1.0,United Kingdom,Credit Card,Mobile App,Cancelled,119.12,2024-05,2,2024
ORD104174,CUST991,2024-02-16,Electronics,Phone Case,3820.11,1.0,India,Credit Card,Website,Delivered,3820.11,2024-02,1,2024
ORD101742,CUST1612,2024-04-15,Fashion,Running Shoes,2918.92,1.0,,Upi,Website,Delivered,2918.92,2024-04,2,2024
ORD100744,CUST1641,2024-05-13,Toys,Board Game,1870.74,1.0,United States,Paypal,Mobile App,Delivered,1870.74,2024-05,2,2024
ORD100753,CUST1084,2024-07-04,Electronics,Smartwatch,3750.08,1.0,United States,Debit Card,Marketplace,Delivered,3750.08,2024-07,3,2024
ORD103495,CUST1504,2024-09-01,Fashion,Leather Wallet,2932.33,1.0,India,Credit Card,Marketplace,Delivered,2932.33,2024-09,3,2024
ORD103602,CUST1358,2024-05-29,Sports,Resistance Bands,2411.36,1.0,India,Debit Card,Mobile App,Delivered,2411.36,2024-05,2,2024
ORD101540,CUST1087,2024-03-04,Sports,Dumbbell Set,2337.84,3.0,India,Upi,Mobile App,Delivered,7013.52,2024-03,1,2024
ORD104199,CUST1262,2024-02-11,Fashion,Sunglasses,1912.44,1.0,India,Upi,Mobile App,Delivered,1912.44,2024-02,1,2024
ORD104171,CUST233,2024-09-16,Beauty,Lip Balm Set,263.96,1.0,India,Upi,Website,Delivered,263.96,2024-09,3,2024
ORD103382,CUST1466,2024-04-25,Fashion,Denim Jacket,1511.56,2.0,India,Credit Card,Website,Delivered,3023.12,2024-04,2,2024
ORD100160,CUST268,2024-03-02,Home & Kitchen,Air Fryer,569.06,3.0,United States,Debit Card,Marketplace,Delivered,1707.1799999999998,2024-03,1,2024
ORD103170,CUST1285,2024-09-24,Electronics,Wireless Earbuds,2612.73,4.0,,Upi,Marketplace,Delivered,10450.92,2024-09,3,2024
ORD102033,CUST1743,2024-07-20,Toys,Building Blocks Set,484.05,1.0,India,Credit Card,Mobile App,Delivered,484.05,2024-07,3,2024
ORD103044,CUST1338,2024-09-14,Beauty,Makeup Brush Kit,476.88,1.0,India,Upi,Mobile App,Delivered,476.88,2024-09,3,2024
ORD101486,CUST597,2024-03-25,Books,Kids Picture Book,460.19,1.0,India,Cod,Mobile App,Delivered,460.19,2024-03,1,2024
ORD100945,CUST1303,2024-07-14,Home & Kitchen,Storage Containers,3286.21,2.0,United States,Upi,Mobile App,Delivered,6572.42,2024-07,3,2024
ORD105753,CUST678,2024-03-20,Sports,Yoga Mat,985.01,1.0,India,Upi,Marketplace,Delivered,985.01,2024-03,1,2024
ORD102481,CUST1713,2024-06-14,Electronics,USB-C Cable,3537.9,1.0,India,Debit Card,Mobile App,Delivered,3537.9,2024-06,2,2024
ORD101957,CUST1496,2024-05-06,Sports,Water Bottle,1220.31,1.0,India,Cod,Website,Delivered,1220.31,2024-05,2,2024
ORD100021,CUST992,2024-05-03,Fashion,Cotton T-Shirt,1983.8,4.0,United Kingdom,Credit Card,Mobile App,Delivered,7935.2,2024-05,2,2024
ORD105471,UNKNOWN,2024-07-13,Toys,Puzzle 1000pc,1132.95,1.0,India,Upi,Marketplace,Delivered,1132.95,2024-07,3,2024
ORD100328,CUST794,2024-05-09,Sports,Water Bottle,610.92,4.0,United Kingdom,Credit Card,Mobile App,Delivered,2443.68,2024-05,2,2024
ORD100650,CUST1392,2024-04-16,Sports,Cycling Gloves,551.58,1.0,India,Credit Card,Marketplace,Delivered,551.58,2024-04,2,2024
ORD102617,CUST338,2024-06-17,Beauty,Makeup Brush Kit,1481.08,2.0,United States,Cod,Website,Delivered,2962.16,2024-06,2,2024
ORD100123,CUST1574,2024-02-18,Electronics,Phone Case,4544.05,1.0,India,Credit Card,Website,Cancelled,4544.05,2024-02,1,2024
ORD104258,CUST1733,2024-02-07,Electronics,Bluetooth Speaker,2649.79,1.0,United States,Net Banking,Website,Cancelled,2649.79,2024-02,1,2024
ORD105553,CUST347,2024-08-21,Fashion,Sunglasses,1499.52,4.0,India,Paypal,Website,Delivered,5998.08,2024-08,3,2024
ORD102120,CUST1154,2024-06-29,Sports,Yoga Mat,478.25,1.0,India,Credit Card,Mobile App,Delivered,478.25,2024-06,2,2024
ORD105442,CUST139,2024-07-14,Sports,Dumbbell Set,1588.58,1.0,United States,Upi,Marketplace,Delivered,1588.58,2024-07,3,2024
ORD101946,CUST93,2024-01-07,Electronics,USB-C Cable,4585.03,1.0,United Kingdom,Paypal,Mobile App,Returned,4585.03,2024-01,1,2024
ORD100252,CUST1384,2024-04-22,Fashion,Cotton T-Shirt,1022.95,4.0,India,Credit Card,Mobile App,Delivered,4091.8,2024-04,2,2024
ORD101732,CUST32,2024-05-25,Fashion,Denim Jacket,2469.41,1.0,United Kingdom,Credit Card,Website,Cancelled,2469.41,2024-05,2,2024
ORD100004,CUST1276,2024-08-04,Electronics,Power Bank,2248.05,2.0,India,Upi,Website,Returned,4496.1,2024-08,3,2024
ORD102060,CUST338,2024-09-24,Home & Kitchen,Storage Containers,511.68,1.0,India,Cod,Mobile App,Delivered,511.68,2024-09,3,2024
ORD105657,CUST341,2024-06-09,Electronics,Bluetooth Speaker,2551.67,1.0,United States,Upi,Mobile App,Delivered,2551.67,2024-06,2,2024
ORD104773,CUST792,2024-07-23,Fashion,Denim Jacket,1923.02,1.0,India,Credit Card,Marketplace,Cancelled,1923.02,2024-07,3,2024
ORD104671,CUST1400,2024-09-03,Sports,Water Bottle,438.73,1.0,Germany,Cod,Mobile App,Delivered,438.73,2024-09,3,2024
ORD103041,CUST1101,2024-06-02,Electronics,Power Bank,2732.6,1.0,Germany,Upi,Mobile App,Delivered,2732.6,2024-06,2,2024
ORD103455,CUST115,2024-08-08,Beauty,Sunscreen SPF50,980.14,1.0,India,Paypal,Mobile App,Delivered,980.14,2024-08,3,2024
ORD105018,CUST1363,2024-02-18,Books,Cookbook,222.45,1.0,India,Net Banking,Website,Returned,222.45,2024-02,1,2024
ORD103874,CUST320,2024-09-14,Beauty,Sunscreen SPF50,949.39,2.0,United Kingdom,Credit Card,Website,Cancelled,1898.78,2024-09,3,2024
ORD100423,CUST1640,2024-07-24,Electronics,Phone Case,2973.45,2.0,India,Credit Card,Marketplace,Delivered,5946.9,2024-07,3,2024
ORD101999,CUST845,2024-03-13,Home & Kitchen,Air Fryer,345.36,4.0,India,Paypal,Mobile App,Returned,1381.44,2024-03,1,2024
ORD100223,CUST1770,2024-03-02,Home & Kitchen,Non-stick Pan Set,523.01,1.0,India,Debit Card,Website,Delivered,523.01,2024-03,1,2024
ORD104337,CUST642,2024-05-23,Toys,Building Blocks Set,256.85,1.0,India,Upi,Mobile App,Delivered,256.85,2024-05,2,2024
ORD104257,CUST369,2024-05-16,Home & Kitchen,Air Fryer,1055.86,4.0,United Kingdom,Debit Card,Mobile App,Delivered,4223.44,2024-05,2,2024
ORD103006,CUST1046,2024-03-01,Fashion,Leather Wallet,1382.21,3.0,Germany,Upi,Marketplace,Delivered,4146.63,2024-03,1,2024
ORD100030,CUST1198,2024-01-29,Beauty,Sunscreen SPF50,684.48,1.0,India,Unknown,Mobile App,Delivered,684.48,2024-01,1,2024
ORD103288,CUST304,2024-05-23,Sports,Dumbbell Set,2453.35,1.0,India,Credit Card,Website,Delivered,2453.35,2024-05,2,2024
ORD102909,CUST1062,2024-01-11,Toys,RC Car,978.08,2.0,India,Upi,Mobile App,Delivered,1956.16,2024-01,1,2024
ORD104542,CUST301,2024-05-07,Fashion,Leather Wallet,1634.96,1.0,India,Upi,Website,Delivered,1634.96,2024-05,2,2024
ORD101532,CUST61,2024-09-28,Books,Fiction Bestseller,588.11,1.0,United Kingdom,Credit Card,Marketplace,Delivered,588.11,2024-09,3,2024
ORD105769,CUST1584,2024-03-18,Beauty,Hair Dryer,460.86,3.0,India,Paypal,Website,Delivered,1382.58,2024-03,1,2024
ORD102815,CUST2,2024-04-30,Books,Self-Help Guide,360.73,2.0,India,Unknown,Mobile App,Returned,721.46,2024-04,2,2024
ORD103691,CUST1098,2024-03-11,Fashion,Denim Jacket,770.98,1.0,India,Paypal,Mobile App,Delivered,770.98,2024-03,1,2024
ORD105272,CUST483,2024-03-07,Toys,Board Game,781.84,1.0,India,Credit Card,Website,Delivered,781.84,2024-03,1,2024
ORD100949,CUST1665,2024-03-11,Beauty,Face Serum,507.39,4.0,Uae,Debit Card,Mobile App,Delivered,2029.56,2024-03,1,2024
ORD104427,CUST910,2024-07-03,Toys,Building Blocks Set,1800.51,1.0,United States,Unknown,Marketplace,Delivered,1800.51,2024-07,3,2024
ORD105709,CUST803,2024-04-23,Home & Kitchen,LED Desk Lamp,3468.42,2.0,United States,Cod,Mobile App,Delivered,6936.84,2024-04,2,2024
ORD104031,CUST781,2024-08-29,Sports,Water Bottle,651.15,1.0,United Kingdom,Net Banking,Website,Returned,651.15,2024-08,3,2024
ORD101137,CUST937,2024-06-04,Fashion,Denim Jacket,2158.89,2.0,India,Credit Card,Mobile App,Cancelled,4317.78,2024-06,2,2024
ORD105536,CUST549,2024-01-27,Books,Fiction Bestseller,281.13,2.0,India,Debit Card,Website,Delivered,562.26,2024-01,1,2024
ORD101758,CUST1089,2024-07-15,Electronics,Power Bank,1950.38,2.0,India,Cod,Website,Returned,3900.76,2024-07,3,2024
ORD101368,CUST896,2024-02-11,Fashion,Sunglasses,1240.27,1.0,Germany,Paypal,Website,Delivered,1240.27,2024-02,1,2024
ORD103387,CUST1132,2024-02-14,Sports,Yoga Mat,2452.71,1.0,Germany,Upi,Mobile App,Delivered,2452.71,2024-02,1,2024
ORD105967,CUST109,2024-05-17,Home & Kitchen,Non-stick Pan Set,3139.35,1.0,India,Debit Card,Mobile App,Delivered,3139.35,2024-05,2,2024
ORD104321,CUST1566,2024-02-25,Toys,RC Car,1561.62,1.0,France,Credit Card,Marketplace,Cancelled,1561.62,2024-02,1,2024
ORD105878,CUST194,2024-07-04,Electronics,Bluetooth Speaker,3749.7,2.0,India,Cod,Mobile App,Delivered,7499.4,2024-07,3,2024
ORD100338,CUST1580,2024-05-02,Beauty,Makeup Brush Kit,1360.49,1.0,United States,Debit Card,Website,Delivered,1360.49,2024-05,2,2024
ORD101372,CUST228,2024-02-06,Toys,Board Game,1326.1,4.0,India,Upi,Marketplace,Delivered,5304.4,2024-02,1,2024
ORD101007,CUST1034,2024-02-24,Sports,Water Bottle,1373.83,1.0,India,Credit Card,Mobile App,Delivered,1373.83,2024-02,1,2024
ORD100562,CUST972,2024-06-18,Beauty,Lip Balm Set,604.96,1.0,,Upi,Marketplace,Cancelled,604.96,2024-06,2,2024
ORD104564,CUST404,2024-06-01,Fashion,Cotton T-Shirt,1823.56,1.0,India,Debit Card,Mobile App,Delivered,1823.56,2024-06,2,2024
ORD100706,CUST123,2024-01-26,Electronics,Wireless Earbuds,3515.59,2.0,India,Debit Card,Mobile App,Delivered,7031.18,2024-01,1,2024
ORD102653,CUST975,2024-05-15,Fashion,Denim Jacket,1594.03,2.0,Germany,Credit Card,Marketplace,Delivered,3188.06,2024-05,2,2024
ORD103649,CUST1598,2024-08-25,Electronics,Bluetooth Speaker,4615.78,1.0,India,Credit Card,Website,Delivered,4615.78,2024-08,3,2024
ORD102378,CUST1051,2024-05-17,Electronics,Smartwatch,1257.87,4.0,India,Net Banking,Website,Returned,5031.48,2024-05,2,2024
ORD101849,CUST727,2024-09-19,Home & Kitchen,Blender,726.57,3.0,India,Credit Card,Mobile App,Delivered,2179.71,2024-09,3,2024
ORD105378,CUST1395,2024-08-29,Fashion,Sunglasses,743.88,1.0,Germany,Unknown,Marketplace,Delivered,743.88,2024-08,3,2024
ORD103458,CUST980,2024-04-26,Beauty,Sunscreen SPF50,1030.26,1.0,India,Upi,Website,Delivered,1030.26,2024-04,2,2024
ORD103210,CUST1500,2024-08-27,Books,Fiction Bestseller,506.03,2.0,France,Credit Card,Website,Cancelled,1012.06,2024-08,3,2024
ORD100071,CUST1763,2024-09-01,Electronics,USB-C Cable,2077.2,1.0,India,Upi,Website,Delivered,2077.2,2024-09,3,2024
ORD105595,CUST1403,2024-02-21,Home & Kitchen,Air Fryer,1895.16,2.0,United Kingdom,Upi,Mobile App,Delivered,3790.32,2024-02,1,2024
ORD103822,CUST317,2024-04-03,Home & Kitchen,LED Desk Lamp,3010.76,2.0,United States,Upi,Marketplace,Returned,6021.52,2024-04,2,2024
ORD104702,CUST1540,2024-06-28,Sports,Water Bottle,980.4,2.0,India,Debit Card,Website,Delivered,1960.8,2024-06,2,2024
ORD101561,CUST1321,2024-08-27,Electronics,Bluetooth Speaker,2386.38,4.0,France,Upi,Website,Delivered,9545.52,2024-08,3,2024
ORD105632,CUST192,2024-05-30,Fashion,Denim Jacket,1061.72,5.0,Germany,Cod,Mobile App,Cancelled,5308.6,2024-05,2,2024
ORD103017,CUST1071,2024-02-09,Fashion,Leather Wallet,2109.59,1.0,France,Credit Card,Marketplace,Delivered,2109.59,2024-02,1,2024
ORD105214,UNKNOWN,2024-05-04,Electronics,Power Bank,1566.12,1.0,India,Upi,Mobile App,Delivered,1566.12,2024-05,2,2024
ORD103541,CUST17,2024-01-30,Toys,Puzzle 1000pc,825.68,1.0,United States,Credit Card,Mobile App,Returned,825.68,2024-01,1,2024
ORD100540,CUST1235,2024-05-01,Toys,Puzzle 1000pc,396.68,1.0,United States,Credit Card,Website,Delivered,396.68,2024-05,2,2024
ORD103664,CUST647,2024-05-25,Beauty,Makeup Brush Kit,1169.41,1.0,India,Cod,Marketplace,Returned,1169.41,2024-05,2,2024
ORD103819,CUST683,2024-05-20,Fashion,Running Shoes,604.14,1.0,Germany,Cod,Website,Delivered,604.14,2024-05,2,2024
ORD104240,CUST592,2024-05-17,Beauty,Hair Dryer,603.68,1.0,India,Upi,Website,Delivered,603.68,2024-05,2,2024
ORD101774,CUST207,2024-03-23,Electronics,Wireless Earbuds,3120.41,2.0,India,Debit Card,Website,Delivered,6240.82,2024-03,1,2024
ORD103264,CUST51,2024-07-26,Fashion,Denim Jacket,699.24,1.0,India,Cod,Mobile App,Delivered,699.24,2024-07,3,2024
ORD102259,CUST1655,2024-01-21,Books,Fiction Bestseller,772.99,2.0,United States,Credit Card,Mobile App,Returned,1545.98,2024-01,1,2024
ORD100938,CUST213,2024-07-15,Beauty,Face Serum,1322.77,2.0,India,Debit Card,Marketplace,Delivered,2645.54,2024-07,3,2024
ORD103699,CUST521,2024-06-11,Home & Kitchen,Non-stick Pan Set,2510.54,3.0,United Kingdom,Credit Card,Mobile App,Delivered,7531.62,2024-06,2,2024
ORD102341,CUST471,2024-03-26,Books,Self-Help Guide,252.45,2.0,Germany,Upi,Website,Delivered,504.9,2024-03,1,2024
ORD104662,CUST31,2024-06-07,Toys,Building Blocks Set,1065.73,1.0,United States,Upi,Mobile App,Delivered,1065.73,2024-06,2,2024
ORD104893,CUST873,2024-02-06,Fashion,Sunglasses,495.76,1.0,Germany,Debit Card,Mobile App,Delivered,495.76,2024-02,1,2024
ORD102610,CUST1067,2024-03-09,Fashion,Cotton T-Shirt,1611.98,5.0,Uae,Credit Card,Website,Delivered,8059.9,2024-03,1,2024
ORD104592,CUST1602,2024-01-07,Home & Kitchen,Non-stick Pan Set,3480.44,1.0,France,Paypal,Marketplace,Delivered,3480.44,2024-01,1,2024
ORD101900,CUST1768,2024-03-19,Fashion,Leather Wallet,2435.75,5.0,India,Paypal,Marketplace,Delivered,12178.75,2024-03,1,2024
ORD105664,CUST543,2024-05-21,Books,Cookbook,106.24,1.0,United States,Cod,Marketplace,Delivered,106.24,2024-05,2,2024
ORD100290,CUST756,2024-01-16,Electronics,Smartwatch,3166.47,1.0,United States,Cod,Mobile App,Delivered,3166.47,2024-01,1,2024
ORD100528,CUST1332,2024-09-10,Electronics,Phone Case,4714.84,1.0,India,Cod,Mobile App,Delivered,4714.84,2024-09,3,2024
ORD103292,CUST1588,2024-07-26,Sports,Yoga Mat,561.76,5.0,United States,Paypal,Marketplace,Delivered,2808.8,2024-07,3,2024
ORD100720,CUST1691,2024-07-18,Sports,Water Bottle,809.75,3.0,India,Upi,Website,Delivered,2429.25,2024-07,3,2024
ORD101883,CUST77,2024-01-07,Beauty,Sunscreen SPF50,1087.99,1.0,India,Upi,Mobile App,Delivered,1087.99,2024-01,1,2024
ORD100482,CUST332,2024-04-18,Sports,Yoga Mat,223.84,1.0,India,Upi,Marketplace,Delivered,223.84,2024-04,2,2024
ORD102291,CUST1238,2024-06-24,Sports,Dumbbell Set,277.06,1.0,India,Debit Card,Website,Delivered,277.06,2024-06,2,2024
ORD103933,CUST1242,2024-04-23,Books,Cookbook,409.65,1.0,India,Upi,Marketplace,Delivered,409.65,2024-04,2,2024
ORD105708,CUST1126,2024-08-05,Electronics,Smartwatch,2216.38,1.0,India,Debit Card,Mobile App,Returned,2216.38,2024-08,3,2024
ORD105013,UNKNOWN,2024-04-22,Electronics,USB-C Cable,2874.07,2.0,United States,Credit Card,Website,Returned,5748.14,2024-04,2,2024
ORD103315,CUST1412,2024-07-20,Electronics,Phone Case,4892.17,2.0,India,Cod,Website,Delivered,9784.34,2024-07,3,2024
ORD103379,UNKNOWN,2024-08-18,Beauty,Lip Balm Set,1340.33,1.0,India,Net Banking,Mobile App,Delivered,1340.33,2024-08,3,2024
ORD104632,CUST1094,2024-02-06,Home & Kitchen,LED Desk Lamp,2766.37,1.0,India,Cod,Mobile App,Delivered,2766.37,2024-02,1,2024
ORD104706,CUST1208,2024-03-21,Fashion,Cotton T-Shirt,1993.82,3.0,Germany,Credit Card,Marketplace,Delivered,5981.46,2024-03,1,2024
ORD103023,CUST1042,2024-06-03,Toys,Board Game,1781.83,1.0,United States,Net Banking,Website,Delivered,1781.83,2024-06,2,2024
ORD103565,CUST205,2024-08-04,Home & Kitchen,Blender,1644.43,2.0,India,Debit Card,Mobile App,Returned,3288.86,2024-08,3,2024
ORD105831,CUST870,2024-08-01,Electronics,Smartwatch,3106.96,1.0,India,Upi,Mobile App,Delivered,3106.96,2024-08,3,2024
ORD105775,CUST1387,2024-09-09,Fashion,Cotton T-Shirt,598.52,2.0,India,Debit Card,Website,Delivered,1197.04,2024-09,3,2024
ORD105099,CUST1715,2024-06-10,Home & Kitchen,Blender,772.01,1.0,India,Debit Card,Marketplace,Delivered,772.01,2024-06,2,2024
ORD101059,CUST111,2024-06-21,Electronics,USB-C Cable,1632.59,5.0,India,Upi,Marketplace,Delivered,8162.95,2024-06,2,2024
ORD102742,CUST864,2024-02-08,Books,Kids Picture Book,311.66,1.0,United States,Upi,Website,Delivered,311.66,2024-02,1,2024
ORD103537,CUST930,2024-03-19,Beauty,Hair Dryer,850.75,4.0,France,Net Banking,Marketplace,Delivered,3403.0,2024-03,1,2024
ORD105815,CUST1646,2024-07-15,Home & Kitchen,Air Fryer,2444.34,1.0,India,Cod,Website,Delivered,2444.34,2024-07,3,2024
ORD102212,CUST39,2024-05-14,Sports,Water Bottle,1616.68,2.0,United States,Credit Card,Mobile App,Delivered,3233.36,2024-05,2,2024
ORD101908,CUST500,2024-05-23,Home & Kitchen,Storage Containers,459.56,1.0,United States,Credit Card,Website,Delivered,459.56,2024-05,2,2024
ORD104732,CUST420,2024-04-17,Electronics,Smartwatch,4701.96,1.0,India,Paypal,Marketplace,Delivered,4701.96,2024-04,2,2024
ORD102518,CUST88,2024-02-09,Toys,RC Car,426.03,1.0,India,Debit Card,Mobile App,Cancelled,426.03,2024-02,1,2024
ORD104922,CUST1313,2024-07-23,Beauty,Lip Balm Set,1089.52,1.0,India,Net Banking,Marketplace,Delivered,1089.52,2024-07,3,2024
ORD101048,CUST831,2024-03-02,Toys,Puzzle 1000pc,1121.53,1.0,India,Cod,Mobile App,Delivered,1121.53,2024-03,1,2024
ORD104811,CUST757,2024-04-23,Fashion,Sunglasses,1277.89,1.0,France,Debit Card,Mobile App,Cancelled,1277.89,2024-04,2,2024
ORD103612,UNKNOWN,2024-07-24,Fashion,Sunglasses,1594.03,1.0,India,Upi,Mobile App,Delivered,1594.03,2024-07,3,2024
ORD101421,CUST1704,2024-07-26,Beauty,Makeup Brush Kit,1045.93,2.0,India,Debit Card,Website,Delivered,2091.86,2024-07,3,2024
ORD102895,CUST138,2024-03-25,Electronics,Power Bank,1466.44,1.0,United States,Net Banking,Mobile App,Cancelled,1466.44,2024-03,1,2024
ORD102358,CUST30,2024-01-12,Books,Self-Help Guide,670.34,1.0,United Kingdom,Cod,Website,Delivered,670.34,2024-01,1,2024
ORD100155,UNKNOWN,2024-05-21,Electronics,Phone Case,2612.39,1.0,United States,Debit Card,Website,Delivered,2612.39,2024-05,2,2024
ORD104144,CUST1237,2024-05-31,Sports,Yoga Mat,1862.59,1.0,United States,Net Banking,Website,Delivered,1862.59,2024-05,2,2024
ORD105806,CUST1105,2024-05-05,Fashion,Sunglasses,819.64,1.0,India,Upi,Marketplace,Delivered,819.64,2024-05,2,2024
ORD105615,CUST447,2024-08-26,Toys,Board Game,731.19,1.0,France,Credit Card,Mobile App,Delivered,731.19,2024-08,3,2024
ORD103166,CUST1391,2024-07-29,Electronics,USB-C Cable,3294.45,1.0,Germany,Debit Card,Website,Cancelled,3294.45,2024-07,3,2024
ORD103063,CUST620,2024-09-06,Electronics,Bluetooth Speaker,4582.35,4.0,India,Credit Card,Marketplace,Delivered,18329.4,2024-09,3,2024
ORD103040,CUST1751,2024-04-26,Beauty,Sunscreen SPF50,1410.76,1.0,India,Debit Card,Website,Returned,1410.76,2024-04,2,2024
ORD104050,CUST901,2024-04-12,Beauty,Hair Dryer,218.09,2.0,France,Upi,Website,Delivered,436.18,2024-04,2,2024
ORD101839,CUST520,2024-04-05,Books,Cookbook,321.25,1.0,Germany,Paypal,Website,Returned,321.25,2024-04,2,2024
ORD104802,CUST1615,2024-04-24,Electronics,Power Bank,3439.59,2.0,India,Upi,Marketplace,Delivered,6879.18,2024-04,2,2024
ORD103142,CUST169,2024-08-03,Beauty,Makeup Brush Kit,651.07,1.0,India,Upi,Marketplace,Returned,651.07,2024-08,3,2024
ORD102374,CUST1659,2024-02-18,Fashion,Cotton T-Shirt,1463.74,1.0,India,Debit Card,Website,Delivered,1463.74,2024-02,1,2024
ORD105204,CUST1092,2024-07-08,Toys,Puzzle 1000pc,1852.61,4.0,India,Credit Card,Marketplace,Returned,7410.44,2024-07,3,2024
ORD104518,CUST1377,2024-04-27,Beauty,Lip Balm Set,706.42,1.0,India,Paypal,Marketplace,Delivered,706.42,2024-04,2,2024
ORD104299,CUST1407,2024-02-11,Home & Kitchen,Blender,2025.56,1.0,United Kingdom,Credit Card,Website,Delivered,2025.56,2024-02,1,2024
ORD102593,CUST665,2024-01-03,Electronics,Power Bank,4298.67,1.0,,Cod,Marketplace,Delivered,4298.67,2024-01,1,2024
ORD105364,CUST866,2024-05-25,Toys,RC Car,966.07,1.0,India,Cod,Website,Delivered,966.07,2024-05,2,2024
ORD101091,CUST90,2024-06-07,Fashion,Running Shoes,2024.36,4.0,United States,Paypal,Website,Delivered,8097.44,2024-06,2,2024
ORD104396,CUST626,2024-01-08,Fashion,Denim Jacket,1955.89,2.0,United Kingdom,Debit Card,Website,Delivered,3911.78,2024-01,1,2024
ORD104166,CUST961,2024-01-20,Books,Cookbook,365.58,5.0,India,Credit Card,Mobile App,Delivered,1827.8999999999999,2024-01,1,2024
ORD103384,CUST812,2024-09-24,Beauty,Hair Dryer,239.65,1.0,United States,Upi,Website,Returned,239.65,2024-09,3,2024
ORD100061,CUST1309,2024-07-13,Fashion,Running Shoes,2748.75,1.0,United States,Credit Card,Mobile App,Delivered,2748.75,2024-07,3,2024
ORD103200,CUST1746,2024-01-03,Books,Cookbook,471.57,1.0,India,Upi,Mobile App,Delivered,471.57,2024-01,1,2024
ORD104495,CUST1030,2024-09-14,Fashion,Cotton T-Shirt,1692.49,2.0,India,Debit Card,Mobile App,Delivered,3384.98,2024-09,3,2024
ORD101675,UNKNOWN,2024-04-27,Fashion,Running Shoes,1833.9,1.0,India,Debit Card,Mobile App,Delivered,1833.9,2024-04,2,2024
ORD105465,CUST668,2024-07-21,Electronics,Phone Case,3830.14,1.0,India,Credit Card,Mobile App,Delivered,3830.14,2024-07,3,2024
ORD102505,CUST317,2024-03-18,Sports,Yoga Mat,2356.09,2.0,India,Credit Card,Website,Delivered,4712.18,2024-03,1,2024
ORD100385,CUST16,2024-09-23,Sports,Resistance Bands,734.62,2.0,Germany,Upi,Website,Cancelled,1469.24,2024-09,3,2024
ORD104729,CUST1293,2024-06-05,Sports,Dumbbell Set,575.3,1.0,India,Debit Card,Website,Delivered,575.3,2024-06,2,2024
ORD100684,CUST116,2024-01-23,Beauty,Makeup Brush Kit,699.79,1.0,United States,Debit Card,Website,Delivered,699.79,2024-01,1,2024
ORD102408,CUST1731,2024-08-02,Toys,Board Game,131761.0,1.0,France,Credit Card,Mobile App,Delivered,131761.0,2024-08,3,2024
ORD105690,CUST1168,2024-07-26,Home & Kitchen,LED Desk Lamp,2803.02,3.0,India,Debit Card,Website,Delivered,8409.06,2024-07,3,2024
ORD101892,CUST668,2024-02-15,Books,Cookbook,417.39,1.0,Uae,Credit Card,Website,Returned,417.39,2024-02,1,2024
ORD101969,CUST1532,2024-08-05,Beauty,Face Serum,416.34,1.0,United States,Cod,Marketplace,Delivered,416.34,2024-08,3,2024
ORD103350,CUST334,2024-04-21,Sports,Yoga Mat,1503.68,1.0,India,Upi,Marketplace,Cancelled,1503.68,2024-04,2,2024
ORD104137,CUST1726,2024-05-18,Beauty,Sunscreen SPF50,1438.17,1.0,United States,Paypal,Website,Returned,1438.17,2024-05,2,2024
ORD100494,CUST268,2024-05-10,Sports,Yoga Mat,346.78,1.0,India,Upi,Mobile App,Delivered,346.78,2024-05,2,2024
ORD104479,CUST147,2024-05-02,Beauty,Lip Balm Set,344.24,1.0,United States,Upi,Mobile App,Delivered,344.24,2024-05,2,2024
ORD101807,CUST1269,2024-03-14,Home & Kitchen,Blender,489.41,1.0,Uae,Upi,Website,Delivered,489.41,2024-03,1,2024
ORD104772,UNKNOWN,2024-07-22,Electronics,Wireless Earbuds,2874.07,2.0,India,Net Banking,Mobile App,Delivered,5748.14,2024-07,3,2024
ORD103319,CUST1717,2024-07-10,Home & Kitchen,Storage Containers,3084.41,1.0,United Kingdom,Debit Card,Mobile App,Delivered,3084.41,2024-07,3,2024
ORD104633,CUST882,2024-01-27,Beauty,Sunscreen SPF50,200.35,2.0,India,Debit Card,Website,Delivered,400.7,2024-01,1,2024
ORD102335,CUST1602,2024-04-23,Electronics,Bluetooth Speaker,753.87,3.0,India,Debit Card,Mobile App,Delivered,2261.61,2024-04,2,2024
ORD105181,CUST1429,2024-02-28,Electronics,Smartwatch,508.69,1.0,India,Upi,Website,Delivered,508.69,2024-02,1,2024
ORD105157,CUST1048,2024-05-12,Electronics,Bluetooth Speaker,2874.07,1.0,India,Upi,Website,Cancelled,2874.07,2024-05,2,2024
ORD101549,CUST1099,2024-08-12,Toys,Board Game,278.36,1.0,Uae,Upi,Marketplace,Delivered,278.36,2024-08,3,2024
ORD100621,CUST1064,2024-03-05,Electronics,Smartwatch,4191.08,1.0,India,Credit Card,Mobile App,Delivered,4191.08,2024-03,1,2024
ORD101689,CUST592,2024-08-25,Home & Kitchen,Blender,3445.0,5.0,Germany,Upi,Mobile App,Delivered,17225.0,2024-08,3,2024
ORD102614,CUST753,2024-05-14,Fashion,Sunglasses,2245.74,1.0,United States,Upi,Marketplace,Delivered,2245.74,2024-05,2,2024
ORD105942,CUST273,2024-07-22,Fashion,Sunglasses,1267.65,1.0,Uae,Debit Card,Website,Delivered,1267.65,2024-07,3,2024
ORD103680,CUST108,2024-07-10,Fashion,Leather Wallet,2577.44,2.0,India,Paypal,Website,Delivered,5154.88,2024-07,3,2024
ORD105228,CUST1306,2024-09-19,Home & Kitchen,Non-stick Pan Set,983.5,2.0,India,Upi,Website,Delivered,1967.0,2024-09,3,2024
ORD105743,CUST1225,2024-04-08,Fashion,Running Shoes,1620.19,1.0,United Kingdom,Net Banking,Marketplace,Delivered,1620.19,2024-04,2,2024
ORD104453,CUST1663,2024-02-27,Electronics,Smartwatch,4492.47,1.0,United States,Cod,Website,Delivered,4492.47,2024-02,1,2024
ORD102135,CUST1773,2024-02-08,Home & Kitchen,Storage Containers,1348.13,2.0,France,Credit Card,Website,Delivered,2696.26,2024-02,1,2024
ORD100962,CUST1390,2024-08-20,Fashion,Sunglasses,265.66,4.0,India,Credit Card,Website,Delivered,1062.64,2024-08,3,2024
ORD104444,CUST1242,2024-02-25,Fashion,Cotton T-Shirt,2658.85,2.0,Germany,Debit Card,Mobile App,Delivered,5317.7,2024-02,1,2024
ORD105319,CUST191,2024-06-06,Books,Cookbook,524.02,1.0,United States,Paypal,Website,Delivered,524.02,2024-06,2,2024
ORD101508,CUST420,2024-07-23,Books,Fiction Bestseller,136.42,2.0,India,Debit Card,Mobile App,Delivered,272.84,2024-07,3,2024
ORD103180,CUST336,2024-03-16,Sports,Water Bottle,2350.59,1.0,India,Upi,Marketplace,Delivered,2350.59,2024-03,1,2024
ORD101622,CUST855,2024-06-25,Fashion,Cotton T-Shirt,778.29,3.0,United States,Upi,Mobile App,Delivered,2334.87,2024-06,2,2024
ORD103686,CUST571,2024-06-25,Sports,Cycling Gloves,791.09,1.0,,Net Banking,Website,Delivered,791.09,2024-06,2,2024
ORD103660,CUST1552,2024-03-25,Electronics,Phone Case,1462.52,1.0,India,Credit Card,Website,Delivered,1462.52,2024-03,1,2024
ORD101204,CUST1760,2024-06-30,Beauty,Face Serum,728.25,1.0,United Kingdom,Cod,Website,Delivered,728.25,2024-06,2,2024
ORD102680,CUST1762,2024-05-31,Electronics,Bluetooth Speaker,3802.27,1.0,Uae,Credit Card,Mobile App,Delivered,3802.27,2024-05,2,2024
ORD104256,CUST168,2024-06-14,Fashion,Cotton T-Shirt,2362.5,1.0,United States,Credit Card,Mobile App,Delivered,2362.5,2024-06,2,2024
ORD100414,CUST137,2024-08-22,Beauty,Hair Dryer,1132.66,1.0,Germany,Cod,Mobile App,Delivered,1132.66,2024-08,3,2024
ORD103391,CUST964,2024-07-04,Toys,Puzzle 1000pc,1797.28,1.0,United Kingdom,Upi,Website,Delivered,1797.28,2024-07,3,2024
ORD105423,CUST1092,2024-01-27,Sports,Cycling Gloves,860.32,1.0,Uae,Credit Card,Mobile App,Delivered,860.32,2024-01,1,2024
ORD105728,CUST1007,2024-04-06,Books,Fiction Bestseller,612.68,1.0,France,Debit Card,Mobile App,Delivered,612.68,2024-04,2,2024
ORD104024,CUST1324,2024-05-30,Home & Kitchen,Blender,1283.24,1.0,India,Cod,Mobile App,Delivered,1283.24,2024-05,2,2024
ORD103267,CUST934,2024-08-06,Electronics,USB-C Cable,1344.34,5.0,India,Credit Card,Mobile App,Delivered,6721.7,2024-08,3,2024
ORD104233,CUST1103,2024-09-13,Home & Kitchen,LED Desk Lamp,2315.78,1.0,India,Upi,Website,Returned,2315.78,2024-09,3,2024
ORD104343,CUST1178,2024-08-27,Electronics,Power Bank,2644.46,1.0,United Kingdom,Credit Card,Website,Delivered,2644.46,2024-08,3,2024
ORD104888,CUST47,2024-07-20,Home & Kitchen,Storage Containers,332.85,1.0,United Kingdom,Upi,Website,Delivered,332.85,2024-07,3,2024
ORD105777,CUST682,2024-06-19,Toys,Building Blocks Set,395.55,1.0,Germany,Paypal,Website,Delivered,395.55,2024-06,2,2024
ORD102247,CUST25,2024-08-26,Beauty,Face Serum,812.17,1.0,India,Upi,Website,Delivered,812.17,2024-08,3,2024
ORD100881,CUST1497,2024-09-25,Electronics,Wireless Earbuds,3043.93,2.0,India,Debit Card,Marketplace,Delivered,6087.86,2024-09,3,2024
ORD105453,CUST1429,2024-09-29,Toys,Puzzle 1000pc,1442.75,1.0,India,Credit Card,Website,Delivered,1442.75,2024-09,3,2024
ORD101057,CUST501,2024-02-25,Toys,Board Game,815.89,2.0,India,Cod,Website,Delivered,1631.78,2024-02,1,2024
ORD100418,CUST1036,2024-08-09,Electronics,Bluetooth Speaker,3752.76,1.0,Uae,Credit Card,Marketplace,Returned,3752.76,2024-08,3,2024
ORD103059,CUST997,2024-07-03,Electronics,Smartwatch,4960.79,1.0,India,Upi,Website,Delivered,4960.79,2024-07,3,2024
ORD104988,CUST1183,2024-08-27,Sports,Water Bottle,2376.38,1.0,United Kingdom,Cod,Mobile App,Delivered,2376.38,2024-08,3,2024
ORD102567,CUST787,2024-07-26,Electronics,Wireless Earbuds,685.24,1.0,United Kingdom,Net Banking,Marketplace,Delivered,685.24,2024-07,3,2024
ORD103904,CUST1729,2024-01-29,Electronics,USB-C Cable,2349.74,1.0,United Kingdom,Debit Card,Mobile App,Delivered,2349.74,2024-01,1,2024
ORD103488,CUST140,2024-03-11,Books,Cookbook,108.71,3.0,India,Upi,Website,Delivered,326.13,2024-03,1,2024
ORD101302,CUST126,2024-02-13,Electronics,Phone Case,3928.9,5.0,Uae,Credit Card,Marketplace,Delivered,19644.5,2024-02,1,2024
ORD100739,CUST1166,2024-05-27,Fashion,Running Shoes,1864.76,1.0,India,Cod,Mobile App,Delivered,1864.76,2024-05,2,2024
ORD102435,CUST349,2024-02-25,Sports,Yoga Mat,2274.94,1.0,France,Credit Card,Mobile App,Returned,2274.94,2024-02,1,2024
ORD105696,CUST289,2024-05-22,Fashion,Leather Wallet,1122.61,2.0,India,Debit Card,Marketplace,Delivered,2245.22,2024-05,2,2024
ORD101139,CUST858,2024-02-10,Beauty,Hair Dryer,1362.49,2.0,India,Upi,Mobile App,Delivered,2724.98,2024-02,1,2024
ORD101705,CUST220,2024-07-29,Beauty,Face Serum,812.17,1.0,India,Upi,Mobile App,Delivered,812.17,2024-07,3,2024
ORD101749,CUST1192,2024-06-30,Beauty,Lip Balm Set,566.5,1.0,Germany,Debit Card,Website,Cancelled,566.5,2024-06,2,2024
ORD104179,CUST1324,2024-04-15,Books,Self-Help Guide,449.42,1.0,India,Upi,Website,Delivered,449.42,2024-04,2,2024
ORD104918,CUST1452,2024-03-20,Fashion,Sunglasses,1916.85,2.0,India,Cod,Website,Delivered,3833.7,2024-03,1,2024
ORD100128,CUST413,2024-07-04,Electronics,Phone Case,3362.31,1.0,India,Credit Card,Marketplace,Delivered,3362.31,2024-07,3,2024
ORD105297,CUST711,2024-07-07,Books,Kids Picture Book,547.35,1.0,United Kingdom,Debit Card,Mobile App,Delivered,547.35,2024-07,3,2024
ORD105338,CUST171,2024-07-27,Electronics,USB-C Cable,843.41,1.0,India,Paypal,Website,Delivered,843.41,2024-07,3,2024
ORD102164,CUST369,2024-06-04,Home & Kitchen,Blender,1947.67,3.0,India,Debit Card,Mobile App,Delivered,5843.01,2024-06,2,2024
ORD102936,CUST1663,2024-05-09,Beauty,Lip Balm Set,596.63,1.0,Germany,Paypal,Website,Delivered,596.63,2024-05,2,2024
ORD101418,CUST503,2024-09-24,Electronics,Power Bank,565.74,1.0,India,Credit Card,Website,Delivered,565.74,2024-09,3,2024
ORD102702,CUST502,2024-05-03,Toys,Board Game,859.79,1.0,India,Credit Card,Mobile App,Cancelled,859.79,2024-05,2,2024
ORD102558,CUST1013,2024-04-18,Sports,Resistance Bands,2402.11,2.0,India,Credit Card,Marketplace,Delivered,4804.22,2024-04,2,2024
ORD102931,CUST788,2024-08-21,Electronics,USB-C Cable,878.6,1.0,India,Credit Card,Mobile App,Delivered,878.6,2024-08,3,2024
ORD101170,UNKNOWN,2024-01-02,Fashion,Leather Wallet,849.1,1.0,United States,Credit Card,Mobile App,Delivered,849.1,2024-01,1,2024
ORD101267,CUST1345,2024-04-19,Sports,Resistance Bands,1823.9,1.0,United Kingdom,Debit Card,Website,Delivered,1823.9,2024-04,2,2024
ORD101129,CUST107,2024-06-11,Fashion,Denim Jacket,2208.1,2.0,United Kingdom,Upi,Mobile App,Delivered,4416.2,2024-06,2,2024
ORD105744,CUST1145,2024-08-21,Books,Fiction Bestseller,770.74,4.0,India,Upi,Mobile App,Delivered,3082.96,2024-08,3,2024
ORD103284,CUST792,2024-01-03,Electronics,USB-C Cable,1655.09,1.0,United Kingdom,Debit Card,Website,Returned,1655.09,2024-01,1,2024
ORD103014,CUST766,2024-01-07,Electronics,Wireless Earbuds,1346.48,4.0,Germany,Credit Card,Website,Delivered,5385.92,2024-01,1,2024
ORD104685,CUST716,2024-04-08,Beauty,Sunscreen SPF50,171.9,1.0,India,Upi,Website,Delivered,171.9,2024-04,2,2024
ORD100908,CUST1039,2024-02-08,Beauty,Hair Dryer,784.08,1.0,France,Debit Card,Mobile App,Delivered,784.08,2024-02,1,2024
ORD101740,CUST1582,2024-09-12,Sports,Cycling Gloves,1455.52,1.0,India,Credit Card,Mobile App,Delivered,1455.52,2024-09,3,2024
ORD104726,CUST222,2024-04-14,Electronics,USB-C Cable,957.51,1.0,Uae,Credit Card,Marketplace,Delivered,957.51,2024-04,2,2024
ORD102090,CUST1288,2024-02-13,Fashion,Cotton T-Shirt,1192.22,1.0,India,Upi,Website,Delivered,1192.22,2024-02,1,2024
ORD103927,CUST565,2024-01-07,Beauty,Sunscreen SPF50,521.74,2.0,India,Debit Card,Website,Delivered,1043.48,2024-01,1,2024
ORD102938,CUST949,2024-05-13,Toys,RC Car,1837.04,1.0,Uae,Credit Card,Mobile App,Delivered,1837.04,2024-05,2,2024
ORD101446,CUST622,2024-01-21,Beauty,Face Serum,894.75,5.0,United Kingdom,Credit Card,Website,Delivered,4473.75,2024-01,1,2024
ORD103510,CUST1598,2024-03-30,Fashion,Running Shoes,2227.95,2.0,United Kingdom,Debit Card,Marketplace,Delivered,4455.9,2024-03,1,2024
ORD103756,CUST512,2024-04-21,Toys,RC Car,1087.35,1.0,India,Upi,Website,Cancelled,1087.35,2024-04,2,2024
ORD105188,CUST1798,2024-01-22,Home & Kitchen,Non-stick Pan Set,1824.4,1.0,United States,Upi,Website,Delivered,1824.4,2024-01,1,2024
ORD102453,CUST65,2024-08-22,Home & Kitchen,Non-stick Pan Set,3321.03,1.0,Germany,Credit Card,Mobile App,Returned,3321.03,2024-08,3,2024
ORD102102,CUST410,2024-09-07,Electronics,Smartwatch,2140.82,2.0,United States,Credit Card,Mobile App,Delivered,4281.64,2024-09,3,2024
ORD105045,CUST228,2024-03-25,Home & Kitchen,Air Fryer,804.3,1.0,United Kingdom,Paypal,Website,Cancelled,804.3,2024-03,1,2024
ORD102398,CUST1580,2024-07-14,Toys,Board Game,1207.23,1.0,United States,Paypal,Website,Returned,1207.23,2024-07,3,2024
ORD102436,CUST926,2024-03-06,Toys,Puzzle 1000pc,1401.86,1.0,India,Upi,Mobile App,Delivered,1401.86,2024-03,1,2024
ORD102438,CUST779,2024-09-26,Home & Kitchen,Storage Containers,734.22,2.0,France,Upi,Website,Delivered,1468.44,2024-09,3,2024
ORD101164,CUST1093,2024-08-04,Electronics,Power Bank,2320.56,1.0,Germany,Upi,Marketplace,Delivered,2320.56,2024-08,3,2024
ORD101074,CUST1757,2024-06-05,Toys,Puzzle 1000pc,1128.98,1.0,India,Upi,Mobile App,Delivered,1128.98,2024-06,2,2024
ORD105180,CUST1462,2024-07-22,Home & Kitchen,Storage Containers,1375.08,1.0,India,Unknown,Website,Delivered,1375.08,2024-07,3,2024
ORD104393,CUST1710,2024-08-18,Books,Kids Picture Book,340.02,2.0,Germany,Debit Card,Mobile App,Delivered,680.04,2024-08,3,2024
ORD101068,CUST666,2024-04-05,Home & Kitchen,Blender,1766.36,2.0,India,Upi,Marketplace,Delivered,3532.72,2024-04,2,2024
ORD102737,CUST1525,2024-03-22,Fashion,Cotton T-Shirt,2568.42,1.0,United States,Debit Card,Marketplace,Delivered,2568.42,2024-03,1,2024
ORD101349,CUST1589,2024-02-05,Home & Kitchen,Non-stick Pan Set,993.86,1.0,India,Debit Card,Website,Delivered,993.86,2024-02,1,2024
ORD105162,CUST1557,2024-01-05,Beauty,Sunscreen SPF50,326.33,5.0,,Upi,Website,Delivered,1631.6499999999999,2024-01,1,2024
ORD103648,CUST225,2024-02-18,Fashion,Denim Jacket,2554.16,1.0,India,Debit Card,Website,Delivered,2554.16,2024-02,1,2024
ORD104277,CUST740,2024-08-27,Home & Kitchen,Storage Containers,3305.96,2.0,India,Upi,Mobile App,Delivered,6611.92,2024-08,3,2024
ORD102093,CUST1762,2024-02-21,Electronics,Bluetooth Speaker,953.94,1.0,United States,Cod,Mobile App,Delivered,953.94,2024-02,1,2024
ORD101708,CUST536,2024-05-03,Electronics,Bluetooth Speaker,2873.78,1.0,United States,Paypal,Marketplace,Delivered,2873.78,2024-05,2,2024
ORD102208,CUST1653,2024-06-05,Beauty,Makeup Brush Kit,207.41,1.0,United States,Upi,Mobile App,Delivered,207.41,2024-06,2,2024
ORD100480,CUST726,2024-03-05,Home & Kitchen,Air Fryer,3481.7,1.0,India,Debit Card,Mobile App,Returned,3481.7,2024-03,1,2024
ORD102224,CUST349,2024-05-09,Fashion,Cotton T-Shirt,486.64,1.0,Uae,Credit Card,Marketplace,Delivered,486.64,2024-05,2,2024
ORD100300,CUST973,2024-01-26,Home & Kitchen,Air Fryer,2370.87,1.0,France,Cod,Website,Delivered,2370.87,2024-01,1,2024
ORD101063,CUST302,2024-06-10,Beauty,Hair Dryer,175.62,1.0,United Kingdom,Net Banking,Website,Cancelled,175.62,2024-06,2,2024
ORD102363,CUST113,2024-05-23,Fashion,Leather Wallet,2641.24,1.0,India,Upi,Mobile App,Delivered,2641.24,2024-05,2,2024
ORD105445,CUST647,2024-08-23,Electronics,USB-C Cable,3633.69,2.0,India,Upi,Website,Delivered,7267.38,2024-08,3,2024
ORD102543,CUST272,2024-02-25,Electronics,Bluetooth Speaker,558.28,3.0,United States,Upi,Website,Delivered,1674.84,2024-02,1,2024
ORD105467,CUST1273,2024-02-14,Beauty,Face Serum,613.02,2.0,India,Cod,Marketplace,Delivered,1226.04,2024-02,1,2024
ORD104628,CUST841,2024-08-12,Electronics,USB-C Cable,1642.18,1.0,United States,Upi,Website,Delivered,1642.18,2024-08,3,2024
ORD105194,CUST365,2024-02-21,Fashion,Denim Jacket,2453.14,2.0,United Kingdom,Credit Card,Mobile App,Delivered,4906.28,2024-02,1,2024
ORD104615,CUST399,2024-08-05,Beauty,Makeup Brush Kit,1353.35,2.0,India,Cod,Website,Delivered,2706.7,2024-08,3,2024
ORD102529,CUST505,2024-07-07,Home & Kitchen,Non-stick Pan Set,420.17,2.0,India,Debit Card,Mobile App,Delivered,840.34,2024-07,3,2024
ORD104344,CUST1210,2024-07-09,Electronics,Power Bank,3842.01,2.0,India,Credit Card,Mobile App,Delivered,7684.02,2024-07,3,2024
ORD103307,CUST1193,2024-03-05,Beauty,Hair Dryer,441.16,1.0,India,Cod,Website,Delivered,441.16,2024-03,1,2024
ORD103066,CUST297,2024-07-05,Toys,Puzzle 1000pc,481.63,1.0,United States,Credit Card,Website,Delivered,481.63,2024-07,3,2024
ORD104307,CUST1330,2024-07-04,Beauty,Face Serum,374.07,1.0,United Kingdom,Upi,Website,Delivered,374.07,2024-07,3,2024
ORD104525,CUST829,2024-07-16,Fashion,Running Shoes,1550.92,1.0,United States,Cod,Website,Delivered,1550.92,2024-07,3,2024
ORD105666,CUST501,2024-03-05,Electronics,USB-C Cable,4884.33,5.0,India,Credit Card,Marketplace,Delivered,24421.65,2024-03,1,2024
ORD102949,CUST194,2024-03-20,Beauty,Hair Dryer,1105.03,1.0,India,Debit Card,Marketplace,Returned,1105.03,2024-03,1,2024
ORD104616,CUST778,2024-02-05,Sports,Resistance Bands,2131.68,1.0,India,Unknown,Mobile App,Cancelled,2131.68,2024-02,1,2024
ORD103068,CUST184,2024-04-19,Electronics,Wireless Earbuds,3285.97,1.0,India,Credit Card,Website,Delivered,3285.97,2024-04,2,2024
ORD101967,CUST732,2024-03-28,Sports,Resistance Bands,964.36,2.0,United States,Upi,Website,Delivered,1928.72,2024-03,1,2024
ORD103363,CUST1412,2024-05-21,Electronics,Bluetooth Speaker,517.28,4.0,United Kingdom,Cod,Mobile App,Delivered,2069.12,2024-05,2,2024
ORD103153,CUST1294,2024-09-12,Home & Kitchen,LED Desk Lamp,2145.95,2.0,United States,Upi,Marketplace,Delivered,4291.9,2024-09,3,2024
ORD105571,UNKNOWN,2024-01-23,Books,Kids Picture Book,798.9,1.0,United States,Upi,Website,Delivered,798.9,2024-01,1,2024
ORD105323,UNKNOWN,2024-03-06,Home & Kitchen,Non-stick Pan Set,2831.69,3.0,India,Credit Card,Website,Cancelled,8495.07,2024-03,1,2024
ORD105665,CUST1047,2024-05-06,Beauty,Lip Balm Set,222.3,1.0,France,Credit Card,Marketplace,Delivered,222.3,2024-05,2,2024
ORD100914,CUST1321,2024-01-21,Fashion,Denim Jacket,293.7,2.0,France,Net Banking,Website,Delivered,587.4,2024-01,1,2024
ORD101452,CUST1262,2024-09-06,Toys,Puzzle 1000pc,1164.37,1.0,India,Cod,Marketplace,Delivered,1164.37,2024-09,3,2024
ORD100861,CUST957,2024-04-26,Electronics,Phone Case,592.34,1.0,Germany,Cod,Mobile App,Delivered,592.34,2024-04,2,2024
ORD101284,CUST1003,2024-09-02,Sports,Dumbbell Set,2146.58,3.0,India,Debit Card,Website,Delivered,6439.74,2024-09,3,2024
ORD105533,CUST308,2024-07-30,Fashion,Leather Wallet,970.25,1.0,India,Cod,Mobile App,Delivered,970.25,2024-07,3,2024
ORD103428,CUST392,2024-01-04,Fashion,Denim Jacket,1670.87,1.0,Uae,Debit Card,Website,Delivered,1670.87,2024-01,1,2024
ORD105924,CUST1706,2024-05-13,Electronics,Smartwatch,3405.08,1.0,France,Upi,Website,Delivered,3405.08,2024-05,2,2024
ORD100047,CUST724,2024-02-07,Fashion,Denim Jacket,1682.55,2.0,United States,Credit Card,Mobile App,Delivered,3365.1,2024-02,1,2024
ORD104509,CUST411,2024-02-27,Electronics,Bluetooth Speaker,977.45,3.0,United States,Cod,Website,Delivered,2932.3500000000004,2024-02,1,2024
ORD105421,CUST1604,2024-07-30,Beauty,Sunscreen SPF50,1046.68,1.0,United States,Upi,Website,Delivered,1046.68,2024-07,3,2024
ORD100419,CUST1314,2024-02-13,Books,Cookbook,583.35,1.0,India,Paypal,Mobile App,Delivered,583.35,2024-02,1,2024
ORD102469,CUST1519,2024-06-23,Electronics,Phone Case,3433.15,2.0,Uae,Credit Card,Mobile App,Delivered,6866.3,2024-06,2,2024
ORD100103,CUST1358,2024-05-15,Fashion,Sunglasses,996.64,2.0,India,Upi,Marketplace,Delivered,1993.28,2024-05,2,2024
ORD102995,CUST594,2024-06-16,Fashion,Running Shoes,1792.44,1.0,India,Upi,Website,Delivered,1792.44,2024-06,2,2024
ORD102349,CUST1133,2024-03-12,Books,Kids Picture Book,234.39,1.0,Uae,Credit Card,Mobile App,Delivered,234.39,2024-03,1,2024
ORD104676,CUST714,2024-09-18,Home & Kitchen,Non-stick Pan Set,547.29,1.0,India,Paypal,Website,Delivered,547.29,2024-09,3,2024
ORD100192,CUST404,2024-01-17,Sports,Resistance Bands,331.72,1.0,United Kingdom,Credit Card,Mobile App,Delivered,331.72,2024-01,1,2024
ORD103817,UNKNOWN,2024-08-17,Toys,Puzzle 1000pc,525.17,2.0,,Upi,Website,Returned,1050.34,2024-08,3,2024
ORD104038,CUST151,2024-07-30,Fashion,Denim Jacket,631.73,1.0,France,Paypal,Mobile App,Delivered,631.73,2024-07,3,2024
ORD100648,CUST1009,2024-06-16,Beauty,Makeup Brush Kit,1041.67,1.0,India,Debit Card,Marketplace,Delivered,1041.67,2024-06,2,2024
ORD101808,CUST1440,2024-03-22,Sports,Water Bottle,616.37,4.0,United Kingdom,Upi,Website,Cancelled,2465.48,2024-03,1,2024
ORD105004,CUST1601,2024-05-16,Fashion,Running Shoes,621.08,1.0,India,Debit Card,Marketplace,Delivered,621.08,2024-05,2,2024
ORD102193,CUST1594,2024-03-21,Fashion,Denim Jacket,2019.85,1.0,,Upi,Mobile App,Delivered,2019.85,2024-03,1,2024
ORD100669,CUST288,2024-07-12,Electronics,Phone Case,899.18,1.0,United States,Cod,Mobile App,Delivered,899.18,2024-07,3,2024
ORD103628,UNKNOWN,2024-09-15,Home & Kitchen,LED Desk Lamp,2313.82,2.0,India,Debit Card,Website,Cancelled,4627.64,2024-09,3,2024
ORD102209,CUST1516,2024-03-15,Beauty,Sunscreen SPF50,1177.16,1.0,United States,Upi,Mobile App,Delivered,1177.16,2024-03,1,2024
ORD104543,CUST504,2024-04-10,Electronics,Wireless Earbuds,2334.31,2.0,India,Paypal,Mobile App,Delivered,4668.62,2024-04,2,2024
ORD103317,CUST1600,2024-04-02,Sports,Resistance Bands,1136.5,1.0,India,Credit Card,Website,Delivered,1136.5,2024-04,2,2024
ORD105446,CUST1198,2024-09-05,Toys,Puzzle 1000pc,1119.61,1.0,India,Debit Card,Marketplace,Delivered,1119.61,2024-09,3,2024
ORD105807,CUST68,2024-04-26,Fashion,Running Shoes,2765.81,1.0,France,Debit Card,Marketplace,Delivered,2765.81,2024-04,2,2024
ORD102804,CUST1663,2024-04-02,Home & Kitchen,Non-stick Pan Set,3314.77,1.0,Germany,Upi,Mobile App,Delivered,3314.77,2024-04,2,2024
ORD105149,CUST474,2024-02-04,Electronics,Wireless Earbuds,770.89,1.0,India,Paypal,Website,Cancelled,770.89,2024-02,1,2024
ORD100652,CUST1145,2024-06-21,Sports,Resistance Bands,1493.07,1.0,Uae,Cod,Mobile App,Delivered,1493.07,2024-06,2,2024
ORD103677,CUST1764,2024-05-08,Sports,Cycling Gloves,798.4,1.0,India,Credit Card,Marketplace,Returned,798.4,2024-05,2,2024
ORD105268,CUST262,2024-02-07,Beauty,Sunscreen SPF50,909.98,1.0,India,Cod,Website,Delivered,909.98,2024-02,1,2024
ORD102096,CUST465,2024-03-21,Home & Kitchen,Storage Containers,2081.48,1.0,United States,Upi,Mobile App,Returned,2081.48,2024-03,1,2024
ORD105947,CUST1762,2024-03-13,Toys,Building Blocks Set,1162.77,1.0,India,Upi,Website,Delivered,1162.77,2024-03,1,2024
ORD101634,CUST1352,2024-08-11,Electronics,Smartwatch,2874.07,1.0,India,Upi,Website,Delivered,2874.07,2024-08,3,2024
ORD103983,CUST888,2024-06-14,Beauty,Sunscreen SPF50,823.65,2.0,India,Paypal,Website,Delivered,1647.3,2024-06,2,2024
ORD105050,CUST452,2024-04-05,Fashion,Leather Wallet,1182.36,1.0,India,Paypal,Marketplace,Delivered,1182.36,2024-04,2,2024
ORD102943,CUST107,2024-03-22,Electronics,USB-C Cable,4314.34,1.0,United Kingdom,Credit Card,Website,Delivered,4314.34,2024-03,1,2024
ORD100631,CUST513,2024-01-08,Home & Kitchen,Storage Containers,2225.94,2.0,United States,Net Banking,Website,Cancelled,4451.88,2024-01,1,2024
ORD103031,CUST219,2024-09-11,Sports,Resistance Bands,2426.06,1.0,India,Upi,Marketplace,Delivered,2426.06,2024-09,3,2024
ORD101568,CUST1227,2024-02-18,Fashion,Running Shoes,1594.03,1.0,United Kingdom,Credit Card,Mobile App,Delivered,1594.03,2024-02,1,2024
ORD102526,CUST1654,2024-09-20,Sports,Dumbbell Set,641.73,1.0,United States,Paypal,Mobile App,Returned,641.73,2024-09,3,2024
ORD101078,CUST1717,2024-02-23,Electronics,Wireless Earbuds,3668.31,2.0,India,Upi,Website,Delivered,7336.62,2024-02,1,2024
ORD105039,CUST774,2024-05-18,Books,Cookbook,551.86,1.0,,Net Banking,Mobile App,Delivered,551.86,2024-05,2,2024
ORD102510,CUST354,2024-02-25,Electronics,Wireless Earbuds,1097.56,1.0,India,Upi,Mobile App,Delivered,1097.56,2024-02,1,2024
ORD102182,CUST62,2024-01-01,Electronics,Wireless Earbuds,986.91,1.0,India,Credit Card,Website,Delivered,986.91,2024-01,1,2024
ORD104695,CUST60,2024-03-12,Electronics,Wireless Earbuds,4396.33,3.0,India,Upi,Mobile App,Delivered,13188.99,2024-03,1,2024
ORD102937,CUST21,2024-02-02,Beauty,Makeup Brush Kit,1221.45,2.0,India,Debit Card,Marketplace,Delivered,2442.9,2024-02,1,2024
ORD104533,CUST1097,2024-04-03,Home & Kitchen,Storage Containers,2774.37,2.0,India,Credit Card,Website,Delivered,5548.74,2024-04,2,2024
ORD100780,CUST1018,2024-07-28,Beauty,Makeup Brush Kit,833.77,2.0,United Kingdom,Credit Card,Marketplace,Delivered,1667.54,2024-07,3,2024
ORD100519,CUST7,2024-07-26,Sports,Cycling Gloves,886.73,2.0,United Kingdom,Cod,Mobile App,Delivered,1773.46,2024-07,3,2024
ORD100984,CUST706,2024-04-25,Toys,Board Game,1115.1,4.0,India,Net Banking,Website,Delivered,4460.4,2024-04,2,2024
ORD105134,CUST533,2024-09-06,Electronics,Smartwatch,2984.76,2.0,United States,Credit Card,Website,Delivered,5969.52,2024-09,3,2024
ORD101458,CUST1387,2024-06-24,Books,Kids Picture Book,531.6,1.0,United Kingdom,Upi,Marketplace,Delivered,531.6,2024-06,2,2024
ORD103681,CUST1519,2024-01-31,Electronics,Power Bank,4133.92,1.0,Uae,Upi,Website,Delivered,4133.92,2024-01,1,2024
ORD102442,CUST1585,2024-06-20,Electronics,Smartwatch,2274.36,1.0,India,Upi,Website,Delivered,2274.36,2024-06,2,2024
ORD100127,CUST860,2024-02-19,Electronics,Bluetooth Speaker,984.75,1.0,India,Upi,Marketplace,Delivered,984.75,2024-02,1,2024
ORD102009,CUST819,2024-05-14,Sports,Dumbbell Set,852.84,1.0,Germany,Upi,Website,Delivered,852.84,2024-05,2,2024
ORD104792,CUST414,2024-05-09,Toys,Puzzle 1000pc,1902.52,1.0,United Kingdom,Debit Card,Website,Delivered,1902.52,2024-05,2,2024
ORD105312,CUST540,2024-01-08,Home & Kitchen,Non-stick Pan Set,2533.43,2.0,United States,Upi,Mobile App,Returned,5066.86,2024-01,1,2024
ORD100892,CUST1157,2024-03-13,Beauty,Makeup Brush Kit,1446.49,1.0,India,Credit Card,Mobile App,Returned,1446.49,2024-03,1,2024
ORD105245,CUST188,2024-07-17,Home & Kitchen,Air Fryer,3081.84,1.0,France,Upi,Mobile App,Delivered,3081.84,2024-07,3,2024
ORD102030,CUST933,2024-01-30,Toys,RC Car,1688.13,2.0,India,Unknown,Mobile App,Delivered,3376.26,2024-01,1,2024
ORD102299,CUST261,2024-03-27,Electronics,Wireless Earbuds,2947.77,1.0,India,Cod,Mobile App,Cancelled,2947.77,2024-03,1,2024
ORD101320,CUST1623,2024-08-16,Books,Cookbook,195.95,1.0,Germany,Net Banking,Mobile App,Returned,195.95,2024-08,3,2024
ORD100036,CUST1485,2024-01-06,Electronics,Wireless Earbuds,2365.69,1.0,United Kingdom,Upi,Marketplace,Cancelled,2365.69,2024-01,1,2024
ORD103398,CUST915,2024-07-11,Books,Cookbook,258.94,1.0,India,Upi,Marketplace,Delivered,258.94,2024-07,3,2024
ORD104472,CUST1142,2024-03-17,Sports,Yoga Mat,2192.39,2.0,United States,Net Banking,Mobile App,Delivered,4384.78,2024-03,1,2024
ORD100989,CUST139,2024-05-13,Beauty,Makeup Brush Kit,1201.1,5.0,India,Net Banking,Mobile App,Returned,6005.5,2024-05,2,2024
ORD100816,CUST138,2024-01-26,Sports,Resistance Bands,1129.06,1.0,India,Credit Card,Website,Delivered,1129.06,2024-01,1,2024
ORD104488,CUST1771,2024-03-15,Electronics,Wireless Earbuds,4510.61,1.0,India,Debit Card,Marketplace,Delivered,4510.61,2024-03,1,2024
ORD103990,CUST732,2024-03-31,Sports,Yoga Mat,2132.34,2.0,India,Net Banking,Mobile App,Delivered,4264.68,2024-03,1,2024
ORD100063,CUST29,2024-02-10,Electronics,Power Bank,581.76,1.0,India,Upi,Mobile App,Returned,581.76,2024-02,1,2024
ORD103276,CUST1353,2024-03-02,Fashion,Denim Jacket,757.98,1.0,France,Debit Card,Mobile App,Delivered,757.98,2024-03,1,2024
ORD101930,CUST470,2024-07-18,Sports,Water Bottle,1160.26,1.0,United States,Debit Card,Website,Delivered,1160.26,2024-07,3,2024
ORD101272,CUST737,2024-06-29,Home & Kitchen,Non-stick Pan Set,3128.35,1.0,India,Credit Card,Website,Returned,3128.35,2024-06,2,2024
ORD103992,CUST448,2024-03-01,Electronics,Smartwatch,3122.79,1.0,,Debit Card,Website,Delivered,3122.79,2024-03,1,2024
ORD105436,CUST1047,2024-03-09,Beauty,Face Serum,1255.21,1.0,India,Cod,Mobile App,Delivered,1255.21,2024-03,1,2024
ORD105650,CUST1725,2024-08-10,Electronics,USB-C Cable,1618.44,1.0,United States,Net Banking,Website,Delivered,1618.44,2024-08,3,2024
ORD104252,CUST174,2024-04-10,Electronics,Phone Case,4507.14,1.0,India,Credit Card,Website,Delivered,4507.14,2024-04,2,2024
ORD100190,CUST1630,2024-03-26,Beauty,Face Serum,368.64,2.0,United States,Cod,Marketplace,Delivered,737.28,2024-03,1,2024
ORD103405,CUST215,2024-03-16,Electronics,Phone Case,685.78,1.0,United Kingdom,Credit Card,Mobile App,Delivered,685.78,2024-03,1,2024
ORD101185,CUST954,2024-05-22,Books,Self-Help Guide,226.9,1.0,United Kingdom,Credit Card,Marketplace,Delivered,226.9,2024-05,2,2024
ORD102966,CUST90,2024-01-27,Beauty,Lip Balm Set,328.27,3.0,India,Paypal,Marketplace,Delivered,984.81,2024-01,1,2024
ORD104754,CUST1505,2024-06-22,Beauty,Hair Dryer,946.07,1.0,India,Upi,Marketplace,Delivered,946.07,2024-06,2,2024
ORD100444,CUST1463,2024-06-01,Electronics,Phone Case,4797.29,1.0,India,Upi,Website,Returned,4797.29,2024-06,2,2024
ORD103775,CUST185,2024-08-02,Home & Kitchen,LED Desk Lamp,1929.29,1.0,India,Upi,Mobile App,Delivered,1929.29,2024-08,3,2024
ORD104152,CUST1531,2024-06-28,Sports,Yoga Mat,1833.83,1.0,India,Debit Card,Website,Delivered,1833.83,2024-06,2,2024
ORD100398,CUST551,2024-02-19,Fashion,Denim Jacket,564.88,2.0,India,Net Banking,Mobile App,Delivered,1129.76,2024-02,1,2024
ORD101651,CUST1521,2024-01-09,Beauty,Lip Balm Set,274.06,1.0,India,Debit Card,Marketplace,Cancelled,274.06,2024-01,1,2024
ORD100658,CUST573,2024-06-26,Electronics,USB-C Cable,4367.49,1.0,United States,Credit Card,Website,Delivered,4367.49,2024-06,2,2024
ORD102008,CUST1233,2024-08-25,Sports,Yoga Mat,1093.48,1.0,France,Credit Card,Website,Delivered,1093.48,2024-08,3,2024
ORD101353,CUST742,2024-01-26,Electronics,USB-C Cable,4562.4,1.0,India,Credit Card,Website,Delivered,4562.4,2024-01,1,2024
ORD101697,CUST197,2024-01-19,Sports,Cycling Gloves,2069.15,1.0,India,Paypal,Website,Delivered,2069.15,2024-01,1,2024
ORD100126,CUST1246,2024-05-28,Toys,Building Blocks Set,701.26,1.0,Uae,Net Banking,Mobile App,Delivered,701.26,2024-05,2,2024
ORD105410,CUST745,2024-04-18,Electronics,Smartwatch,1241.09,2.0,Germany,Upi,Marketplace,Delivered,2482.18,2024-04,2,2024
ORD100188,CUST1259,2024-06-04,Beauty,Face Serum,1473.61,2.0,United States,Credit Card,Mobile App,Delivered,2947.22,2024-06,2,2024
ORD105529,CUST74,2024-09-27,Sports,Cycling Gloves,1598.92,4.0,Germany,Unknown,Website,Delivered,6395.68,2024-09,3,2024
ORD101070,CUST240,2024-08-23,Electronics,Bluetooth Speaker,3424.7,1.0,India,Debit Card,Mobile App,Delivered,3424.7,2024-08,3,2024
ORD101631,CUST1544,2024-03-08,Electronics,Wireless Earbuds,1096.72,1.0,India,Credit Card,Website,Cancelled,1096.72,2024-03,1,2024
ORD102934,CUST225,2024-05-21,Fashion,Leather Wallet,2300.13,1.0,India,Upi,Mobile App,Cancelled,2300.13,2024-05,2,2024
ORD103696,CUST924,2024-05-26,Fashion,Sunglasses,781.6,1.0,United States,Cod,Website,Delivered,781.6,2024-05,2,2024
ORD105251,CUST1315,2024-05-13,Beauty,Hair Dryer,1476.55,3.0,India,Debit Card,Mobile App,Delivered,4429.65,2024-05,2,2024
ORD101033,CUST259,2024-03-03,Electronics,Power Bank,4244.18,1.0,India,Credit Card,Website,Delivered,4244.18,2024-03,1,2024
ORD103501,UNKNOWN,2024-04-22,Electronics,Smartwatch,852.15,1.0,India,Credit Card,Website,Delivered,852.15,2024-04,2,2024
ORD105863,CUST269,2024-07-07,Fashion,Denim Jacket,791.96,2.0,United States,Credit Card,Mobile App,Delivered,1583.92,2024-07,3,2024
ORD105100,CUST744,2024-08-28,Toys,Puzzle 1000pc,1744.75,1.0,India,Credit Card,Website,Returned,1744.75,2024-08,3,2024
ORD102364,CUST384,2024-08-06,Electronics,Wireless Earbuds,3569.46,1.0,India,Debit Card,Website,Delivered,3569.46,2024-08,3,2024
ORD102464,CUST1519,2024-09-06,Sports,Yoga Mat,1670.18,2.0,India,Net Banking,Marketplace,Delivered,3340.36,2024-09,3,2024
ORD102088,CUST1310,2024-01-04,Home & Kitchen,Non-stick Pan Set,3424.88,2.0,India,Cod,Marketplace,Delivered,6849.76,2024-01,1,2024
ORD100473,CUST33,2024-03-01,Books,Self-Help Guide,326.99,2.0,India,Credit Card,Website,Cancelled,653.98,2024-03,1,2024
ORD100306,CUST221,2024-02-11,Sports,Resistance Bands,1605.79,1.0,India,Credit Card,Website,Delivered,1605.79,2024-02,1,2024
ORD105179,CUST134,2024-03-27,Fashion,Sunglasses,2035.71,2.0,Germany,Net Banking,Marketplace,Delivered,4071.42,2024-03,1,2024
ORD103229,CUST1722,2024-04-03,Home & Kitchen,Air Fryer,3186.05,2.0,France,Upi,Mobile App,Returned,6372.1,2024-04,2,2024
ORD102647,CUST42,2024-09-02,Sports,Dumbbell Set,1804.45,1.0,India,Net Banking,Mobile App,Delivered,1804.45,2024-09,3,2024
ORD105802,CUST1194,2024-01-26,Electronics,Smartwatch,3961.84,1.0,India,Credit Card,Marketplace,Returned,3961.84,2024-01,1,2024
ORD105522,CUST1695,2024-02-02,Electronics,USB-C Cable,2462.8,2.0,India,Upi,Website,Delivered,4925.6,2024-02,1,2024
ORD104554,CUST800,2024-02-19,Beauty,Face Serum,763.25,1.0,United States,Credit Card,Marketplace,Returned,763.25,2024-02,1,2024
ORD105585,CUST603,2024-09-15,Home & Kitchen,Storage Containers,1075.23,1.0,,Credit Card,Marketplace,Delivered,1075.23,2024-09,3,2024
ORD105531,CUST1245,2024-09-19,Home & Kitchen,Blender,2707.43,1.0,United States,Net Banking,Marketplace,Returned,2707.43,2024-09,3,2024
ORD102050,CUST1227,2024-04-23,Fashion,Cotton T-Shirt,2871.27,1.0,India,Debit Card,Website,Delivered,2871.27,2024-04,2,2024
ORD105990,CUST1443,2024-04-20,Electronics,USB-C Cable,785.67,1.0,France,Net Banking,Website,Delivered,785.67,2024-04,2,2024
ORD101161,CUST365,2024-08-16,Toys,Puzzle 1000pc,1524.63,1.0,United States,Upi,Website,Cancelled,1524.63,2024-08,3,2024
ORD102553,CUST421,2024-02-07,Toys,RC Car,402.0,1.0,United States,Cod,Mobile App,Delivered,402.0,2024-02,1,2024
ORD100156,CUST892,2024-08-20,Home & Kitchen,LED Desk Lamp,1702.32,1.0,India,Credit Card,Mobile App,Delivered,1702.32,2024-08,3,2024
ORD101407,CUST51,2024-03-17,Beauty,Face Serum,569.88,1.0,France,Upi,Website,Delivered,569.88,2024-03,1,2024
ORD105440,CUST1196,2024-02-01,Electronics,USB-C Cable,1412.96,1.0,United Kingdom,Debit Card,Marketplace,Delivered,1412.96,2024-02,1,2024
ORD101181,CUST952,2024-07-26,Beauty,Sunscreen SPF50,796.37,1.0,United States,Debit Card,Mobile App,Delivered,796.37,2024-07,3,2024
ORD104652,CUST563,2024-04-18,Electronics,Wireless Earbuds,1627.89,1.0,United States,Upi,Mobile App,Delivered,1627.89,2024-04,2,2024
ORD103147,CUST545,2024-05-02,Fashion,Cotton T-Shirt,2366.96,2.0,India,Credit Card,Mobile App,Returned,4733.92,2024-05,2,2024
ORD100311,CUST1750,2024-01-15,Fashion,Cotton T-Shirt,1664.54,2.0,United Kingdom,Cod,Marketplace,Delivered,3329.08,2024-01,1,2024
ORD102024,CUST670,2024-03-05,Home & Kitchen,Storage Containers,3092.52,4.0,,Credit Card,Website,Delivered,12370.08,2024-03,1,2024
ORD103047,CUST290,2024-04-25,Beauty,Hair Dryer,1362.34,1.0,United States,Credit Card,Marketplace,Delivered,1362.34,2024-04,2,2024
ORD102141,UNKNOWN,2024-06-30,Toys,Board Game,810.56,2.0,United Kingdom,Credit Card,Marketplace,Delivered,1621.12,2024-06,2,2024
ORD102338,CUST904,2024-09-13,Toys,Puzzle 1000pc,1358.23,1.0,Germany,Unknown,Mobile App,Delivered,1358.23,2024-09,3,2024
ORD105344,CUST333,2024-07-28,Fashion,Sunglasses,209.84,1.0,United Kingdom,Upi,Mobile App,Delivered,209.84,2024-07,3,2024
ORD104435,CUST666,2024-04-06,Electronics,Phone Case,2473.73,2.0,Uae,Credit Card,Mobile App,Delivered,4947.46,2024-04,2,2024
ORD100174,CUST1077,2024-03-14,Fashion,Denim Jacket,543.18,1.0,United States,Upi,Website,Delivered,543.18,2024-03,1,2024
ORD105109,CUST754,2024-03-12,Beauty,Makeup Brush Kit,535.93,2.0,India,Debit Card,Website,Delivered,1071.86,2024-03,1,2024
ORD100412,CUST404,2024-04-12,Sports,Yoga Mat,1830.38,1.0,India,Upi,Website,Delivered,1830.38,2024-04,2,2024
ORD100229,CUST104,2024-09-12,Beauty,Sunscreen SPF50,1289.58,1.0,Germany,Paypal,Website,Returned,1289.58,2024-09,3,2024
ORD102310,CUST447,2024-05-21,Electronics,USB-C Cable,4899.04,1.0,United Kingdom,Upi,Website,Delivered,4899.04,2024-05,2,2024
ORD102322,CUST228,2024-04-30,Beauty,Lip Balm Set,760.17,1.0,India,Upi,Mobile App,Delivered,760.17,2024-04,2,2024
ORD105178,CUST1518,2024-01-12,Sports,Resistance Bands,1378.71,3.0,France,Credit Card,Website,Delivered,4136.13,2024-01,1,2024
ORD105518,CUST158,2024-05-08,Fashion,Leather Wallet,2818.24,1.0,India,Paypal,Mobile App,Delivered,2818.24,2024-05,2,2024
ORD100253,CUST183,2024-04-25,Electronics,USB-C Cable,1356.74,1.0,India,Net Banking,Mobile App,Delivered,1356.74,2024-04,2,2024
ORD104068,CUST505,2024-02-23,Books,Kids Picture Book,324.58,3.0,United States,Upi,Website,Delivered,973.74,2024-02,1,2024
ORD100371,CUST474,2024-08-03,Fashion,Cotton T-Shirt,2471.56,1.0,Germany,Credit Card,Website,Delivered,2471.56,2024-08,3,2024
ORD102886,CUST527,2024-04-29,Fashion,Sunglasses,1761.04,1.0,United Kingdom,Credit Card,Marketplace,Delivered,1761.04,2024-04,2,2024
ORD101512,CUST620,2024-09-24,Books,Fiction Bestseller,320.28,1.0,India,Upi,Mobile App,Cancelled,320.28,2024-09,3,2024
ORD100531,CUST1110,2024-01-13,Beauty,Face Serum,812.17,1.0,India,Upi,Marketplace,Delivered,812.17,2024-01,1,2024
ORD103886,UNKNOWN,2024-01-31,Books,Fiction Bestseller,454.37,2.0,France,Credit Card,Mobile App,Delivered,908.74,2024-01,1,2024
ORD103615,CUST1135,2024-05-13,Sports,Water Bottle,2091.34,1.0,United States,Upi,Website,Delivered,2091.34,2024-05,2,2024
ORD104794,CUST357,2024-08-22,Books,Fiction Bestseller,197.87,1.0,United States,Debit Card,Website,Cancelled,197.87,2024-08,3,2024
ORD100654,CUST117,2024-01-06,Books,Cookbook,760.46,1.0,United States,Credit Card,Website,Delivered,760.46,2024-01,1,2024
ORD101333,CUST1648,2024-06-14,Books,Self-Help Guide,360.33,1.0,United States,Upi,Website,Delivered,360.33,2024-06,2,2024
ORD100555,CUST464,2024-02-04,Sports,Cycling Gloves,865.04,1.0,Uae,Credit Card,Mobile App,Delivered,865.04,2024-02,1,2024
ORD100676,CUST471,2024-06-24,Electronics,Phone Case,3492.1,4.0,India,Upi,Mobile App,Delivered,13968.4,2024-06,2,2024
ORD105229,CUST869,2024-02-09,Sports,Resistance Bands,1610.7,1.0,United States,Credit Card,Mobile App,Delivered,1610.7,2024-02,1,2024
ORD103614,CUST1736,2024-07-03,Beauty,Hair Dryer,1261.18,1.0,Uae,Upi,Website,Delivered,1261.18,2024-07,3,2024
ORD101460,CUST57,2024-06-30,Toys,Puzzle 1000pc,596.66,1.0,India,Credit Card,Mobile App,Delivered,596.66,2024-06,2,2024
ORD102140,CUST823,2024-06-03,Sports,Cycling Gloves,1587.53,1.0,India,Upi,Website,Delivered,1587.53,2024-06,2,2024
ORD101491,CUST1746,2024-04-15,Beauty,Face Serum,1095.96,1.0,United States,Cod,Website,Delivered,1095.96,2024-04,2,2024
ORD101180,CUST1574,2024-02-08,Electronics,Wireless Earbuds,3681.22,2.0,,Upi,Website,Delivered,7362.44,2024-02,1,2024
ORD100032,CUST348,2024-04-26,Books,Cookbook,433.4,1.0,Uae,Credit Card,Mobile App,Delivered,433.4,2024-04,2,2024
ORD102978,CUST8,2024-07-22,Toys,Board Game,1584.08,1.0,Germany,Upi,Mobile App,Delivered,1584.08,2024-07,3,2024
ORD105740,CUST1354,2024-09-09,Sports,Yoga Mat,2398.34,1.0,India,Upi,Mobile App,Delivered,2398.34,2024-09,3,2024
ORD105649,CUST1775,2024-04-16,Books,Self-Help Guide,183.2,1.0,India,Unknown,Mobile App,Delivered,183.2,2024-04,2,2024
ORD105047,CUST480,2024-01-22,Home & Kitchen,LED Desk Lamp,1318.19,1.0,,Paypal,Website,Returned,1318.19,2024-01,1,2024
ORD100060,CUST1075,2024-06-13,Beauty,Sunscreen SPF50,1236.18,1.0,India,Debit Card,Website,Delivered,1236.18,2024-06,2,2024
ORD101576,CUST433,2024-04-23,Fashion,Cotton T-Shirt,490.78,1.0,United States,Cod,Website,Delivered,490.78,2024-04,2,2024
ORD101350,CUST1587,2024-07-14,Electronics,Wireless Earbuds,914.81,1.0,India,Upi,Mobile App,Delivered,914.81,2024-07,3,2024
ORD101890,CUST1233,2024-01-09,Electronics,Bluetooth Speaker,988.19,1.0,India,Credit Card,Mobile App,Delivered,988.19,2024-01,1,2024
ORD101679,UNKNOWN,2024-04-23,Fashion,Sunglasses,1536.14,3.0,United States,Net Banking,Website,Delivered,4608.42,2024-04,2,2024
ORD105106,CUST1365,2024-05-02,Books,Fiction Bestseller,188.99,1.0,India,Credit Card,Website,Delivered,188.99,2024-05,2,2024
ORD105827,CUST1440,2024-03-27,Beauty,Hair Dryer,1299.51,2.0,India,Upi,Marketplace,Cancelled,2599.02,2024-03,1,2024
ORD103419,CUST765,2024-01-02,Sports,Yoga Mat,2142.95,1.0,India,Credit Card,Marketplace,Delivered,2142.95,2024-01,1,2024
ORD102339,UNKNOWN,2024-01-20,Sports,Yoga Mat,766.88,1.0,,Upi,Marketplace,Delivered,766.88,2024-01,1,2024
ORD101130,CUST1413,2024-08-13,Electronics,Smartwatch,842.13,4.0,United States,Credit Card,Marketplace,Returned,3368.52,2024-08,3,2024
ORD103920,CUST335,2024-05-16,Home & Kitchen,Storage Containers,1925.37,1.0,Uae,Credit Card,Marketplace,Delivered,1925.37,2024-05,2,2024
ORD101591,CUST899,2024-06-16,Toys,Board Game,1171.52,1.0,United States,Unknown,Marketplace,Delivered,1171.52,2024-06,2,2024
ORD105231,CUST705,2024-05-24,Sports,Yoga Mat,249.49,4.0,,Net Banking,Marketplace,Delivered,997.96,2024-05,2,2024
ORD104537,CUST1509,2024-08-08,Electronics,Wireless Earbuds,2948.68,1.0,France,Credit Card,Mobile App,Delivered,2948.68,2024-08,3,2024
ORD101546,CUST765,2024-01-10,Fashion,Leather Wallet,2808.38,1.0,India,Debit Card,Mobile App,Delivered,2808.38,2024-01,1,2024
ORD103465,CUST909,2024-08-09,Home & Kitchen,Storage Containers,1078.88,1.0,India,Upi,Website,Delivered,1078.88,2024-08,3,2024
ORD103404,CUST356,2024-06-07,Home & Kitchen,Non-stick Pan Set,1486.5,4.0,India,Credit Card,Website,Delivered,5946.0,2024-06,2,2024
ORD103119,CUST892,2024-01-06,Beauty,Sunscreen SPF50,197.56,1.0,India,Upi,Mobile App,Delivered,197.56,2024-01,1,2024
ORD101390,CUST407,2024-01-13,Electronics,USB-C Cable,1644.6,1.0,,Upi,Mobile App,Delivered,1644.6,2024-01,1,2024
ORD102989,CUST1604,2024-05-15,Home & Kitchen,Air Fryer,653.41,1.0,France,Paypal,Website,Delivered,653.41,2024-05,2,2024
ORD103360,CUST615,2024-01-17,Fashion,Denim Jacket,2493.26,1.0,,Upi,Website,Delivered,2493.26,2024-01,1,2024
ORD101053,CUST1198,2024-03-01,Books,Kids Picture Book,262.28,1.0,United Kingdom,Credit Card,Marketplace,Delivered,262.28,2024-03,1,2024
ORD102370,CUST355,2024-07-09,Fashion,Cotton T-Shirt,2795.53,1.0,United Kingdom,Debit Card,Website,Delivered,2795.53,2024-07,3,2024
ORD102471,CUST1622,2024-09-04,Electronics,USB-C Cable,2410.02,1.0,India,Credit Card,Website,Delivered,2410.02,2024-09,3,2024
ORD102342,CUST1586,2024-09-16,Home & Kitchen,Air Fryer,2191.39,2.0,United States,Upi,Marketplace,Delivered,4382.78,2024-09,3,2024
ORD103960,CUST1100,2024-04-10,Beauty,Sunscreen SPF50,981.23,1.0,United Kingdom,Upi,Mobile App,Delivered,981.23,2024-04,2,2024
ORD101510,CUST878,2024-04-05,Toys,Building Blocks Set,1268.84,2.0,India,Debit Card,Website,Delivered,2537.68,2024-04,2,2024
ORD100218,CUST938,2024-07-19,Toys,RC Car,868.97,1.0,India,Debit Card,Website,Delivered,868.97,2024-07,3,2024
ORD104977,CUST862,2024-02-25,Beauty,Lip Balm Set,399.37,1.0,,Cod,Marketplace,Delivered,399.37,2024-02,1,2024
ORD101750,CUST1572,2024-03-08,Sports,Yoga Mat,264.12,1.0,India,Upi,Website,Delivered,264.12,2024-03,1,2024
ORD105901,CUST929,2024-09-20,Electronics,Phone Case,2566.9,1.0,Uae,Cod,Mobile App,Delivered,2566.9,2024-09,3,2024
ORD101694,CUST1252,2024-08-30,Electronics,Bluetooth Speaker,2982.85,1.0,France,Credit Card,Mobile App,Delivered,2982.85,2024-08,3,2024
ORD100243,CUST220,2024-04-05,Electronics,Smartwatch,1483.19,2.0,France,Paypal,Mobile App,Delivered,2966.38,2024-04,2,2024
ORD100568,CUST243,2024-04-01,Fashion,Sunglasses,1842.97,2.0,United Kingdom,Net Banking,Website,Delivered,3685.94,2024-04,2,2024
ORD102761,CUST1190,2024-09-08,Fashion,Sunglasses,1195.68,1.0,India,Credit Card,Mobile App,Delivered,1195.68,2024-09,3,2024
ORD103511,CUST562,2024-06-05,Toys,Building Blocks Set,1045.37,2.0,India,Debit Card,Mobile App,Delivered,2090.74,2024-06,2,2024
ORD103984,CUST1795,2024-09-20,Electronics,Wireless Earbuds,805.7,3.0,France,Upi,Mobile App,Cancelled,2417.1000000000004,2024-09,3,2024
ORD104900,CUST96,2024-03-10,Sports,Cycling Gloves,1469.66,2.0,France,Upi,Mobile App,Delivered,2939.32,2024-03,1,2024
ORD100132,CUST406,2024-07-10,Beauty,Hair Dryer,1208.61,2.0,United States,Debit Card,Website,Delivered,2417.22,2024-07,3,2024
ORD105602,CUST972,2024-09-15,Electronics,Phone Case,3524.84,1.0,India,Upi,Website,Delivered,3524.84,2024-09,3,2024
ORD104830,UNKNOWN,2024-03-14,Toys,RC Car,1760.76,2.0,India,Credit Card,Mobile App,Returned,3521.52,2024-03,1,2024
ORD101712,CUST260,2024-02-07,Beauty,Makeup Brush Kit,1128.59,1.0,India,Credit Card,Mobile App,Delivered,1128.59,2024-02,1,2024
ORD101586,CUST765,2024-01-03,Fashion,Leather Wallet,1594.03,1.0,India,Cod,Website,Delivered,1594.03,2024-01,1,2024
ORD103955,CUST1562,2024-07-12,Fashion,Leather Wallet,280.99,2.0,United States,Credit Card,Website,Returned,561.98,2024-07,3,2024
ORD105783,CUST1329,2024-01-17,Electronics,Smartwatch,4504.36,2.0,United States,Credit Card,Mobile App,Delivered,9008.72,2024-01,1,2024
ORD105115,CUST357,2024-08-05,Home & Kitchen,Non-stick Pan Set,696.83,1.0,United Kingdom,Credit Card,Website,Delivered,696.83,2024-08,3,2024
ORD103932,CUST1645,2024-02-29,Home & Kitchen,Storage Containers,1185.48,1.0,India,Credit Card,Website,Delivered,1185.48,2024-02,1,2024
ORD100904,CUST230,2024-01-19,Electronics,Wireless Earbuds,3556.34,1.0,India,Credit Card,Mobile App,Delivered,3556.34,2024-01,1,2024
ORD100819,CUST1060,2024-03-19,Electronics,Power Bank,1033.03,1.0,Germany,Net Banking,Website,Delivered,1033.03,2024-03,1,2024
ORD100485,CUST482,2024-01-26,Home & Kitchen,Non-stick Pan Set,1957.64,1.0,Germany,Upi,Mobile App,Delivered,1957.64,2024-01,1,2024
ORD102092,CUST1406,2024-04-20,Beauty,Makeup Brush Kit,621.32,1.0,India,Credit Card,Marketplace,Returned,621.32,2024-04,2,2024
ORD101837,CUST84,2024-03-27,Home & Kitchen,Storage Containers,1922.07,1.0,India,Upi,Marketplace,Delivered,1922.07,2024-03,1,2024
ORD102611,CUST890,2024-01-30,Fashion,Cotton T-Shirt,2307.28,1.0,United Kingdom,Net Banking,Website,Returned,2307.28,2024-01,1,2024
ORD101937,CUST137,2024-06-29,Fashion,Cotton T-Shirt,527.41,2.0,India,Credit Card,Marketplace,Delivered,1054.82,2024-06,2,2024
ORD101032,CUST1798,2024-06-28,Fashion,Sunglasses,2461.44,2.0,India,Upi,Website,Delivered,4922.88,2024-06,2,2024
ORD101265,CUST679,2024-09-13,Electronics,USB-C Cable,2860.39,1.0,United States,Upi,Mobile App,Delivered,2860.39,2024-09,3,2024
ORD102026,CUST238,2024-01-09,Home & Kitchen,Storage Containers,1719.79,2.0,United States,Upi,Website,Delivered,3439.58,2024-01,1,2024
ORD101530,CUST1533,2024-08-02,Books,Fiction Bestseller,657.11,1.0,India,Net Banking,Mobile App,Returned,657.11,2024-08,3,2024
ORD105833,CUST736,2024-05-25,Fashion,Cotton T-Shirt,2928.77,1.0,India,Upi,Mobile App,Delivered,2928.77,2024-05,2,2024
ORD100738,CUST1510,2024-01-13,Home & Kitchen,Air Fryer,1815.19,2.0,United States,Credit Card,Marketplace,Returned,3630.38,2024-01,1,2024
ORD100281,CUST251,2024-08-06,Sports,Cycling Gloves,1382.26,1.0,India,Credit Card,Website,Delivered,1382.26,2024-08,3,2024
ORD102286,CUST1023,2024-03-04,Home & Kitchen,LED Desk Lamp,2105.61,1.0,United Kingdom,Debit Card,Website,Delivered,2105.61,2024-03,1,2024
ORD104271,CUST438,2024-07-24,Fashion,Running Shoes,1599.76,1.0,India,Unknown,Mobile App,Returned,1599.76,2024-07,3,2024
ORD103868,CUST37,2024-01-14,Home & Kitchen,Blender,3073.63,1.0,India,Upi,Website,Delivered,3073.63,2024-01,1,2024
ORD100204,CUST1342,2024-02-16,Electronics,Wireless Earbuds,3583.5,1.0,India,Unknown,Marketplace,Delivered,3583.5,2024-02,1,2024
ORD102099,CUST1221,2024-04-19,Sports,Water Bottle,307.64,1.0,Germany,Credit Card,Mobile App,Delivered,307.64,2024-04,2,2024
ORD105413,CUST563,2024-04-19,Books,Self-Help Guide,438.65,2.0,India,Unknown,Website,Cancelled,877.3,2024-04,2,2024
ORD104697,CUST114,2024-04-03,Beauty,Sunscreen SPF50,461.03,1.0,United Kingdom,Paypal,Website,Delivered,461.03,2024-04,2,2024
ORD102960,CUST1310,2024-02-03,Electronics,Smartwatch,1665.12,1.0,India,Upi,Mobile App,Delivered,1665.12,2024-02,1,2024
ORD105655,CUST1114,2024-02-19,Electronics,Bluetooth Speaker,2992.18,2.0,United Kingdom,Upi,Mobile App,Delivered,5984.36,2024-02,1,2024
ORD104112,CUST374,2024-03-17,Sports,Dumbbell Set,648.75,1.0,India,Credit Card,Marketplace,Cancelled,648.75,2024-03,1,2024
ORD104981,CUST1420,2024-09-16,Fashion,Denim Jacket,2473.34,1.0,United States,Debit Card,Website,Delivered,2473.34,2024-09,3,2024
ORD100617,CUST1191,2024-04-30,Sports,Dumbbell Set,2339.22,1.0,United Kingdom,Paypal,Mobile App,Delivered,2339.22,2024-04,2,2024
ORD101682,CUST1774,2024-02-28,Fashion,Leather Wallet,2120.95,5.0,India,Upi,Marketplace,Delivered,10604.75,2024-02,1,2024
ORD101404,CUST1485,2024-07-17,Sports,Resistance Bands,277.24,1.0,United States,Credit Card,Marketplace,Delivered,277.24,2024-07,3,2024
ORD105865,CUST366,2024-06-30,Home & Kitchen,LED Desk Lamp,2058.82,1.0,France,Upi,Website,Delivered,2058.82,2024-06,2,2024
ORD103104,CUST739,2024-03-31,Fashion,Running Shoes,1162.25,1.0,United States,Credit Card,Mobile App,Returned,1162.25,2024-03,1,2024
ORD103447,CUST1104,2024-05-13,Beauty,Hair Dryer,972.0,3.0,United Kingdom,Paypal,Mobile App,Delivered,2916.0,2024-05,2,2024
ORD105965,CUST839,2024-08-02,Electronics,Smartwatch,4053.91,3.0,India,Upi,Website,Delivered,12161.73,2024-08,3,2024
ORD103374,CUST1435,2024-02-27,Fashion,Running Shoes,2473.81,1.0,India,Paypal,Website,Delivered,2473.81,2024-02,1,2024
ORD103209,CUST887,2024-08-11,Electronics,USB-C Cable,4154.3,4.0,India,Credit Card,Mobile App,Delivered,16617.2,2024-08,3,2024
ORD105146,CUST932,2024-08-01,Electronics,Phone Case,1987.72,1.0,India,Paypal,Website,Delivered,1987.72,2024-08,3,2024
ORD100584,CUST220,2024-03-29,Fashion,Cotton T-Shirt,1981.0,2.0,Germany,Debit Card,Mobile App,Delivered,3962.0,2024-03,1,2024
ORD100277,CUST505,2024-06-12,Home & Kitchen,Storage Containers,1843.68,2.0,India,Debit Card,Mobile App,Delivered,3687.36,2024-06,2,2024
ORD100183,CUST12,2024-06-08,Electronics,Smartwatch,3482.53,2.0,France,Cod,Marketplace,Delivered,6965.06,2024-06,2,2024
ORD103750,CUST92,2024-01-29,Books,Cookbook,768.18,1.0,United States,Net Banking,Mobile App,Delivered,768.18,2024-01,1,2024
ORD101436,CUST418,2024-09-27,Beauty,Face Serum,194.42,1.0,India,Credit Card,Mobile App,Delivered,194.42,2024-09,3,2024
ORD101772,CUST568,2024-01-09,Home & Kitchen,Blender,2259.97,2.0,United Kingdom,Cod,Website,Delivered,4519.94,2024-01,1,2024
ORD101932,CUST1701,2024-04-05,Fashion,Running Shoes,996.16,1.0,,Cod,Mobile App,Delivered,996.16,2024-04,2,2024
ORD100079,CUST363,2024-08-11,Home & Kitchen,Blender,2916.49,1.0,India,Debit Card,Mobile App,Delivered,2916.49,2024-08,3,2024
ORD103332,CUST557,2024-08-29,Toys,Puzzle 1000pc,774.09,3.0,India,Upi,Marketplace,Delivered,2322.27,2024-08,3,2024
ORD100710,CUST1322,2024-09-12,Electronics,Wireless Earbuds,1558.62,1.0,United Kingdom,Upi,Mobile App,Returned,1558.62,2024-09,3,2024
ORD100100,CUST494,2024-05-08,Books,Cookbook,664.49,2.0,India,Upi,Website,Delivered,1328.98,2024-05,2,2024
ORD104081,CUST1533,2024-03-25,Fashion,Denim Jacket,1445.19,1.0,India,Credit Card,Mobile App,Delivered,1445.19,2024-03,1,2024
ORD100701,CUST1315,2024-04-09,Toys,Building Blocks Set,827.17,1.0,United States,Upi,Mobile App,Cancelled,827.17,2024-04,2,2024
ORD102750,CUST1575,2024-08-24,Home & Kitchen,Air Fryer,2784.96,3.0,India,Debit Card,Website,Returned,8354.880000000001,2024-08,3,2024
ORD101044,CUST428,2024-08-17,Electronics,Phone Case,2874.07,1.0,United States,Net Banking,Mobile App,Delivered,2874.07,2024-08,3,2024
ORD100029,CUST1493,2024-08-10,Sports,Yoga Mat,459.97,4.0,India,Net Banking,Mobile App,Delivered,1839.88,2024-08,3,2024
ORD104333,CUST1628,2024-06-18,Fashion,Denim Jacket,2158.99,3.0,India,Upi,Marketplace,Delivered,6476.969999999999,2024-06,2,2024
ORD105694,CUST1210,2024-05-19,Home & Kitchen,Air Fryer,1871.0,2.0,United States,Upi,Mobile App,Delivered,3742.0,2024-05,2,2024
ORD103954,UNKNOWN,2024-08-04,Home & Kitchen,Storage Containers,1469.01,1.0,United States,Paypal,Website,Delivered,1469.01,2024-08,3,2024
ORD103761,CUST103,2024-01-26,Books,Self-Help Guide,328.61,3.0,India,Credit Card,Website,Delivered,985.83,2024-01,1,2024
ORD105412,CUST1433,2024-05-10,Fashion,Cotton T-Shirt,1530.08,1.0,Germany,Upi,Marketplace,Delivered,1530.08,2024-05,2,2024
ORD101926,CUST1454,2024-05-06,Electronics,Smartwatch,2471.37,1.0,France,Upi,Marketplace,Delivered,2471.37,2024-05,2,2024
ORD105195,CUST1133,2024-07-12,Beauty,Makeup Brush Kit,430.65,3.0,France,Net Banking,Mobile App,Cancelled,1291.9499999999998,2024-07,3,2024
ORD105317,CUST1219,2024-04-27,Electronics,Smartwatch,4734.7,1.0,India,Cod,Website,Cancelled,4734.7,2024-04,2,2024
ORD100184,CUST412,2024-04-28,Fashion,Leather Wallet,1525.67,4.0,United Kingdom,Unknown,Mobile App,Delivered,6102.68,2024-04,2,2024
ORD101385,CUST840,2024-03-02,Home & Kitchen,Non-stick Pan Set,2858.09,1.0,India,Upi,Website,Returned,2858.09,2024-03,1,2024
ORD104597,CUST833,2024-06-22,Home & Kitchen,Air Fryer,1474.74,1.0,United Kingdom,Cod,Mobile App,Returned,1474.74,2024-06,2,2024
ORD102184,CUST1015,2024-03-15,Beauty,Face Serum,975.39,1.0,India,Upi,Website,Delivered,975.39,2024-03,1,2024
ORD102186,CUST497,2024-05-28,Fashion,Running Shoes,1929.75,2.0,India,Credit Card,Website,Delivered,3859.5,2024-05,2,2024
ORD105523,CUST1166,2024-04-19,Beauty,Sunscreen SPF50,644.52,2.0,India,Credit Card,Website,Delivered,1289.04,2024-04,2,2024
ORD103655,CUST478,2024-01-31,Fashion,Sunglasses,1810.93,5.0,United States,Paypal,Mobile App,Delivered,9054.65,2024-01,1,2024
ORD102634,CUST1248,2024-05-29,Home & Kitchen,Blender,2037.74,2.0,Uae,Cod,Website,Delivered,4075.48,2024-05,2,2024
ORD100101,CUST305,2024-04-19,Fashion,Cotton T-Shirt,835.35,1.0,United States,Net Banking,Mobile App,Delivered,835.35,2024-04,2,2024
ORD101611,CUST499,2024-07-10,Home & Kitchen,Non-stick Pan Set,312.07,1.0,India,Debit Card,Mobile App,Cancelled,312.07,2024-07,3,2024
ORD102660,CUST75,2024-03-26,Home & Kitchen,LED Desk Lamp,2381.99,2.0,India,Net Banking,Website,Delivered,4763.98,2024-03,1,2024
ORD101096,CUST1021,2024-02-26,Home & Kitchen,Non-stick Pan Set,2504.71,4.0,India,Cod,Website,Delivered,10018.84,2024-02,1,2024
ORD102812,CUST1259,2024-03-28,Electronics,Bluetooth Speaker,2984.21,2.0,India,Net Banking,Website,Delivered,5968.42,2024-03,1,2024
ORD102460,CUST1369,2024-02-12,Electronics,Phone Case,1327.75,1.0,Germany,Upi,Mobile App,Delivered,1327.75,2024-02,1,2024
ORD104033,CUST471,2024-07-24,Home & Kitchen,LED Desk Lamp,932.71,2.0,Uae,Debit Card,Marketplace,Delivered,1865.42,2024-07,3,2024
ORD103575,CUST1220,2024-04-23,Fashion,Leather Wallet,2673.54,1.0,Uae,Debit Card,Website,Delivered,2673.54,2024-04,2,2024
ORD105363,CUST814,2024-05-26,Electronics,Bluetooth Speaker,3840.79,5.0,India,Net Banking,Marketplace,Delivered,19203.95,2024-05,2,2024
ORD105811,CUST1705,2024-01-02,Sports,Cycling Gloves,2174.53,1.0,United States,Credit Card,Website,Delivered,2174.53,2024-01,1,2024
ORD101789,CUST952,2024-08-14,Sports,Water Bottle,1097.26,4.0,United States,Net Banking,Mobile App,Cancelled,4389.04,2024-08,3,2024
ORD105246,CUST288,2024-05-27,Sports,Cycling Gloves,2184.08,2.0,India,Cod,Website,Delivered,4368.16,2024-05,2,2024
ORD100230,CUST781,2024-03-26,Electronics,Phone Case,4511.7,1.0,India,Net Banking,Mobile App,Delivered,4511.7,2024-03,1,2024
ORD105715,CUST1090,2024-01-30,Home & Kitchen,Non-stick Pan Set,2861.22,3.0,Germany,Debit Card,Website,Delivered,8583.66,2024-01,1,2024
ORD102226,UNKNOWN,2024-07-11,Fashion,Denim Jacket,2801.41,1.0,India,Credit Card,Mobile App,Delivered,2801.41,2024-07,3,2024
ORD102316,CUST1796,2024-07-13,Beauty,Makeup Brush Kit,460.6,1.0,United Kingdom,Net Banking,Website,Delivered,460.6,2024-07,3,2024
ORD102753,CUST1539,2024-03-21,Home & Kitchen,LED Desk Lamp,422.3,1.0,India,Credit Card,Website,Delivered,422.3,2024-03,1,2024
ORD104190,CUST1275,2024-07-01,Home & Kitchen,Storage Containers,3023.54,1.0,United States,Debit Card,Marketplace,Delivered,3023.54,2024-07,3,2024
ORD103012,CUST1457,2024-07-13,Home & Kitchen,Air Fryer,3195.3,1.0,United States,Credit Card,Website,Returned,3195.3,2024-07,3,2024
ORD102122,CUST1411,2024-01-17,Sports,Resistance Bands,963.17,2.0,India,Credit Card,Mobile App,Delivered,1926.34,2024-01,1,2024
ORD105070,CUST123,2024-03-08,Home & Kitchen,LED Desk Lamp,3227.24,1.0,India,Debit Card,Mobile App,Delivered,3227.24,2024-03,1,2024
ORD102178,CUST259,2024-09-14,Electronics,Smartwatch,3968.71,1.0,India,Upi,Website,Delivered,3968.71,2024-09,3,2024
ORD104970,CUST610,2024-06-01,Fashion,Sunglasses,1571.78,1.0,United States,Upi,Marketplace,Cancelled,1571.78,2024-06,2,2024
ORD101156,CUST304,2024-03-17,Fashion,Sunglasses,2068.7,1.0,India,Paypal,Mobile App,Delivered,2068.7,2024-03,1,2024
ORD101442,CUST1296,2024-08-20,Electronics,USB-C Cable,2019.96,1.0,India,Credit Card,Mobile App,Delivered,2019.96,2024-08,3,2024
ORD103420,CUST286,2024-06-22,Electronics,Smartwatch,3299.66,1.0,United States,Paypal,Website,Cancelled,3299.66,2024-06,2,2024
ORD100611,CUST993,2024-04-19,Toys,RC Car,378.93,2.0,India,Upi,Marketplace,Delivered,757.86,2024-04,2,2024
ORD102359,CUST1651,2024-04-02,Fashion,Sunglasses,2464.78,1.0,United States,Debit Card,Mobile App,Delivered,2464.78,2024-04,2,2024
ORD101255,CUST1404,2024-04-03,Fashion,Running Shoes,2207.44,1.0,India,Debit Card,Mobile App,Cancelled,2207.44,2024-04,2,2024
ORD104126,CUST749,2024-05-27,Toys,Board Game,1891.09,1.0,India,Debit Card,Mobile App,Delivered,1891.09,2024-05,2,2024
ORD103579,CUST1240,2024-06-13,Beauty,Sunscreen SPF50,1457.89,3.0,India,Upi,Mobile App,Delivered,4373.67,2024-06,2,2024
ORD105874,CUST942,2024-09-14,Sports,Water Bottle,1974.14,1.0,France,Upi,Mobile App,Delivered,1974.14,2024-09,3,2024
ORD103752,CUST820,2024-04-10,Electronics,Bluetooth Speaker,3394.94,4.0,India,Upi,Mobile App,Returned,13579.76,2024-04,2,2024
ORD102608,CUST109,2024-04-01,Fashion,Cotton T-Shirt,651.86,3.0,India,Debit Card,Website,Delivered,1955.58,2024-04,2,2024
ORD105337,CUST498,2024-08-13,Electronics,Bluetooth Speaker,4525.59,3.0,India,Credit Card,Website,Delivered,13576.77,2024-08,3,2024
ORD101766,CUST53,2024-06-09,Electronics,Bluetooth Speaker,3163.9,1.0,India,Debit Card,Website,Delivered,3163.9,2024-06,2,2024
ORD104242,CUST1410,2024-03-09,Beauty,Face Serum,1106.23,1.0,United States,Paypal,Mobile App,Delivered,1106.23,2024-03,1,2024
ORD100276,CUST1016,2024-07-03,Sports,Dumbbell Set,776.48,1.0,Germany,Credit Card,Marketplace,Delivered,776.48,2024-07,3,2024
ORD104834,CUST329,2024-06-21,Home & Kitchen,Non-stick Pan Set,3424.59,1.0,United States,Credit Card,Mobile App,Delivered,3424.59,2024-06,2,2024
ORD101867,CUST1029,2024-04-23,Beauty,Face Serum,330.45,1.0,India,Debit Card,Website,Delivered,330.45,2024-04,2,2024
ORD102793,CUST781,2024-05-02,Books,Kids Picture Book,522.9,1.0,France,Net Banking,Marketplace,Delivered,522.9,2024-05,2,2024
ORD105277,CUST1224,2024-06-08,Toys,RC Car,1241.43,5.0,United Kingdom,Debit Card,Mobile App,Delivered,6207.150000000001,2024-06,2,2024
ORD103986,CUST946,2024-04-12,Sports,Dumbbell Set,787.75,1.0,United States,Credit Card,Website,Delivered,787.75,2024-04,2,2024
ORD101966,CUST1311,2024-03-17,Beauty,Makeup Brush Kit,1453.2,1.0,India,Cod,Mobile App,Delivered,1453.2,2024-03,1,2024
ORD102197,CUST631,2024-09-26,Sports,Cycling Gloves,304.27,1.0,Germany,Upi,Website,Delivered,304.27,2024-09,3,2024
ORD101536,CUST599,2024-05-20,Sports,Resistance Bands,1117.33,1.0,Uae,Credit Card,Mobile App,Delivered,1117.33,2024-05,2,2024
ORD105925,CUST461,2024-05-21,Sports,Dumbbell Set,2050.41,2.0,Germany,Paypal,Mobile App,Delivered,4100.82,2024-05,2,2024
ORD101249,CUST843,2024-02-26,Electronics,Wireless Earbuds,2785.33,1.0,United States,Upi,Marketplace,Delivered,2785.33,2024-02,1,2024
ORD104602,CUST1036,2024-03-15,Home & Kitchen,Air Fryer,2553.3,2.0,United States,Credit Card,Marketplace,Delivered,5106.6,2024-03,1,2024
ORD101676,CUST1771,2024-05-01,Toys,RC Car,997.09,2.0,United States,Credit Card,Mobile App,Delivered,1994.18,2024-05,2,2024
ORD103626,CUST335,2024-08-03,Electronics,Wireless Earbuds,4176.43,1.0,India,Net Banking,Website,Delivered,4176.43,2024-08,3,2024
ORD101311,CUST583,2024-08-09,Fashion,Sunglasses,1262.75,1.0,United States,Cod,Marketplace,Delivered,1262.75,2024-08,3,2024
ORD100430,CUST664,2024-05-22,Toys,RC Car,1071.16,1.0,India,Upi,Marketplace,Delivered,1071.16,2024-05,2,2024
ORD101786,CUST331,2024-08-25,Electronics,Bluetooth Speaker,1803.67,2.0,India,Upi,Mobile App,Delivered,3607.34,2024-08,3,2024
ORD105474,CUST428,2024-03-10,Home & Kitchen,Blender,3024.18,3.0,India,Upi,Website,Delivered,9072.539999999999,2024-03,1,2024
ORD104821,CUST702,2024-08-29,Fashion,Denim Jacket,2661.78,1.0,India,Debit Card,Mobile App,Delivered,2661.78,2024-08,3,2024
ORD101831,CUST490,2024-07-31,Beauty,Lip Balm Set,1307.19,1.0,United States,Upi,Mobile App,Delivered,1307.19,2024-07,3,2024
ORD102136,CUST1196,2024-05-25,Books,Kids Picture Book,133.28,2.0,India,Paypal,Mobile App,Delivered,266.56,2024-05,2,2024
ORD105186,CUST979,2024-02-23,Home & Kitchen,Storage Containers,570.28,1.0,Germany,Upi,Website,Delivered,570.28,2024-02,1,2024
ORD102534,CUST1557,2024-08-09,Electronics,Power Bank,4301.18,2.0,United Kingdom,Cod,Website,Delivered,8602.36,2024-08,3,2024
ORD103877,CUST418,2024-04-09,Electronics,Smartwatch,1150.25,3.0,India,Cod,Mobile App,Delivered,3450.75,2024-04,2,2024
ORD101784,CUST172,2024-06-12,Books,Cookbook,766.1,1.0,India,Debit Card,Mobile App,Delivered,766.1,2024-06,2,2024
ORD102067,CUST1317,2024-04-15,Beauty,Face Serum,881.89,1.0,India,Upi,Marketplace,Delivered,881.89,2024-04,2,2024
ORD101145,CUST640,2024-04-28,Home & Kitchen,Non-stick Pan Set,2931.27,1.0,India,Cod,Mobile App,Delivered,2931.27,2024-04,2,2024
ORD103720,CUST685,2024-03-20,Toys,Board Game,1128.05,1.0,India,Credit Card,Mobile App,Delivered,1128.05,2024-03,1,2024
ORD105256,CUST1762,2024-02-07,Home & Kitchen,Non-stick Pan Set,399.58,1.0,United Kingdom,Cod,Mobile App,Returned,399.58,2024-02,1,2024
ORD104501,CUST929,2024-01-11,Toys,Board Game,1133.24,2.0,India,Cod,Marketplace,Delivered,2266.48,2024-01,1,2024
ORD105804,CUST1197,2024-04-30,Electronics,Wireless Earbuds,865.72,3.0,India,Debit Card,Marketplace,Delivered,2597.16,2024-04,2,2024
ORD105303,CUST1195,2024-09-17,Sports,Yoga Mat,538.4,2.0,Germany,Debit Card,Marketplace,Delivered,1076.8,2024-09,3,2024
ORD101105,CUST1598,2024-03-05,Books,Cookbook,350.98,1.0,India,Net Banking,Website,Cancelled,350.98,2024-03,1,2024
ORD102456,UNKNOWN,2024-07-17,Beauty,Hair Dryer,1156.56,3.0,United Kingdom,Debit Card,Mobile App,Delivered,3469.68,2024-07,3,2024
ORD100608,CUST1101,2024-03-14,Beauty,Hair Dryer,503.25,2.0,United States,Credit Card,Mobile App,Delivered,1006.5,2024-03,1,2024
ORD103557,CUST1443,2024-07-12,Books,Cookbook,193.78,2.0,Uae,Debit Card,Website,Delivered,387.56,2024-07,3,2024
ORD102861,CUST984,2024-08-18,Fashion,Sunglasses,557.54,1.0,Germany,Upi,Mobile App,Delivered,557.54,2024-08,3,2024
ORD105379,CUST1156,2024-04-09,Electronics,Phone Case,1374.08,1.0,India,Net Banking,Website,Delivered,1374.08,2024-04,2,2024
ORD100215,CUST1689,2024-02-01,Home & Kitchen,Blender,2950.38,1.0,Germany,Cod,Mobile App,Delivered,2950.38,2024-02,1,2024
ORD101217,CUST1188,2024-06-03,Fashion,Denim Jacket,932.18,1.0,India,Credit Card,Mobile App,Delivered,932.18,2024-06,2,2024
ORD100274,CUST887,2024-02-16,Electronics,Bluetooth Speaker,2855.2,1.0,India,Net Banking,Website,Returned,2855.2,2024-02,1,2024
ORD104555,CUST590,2024-01-26,Toys,RC Car,1736.79,2.0,France,Upi,Mobile App,Delivered,3473.58,2024-01,1,2024
ORD105575,CUST481,2024-02-13,Beauty,Lip Balm Set,864.35,2.0,United States,Debit Card,Mobile App,Delivered,1728.7,2024-02,1,2024
ORD101223,CUST875,2024-05-28,Toys,Puzzle 1000pc,1902.99,3.0,Germany,Cod,Marketplace,Delivered,5708.97,2024-05,2,2024
ORD102387,CUST1348,2024-09-03,Books,Cookbook,355.49,1.0,India,Credit Card,Mobile App,Delivered,355.49,2024-09,3,2024
ORD102645,CUST40,2024-06-10,Fashion,Cotton T-Shirt,1552.57,1.0,United Kingdom,Cod,Website,Delivered,1552.57,2024-06,2,2024
ORD104297,CUST730,2024-05-24,Electronics,Phone Case,2102.46,2.0,Germany,Paypal,Mobile App,Cancelled,4204.92,2024-05,2,2024
ORD105484,CUST71,2024-01-20,Electronics,Bluetooth Speaker,3815.34,2.0,India,Cod,Website,Delivered,7630.68,2024-01,1,2024
ORD101555,CUST1100,2024-05-13,Electronics,Bluetooth Speaker,1862.31,2.0,United States,Paypal,Website,Delivered,3724.62,2024-05,2,2024
ORD104986,CUST414,2024-01-07,Sports,Resistance Bands,1343.19,1.0,India,Upi,Marketplace,Delivered,1343.19,2024-01,1,2024
ORD104048,CUST599,2024-02-20,Electronics,Power Bank,3140.01,1.0,India,Upi,Marketplace,Delivered,3140.01,2024-02,1,2024
ORD105496,CUST238,2024-02-14,Electronics,Power Bank,1450.35,1.0,Germany,Upi,Marketplace,Delivered,1450.35,2024-02,1,2024
ORD101361,CUST1103,2024-09-16,Fashion,Sunglasses,386.78,1.0,Uae,Credit Card,Mobile App,Delivered,386.78,2024-09,3,2024
ORD100656,CUST978,2024-07-13,Fashion,Cotton T-Shirt,227.2,1.0,India,Cod,Mobile App,Delivered,227.2,2024-07,3,2024
ORD105995,CUST1235,2024-07-25,Sports,Resistance Bands,2453.33,2.0,France,Credit Card,Website,Returned,4906.66,2024-07,3,2024
ORD103786,CUST356,2024-01-13,Sports,Yoga Mat,1970.27,1.0,Germany,Credit Card,Mobile App,Delivered,1970.27,2024-01,1,2024
ORD103018,CUST539,2024-04-28,Home & Kitchen,LED Desk Lamp,1689.41,1.0,United Kingdom,Credit Card,Mobile App,Delivered,1689.41,2024-04,2,2024
ORD100716,CUST938,2024-09-18,Electronics,Power Bank,4529.43,1.0,United States,Upi,Mobile App,Delivered,4529.43,2024-09,3,2024
ORD100052,CUST865,2024-07-02,Electronics,Power Bank,996.84,1.0,United States,Upi,Mobile App,Delivered,996.84,2024-07,3,2024
ORD103162,CUST280,2024-04-20,Sports,Dumbbell Set,731.32,1.0,France,Debit Card,Mobile App,Delivered,731.32,2024-04,2,2024
ORD100388,CUST1488,2024-02-08,Beauty,Sunscreen SPF50,1063.12,1.0,India,Credit Card,Mobile App,Delivered,1063.12,2024-02,1,2024
ORD100725,CUST431,2024-03-18,Home & Kitchen,Air Fryer,3307.56,4.0,India,Paypal,Mobile App,Delivered,13230.24,2024-03,1,2024
ORD102672,CUST1435,2024-01-15,Beauty,Hair Dryer,1010.5,1.0,Germany,Upi,Website,Delivered,1010.5,2024-01,1,2024
ORD103357,CUST1712,2024-09-12,Fashion,Running Shoes,1011.05,1.0,India,Debit Card,Mobile App,Delivered,1011.05,2024-09,3,2024
ORD104700,CUST906,2024-02-04,Sports,Resistance Bands,2200.94,5.0,United States,Credit Card,Website,Delivered,11004.7,2024-02,1,2024
ORD103213,CUST1304,2024-07-09,Electronics,Smartwatch,917.13,1.0,India,Credit Card,Website,Delivered,917.13,2024-07,3,2024
ORD103179,CUST176,2024-07-13,Toys,Building Blocks Set,1461.58,1.0,France,Unknown,Mobile App,Cancelled,1461.58,2024-07,3,2024
ORD102074,CUST214,2024-01-20,Books,Self-Help Guide,508.1,3.0,United States,Upi,Mobile App,Delivered,1524.3000000000002,2024-01,1,2024
ORD104304,CUST1287,2024-09-15,Home & Kitchen,Non-stick Pan Set,1332.84,1.0,India,Credit Card,Website,Delivered,1332.84,2024-09,3,2024
ORD102941,CUST1390,2024-01-21,Sports,Cycling Gloves,533.38,3.0,India,Upi,Website,Delivered,1600.1399999999999,2024-01,1,2024
ORD103245,CUST909,2024-02-14,Fashion,Running Shoes,324.18,2.0,United States,Cod,Marketplace,Returned,648.36,2024-02,1,2024
ORD104565,CUST1009,2024-05-25,Home & Kitchen,Blender,366.22,3.0,India,Upi,Mobile App,Returned,1098.66,2024-05,2,2024
ORD100195,CUST421,2024-01-24,Fashion,Cotton T-Shirt,2539.31,2.0,India,Cod,Mobile App,Delivered,5078.62,2024-01,1,2024
ORD100721,CUST1610,2024-07-25,Toys,Puzzle 1000pc,1118.27,1.0,United States,Debit Card,Mobile App,Delivered,1118.27,2024-07,3,2024
ORD105037,CUST277,2024-06-23,Home & Kitchen,LED Desk Lamp,2839.9,1.0,United States,Credit Card,Mobile App,Delivered,2839.9,2024-06,2,2024
ORD104401,CUST1535,2024-03-25,Toys,Board Game,106017.0,1.0,India,Cod,Mobile App,Cancelled,106017.0,2024-03,1,2024
ORD104781,CUST1673,2024-09-11,Beauty,Makeup Brush Kit,1187.26,1.0,,Credit Card,Website,Delivered,1187.26,2024-09,3,2024
ORD102379,CUST810,2024-01-30,Beauty,Makeup Brush Kit,861.08,1.0,United States,Credit Card,Marketplace,Delivered,861.08,2024-01,1,2024
ORD103310,CUST1019,2024-01-31,Electronics,Phone Case,2816.23,1.0,India,Upi,Marketplace,Delivered,2816.23,2024-01,1,2024
ORD103019,CUST1696,2024-03-13,Beauty,Face Serum,1017.68,1.0,India,Credit Card,Website,Delivered,1017.68,2024-03,1,2024
ORD101144,CUST685,2024-01-21,Home & Kitchen,Air Fryer,1141.08,2.0,Germany,Upi,Website,Cancelled,2282.16,2024-01,1,2024
ORD104545,CUST192,2024-05-23,Fashion,Cotton T-Shirt,220.62,1.0,Germany,Debit Card,Mobile App,Delivered,220.62,2024-05,2,2024
ORD104382,CUST727,2024-01-08,Home & Kitchen,Air Fryer,1090.57,1.0,France,Credit Card,Marketplace,Delivered,1090.57,2024-01,1,2024
ORD101830,UNKNOWN,2024-02-25,Sports,Cycling Gloves,1402.07,1.0,India,Credit Card,Mobile App,Delivered,1402.07,2024-02,1,2024
ORD101886,CUST1057,2024-01-05,Home & Kitchen,LED Desk Lamp,789.11,1.0,India,Net Banking,Website,Delivered,789.11,2024-01,1,2024
ORD102580,CUST823,2024-02-05,Fashion,Denim Jacket,1793.71,1.0,India,Net Banking,Website,Delivered,1793.71,2024-02,1,2024
ORD103964,CUST667,2024-07-17,Books,Self-Help Guide,379.23,1.0,India,Credit Card,Website,Delivered,379.23,2024-07,3,2024
ORD104965,CUST698,2024-09-04,Sports,Cycling Gloves,790.67,1.0,France,Upi,Mobile App,Delivered,790.67,2024-09,3,2024
ORD102757,CUST1097,2024-05-20,Fashion,Leather Wallet,428.15,1.0,India,Debit Card,Mobile App,Delivered,428.15,2024-05,2,2024
ORD103620,CUST1622,2024-04-13,Books,Kids Picture Book,235.11,1.0,India,Debit Card,Website,Delivered,235.11,2024-04,2,2024
ORD102762,CUST1543,2024-05-05,Electronics,USB-C Cable,919.27,1.0,India,Cod,Mobile App,Delivered,919.27,2024-05,2,2024
ORD100513,CUST1043,2024-07-08,Books,Kids Picture Book,202.67,1.0,India,Paypal,Mobile App,Delivered,202.67,2024-07,3,2024
ORD104351,CUST1759,2024-05-26,Electronics,Bluetooth Speaker,1591.65,2.0,United States,Upi,Mobile App,Delivered,3183.3,2024-05,2,2024
ORD100758,CUST1048,2024-03-09,Books,Kids Picture Book,533.68,2.0,France,Net Banking,Website,Delivered,1067.36,2024-03,1,2024
ORD104841,CUST892,2024-05-11,Fashion,Cotton T-Shirt,2877.16,1.0,India,Credit Card,Mobile App,Delivered,2877.16,2024-05,2,2024
ORD100857,CUST1661,2024-01-29,Beauty,Makeup Brush Kit,1406.91,2.0,India,Credit Card,Website,Delivered,2813.82,2024-01,1,2024
ORD100660,CUST1411,2024-07-09,Beauty,Hair Dryer,766.57,2.0,United Kingdom,Cod,Website,Delivered,1533.14,2024-07,3,2024
ORD101668,CUST11,2024-08-11,Fashion,Leather Wallet,316.42,1.0,France,Debit Card,Marketplace,Returned,316.42,2024-08,3,2024
ORD104249,CUST1087,2024-06-06,Books,Self-Help Guide,507.64,4.0,India,Upi,Mobile App,Delivered,2030.56,2024-06,2,2024
ORD100597,CUST1223,2024-01-07,Fashion,Cotton T-Shirt,301.26,1.0,United States,Debit Card,Website,Delivered,301.26,2024-01,1,2024
ORD100742,CUST480,2024-09-03,Electronics,Bluetooth Speaker,3095.09,1.0,India,Debit Card,Website,Cancelled,3095.09,2024-09,3,2024
ORD102352,CUST230,2024-03-25,Books,Cookbook,353.68,1.0,India,Net Banking,Website,Delivered,353.68,2024-03,1,2024
ORD105608,CUST1672,2024-05-27,Home & Kitchen,Non-stick Pan Set,2144.96,1.0,India,Credit Card,Marketplace,Cancelled,2144.96,2024-05,2,2024
ORD105419,CUST204,2024-08-08,Sports,Resistance Bands,1373.83,1.0,India,Debit Card,Mobile App,Delivered,1373.83,2024-08,3,2024
ORD100788,CUST849,2024-03-14,Electronics,USB-C Cable,2769.89,3.0,India,Debit Card,Mobile App,Delivered,8309.67,2024-03,1,2024
ORD100646,CUST1278,2024-03-18,Electronics,Power Bank,4300.19,1.0,United Kingdom,Credit Card,Mobile App,Delivered,4300.19,2024-03,1,2024
ORD100112,CUST449,2024-09-18,Home & Kitchen,Storage Containers,1194.05,2.0,France,Upi,Mobile App,Returned,2388.1,2024-09,3,2024
ORD105839,CUST498,2024-01-05,Electronics,Wireless Earbuds,3771.73,2.0,India,Cod,Marketplace,Delivered,7543.46,2024-01,1,2024
ORD103863,CUST308,2024-04-21,Electronics,Power Bank,3785.79,1.0,India,Net Banking,Marketplace,Delivered,3785.79,2024-04,2,2024
ORD101142,CUST450,2024-04-06,Fashion,Leather Wallet,2467.93,1.0,India,Upi,Marketplace,Delivered,2467.93,2024-04,2,2024
ORD103949,CUST577,2024-05-27,Beauty,Face Serum,1136.51,1.0,,Debit Card,Mobile App,Cancelled,1136.51,2024-05,2,2024
ORD100514,CUST940,2024-01-05,Beauty,Sunscreen SPF50,1262.25,1.0,United Kingdom,Cod,Website,Delivered,1262.25,2024-01,1,2024
ORD103440,CUST819,2024-07-31,Beauty,Makeup Brush Kit,1145.54,1.0,India,Debit Card,Marketplace,Delivered,1145.54,2024-07,3,2024
ORD105348,CUST841,2024-02-16,Sports,Cycling Gloves,1837.51,2.0,India,Credit Card,Marketplace,Delivered,3675.02,2024-02,1,2024
ORD102317,CUST323,2024-01-31,Toys,Building Blocks Set,1043.09,1.0,Germany,Paypal,Website,Delivered,1043.09,2024-01,1,2024
ORD105384,CUST1140,2024-05-31,Books,Kids Picture Book,408.18,1.0,United States,Credit Card,Website,Delivered,408.18,2024-05,2,2024
ORD103582,CUST347,2024-04-08,Electronics,Wireless Earbuds,4369.52,2.0,India,Upi,Mobile App,Delivered,8739.04,2024-04,2,2024
ORD101673,CUST1565,2024-05-26,Books,Cookbook,387.83,1.0,India,Credit Card,Mobile App,Returned,387.83,2024-05,2,2024
ORD104097,CUST1058,2024-07-19,Toys,Board Game,1120.57,1.0,Germany,Credit Card,Mobile App,Returned,1120.57,2024-07,3,2024
ORD102418,CUST1137,2024-01-03,Electronics,Bluetooth Speaker,4154.35,1.0,United States,Paypal,Mobile App,Delivered,4154.35,2024-01,1,2024
ORD104253,CUST975,2024-06-03,Home & Kitchen,LED Desk Lamp,2244.54,4.0,India,Debit Card,Mobile App,Delivered,8978.16,2024-06,2,2024
ORD100920,CUST978,2024-01-23,Home & Kitchen,Storage Containers,3320.36,1.0,France,Cod,Mobile App,Delivered,3320.36,2024-01,1,2024
ORD103272,CUST44,2024-06-21,Fashion,Running Shoes,1565.44,1.0,India,Credit Card,Mobile App,Delivered,1565.44,2024-06,2,2024
ORD104693,CUST1020,2024-08-26,Home & Kitchen,Non-stick Pan Set,2077.01,2.0,India,Credit Card,Mobile App,Delivered,4154.02,2024-08,3,2024
ORD100737,CUST141,2024-08-23,Electronics,Power Bank,1287.41,2.0,India,Credit Card,Website,Delivered,2574.82,2024-08,3,2024
ORD101614,CUST538,2024-01-30,Home & Kitchen,Air Fryer,1042.35,2.0,United States,Debit Card,Mobile App,Delivered,2084.7,2024-01,1,2024
ORD100182,CUST784,2024-07-05,Sports,Water Bottle,2443.83,1.0,India,Debit Card,Website,Delivered,2443.83,2024-07,3,2024
ORD105691,CUST1004,2024-08-10,Electronics,Phone Case,4805.01,1.0,United States,Upi,Website,Delivered,4805.01,2024-08,3,2024
ORD103298,CUST220,2024-05-26,Home & Kitchen,Air Fryer,869.83,2.0,India,Debit Card,Mobile App,Returned,1739.66,2024-05,2,2024
ORD104172,CUST1634,2024-06-17,Fashion,Cotton T-Shirt,2856.61,3.0,India,Credit Card,Mobile App,Returned,8569.83,2024-06,2,2024
ORD104021,CUST793,2024-08-21,Electronics,Power Bank,790.15,1.0,United Kingdom,Cod,Marketplace,Delivered,790.15,2024-08,3,2024
ORD104940,CUST652,2024-04-06,Toys,Puzzle 1000pc,1162.69,1.0,Germany,Debit Card,Website,Returned,1162.69,2024-04,2,2024
ORD101152,CUST181,2024-06-01,Sports,Cycling Gloves,612.5,2.0,Germany,Cod,Website,Delivered,1225.0,2024-06,2,2024
ORD104076,CUST1579,2024-03-07,Fashion,Running Shoes,964.82,1.0,India,Credit Card,Marketplace,Delivered,964.82,2024-03,1,2024
ORD105823,CUST1456,2024-09-23,Home & Kitchen,Air Fryer,3406.37,2.0,India,Credit Card,Marketplace,Delivered,6812.74,2024-09,3,2024
ORD102354,CUST1256,2024-03-25,Home & Kitchen,Storage Containers,2738.0,3.0,India,Credit Card,Mobile App,Delivered,8214.0,2024-03,1,2024
ORD101266,CUST1745,2024-06-21,Sports,Resistance Bands,2420.83,2.0,India,Net Banking,Mobile App,Delivered,4841.66,2024-06,2,2024
ORD104028,CUST247,2024-05-15,Electronics,Smartwatch,2289.61,2.0,United States,Credit Card,Mobile App,Delivered,4579.22,2024-05,2,2024
ORD104006,CUST685,2024-03-10,Beauty,Lip Balm Set,1178.63,1.0,,Unknown,Mobile App,Delivered,1178.63,2024-03,1,2024
ORD105288,CUST917,2024-06-06,Fashion,Sunglasses,816.27,2.0,India,Debit Card,Mobile App,Returned,1632.54,2024-06,2,2024
ORD100525,CUST961,2024-06-18,Electronics,Phone Case,3595.53,1.0,United Kingdom,Credit Card,Marketplace,Cancelled,3595.53,2024-06,2,2024
ORD102216,CUST1170,2024-03-02,Electronics,Bluetooth Speaker,4611.28,1.0,India,Cod,Mobile App,Delivered,4611.28,2024-03,1,2024
ORD103758,CUST1628,2024-05-06,Fashion,Cotton T-Shirt,1335.49,1.0,India,Upi,Website,Delivered,1335.49,2024-05,2,2024
ORD100755,CUST172,2024-08-29,Fashion,Cotton T-Shirt,2528.71,4.0,United Kingdom,Credit Card,Website,Returned,10114.84,2024-08,3,2024
ORD105080,CUST1346,2024-05-24,Fashion,Cotton T-Shirt,584.83,1.0,United Kingdom,Paypal,Mobile App,Delivered,584.83,2024-05,2,2024
ORD100655,CUST605,2024-08-15,Fashion,Sunglasses,2118.98,1.0,Uae,Credit Card,Mobile App,Delivered,2118.98,2024-08,3,2024
ORD102751,CUST992,2024-07-24,Toys,Building Blocks Set,1139.14,1.0,Germany,Credit Card,Website,Delivered,1139.14,2024-07,3,2024
ORD103202,CUST1147,2024-06-22,Fashion,Running Shoes,353.4,1.0,United States,Net Banking,Mobile App,Delivered,353.4,2024-06,2,2024
ORD100778,CUST1530,2024-08-20,Books,Cookbook,776.71,1.0,United States,Credit Card,Mobile App,Delivered,776.71,2024-08,3,2024
ORD104503,CUST837,2024-09-04,Electronics,Wireless Earbuds,2635.67,1.0,United Kingdom,Upi,Website,Delivered,2635.67,2024-09,3,2024
ORD100639,CUST571,2024-02-26,Beauty,Sunscreen SPF50,229.34,3.0,United States,Unknown,Website,Delivered,688.02,2024-02,1,2024
ORD101386,CUST1497,2024-03-06,Fashion,Sunglasses,1279.99,1.0,India,Cod,Website,Delivered,1279.99,2024-03,1,2024
ORD105341,CUST1053,2024-05-22,Beauty,Face Serum,261.01,2.0,India,Credit Card,Website,Returned,522.02,2024-05,2,2024
ORD102998,CUST686,2024-09-07,Fashion,Leather Wallet,563.4,1.0,India,Credit Card,Website,Delivered,563.4,2024-09,3,2024
ORD103571,CUST1469,2024-06-28,Beauty,Face Serum,604.38,1.0,France,Unknown,Mobile App,Delivered,604.38,2024-06,2,2024
ORD104806,CUST845,2024-08-30,Toys,Board Game,1785.37,1.0,,Unknown,Mobile App,Returned,1785.37,2024-08,3,2024
ORD103860,CUST1178,2024-02-19,Electronics,Phone Case,3162.41,1.0,Uae,Upi,Website,Delivered,3162.41,2024-02,1,2024
ORD103893,CUST1616,2024-01-20,Home & Kitchen,Blender,1113.08,1.0,United States,Credit Card,Website,Returned,1113.08,2024-01,1,2024
ORD105651,UNKNOWN,2024-01-03,Beauty,Sunscreen SPF50,1240.2,1.0,India,Upi,Website,Delivered,1240.2,2024-01,1,2024
ORD100718,CUST1637,2024-01-18,Beauty,Hair Dryer,839.25,2.0,India,Debit Card,Website,Delivered,1678.5,2024-01,1,2024
ORD101968,CUST1234,2024-04-23,Electronics,Bluetooth Speaker,2034.91,1.0,France,Cod,Website,Delivered,2034.91,2024-04,2,2024
ORD102542,CUST833,2024-08-25,Beauty,Makeup Brush Kit,1482.6,2.0,India,Cod,Mobile App,Delivered,2965.2,2024-08,3,2024
ORD100814,CUST552,2024-03-06,Beauty,Makeup Brush Kit,1464.23,1.0,United States,Debit Card,Website,Delivered,1464.23,2024-03,1,2024
ORD103852,CUST1425,2024-05-14,Electronics,Wireless Earbuds,4048.41,1.0,United Kingdom,Cod,Marketplace,Cancelled,4048.41,2024-05,2,2024
ORD104317,CUST496,2024-05-03,Sports,Yoga Mat,303.88,1.0,United Kingdom,Debit Card,Website,Returned,303.88,2024-05,2,2024
ORD104887,UNKNOWN,2024-05-31,Electronics,Phone Case,4661.6,1.0,Germany,Upi,Website,Delivered,4661.6,2024-05,2,2024
ORD100240,CUST238,2024-09-03,Home & Kitchen,Storage Containers,1174.65,1.0,,Debit Card,Marketplace,Delivered,1174.65,2024-09,3,2024
ORD104522,CUST43,2024-09-19,Fashion,Running Shoes,1102.9,2.0,India,Net Banking,Website,Delivered,2205.8,2024-09,3,2024
ORD102598,UNKNOWN,2024-02-01,Toys,RC Car,375.69,1.0,India,Upi,Mobile App,Delivered,375.69,2024-02,1,2024
ORD103744,CUST1349,2024-02-22,Beauty,Lip Balm Set,818.34,2.0,India,Debit Card,Website,Delivered,1636.68,2024-02,1,2024
ORD104292,CUST1144,2024-04-20,Home & Kitchen,Air Fryer,1690.64,2.0,United Kingdom,Credit Card,Website,Delivered,3381.28,2024-04,2,2024
ORD105302,CUST322,2024-05-12,Books,Fiction Bestseller,498.91,1.0,United Kingdom,Credit Card,Mobile App,Delivered,498.91,2024-05,2,2024
ORD103985,CUST166,2024-02-21,Home & Kitchen,Air Fryer,2801.28,2.0,India,Upi,Website,Delivered,5602.56,2024-02,1,2024
ORD103872,CUST1774,2024-07-13,Sports,Resistance Bands,1281.32,1.0,United States,Debit Card,Website,Cancelled,1281.32,2024-07,3,2024
ORD105322,CUST1127,2024-09-04,Fashion,Cotton T-Shirt,1480.52,2.0,Uae,Upi,Website,Delivered,2961.04,2024-09,3,2024
ORD104260,CUST924,2024-02-21,Electronics,Smartwatch,1936.21,1.0,India,Debit Card,Website,Delivered,1936.21,2024-02,1,2024
ORD104736,CUST431,2024-02-25,Toys,Board Game,1590.45,3.0,India,Credit Card,Mobile App,Delivered,4771.35,2024-02,1,2024
ORD100581,CUST757,2024-05-10,Electronics,Power Bank,1821.83,1.0,France,Credit Card,Mobile App,Delivered,1821.83,2024-05,2,2024
ORD105976,CUST25,2024-08-03,Books,Fiction Bestseller,691.64,3.0,Uae,Upi,Mobile App,Delivered,2074.92,2024-08,3,2024
ORD105485,CUST1710,2024-05-29,Electronics,Phone Case,4261.51,1.0,United States,Upi,Mobile App,Delivered,4261.51,2024-05,2,2024
ORD100172,CUST1408,2024-06-21,Beauty,Lip Balm Set,619.91,2.0,United Kingdom,Credit Card,Website,Returned,1239.82,2024-06,2,2024
ORD104248,CUST1769,2024-07-13,Sports,Yoga Mat,2233.34,1.0,India,Cod,Mobile App,Delivered,2233.34,2024-07,3,2024
ORD103679,CUST1701,2024-08-04,Fashion,Leather Wallet,2541.7,1.0,India,Upi,Website,Cancelled,2541.7,2024-08,3,2024
ORD103361,CUST1089,2024-07-26,Electronics,Phone Case,4443.77,2.0,United Kingdom,Paypal,Website,Delivered,8887.54,2024-07,3,2024
ORD100176,CUST294,2024-06-05,Toys,Board Game,171784.0,1.0,Uae,Cod,Website,Delivered,171784.0,2024-06,2,2024
ORD103536,CUST1380,2024-08-18,Fashion,Running Shoes,1926.24,1.0,India,Credit Card,Marketplace,Cancelled,1926.24,2024-08,3,2024
ORD101559,CUST313,2024-09-01,Toys,RC Car,720.08,1.0,Germany,Debit Card,Website,Delivered,720.08,2024-09,3,2024
ORD100526,CUST1593,2024-03-27,Books,Self-Help Guide,296.78,1.0,United States,Net Banking,Website,Delivered,296.78,2024-03,1,2024
ORD105254,UNKNOWN,2024-01-15,Sports,Dumbbell Set,1972.66,1.0,India,Net Banking,Mobile App,Delivered,1972.66,2024-01,1,2024
ORD101429,CUST294,2024-07-30,Fashion,Running Shoes,2634.24,1.0,Germany,Debit Card,Mobile App,Delivered,2634.24,2024-07,3,2024
ORD103358,CUST864,2024-04-17,Toys,Puzzle 1000pc,704.96,2.0,India,Upi,Mobile App,Delivered,1409.92,2024-04,2,2024
ORD103764,CUST267,2024-04-27,Fashion,Cotton T-Shirt,2518.34,5.0,United States,Cod,Website,Delivered,12591.7,2024-04,2,2024
ORD100347,CUST833,2024-01-05,Electronics,Bluetooth Speaker,752.01,3.0,India,Credit Card,Website,Delivered,2256.0299999999997,2024-01,1,2024
ORD105578,CUST334,2024-04-13,Beauty,Lip Balm Set,339.46,4.0,France,Debit Card,Website,Delivered,1357.84,2024-04,2,2024
ORD102134,CUST896,2024-07-27,Toys,Board Game,1193.96,4.0,Uae,Cod,Marketplace,Delivered,4775.84,2024-07,3,2024
ORD102486,CUST1232,2024-06-14,Toys,Board Game,498.96,1.0,India,Credit Card,Marketplace,Delivered,498.96,2024-06,2,2024
ORD101565,CUST222,2024-09-28,Home & Kitchen,Blender,1947.67,1.0,Uae,Cod,Mobile App,Delivered,1947.67,2024-09,3,2024
ORD100645,CUST1620,2024-02-16,Fashion,Running Shoes,1681.42,1.0,Uae,Upi,Website,Delivered,1681.42,2024-02,1,2024
ORD104211,CUST176,2024-04-17,Fashion,Sunglasses,1100.34,1.0,United Kingdom,Paypal,Mobile App,Delivered,1100.34,2024-04,2,2024
ORD104936,CUST1070,2024-01-29,Toys,RC Car,1736.65,1.0,India,Debit Card,Website,Delivered,1736.65,2024-01,1,2024
ORD103885,CUST142,2024-08-19,Home & Kitchen,Air Fryer,2078.87,1.0,Germany,Unknown,Marketplace,Cancelled,2078.87,2024-08,3,2024
ORD101683,CUST1678,2024-01-20,Electronics,USB-C Cable,2506.58,1.0,Germany,Credit Card,Marketplace,Delivered,2506.58,2024-01,1,2024
ORD102563,CUST1472,2024-06-29,Electronics,Phone Case,4263.2,1.0,Uae,Upi,Website,Delivered,4263.2,2024-06,2,2024
ORD102407,CUST1392,2024-07-30,Toys,Building Blocks Set,1624.21,1.0,India,Debit Card,Website,Delivered,1624.21,2024-07,3,2024
ORD101069,CUST491,2024-03-28,Fashion,Leather Wallet,2888.22,1.0,India,Credit Card,Mobile App,Delivered,2888.22,2024-03,1,2024
ORD104230,CUST10,2024-02-15,Beauty,Hair Dryer,647.07,2.0,Germany,Unknown,Mobile App,Delivered,1294.14,2024-02,1,2024
ORD104330,CUST1629,2024-02-05,Sports,Dumbbell Set,2349.96,2.0,India,Upi,Mobile App,Cancelled,4699.92,2024-02,1,2024
ORD104613,CUST66,2024-05-03,Home & Kitchen,LED Desk Lamp,1918.54,2.0,United States,Debit Card,Marketplace,Delivered,3837.08,2024-05,2,2024
ORD104725,CUST639,2024-09-16,Books,Self-Help Guide,417.22,1.0,United States,Credit Card,Mobile App,Delivered,417.22,2024-09,3,2024
ORD102816,CUST1486,2024-03-01,Fashion,Denim Jacket,535.4,1.0,Uae,Credit Card,Website,Delivered,535.4,2024-03,1,2024
ORD102622,CUST568,2024-06-02,Beauty,Face Serum,1253.23,2.0,Germany,Debit Card,Mobile App,Delivered,2506.46,2024-06,2,2024
ORD105759,CUST843,2024-03-22,Home & Kitchen,LED Desk Lamp,1271.73,1.0,India,Upi,Marketplace,Delivered,1271.73,2024-03,1,2024
ORD104637,CUST608,2024-01-10,Electronics,Phone Case,4358.01,2.0,India,Upi,Mobile App,Delivered,8716.02,2024-01,1,2024
ORD101400,CUST966,2024-04-30,Electronics,Power Bank,2689.73,1.0,India,Credit Card,Website,Delivered,2689.73,2024-04,2,2024
ORD105613,CUST287,2024-06-11,Beauty,Lip Balm Set,560.92,1.0,India,Cod,Mobile App,Delivered,560.92,2024-06,2,2024
ORD103709,CUST666,2024-02-23,Toys,Building Blocks Set,1380.98,1.0,Germany,Debit Card,Website,Delivered,1380.98,2024-02,1,2024
ORD103502,CUST790,2024-01-27,Home & Kitchen,Storage Containers,2939.01,1.0,India,Debit Card,Mobile App,Delivered,2939.01,2024-01,1,2024
ORD102044,CUST1562,2024-04-13,Toys,Building Blocks Set,523.89,1.0,India,Upi,Mobile App,Delivered,523.89,2024-04,2,2024
ORD103080,CUST1289,2024-07-17,Sports,Resistance Bands,835.05,1.0,India,Upi,Mobile App,Delivered,835.05,2024-07,3,2024
ORD105346,CUST1492,2024-06-18,Beauty,Sunscreen SPF50,667.4,1.0,Uae,Credit Card,Website,Delivered,667.4,2024-06,2,2024
ORD101467,CUST399,2024-06-19,Home & Kitchen,Storage Containers,447.68,1.0,India,Cod,Mobile App,Delivered,447.68,2024-06,2,2024
ORD103291,CUST1477,2024-05-30,Electronics,Power Bank,4179.27,2.0,India,Paypal,Mobile App,Delivered,8358.54,2024-05,2,2024
ORD104692,CUST87,2024-07-08,Fashion,Cotton T-Shirt,552.57,2.0,Germany,Debit Card,Website,Cancelled,1105.14,2024-07,3,2024
ORD105894,CUST1554,2024-05-19,Books,Self-Help Guide,631.37,2.0,France,Cod,Mobile App,Delivered,1262.74,2024-05,2,2024
ORD101435,CUST890,2024-07-05,Sports,Water Bottle,289.16,1.0,United States,Debit Card,Mobile App,Delivered,289.16,2024-07,3,2024
ORD102240,CUST745,2024-04-15,Fashion,Running Shoes,420.92,1.0,United States,Upi,Website,Returned,420.92,2024-04,2,2024
ORD104149,CUST1206,2024-01-16,Fashion,Running Shoes,780.3,2.0,India,Debit Card,Marketplace,Delivered,1560.6,2024-01,1,2024
ORD105747,CUST1709,2024-05-04,Electronics,Smartwatch,2448.99,1.0,India,Credit Card,Mobile App,Delivered,2448.99,2024-05,2,2024
ORD105026,CUST407,2024-05-31,Home & Kitchen,Blender,3324.45,1.0,United States,Paypal,Marketplace,Delivered,3324.45,2024-05,2,2024
ORD103666,CUST539,2024-09-28,Sports,Water Bottle,1491.34,1.0,Germany,Upi,Mobile App,Delivered,1491.34,2024-09,3,2024
ORD103586,CUST299,2024-05-19,Electronics,Wireless Earbuds,4000.99,2.0,United Kingdom,Credit Card,Website,Delivered,8001.98,2024-05,2,2024
ORD104436,CUST1022,2024-05-18,Home & Kitchen,Blender,1293.97,1.0,India,Credit Card,Marketplace,Cancelled,1293.97,2024-05,2,2024
ORD104362,CUST460,2024-05-07,Beauty,Lip Balm Set,740.77,1.0,India,Net Banking,Marketplace,Delivered,740.77,2024-05,2,2024
ORD103368,CUST1538,2024-08-30,Books,Kids Picture Book,567.11,3.0,United States,Credit Card,Mobile App,Delivered,1701.33,2024-08,3,2024
ORD104993,CUST415,2024-04-10,Home & Kitchen,Storage Containers,1314.14,3.0,Uae,Upi,Mobile App,Delivered,3942.42,2024-04,2,2024
ORD101790,CUST744,2024-06-02,Home & Kitchen,Air Fryer,650.78,1.0,United Kingdom,Credit Card,Marketplace,Delivered,650.78,2024-06,2,2024
ORD104294,CUST361,2024-06-04,Toys,Puzzle 1000pc,1851.13,1.0,United Kingdom,Credit Card,Mobile App,Delivered,1851.13,2024-06,2,2024
ORD103467,CUST24,2024-08-02,Beauty,Hair Dryer,668.69,1.0,Germany,Debit Card,Mobile App,Delivered,668.69,2024-08,3,2024
ORD104760,CUST29,2024-09-25,Home & Kitchen,LED Desk Lamp,3092.18,2.0,India,Credit Card,Mobile App,Delivered,6184.36,2024-09,3,2024
ORD104417,CUST1392,2024-06-18,Beauty,Lip Balm Set,288.73,1.0,France,Credit Card,Marketplace,Returned,288.73,2024-06,2,2024
ORD100954,CUST401,2024-02-15,Electronics,Power Bank,4803.7,1.0,United Kingdom,Upi,Mobile App,Delivered,4803.7,2024-02,1,2024
ORD102275,CUST841,2024-07-30,Electronics,Power Bank,4978.6,1.0,Uae,Cod,Website,Delivered,4978.6,2024-07,3,2024
ORD102746,CUST1114,2024-04-30,Beauty,Makeup Brush Kit,380.11,1.0,United States,Net Banking,Marketplace,Delivered,380.11,2024-04,2,2024
ORD105030,CUST56,2024-06-20,Sports,Yoga Mat,475.01,1.0,India,Net Banking,Marketplace,Delivered,475.01,2024-06,2,2024
ORD105221,CUST1080,2024-01-27,Beauty,Hair Dryer,802.43,1.0,United States,Debit Card,Marketplace,Returned,802.43,2024-01,1,2024
ORD100095,UNKNOWN,2024-06-13,Home & Kitchen,Storage Containers,416.35,2.0,United Kingdom,Net Banking,Mobile App,Returned,832.7,2024-06,2,2024
ORD101214,CUST303,2024-01-19,Fashion,Running Shoes,2312.8,1.0,India,Credit Card,Mobile App,Delivered,2312.8,2024-01,1,2024
ORD104694,CUST1566,2024-09-12,Home & Kitchen,Air Fryer,1346.13,1.0,India,Credit Card,Website,Delivered,1346.13,2024-09,3,2024
ORD104346,CUST1480,2024-05-30,Electronics,USB-C Cable,2377.9,2.0,India,Debit Card,Mobile App,Delivered,4755.8,2024-05,2,2024
ORD100950,UNKNOWN,2024-06-18,Electronics,Smartwatch,3224.44,1.0,India,Debit Card,Mobile App,Delivered,3224.44,2024-06,2,2024
ORD100226,CUST1064,2024-07-25,Beauty,Sunscreen SPF50,722.55,1.0,United States,Upi,Website,Delivered,722.55,2024-07,3,2024
ORD103869,CUST467,2024-03-06,Fashion,Sunglasses,294.54,3.0,Germany,Upi,Mobile App,Delivered,883.6200000000001,2024-03,1,2024
ORD101995,CUST919,2024-04-18,Electronics,Phone Case,3969.0,1.0,India,Upi,Mobile App,Delivered,3969.0,2024-04,2,2024
ORD101741,CUST1435,2024-03-01,Books,Cookbook,315.45,1.0,France,Debit Card,Website,Delivered,315.45,2024-03,1,2024
ORD102613,CUST1359,2024-04-29,Home & Kitchen,LED Desk Lamp,1891.24,1.0,Germany,Debit Card,Website,Cancelled,1891.24,2024-04,2,2024
ORD103794,CUST62,2024-09-19,Toys,Board Game,115492.0,2.0,India,Credit Card,Website,Delivered,230984.0,2024-09,3,2024
ORD103683,CUST36,2024-04-09,Electronics,Smartwatch,4893.29,1.0,Germany,Cod,Website,Delivered,4893.29,2024-04,2,2024
ORD103897,UNKNOWN,2024-02-14,Sports,Resistance Bands,1369.11,2.0,India,Credit Card,Website,Cancelled,2738.22,2024-02,1,2024
ORD101195,CUST636,2024-05-07,Electronics,USB-C Cable,4975.82,1.0,India,Credit Card,Mobile App,Delivered,4975.82,2024-05,2,2024
ORD100130,CUST1094,2024-01-24,Toys,Building Blocks Set,467.25,1.0,India,Credit Card,Mobile App,Delivered,467.25,2024-01,1,2024
ORD103929,CUST739,2024-08-05,Beauty,Hair Dryer,1001.47,1.0,United States,Credit Card,Website,Cancelled,1001.47,2024-08,3,2024
ORD103684,CUST1478,2024-03-25,Beauty,Face Serum,1141.54,4.0,Germany,Paypal,Website,Delivered,4566.16,2024-03,1,2024
ORD103250,CUST1143,2024-09-18,Toys,RC Car,1920.04,1.0,France,Upi,Mobile App,Delivered,1920.04,2024-09,3,2024
ORD105763,CUST1305,2024-03-07,Sports,Yoga Mat,1235.44,2.0,United States,Credit Card,Mobile App,Delivered,2470.88,2024-03,1,2024
ORD104085,CUST530,2024-09-15,Electronics,Power Bank,3226.32,1.0,India,Credit Card,Marketplace,Delivered,3226.32,2024-09,3,2024
ORD105519,CUST812,2024-05-13,Electronics,Power Bank,4110.42,2.0,India,Debit Card,Mobile App,Delivered,8220.84,2024-05,2,2024
ORD105956,CUST1308,2024-06-09,Fashion,Sunglasses,1236.85,1.0,India,Paypal,Website,Delivered,1236.85,2024-06,2,2024
ORD103043,CUST1399,2024-04-21,Electronics,USB-C Cable,2614.49,1.0,India,Debit Card,Mobile App,Delivered,2614.49,2024-04,2,2024
ORD100088,CUST635,2024-07-22,Electronics,USB-C Cable,3273.72,1.0,France,Net Banking,Marketplace,Delivered,3273.72,2024-07,3,2024
ORD101768,CUST416,2024-04-11,Books,Cookbook,115.52,1.0,India,Credit Card,Website,Delivered,115.52,2024-04,2,2024
ORD102525,CUST1064,2024-08-16,Home & Kitchen,Air Fryer,3072.08,2.0,Germany,Upi,Website,Delivered,6144.16,2024-08,3,2024
ORD101447,CUST1236,2024-05-30,Beauty,Makeup Brush Kit,1368.24,3.0,United States,Credit Card,Website,Cancelled,4104.72,2024-05,2,2024
ORD105092,CUST1074,2024-05-19,Electronics,Bluetooth Speaker,2500.08,2.0,India,Upi,Website,Returned,5000.16,2024-05,2,2024
ORD105570,CUST644,2024-02-21,Beauty,Makeup Brush Kit,587.75,1.0,Germany,Debit Card,Mobile App,Delivered,587.75,2024-02,1,2024
ORD102880,CUST14,2024-04-09,Electronics,Phone Case,1200.22,2.0,India,Debit Card,Website,Delivered,2400.44,2024-04,2,2024
ORD101085,UNKNOWN,2024-07-28,Fashion,Leather Wallet,2987.42,1.0,United Kingdom,Cod,Marketplace,Delivered,2987.42,2024-07,3,2024
ORD104430,CUST1660,2024-07-20,Electronics,Phone Case,1938.81,1.0,United Kingdom,Upi,Marketplace,Cancelled,1938.81,2024-07,3,2024
ORD105460,CUST344,2024-03-11,Home & Kitchen,LED Desk Lamp,2506.39,4.0,United States,Cod,Mobile App,Delivered,10025.56,2024-03,1,2024
ORD100081,CUST210,2024-01-07,Toys,Board Game,1432.09,1.0,India,Cod,Mobile App,Returned,1432.09,2024-01,1,2024
ORD102155,CUST1042,2024-08-02,Books,Cookbook,460.31,1.0,Germany,Upi,Website,Delivered,460.31,2024-08,3,2024
ORD103069,CUST1065,2024-05-25,Home & Kitchen,Non-stick Pan Set,3456.31,1.0,India,Upi,Website,Returned,3456.31,2024-05,2,2024
ORD103436,CUST158,2024-09-07,Electronics,Power Bank,2666.24,2.0,India,Cod,Website,Delivered,5332.48,2024-09,3,2024
ORD102855,CUST520,2024-01-12,Electronics,Bluetooth Speaker,1771.93,2.0,India,Net Banking,Website,Delivered,3543.86,2024-01,1,2024
ORD103058,CUST1431,2024-04-01,Electronics,Power Bank,2924.88,2.0,India,Debit Card,Website,Delivered,5849.76,2024-04,2,2024
ORD102765,CUST1323,2024-05-06,Fashion,Cotton T-Shirt,630.94,2.0,Uae,Credit Card,Mobile App,Delivered,1261.88,2024-05,2,2024
ORD103100,CUST170,2024-05-20,Electronics,Bluetooth Speaker,1073.59,1.0,United Kingdom,Credit Card,Website,Delivered,1073.59,2024-05,2,2024
ORD101099,CUST1211,2024-02-09,Fashion,Running Shoes,2249.9,2.0,India,Net Banking,Website,Delivered,4499.8,2024-02,1,2024
ORD100354,CUST859,2024-05-29,Toys,RC Car,1796.6,1.0,India,Debit Card,Mobile App,Delivered,1796.6,2024-05,2,2024
ORD104063,CUST1001,2024-08-24,Sports,Cycling Gloves,497.38,2.0,United Kingdom,Debit Card,Website,Delivered,994.76,2024-08,3,2024
ORD102235,CUST180,2024-04-22,Sports,Yoga Mat,1356.2,1.0,United States,Paypal,Mobile App,Delivered,1356.2,2024-04,2,2024
ORD103884,CUST1135,2024-06-12,Beauty,Lip Balm Set,1455.04,2.0,United States,Upi,Marketplace,Delivered,2910.08,2024-06,2,2024
ORD102357,CUST735,2024-04-12,Fashion,Sunglasses,1287.49,1.0,India,Credit Card,Website,Delivered,1287.49,2024-04,2,2024
ORD104641,CUST1238,2024-01-24,Fashion,Denim Jacket,1663.25,1.0,United States,Credit Card,Website,Delivered,1663.25,2024-01,1,2024
ORD105634,CUST212,2024-01-13,Toys,Board Game,653.82,1.0,United Kingdom,Debit Card,Mobile App,Cancelled,653.82,2024-01,1,2024
ORD100752,CUST579,2024-05-19,Beauty,Hair Dryer,543.59,1.0,United States,Cod,Website,Delivered,543.59,2024-05,2,2024
ORD102042,CUST160,2024-07-19,Toys,RC Car,1830.88,1.0,India,Debit Card,Website,Returned,1830.88,2024-07,3,2024
ORD103829,CUST768,2024-03-20,Books,Self-Help Guide,652.29,1.0,Uae,Credit Card,Mobile App,Delivered,652.29,2024-03,1,2024
ORD100003,CUST206,2024-04-15,Fashion,Running Shoes,2054.06,1.0,United States,Credit Card,Marketplace,Delivered,2054.06,2024-04,2,2024
ORD100521,CUST330,2024-08-22,Sports,Resistance Bands,2228.68,1.0,India,Upi,Website,Delivered,2228.68,2024-08,3,2024
ORD101891,CUST517,2024-04-28,Sports,Dumbbell Set,613.33,1.0,United States,Net Banking,Marketplace,Delivered,613.33,2024-04,2,2024
ORD100324,CUST1721,2024-05-05,Home & Kitchen,Non-stick Pan Set,1461.47,4.0,United States,Debit Card,Website,Cancelled,5845.88,2024-05,2,2024
ORD102801,CUST1498,2024-06-03,Electronics,Smartwatch,3687.78,1.0,France,Credit Card,Website,Returned,3687.78,2024-06,2,2024
ORD105597,CUST994,2024-02-27,Electronics,USB-C Cable,860.66,1.0,United States,Cod,Mobile App,Delivered,860.66,2024-02,1,2024
ORD104456,CUST808,2024-06-02,Beauty,Sunscreen SPF50,1173.1,3.0,India,Credit Card,Website,Cancelled,3519.2999999999997,2024-06,2,2024
ORD104785,UNKNOWN,2024-06-08,Sports,Yoga Mat,2238.0,1.0,India,Debit Card,Website,Delivered,2238.0,2024-06,2,2024
ORD102488,CUST1319,2024-05-16,Electronics,Smartwatch,1214.99,1.0,India,Credit Card,Website,Delivered,1214.99,2024-05,2,2024
ORD100632,CUST263,2024-02-12,Electronics,USB-C Cable,4142.53,2.0,United States,Credit Card,Mobile App,Delivered,8285.06,2024-02,1,2024
ORD103703,CUST980,2024-03-12,Home & Kitchen,LED Desk Lamp,1947.67,1.0,France,Credit Card,Website,Delivered,1947.67,2024-03,1,2024
ORD101670,CUST140,2024-06-15,Beauty,Sunscreen SPF50,1488.77,1.0,India,Upi,Website,Returned,1488.77,2024-06,2,2024
ORD104812,CUST1086,2024-08-28,Fashion,Running Shoes,874.33,1.0,India,Credit Card,Mobile App,Delivered,874.33,2024-08,3,2024
ORD103608,CUST613,2024-07-16,Home & Kitchen,Non-stick Pan Set,2618.4,1.0,India,Cod,Marketplace,Delivered,2618.4,2024-07,3,2024
ORD102032,CUST79,2024-06-14,Fashion,Sunglasses,1321.81,1.0,United States,Upi,Website,Delivered,1321.81,2024-06,2,2024
ORD104437,CUST1065,2024-03-05,Beauty,Lip Balm Set,1270.53,2.0,India,Debit Card,Website,Delivered,2541.06,2024-03,1,2024
ORD101093,CUST1092,2024-07-12,Beauty,Hair Dryer,673.04,2.0,India,Debit Card,Marketplace,Delivered,1346.08,2024-07,3,2024
ORD104053,CUST267,2024-03-20,Electronics,Phone Case,4049.64,3.0,United Kingdom,Debit Card,Website,Delivered,12148.92,2024-03,1,2024
ORD100362,CUST504,2024-09-14,Electronics,Bluetooth Speaker,4822.36,1.0,India,Upi,Marketplace,Delivered,4822.36,2024-09,3,2024
ORD102085,CUST321,2024-08-08,Electronics,Phone Case,1272.15,1.0,India,Cod,Mobile App,Delivered,1272.15,2024-08,3,2024
ORD100107,CUST921,2024-05-04,Books,Cookbook,516.93,1.0,United Kingdom,Upi,Mobile App,Delivered,516.93,2024-05,2,2024
ORD104825,CUST808,2024-03-11,Books,Cookbook,274.76,2.0,United States,Credit Card,Mobile App,Delivered,549.52,2024-03,1,2024
ORD103576,CUST549,2024-06-22,Books,Cookbook,412.74,1.0,Uae,Cod,Website,Returned,412.74,2024-06,2,2024
ORD101339,CUST883,2024-09-17,Beauty,Hair Dryer,632.75,1.0,India,Credit Card,Mobile App,Delivered,632.75,2024-09,3,2024
ORD105877,CUST959,2024-04-10,Beauty,Makeup Brush Kit,431.25,2.0,India,Cod,Website,Delivered,862.5,2024-04,2,2024
ORD100805,CUST1582,2024-03-28,Sports,Yoga Mat,759.83,1.0,India,Credit Card,Mobile App,Delivered,759.83,2024-03,1,2024
ORD103111,CUST733,2024-03-10,Fashion,Cotton T-Shirt,1735.49,4.0,United Kingdom,Credit Card,Marketplace,Delivered,6941.96,2024-03,1,2024
ORD101317,UNKNOWN,2024-06-17,Electronics,USB-C Cable,1743.57,1.0,India,Debit Card,Mobile App,Delivered,1743.57,2024-06,2,2024
ORD104210,CUST1068,2024-01-02,Sports,Resistance Bands,468.31,1.0,Germany,Cod,Marketplace,Delivered,468.31,2024-01,1,2024
ORD105299,CUST889,2024-02-14,Fashion,Running Shoes,1097.87,1.0,United States,Credit Card,Website,Delivered,1097.87,2024-02,1,2024
ORD102483,CUST651,2024-07-12,Sports,Dumbbell Set,852.29,2.0,United States,Cod,Mobile App,Delivered,1704.58,2024-07,3,2024
ORD105727,CUST392,2024-09-10,Electronics,Phone Case,2320.52,1.0,Germany,Upi,Marketplace,Delivered,2320.52,2024-09,3,2024
ORD102244,CUST134,2024-03-12,Home & Kitchen,Blender,1883.48,2.0,United States,Unknown,Website,Delivered,3766.96,2024-03,1,2024
ORD105577,CUST227,2024-03-06,Fashion,Running Shoes,2194.55,1.0,,Paypal,Marketplace,Delivered,2194.55,2024-03,1,2024
ORD104039,CUST1121,2024-05-31,Electronics,Phone Case,3890.96,2.0,India,Credit Card,Website,Delivered,7781.92,2024-05,2,2024
ORD100848,CUST119,2024-08-06,Electronics,USB-C Cable,1349.58,2.0,India,Credit Card,Mobile App,Delivered,2699.16,2024-08,3,2024
ORD100122,CUST408,2024-08-15,Electronics,Wireless Earbuds,4803.26,1.0,India,Net Banking,Mobile App,Delivered,4803.26,2024-08,3,2024
ORD104399,CUST474,2024-09-08,Electronics,Smartwatch,1448.51,1.0,India,Credit Card,Mobile App,Delivered,1448.51,2024-09,3,2024
ORD103867,UNKNOWN,2024-01-02,Beauty,Face Serum,846.64,1.0,Uae,Debit Card,Website,Delivered,846.64,2024-01,1,2024
ORD102549,CUST1318,2024-06-10,Electronics,Phone Case,3030.66,1.0,India,Upi,Mobile App,Returned,3030.66,2024-06,2,2024
ORD104310,CUST1564,2024-02-02,Electronics,USB-C Cable,2966.13,2.0,India,Credit Card,Marketplace,Delivered,5932.26,2024-02,1,2024
ORD104201,CUST1365,2024-02-04,Electronics,Smartwatch,981.86,2.0,India,Credit Card,Marketplace,Delivered,1963.72,2024-02,1,2024
ORD105295,CUST220,2024-01-15,Beauty,Hair Dryer,619.8,1.0,India,Upi,Website,Delivered,619.8,2024-01,1,2024
ORD105826,CUST540,2024-07-27,Electronics,Wireless Earbuds,2867.33,1.0,India,Net Banking,Website,Delivered,2867.33,2024-07,3,2024
ORD100986,CUST1279,2024-03-07,Fashion,Cotton T-Shirt,1668.66,1.0,India,Credit Card,Marketplace,Returned,1668.66,2024-03,1,2024
ORD101209,CUST1600,2024-08-11,Fashion,Denim Jacket,1337.88,4.0,,Credit Card,Mobile App,Cancelled,5351.52,2024-08,3,2024
ORD102390,CUST953,2024-02-19,Electronics,Power Bank,3926.21,4.0,India,Credit Card,Website,Delivered,15704.84,2024-02,1,2024
ORD100607,CUST1643,2024-06-14,Electronics,Wireless Earbuds,3987.22,1.0,India,Upi,Mobile App,Delivered,3987.22,2024-06,2,2024
ORD103484,UNKNOWN,2024-06-03,Toys,RC Car,981.59,1.0,France,Debit Card,Website,Delivered,981.59,2024-06,2,2024
ORD102649,CUST1733,2024-01-21,Books,Kids Picture Book,351.7,1.0,India,Credit Card,Mobile App,Delivered,351.7,2024-01,1,2024
ORD105745,CUST1479,2024-05-22,Beauty,Sunscreen SPF50,749.64,1.0,United States,Paypal,Mobile App,Returned,749.64,2024-05,2,2024
ORD103094,CUST723,2024-04-01,Sports,Dumbbell Set,1276.15,1.0,India,Credit Card,Mobile App,Cancelled,1276.15,2024-04,2,2024
ORD102377,CUST1682,2024-06-17,Fashion,Leather Wallet,972.18,2.0,India,Debit Card,Marketplace,Delivered,1944.36,2024-06,2,2024
ORD103258,CUST1778,2024-06-25,Electronics,Bluetooth Speaker,4943.82,5.0,Germany,Upi,Mobile App,Delivered,24719.1,2024-06,2,2024
ORD103685,CUST487,2024-01-23,Electronics,USB-C Cable,4178.45,2.0,Uae,Debit Card,Mobile App,Returned,8356.9,2024-01,1,2024
ORD102203,CUST1174,2024-04-09,Electronics,Bluetooth Speaker,2096.7,1.0,Uae,Paypal,Mobile App,Delivered,2096.7,2024-04,2,2024
ORD102712,CUST227,2024-01-02,Sports,Yoga Mat,2397.37,1.0,France,Upi,Website,Delivered,2397.37,2024-01,1,2024
ORD103016,CUST1225,2024-03-06,Beauty,Face Serum,1055.53,1.0,,Debit Card,Mobile App,Delivered,1055.53,2024-03,1,2024
ORD102789,CUST338,2024-08-06,Home & Kitchen,Storage Containers,1574.37,1.0,United States,Credit Card,Mobile App,Delivered,1574.37,2024-08,3,2024
ORD102054,CUST489,2024-03-04,Electronics,Phone Case,3697.0,2.0,United States,Net Banking,Mobile App,Cancelled,7394.0,2024-03,1,2024
ORD102879,CUST116,2024-05-15,Books,Fiction Bestseller,292.39,1.0,India,Upi,Marketplace,Delivered,292.39,2024-05,2,2024
ORD105508,CUST383,2024-06-28,Electronics,USB-C Cable,1333.26,5.0,India,Net Banking,Mobile App,Delivered,6666.3,2024-06,2,2024
ORD101253,CUST1402,2024-02-14,Sports,Resistance Bands,262.52,1.0,United Kingdom,Upi,Marketplace,Delivered,262.52,2024-02,1,2024
ORD100262,CUST159,2024-04-12,Books,Fiction Bestseller,684.55,1.0,United States,Upi,Mobile App,Delivered,684.55,2024-04,2,2024
ORD102785,CUST353,2024-09-10,Home & Kitchen,LED Desk Lamp,1161.99,1.0,United States,Upi,Website,Delivered,1161.99,2024-09,3,2024
ORD102562,CUST1712,2024-09-15,Electronics,Bluetooth Speaker,3268.13,1.0,United States,Credit Card,Website,Delivered,3268.13,2024-09,3,2024
ORD105703,CUST1501,2024-03-16,Toys,Board Game,1537.37,2.0,India,Debit Card,Mobile App,Delivered,3074.74,2024-03,1,2024
ORD104486,CUST693,2024-05-04,Fashion,Sunglasses,290.71,1.0,India,Net Banking,Marketplace,Delivered,290.71,2024-05,2,2024
ORD102733,CUST544,2024-01-28,Fashion,Cotton T-Shirt,2459.25,1.0,Germany,Upi,Website,Delivered,2459.25,2024-01,1,2024
ORD105205,CUST86,2024-02-25,Fashion,Leather Wallet,1736.16,1.0,India,Upi,Mobile App,Delivered,1736.16,2024-02,1,2024
ORD101574,CUST320,2024-03-14,Fashion,Leather Wallet,1363.35,1.0,United States,Cod,Mobile App,Delivered,1363.35,2024-03,1,2024
ORD100267,CUST1547,2024-03-04,Toys,RC Car,1954.71,1.0,India,Credit Card,Website,Delivered,1954.71,2024-03,1,2024
ORD103618,CUST663,2024-06-23,Fashion,Denim Jacket,2334.88,2.0,France,Credit Card,Website,Delivered,4669.76,2024-06,2,2024
ORD103568,CUST1238,2024-01-06,Fashion,Cotton T-Shirt,2867.71,1.0,United Kingdom,Upi,Marketplace,Cancelled,2867.71,2024-01,1,2024
ORD105535,CUST1677,2024-04-23,Books,Cookbook,389.6,3.0,India,Credit Card,Website,Delivered,1168.8000000000002,2024-04,2,2024
ORD102573,CUST1592,2024-05-11,Beauty,Hair Dryer,1096.96,1.0,United States,Credit Card,Mobile App,Delivered,1096.96,2024-05,2,2024
ORD103175,CUST172,2024-03-14,Electronics,Wireless Earbuds,4316.46,1.0,India,Upi,Mobile App,Delivered,4316.46,2024-03,1,2024
ORD103520,CUST1034,2024-07-23,Electronics,Smartwatch,3309.08,1.0,India,Net Banking,Mobile App,Returned,3309.08,2024-07,3,2024
ORD103412,CUST1566,2024-05-24,Sports,Water Bottle,210.58,1.0,India,Net Banking,Mobile App,Delivered,210.58,2024-05,2,2024
ORD105761,UNKNOWN,2024-05-04,Home & Kitchen,Air Fryer,1916.25,2.0,United Kingdom,Cod,Website,Delivered,3832.5,2024-05,2,2024
ORD105906,CUST1150,2024-02-07,Beauty,Hair Dryer,340.01,2.0,India,Cod,Website,Cancelled,680.02,2024-02,1,2024
ORD104178,CUST354,2024-01-12,Sports,Dumbbell Set,1471.95,1.0,India,Unknown,Mobile App,Returned,1471.95,2024-01,1,2024
ORD100573,CUST1080,2024-08-02,Sports,Dumbbell Set,1077.55,1.0,United Kingdom,Net Banking,Mobile App,Delivered,1077.55,2024-08,3,2024
ORD104420,CUST1184,2024-03-06,Books,Kids Picture Book,392.21,1.0,United Kingdom,Debit Card,Mobile App,Delivered,392.21,2024-03,1,2024
ORD104234,CUST1705,2024-04-11,Electronics,USB-C Cable,3337.01,1.0,India,Debit Card,Website,Delivered,3337.01,2024-04,2,2024
ORD102126,CUST190,2024-09-13,Sports,Water Bottle,1900.22,1.0,India,Debit Card,Mobile App,Cancelled,1900.22,2024-09,3,2024
ORD100415,CUST1388,2024-03-30,Electronics,Phone Case,2346.24,1.0,United States,Upi,Mobile App,Delivered,2346.24,2024-03,1,2024
ORD105573,CUST726,2024-09-20,Beauty,Lip Balm Set,1167.32,1.0,United States,Net Banking,Marketplace,Delivered,1167.32,2024-09,3,2024
ORD103809,CUST937,2024-07-02,Home & Kitchen,Air Fryer,2412.46,1.0,United States,Paypal,Website,Delivered,2412.46,2024-07,3,2024
ORD102265,CUST227,2024-02-20,Toys,RC Car,1062.32,1.0,India,Upi,Mobile App,Delivered,1062.32,2024-02,1,2024
ORD103519,CUST591,2024-01-03,Sports,Dumbbell Set,322.91,3.0,India,Credit Card,Mobile App,Delivered,968.73,2024-01,1,2024
ORD105954,CUST754,2024-03-05,Electronics,USB-C Cable,2063.08,2.0,United States,Upi,Website,Delivered,4126.16,2024-03,1,2024
ORD105799,CUST837,2024-02-25,Books,Cookbook,259.14,1.0,India,Credit Card,Mobile App,Delivered,259.14,2024-02,1,2024
ORD102531,CUST676,2024-04-13,Beauty,Sunscreen SPF50,920.7,2.0,India,Debit Card,Mobile App,Delivered,1841.4,2024-04,2,2024
ORD101324,CUST1443,2024-02-18,Home & Kitchen,LED Desk Lamp,471.52,1.0,United Kingdom,Paypal,Website,Delivered,471.52,2024-02,1,2024
ORD104840,CUST939,2024-02-21,Sports,Water Bottle,1942.1,2.0,India,Paypal,Mobile App,Delivered,3884.2,2024-02,1,2024
ORD103129,CUST1067,2024-05-25,Books,Self-Help Guide,725.21,1.0,United Kingdom,Credit Card,Marketplace,Delivered,725.21,2024-05,2,2024
ORD102010,CUST222,2024-04-13,Electronics,USB-C Cable,2957.06,1.0,India,Upi,Mobile App,Delivered,2957.06,2024-04,2,2024
ORD104447,CUST1599,2024-08-22,Electronics,Wireless Earbuds,3947.94,1.0,India,Paypal,Website,Delivered,3947.94,2024-08,3,2024
ORD105808,CUST1281,2024-02-27,Sports,Resistance Bands,1491.48,3.0,Germany,Upi,Marketplace,Cancelled,4474.4400000000005,2024-02,1,2024
ORD100309,CUST1188,2024-07-17,Fashion,Leather Wallet,1197.4,1.0,India,Debit Card,Website,Delivered,1197.4,2024-07,3,2024
ORD104710,CUST833,2024-03-05,Toys,Board Game,853.72,1.0,United Kingdom,Credit Card,Marketplace,Delivered,853.72,2024-03,1,2024
ORD104916,CUST1505,2024-02-06,Books,Cookbook,728.91,1.0,India,Debit Card,Marketplace,Delivered,728.91,2024-02,1,2024
ORD101644,CUST890,2024-02-19,Toys,Puzzle 1000pc,368.99,1.0,Uae,Net Banking,Website,Delivered,368.99,2024-02,1,2024
ORD102629,CUST1042,2024-01-31,Fashion,Cotton T-Shirt,2805.13,1.0,India,Cod,Marketplace,Cancelled,2805.13,2024-01,1,2024
ORD101279,CUST444,2024-05-31,Fashion,Sunglasses,1821.22,1.0,United States,Upi,Website,Delivered,1821.22,2024-05,2,2024
ORD104389,CUST813,2024-02-18,Books,Kids Picture Book,634.37,2.0,United States,Credit Card,Website,Delivered,1268.74,2024-02,1,2024
ORD100891,CUST696,2024-07-04,Sports,Resistance Bands,426.83,1.0,India,Upi,Mobile App,Delivered,426.83,2024-07,3,2024
ORD104215,CUST4,2024-04-19,Beauty,Sunscreen SPF50,279.99,4.0,India,Cod,Website,Cancelled,1119.96,2024-04,2,2024
ORD104140,CUST322,2024-07-15,Fashion,Running Shoes,561.14,1.0,United States,Credit Card,Website,Returned,561.14,2024-07,3,2024
ORD101813,CUST1427,2024-09-19,Toys,RC Car,542.65,2.0,India,Net Banking,Mobile App,Delivered,1085.3,2024-09,3,2024
ORD102759,CUST256,2024-08-29,Home & Kitchen,Air Fryer,1468.43,1.0,United States,Cod,Mobile App,Returned,1468.43,2024-08,3,2024
ORD102806,UNKNOWN,2024-04-21,Fashion,Cotton T-Shirt,2842.11,3.0,France,Debit Card,Mobile App,Delivered,8526.33,2024-04,2,2024
ORD105448,CUST1402,2024-07-04,Books,Kids Picture Book,767.33,1.0,India,Unknown,Marketplace,Delivered,767.33,2024-07,3,2024
ORD105695,CUST565,2024-02-09,Electronics,Bluetooth Speaker,3852.44,2.0,India,Cod,Marketplace,Delivered,7704.88,2024-02,1,2024
ORD103481,CUST1709,2024-04-25,Sports,Resistance Bands,1373.83,1.0,India,Net Banking,Website,Delivered,1373.83,2024-04,2,2024
ORD104586,CUST1519,2024-03-30,Sports,Resistance Bands,421.09,1.0,India,Paypal,Website,Delivered,421.09,2024-03,1,2024
ORD101201,CUST1148,2024-06-26,Beauty,Hair Dryer,1232.24,2.0,United States,Cod,Mobile App,Delivered,2464.48,2024-06,2,2024
ORD100871,CUST136,2024-01-27,Home & Kitchen,Non-stick Pan Set,1999.06,1.0,France,Debit Card,Website,Cancelled,1999.06,2024-01,1,2024
ORD100929,CUST859,2024-04-09,Electronics,Bluetooth Speaker,1141.86,1.0,United States,Debit Card,Website,Delivered,1141.86,2024-04,2,2024
ORD104476,CUST648,2024-07-07,Sports,Water Bottle,1167.08,1.0,United Kingdom,Debit Card,Mobile App,Delivered,1167.08,2024-07,3,2024
ORD100091,CUST159,2024-05-31,Fashion,Leather Wallet,1959.54,2.0,United States,Upi,Mobile App,Delivered,3919.08,2024-05,2,2024
ORD104728,CUST1512,2024-01-20,Home & Kitchen,Blender,1037.28,2.0,Germany,Upi,Mobile App,Delivered,2074.56,2024-01,1,2024
ORD105368,CUST1591,2024-06-04,Sports,Yoga Mat,1381.38,2.0,India,Upi,Website,Delivered,2762.76,2024-06,2,2024
ORD105521,CUST1002,2024-01-04,Beauty,Sunscreen SPF50,1481.35,2.0,India,Credit Card,Website,Delivered,2962.7,2024-01,1,2024
ORD105075,CUST1213,2024-08-22,Electronics,Phone Case,4700.06,1.0,India,Credit Card,Website,Delivered,4700.06,2024-08,3,2024
ORD104730,CUST1662,2024-04-10,Fashion,Leather Wallet,894.63,1.0,India,Debit Card,Website,Delivered,894.63,2024-04,2,2024
ORD104468,CUST994,2024-09-10,Electronics,Wireless Earbuds,4389.51,1.0,United Kingdom,Credit Card,Mobile App,Delivered,4389.51,2024-09,3,2024
ORD101734,CUST901,2024-05-31,Fashion,Running Shoes,1299.6,1.0,India,Upi,Website,Returned,1299.6,2024-05,2,2024
ORD105770,CUST630,2024-06-05,Electronics,Wireless Earbuds,795.05,3.0,India,Credit Card,Mobile App,Delivered,2385.1499999999996,2024-06,2,2024
ORD101619,CUST1699,2024-01-06,Electronics,Smartwatch,3806.32,1.0,India,Upi,Website,Delivered,3806.32,2024-01,1,2024
ORD101647,CUST876,2024-02-02,Beauty,Face Serum,909.36,1.0,India,Credit Card,Marketplace,Returned,909.36,2024-02,1,2024
ORD104582,UNKNOWN,2024-03-14,Toys,Building Blocks Set,1183.8,1.0,Germany,Credit Card,Mobile App,Returned,1183.8,2024-03,1,2024
ORD100560,CUST688,2024-09-21,Electronics,Wireless Earbuds,2290.39,1.0,India,Net Banking,Marketplace,Returned,2290.39,2024-09,3,2024
ORD102290,CUST1510,2024-01-29,Sports,Resistance Bands,1649.24,2.0,India,Credit Card,Mobile App,Delivered,3298.48,2024-01,1,2024
ORD101398,CUST333,2024-02-14,Electronics,Phone Case,4770.07,4.0,India,Debit Card,Mobile App,Delivered,19080.28,2024-02,1,2024
ORD102266,CUST215,2024-01-02,Beauty,Sunscreen SPF50,187.77,1.0,India,Cod,Website,Delivered,187.77,2024-01,1,2024
ORD100925,CUST1503,2024-07-05,Sports,Yoga Mat,613.57,1.0,United States,Credit Card,Website,Delivered,613.57,2024-07,3,2024
ORD102118,CUST1507,2024-08-13,Fashion,Cotton T-Shirt,2575.43,1.0,Uae,Net Banking,Website,Delivered,2575.43,2024-08,3,2024
ORD103705,CUST1391,2024-08-02,Home & Kitchen,Blender,2064.84,2.0,India,Debit Card,Mobile App,Delivered,4129.68,2024-08,3,2024
ORD100477,CUST1035,2024-06-25,Beauty,Sunscreen SPF50,1408.07,2.0,Germany,Credit Card,Mobile App,Returned,2816.14,2024-06,2,2024
ORD102312,CUST162,2024-05-12,Home & Kitchen,Storage Containers,836.67,1.0,India,Credit Card,Marketplace,Delivered,836.67,2024-05,2,2024
ORD103940,CUST1517,2024-03-05,Sports,Cycling Gloves,1398.11,1.0,Germany,Unknown,Mobile App,Delivered,1398.11,2024-03,1,2024
ORD103718,CUST394,2024-09-17,Toys,RC Car,1735.52,2.0,France,Debit Card,Marketplace,Cancelled,3471.04,2024-09,3,2024
ORD100687,CUST53,2024-02-04,Home & Kitchen,Storage Containers,1866.78,1.0,France,Cod,Mobile App,Delivered,1866.78,2024-02,1,2024
ORD102500,CUST104,2024-08-09,Home & Kitchen,Blender,549.76,1.0,India,Upi,Website,Delivered,549.76,2024-08,3,2024
ORD105309,CUST1074,2024-07-11,Fashion,Cotton T-Shirt,2815.05,2.0,United States,Credit Card,Mobile App,Delivered,5630.1,2024-07,3,2024
ORD101533,CUST1594,2024-03-05,Sports,Dumbbell Set,616.77,2.0,France,Cod,Marketplace,Delivered,1233.54,2024-03,1,2024
ORD102204,UNKNOWN,2024-07-18,Electronics,Power Bank,3754.82,1.0,India,Cod,Marketplace,Delivered,3754.82,2024-07,3,2024
ORD103122,CUST1348,2024-05-12,Books,Cookbook,508.51,1.0,United Kingdom,Credit Card,Mobile App,Delivered,508.51,2024-05,2,2024
ORD102609,CUST248,2024-06-26,Fashion,Cotton T-Shirt,423.74,1.0,India,Paypal,Mobile App,Delivered,423.74,2024-06,2,2024
ORD103329,CUST57,2024-06-28,Home & Kitchen,Storage Containers,704.54,2.0,India,Debit Card,Website,Delivered,1409.08,2024-06,2,2024
ORD104353,CUST668,2024-06-21,Fashion,Sunglasses,767.51,2.0,United States,Debit Card,Mobile App,Delivered,1535.02,2024-06,2,2024
ORD100728,CUST913,2024-07-31,Beauty,Makeup Brush Kit,531.47,1.0,India,Net Banking,Website,Returned,531.47,2024-07,3,2024
ORD101413,CUST22,2024-06-27,Books,Fiction Bestseller,299.98,1.0,United Kingdom,Credit Card,Mobile App,Delivered,299.98,2024-06,2,2024
ORD102662,CUST556,2024-07-10,Home & Kitchen,Air Fryer,1431.56,3.0,United States,Credit Card,Website,Cancelled,4294.68,2024-07,3,2024
ORD102049,CUST475,2024-04-18,Home & Kitchen,Air Fryer,3403.32,1.0,India,Upi,Mobile App,Delivered,3403.32,2024-04,2,2024
ORD102298,CUST1270,2024-04-04,Toys,RC Car,1656.94,1.0,France,Debit Card,Mobile App,Delivered,1656.94,2024-04,2,2024
ORD101959,CUST1135,2024-02-13,Electronics,Smartwatch,4742.39,2.0,India,Cod,Mobile App,Delivered,9484.78,2024-02,1,2024
ORD102498,CUST220,2024-01-01,Sports,Cycling Gloves,728.75,1.0,India,Upi,Website,Delivered,728.75,2024-01,1,2024
ORD101895,CUST38,2024-07-11,Beauty,Sunscreen SPF50,681.93,3.0,France,Upi,Marketplace,Delivered,2045.79,2024-07,3,2024
ORD100847,CUST1694,2024-02-19,Home & Kitchen,Non-stick Pan Set,1951.29,1.0,France,Upi,Marketplace,Delivered,1951.29,2024-02,1,2024
ORD100855,CUST1772,2024-06-17,Electronics,Bluetooth Speaker,3747.59,1.0,United States,Paypal,Website,Delivered,3747.59,2024-06,2,2024
ORD104327,CUST1599,2024-06-03,Home & Kitchen,Non-stick Pan Set,2653.64,1.0,Uae,Upi,Marketplace,Delivered,2653.64,2024-06,2,2024
ORD105320,CUST47,2024-07-18,Electronics,Phone Case,2874.07,1.0,United States,Credit Card,Website,Delivered,2874.07,2024-07,3,2024
ORD101607,CUST799,2024-06-06,Fashion,Cotton T-Shirt,1418.84,2.0,Germany,Upi,Website,Delivered,2837.68,2024-06,2,2024
ORD104898,CUST853,2024-03-12,Sports,Cycling Gloves,2293.74,1.0,India,Credit Card,Website,Delivered,2293.74,2024-03,1,2024
ORD103980,CUST138,2024-07-27,Toys,RC Car,1485.82,1.0,India,Debit Card,Mobile App,Delivered,1485.82,2024-07,3,2024
ORD101157,CUST1090,2024-02-29,Electronics,Wireless Earbuds,4322.25,1.0,India,Credit Card,Website,Delivered,4322.25,2024-02,1,2024
ORD103561,CUST1031,2024-07-20,Electronics,Bluetooth Speaker,690.63,1.0,France,Credit Card,Mobile App,Delivered,690.63,2024-07,3,2024
ORD104375,CUST375,2024-03-08,Sports,Cycling Gloves,577.92,1.0,United Kingdom,Cod,Mobile App,Delivered,577.92,2024-03,1,2024
ORD101672,CUST1467,2024-04-15,Beauty,Lip Balm Set,888.92,1.0,India,Credit Card,Marketplace,Delivered,888.92,2024-04,2,2024
ORD104434,CUST187,2024-01-13,Fashion,Leather Wallet,2562.92,1.0,United Kingdom,Upi,Website,Delivered,2562.92,2024-01,1,2024
ORD103611,CUST1779,2024-08-30,Home & Kitchen,Blender,2868.26,1.0,United States,Debit Card,Website,Delivered,2868.26,2024-08,3,2024
ORD103005,CUST462,2024-03-11,Books,Self-Help Guide,785.3,1.0,India,Credit Card,Mobile App,Delivered,785.3,2024-03,1,2024
ORD101875,CUST1002,2024-03-23,Home & Kitchen,Storage Containers,861.72,1.0,India,Credit Card,Mobile App,Delivered,861.72,2024-03,1,2024
ORD103424,CUST27,2024-04-08,Home & Kitchen,Storage Containers,1053.17,1.0,Germany,Upi,Mobile App,Delivered,1053.17,2024-04,2,2024
ORD101271,CUST198,2024-06-28,Fashion,Running Shoes,340.71,1.0,India,Cod,Mobile App,Delivered,340.71,2024-06,2,2024
ORD104548,CUST30,2024-07-16,Sports,Cycling Gloves,1543.09,1.0,Germany,Debit Card,Website,Delivered,1543.09,2024-07,3,2024
ORD104757,CUST846,2024-01-12,Toys,Board Game,814.81,1.0,Uae,Paypal,Website,Delivered,814.81,2024-01,1,2024
ORD101104,CUST1698,2024-03-08,Home & Kitchen,Blender,2687.67,1.0,India,Debit Card,Mobile App,Delivered,2687.67,2024-03,1,2024
ORD101912,CUST880,2024-01-11,Fashion,Denim Jacket,1227.08,1.0,France,Cod,Mobile App,Delivered,1227.08,2024-01,1,2024
ORD105735,CUST823,2024-09-26,Electronics,Wireless Earbuds,1096.72,1.0,India,Cod,Website,Delivered,1096.72,2024-09,3,2024
ORD103015,CUST144,2024-03-31,Fashion,Leather Wallet,795.3,1.0,India,Debit Card,Mobile App,Cancelled,795.3,2024-03,1,2024
ORD104228,CUST142,2024-01-03,Home & Kitchen,LED Desk Lamp,930.36,1.0,,Upi,Mobile App,Returned,930.36,2024-01,1,2024
ORD101584,CUST1128,2024-01-21,Home & Kitchen,Storage Containers,1866.73,1.0,India,Net Banking,Marketplace,Returned,1866.73,2024-01,1,2024
ORD104227,CUST1514,2024-09-18,Sports,Dumbbell Set,782.81,3.0,France,Paypal,Marketplace,Cancelled,2348.43,2024-09,3,2024
ORD105053,CUST1192,2024-04-18,Fashion,Leather Wallet,1297.52,1.0,India,Debit Card,Website,Delivered,1297.52,2024-04,2,2024
ORD104911,CUST146,2024-07-10,Beauty,Makeup Brush Kit,1403.47,1.0,United Kingdom,Credit Card,Mobile App,Delivered,1403.47,2024-07,3,2024
ORD103544,CUST1590,2024-05-08,Fashion,Denim Jacket,1123.72,2.0,United Kingdom,Credit Card,Website,Delivered,2247.44,2024-05,2,2024
ORD103221,CUST588,2024-06-15,Toys,Building Blocks Set,1190.95,4.0,India,Debit Card,Website,Returned,4763.8,2024-06,2,2024
ORD104995,CUST1173,2024-06-20,Beauty,Makeup Brush Kit,1226.25,1.0,India,Debit Card,Website,Delivered,1226.25,2024-06,2,2024
ORD100880,CUST99,2024-03-17,Books,Fiction Bestseller,757.16,2.0,India,Upi,Mobile App,Returned,1514.32,2024-03,1,2024
ORD105979,CUST41,2024-02-19,Toys,Puzzle 1000pc,1682.33,1.0,United Kingdom,Debit Card,Marketplace,Delivered,1682.33,2024-02,1,2024
ORD105670,CUST539,2024-08-01,Beauty,Lip Balm Set,196.32,2.0,India,Debit Card,Website,Delivered,392.64,2024-08,3,2024
ORD101191,CUST1609,2024-05-29,Beauty,Face Serum,1104.65,1.0,Germany,Cod,Website,Delivered,1104.65,2024-05,2,2024
ORD104899,CUST1110,2024-05-10,Electronics,Bluetooth Speaker,1186.18,1.0,India,Credit Card,Marketplace,Delivered,1186.18,2024-05,2,2024
ORD103936,CUST1314,2024-01-31,Beauty,Face Serum,936.29,5.0,India,Credit Card,Website,Delivered,4681.45,2024-01,1,2024
ORD100185,CUST362,2024-06-29,Toys,Building Blocks Set,1616.31,1.0,United States,Paypal,Website,Delivered,1616.31,2024-06,2,2024
ORD100690,CUST1179,2024-02-20,Electronics,Smartwatch,3723.49,1.0,India,Credit Card,Website,Returned,3723.49,2024-02,1,2024
ORD103993,CUST164,2024-03-14,Electronics,Phone Case,2095.8,2.0,India,Upi,Marketplace,Delivered,4191.6,2024-03,1,2024
ORD105681,CUST141,2024-09-01,Fashion,Denim Jacket,1515.61,1.0,United Kingdom,Credit Card,Marketplace,Delivered,1515.61,2024-09,3,2024
ORD102501,CUST293,2024-03-17,Electronics,Wireless Earbuds,2790.28,2.0,United States,Credit Card,Marketplace,Returned,5580.56,2024-03,1,2024
ORD102862,CUST612,2024-01-12,Beauty,Makeup Brush Kit,522.01,1.0,United States,Net Banking,Website,Delivered,522.01,2024-01,1,2024
ORD103604,CUST149,2024-02-15,Books,Cookbook,256.48,1.0,United States,Paypal,Website,Delivered,256.48,2024-02,1,2024
ORD103127,CUST343,2024-01-19,Electronics,Smartwatch,2157.04,2.0,India,Paypal,Mobile App,Delivered,4314.08,2024-01,1,2024
ORD102028,CUST1165,2024-03-15,Sports,Cycling Gloves,2001.78,1.0,India,Debit Card,Website,Delivered,2001.78,2024-03,1,2024
ORD101996,CUST570,2024-06-10,Electronics,Bluetooth Speaker,3755.05,1.0,India,Upi,Mobile App,Delivered,3755.05,2024-06,2,2024
ORD104560,CUST1768,2024-05-02,Fashion,Cotton T-Shirt,2040.7,1.0,Uae,Credit Card,Mobile App,Delivered,2040.7,2024-05,2,2024
ORD100244,CUST349,2024-09-06,Sports,Water Bottle,1746.36,1.0,United States,Upi,Marketplace,Delivered,1746.36,2024-09,3,2024
ORD103217,CUST1641,2024-05-24,Sports,Cycling Gloves,811.38,1.0,India,Unknown,Mobile App,Delivered,811.38,2024-05,2,2024
ORD105821,CUST1013,2024-05-04,Home & Kitchen,Non-stick Pan Set,1275.85,1.0,,Upi,Mobile App,Delivered,1275.85,2024-05,2,2024
ORD104966,CUST1668,2024-08-02,Electronics,Phone Case,4870.61,1.0,Germany,Upi,Marketplace,Delivered,4870.61,2024-08,3,2024
ORD102745,CUST342,2024-09-13,Books,Kids Picture Book,443.155,2.0,India,Credit Card,Mobile App,Delivered,886.31,2024-09,3,2024
ORD104094,CUST1096,2024-08-29,Electronics,USB-C Cable,4148.14,1.0,United Kingdom,Upi,Marketplace,Delivered,4148.14,2024-08,3,2024
ORD100628,CUST1074,2024-02-25,Home & Kitchen,LED Desk Lamp,2725.91,1.0,India,Debit Card,Mobile App,Delivered,2725.91,2024-02,1,2024
ORD103219,CUST1381,2024-08-21,Fashion,Cotton T-Shirt,1443.3,2.0,India,Credit Card,Website,Delivered,2886.6,2024-08,3,2024
ORD100067,CUST102,2024-01-17,Beauty,Lip Balm Set,573.71,4.0,Uae,Debit Card,Website,Delivered,2294.84,2024-01,1,2024
ORD104827,CUST920,2024-01-31,Home & Kitchen,Storage Containers,1104.55,1.0,India,Debit Card,Marketplace,Delivered,1104.55,2024-01,1,2024
ORD102220,CUST828,2024-07-04,Fashion,Leather Wallet,729.4,1.0,India,Debit Card,Marketplace,Delivered,729.4,2024-07,3,2024
ORD102413,CUST765,2024-05-05,Sports,Cycling Gloves,206.38,2.0,India,Upi,Website,Delivered,412.76,2024-05,2,2024
ORD101590,CUST773,2024-05-14,Home & Kitchen,Blender,835.11,1.0,Uae,Upi,Mobile App,Delivered,835.11,2024-05,2,2024
ORD102168,CUST1546,2024-07-15,Fashion,Leather Wallet,2296.14,1.0,Germany,Upi,Website,Delivered,2296.14,2024-07,3,2024
ORD100005,CUST1496,2024-09-17,Electronics,Smartwatch,3679.86,2.0,France,Upi,Website,Returned,7359.72,2024-09,3,2024
ORD105916,CUST1639,2024-08-13,Electronics,Smartwatch,1165.51,2.0,India,Credit Card,Mobile App,Delivered,2331.02,2024-08,3,2024
ORD102222,CUST226,2024-01-29,Beauty,Hair Dryer,1012.66,2.0,India,Cod,Marketplace,Delivered,2025.32,2024-01,1,2024
ORD103071,CUST1199,2024-01-23,Toys,Building Blocks Set,680.69,1.0,Germany,Upi,Mobile App,Delivered,680.69,2024-01,1,2024
ORD104767,CUST659,2024-04-11,Beauty,Face Serum,449.8,1.0,India,Upi,Marketplace,Delivered,449.8,2024-04,2,2024
ORD105975,CUST1040,2024-08-04,Sports,Yoga Mat,1265.59,4.0,Uae,Upi,Website,Delivered,5062.36,2024-08,3,2024
ORD104789,CUST1712,2024-02-19,Fashion,Leather Wallet,2021.26,5.0,United Kingdom,Debit Card,Mobile App,Delivered,10106.3,2024-02,1,2024
ORD105959,CUST1326,2024-06-29,Fashion,Denim Jacket,2816.25,2.0,United States,Upi,Mobile App,Delivered,5632.5,2024-06,2,2024
ORD100161,CUST1658,2024-02-10,Beauty,Hair Dryer,1226.81,2.0,India,Debit Card,Mobile App,Delivered,2453.62,2024-02,1,2024
ORD103675,CUST154,2024-05-04,Electronics,Bluetooth Speaker,2874.07,3.0,India,Credit Card,Marketplace,Delivered,8622.210000000001,2024-05,2,2024
ORD103572,CUST621,2024-02-19,Electronics,Wireless Earbuds,2874.07,1.0,India,Credit Card,Website,Delivered,2874.07,2024-02,1,2024
ORD100491,CUST998,2024-08-22,Electronics,Bluetooth Speaker,1260.06,1.0,India,Paypal,Website,Delivered,1260.06,2024-08,3,2024
ORD105046,CUST1008,2024-09-26,Home & Kitchen,Storage Containers,2471.45,1.0,Uae,Debit Card,Marketplace,Returned,2471.45,2024-09,3,2024
ORD100376,UNKNOWN,2024-06-30,Books,Kids Picture Book,596.25,2.0,United States,Debit Card,Mobile App,Delivered,1192.5,2024-06,2,2024
ORD102867,CUST877,2024-03-26,Sports,Resistance Bands,381.16,1.0,India,Upi,Website,Cancelled,381.16,2024-03,1,2024
ORD105036,CUST489,2024-06-10,Home & Kitchen,Blender,1496.13,2.0,India,Debit Card,Marketplace,Delivered,2992.26,2024-06,2,2024
ORD104441,CUST901,2024-05-16,Sports,Dumbbell Set,359.27,1.0,India,Unknown,Mobile App,Delivered,359.27,2024-05,2,2024
ORD103251,CUST427,2024-01-22,Beauty,Face Serum,279.51,2.0,United Kingdom,Credit Card,Website,Delivered,559.02,2024-01,1,2024
ORD100278,CUST280,2024-05-29,Home & Kitchen,LED Desk Lamp,2221.92,3.0,India,Net Banking,Website,Delivered,6665.76,2024-05,2,2024
ORD100453,CUST1440,2024-06-06,Sports,Yoga Mat,1016.72,1.0,India,Credit Card,Website,Delivered,1016.72,2024-06,2,2024
ORD104438,CUST415,2024-04-21,Fashion,Running Shoes,1179.29,1.0,United States,Upi,Website,Delivered,1179.29,2024-04,2,2024
ORD100314,CUST1083,2024-07-14,Sports,Cycling Gloves,1820.59,2.0,United States,Upi,Website,Returned,3641.18,2024-07,3,2024
ORD104018,CUST633,2024-05-06,Beauty,Face Serum,374.45,2.0,India,Upi,Website,Delivered,748.9,2024-05,2,2024
ORD101494,CUST111,2024-04-22,Home & Kitchen,Blender,319.83,1.0,Uae,Debit Card,Marketplace,Delivered,319.83,2024-04,2,2024
ORD104912,CUST1758,2024-08-26,Electronics,Wireless Earbuds,1188.91,2.0,United States,Cod,Website,Delivered,2377.82,2024-08,3,2024
ORD103639,CUST607,2024-07-01,Home & Kitchen,LED Desk Lamp,1691.85,2.0,United States,Credit Card,Website,Returned,3383.7,2024-07,3,2024
ORD102207,CUST4,2024-01-16,Books,Kids Picture Book,474.59,4.0,United Kingdom,Cod,Mobile App,Delivered,1898.36,2024-01,1,2024
ORD102674,CUST962,2024-04-10,Fashion,Cotton T-Shirt,1460.04,1.0,India,Upi,Mobile App,Delivered,1460.04,2024-04,2,2024
ORD102328,UNKNOWN,2024-06-10,Home & Kitchen,Air Fryer,1486.38,1.0,India,Credit Card,Website,Returned,1486.38,2024-06,2,2024
ORD104272,CUST1418,2024-02-04,Home & Kitchen,Non-stick Pan Set,2551.51,1.0,Germany,Debit Card,Marketplace,Delivered,2551.51,2024-02,1,2024
ORD101230,CUST1496,2024-05-24,Toys,Puzzle 1000pc,783.22,3.0,United Kingdom,Credit Card,Website,Delivered,2349.66,2024-05,2,2024
ORD102850,CUST1086,2024-07-20,Electronics,USB-C Cable,1680.97,1.0,India,Credit Card,Website,Cancelled,1680.97,2024-07,3,2024
ORD104413,CUST282,2024-08-07,Electronics,Wireless Earbuds,4572.23,2.0,United Kingdom,Upi,Website,Delivered,9144.46,2024-08,3,2024
ORD103973,CUST1341,2024-06-09,Beauty,Makeup Brush Kit,1191.84,1.0,France,Paypal,Marketplace,Cancelled,1191.84,2024-06,2,2024
ORD100162,CUST933,2024-06-05,Beauty,Makeup Brush Kit,1350.63,1.0,United States,Debit Card,Website,Delivered,1350.63,2024-06,2,2024
ORD103145,CUST1099,2024-05-28,Sports,Dumbbell Set,1483.09,2.0,United Kingdom,Credit Card,Website,Returned,2966.18,2024-05,2,2024
ORD102639,CUST178,2024-02-11,Home & Kitchen,LED Desk Lamp,1727.64,3.0,United Kingdom,Upi,Website,Delivered,5182.92,2024-02,1,2024
ORD104915,CUST733,2024-02-16,Books,Kids Picture Book,794.65,1.0,India,Credit Card,Website,Delivered,794.65,2024-02,1,2024
ORD105031,CUST909,2024-08-17,Beauty,Face Serum,701.58,1.0,Germany,Debit Card,Mobile App,Delivered,701.58,2024-08,3,2024
ORD105556,CUST229,2024-06-26,Beauty,Lip Balm Set,1233.12,1.0,United Kingdom,Net Banking,Website,Delivered,1233.12,2024-06,2,2024
ORD105532,UNKNOWN,2024-09-22,Books,Fiction Bestseller,350.22,2.0,India,Net Banking,Mobile App,Delivered,700.44,2024-09,3,2024
ORD100426,CUST1326,2024-08-06,Electronics,Smartwatch,3339.35,1.0,India,Debit Card,Mobile App,Returned,3339.35,2024-08,3,2024
ORD101017,CUST1048,2024-02-25,Fashion,Cotton T-Shirt,1977.28,2.0,Germany,Credit Card,Marketplace,Delivered,3954.56,2024-02,1,2024
ORD105898,CUST1199,2024-07-22,Fashion,Leather Wallet,1356.74,1.0,India,Cod,Marketplace,Delivered,1356.74,2024-07,3,2024
ORD101023,CUST1309,2024-07-27,Electronics,Phone Case,2634.91,1.0,France,Credit Card,Website,Returned,2634.91,2024-07,3,2024
ORD104587,UNKNOWN,2024-07-23,Beauty,Lip Balm Set,812.17,1.0,Uae,Upi,Mobile App,Delivered,812.17,2024-07,3,2024
ORD102615,CUST165,2024-06-29,Home & Kitchen,Storage Containers,2760.01,1.0,Germany,Debit Card,Mobile App,Delivered,2760.01,2024-06,2,2024
ORD101685,CUST43,2024-06-23,Toys,Building Blocks Set,1743.19,1.0,India,Debit Card,Website,Delivered,1743.19,2024-06,2,2024
ORD102071,CUST1722,2024-04-09,Sports,Yoga Mat,580.8,1.0,India,Paypal,Marketplace,Delivered,580.8,2024-04,2,2024
ORD104116,CUST1600,2024-06-12,Toys,Board Game,1523.96,1.0,India,Upi,Website,Delivered,1523.96,2024-06,2,2024
ORD103820,CUST122,2024-06-27,Sports,Cycling Gloves,391.69,1.0,France,Cod,Marketplace,Delivered,391.69,2024-06,2,2024
ORD102242,CUST1285,2024-07-19,Fashion,Leather Wallet,2443.69,1.0,United Kingdom,Credit Card,Website,Returned,2443.69,2024-07,3,2024
ORD103072,CUST1102,2024-05-24,Toys,Board Game,418.0,1.0,India,Credit Card,Website,Delivered,418.0,2024-05,2,2024
ORD102997,CUST1033,2024-04-21,Beauty,Lip Balm Set,529.52,1.0,United Kingdom,Upi,Marketplace,Delivered,529.52,2024-04,2,2024
ORD105431,CUST1384,2024-02-26,Fashion,Sunglasses,1897.36,1.0,India,Cod,Marketplace,Delivered,1897.36,2024-02,1,2024
ORD103201,CUST1179,2024-02-17,Fashion,Sunglasses,2080.14,2.0,United States,Net Banking,Marketplace,Delivered,4160.28,2024-02,1,2024
ORD104638,CUST1798,2024-03-16,Toys,Building Blocks Set,707.49,1.0,India,Upi,Marketplace,Delivered,707.49,2024-03,1,2024
ORD105006,CUST1548,2024-06-24,Sports,Cycling Gloves,1588.13,2.0,India,Credit Card,Mobile App,Delivered,3176.26,2024-06,2,2024
ORD103399,CUST592,2024-01-18,Sports,Cycling Gloves,1668.16,1.0,Germany,Credit Card,Mobile App,Delivered,1668.16,2024-01,1,2024
ORD100428,CUST177,2024-02-25,Books,Self-Help Guide,475.67,1.0,United Kingdom,Paypal,Mobile App,Delivered,475.67,2024-02,1,2024
ORD100678,CUST1580,2024-09-23,Electronics,Wireless Earbuds,4486.33,3.0,United States,Debit Card,Mobile App,Delivered,13458.99,2024-09,3,2024
ORD103700,CUST766,2024-06-14,Sports,Resistance Bands,2417.23,2.0,United States,Cod,Mobile App,Delivered,4834.46,2024-06,2,2024
ORD104504,CUST33,2024-03-24,Home & Kitchen,Air Fryer,1947.67,1.0,France,Upi,Marketplace,Delivered,1947.67,2024-03,1,2024
ORD100355,CUST560,2024-07-03,Fashion,Running Shoes,2598.14,1.0,Germany,Cod,Mobile App,Delivered,2598.14,2024-07,3,2024
ORD103587,CUST905,2024-02-10,Sports,Dumbbell Set,1598.2,1.0,India,Credit Card,Website,Cancelled,1598.2,2024-02,1,2024
ORD105517,CUST687,2024-02-01,Home & Kitchen,Non-stick Pan Set,2485.94,2.0,India,Upi,Mobile App,Delivered,4971.88,2024-02,1,2024
ORD104496,CUST1438,2024-06-06,Books,Fiction Bestseller,663.7,1.0,India,Paypal,Website,Delivered,663.7,2024-06,2,2024
ORD104721,CUST651,2024-07-25,Toys,Building Blocks Set,1391.74,1.0,Uae,Credit Card,Mobile App,Delivered,1391.74,2024-07,3,2024
ORD103118,CUST1454,2024-08-02,Electronics,Bluetooth Speaker,2874.07,1.0,India,Cod,Mobile App,Delivered,2874.07,2024-08,3,2024
ORD100559,CUST520,2024-03-14,Sports,Resistance Bands,1943.33,2.0,United States,Debit Card,Mobile App,Delivered,3886.66,2024-03,1,2024
ORD104734,CUST809,2024-06-14,Fashion,Cotton T-Shirt,644.94,1.0,United Kingdom,Credit Card,Mobile App,Delivered,644.94,2024-06,2,2024
ORD102760,CUST1206,2024-02-18,Fashion,Denim Jacket,622.44,1.0,United States,Upi,Website,Delivered,622.44,2024-02,1,2024
ORD105754,CUST1668,2024-05-28,Home & Kitchen,Non-stick Pan Set,754.43,2.0,United States,Credit Card,Marketplace,Cancelled,1508.86,2024-05,2,2024
ORD100442,CUST1101,2024-03-11,Toys,Building Blocks Set,1826.85,1.0,France,Cod,Mobile App,Delivered,1826.85,2024-03,1,2024
ORD100017,CUST1123,2024-09-12,Books,Kids Picture Book,305.11,2.0,India,Debit Card,Mobile App,Returned,610.22,2024-09,3,2024
ORD103668,CUST932,2024-07-11,Sports,Dumbbell Set,1932.97,1.0,United Kingdom,Upi,Website,Delivered,1932.97,2024-07,3,2024
ORD101247,CUST44,2024-05-27,Toys,Board Game,1120.57,2.0,India,Cod,Mobile App,Delivered,2241.14,2024-05,2,2024
ORD100460,CUST619,2024-04-08,Electronics,Bluetooth Speaker,755.95,1.0,United States,Cod,Marketplace,Cancelled,755.95,2024-04,2,2024
ORD104549,CUST1734,2024-04-13,Sports,Cycling Gloves,816.51,1.0,Germany,Credit Card,Marketplace,Delivered,816.51,2024-04,2,2024
ORD101365,CUST234,2024-07-29,Fashion,Running Shoes,1990.01,1.0,United States,Credit Card,Website,Delivered,1990.01,2024-07,3,2024
ORD101763,CUST1040,2024-08-15,Electronics,Power Bank,4989.92,3.0,India,Upi,Website,Delivered,14969.76,2024-08,3,2024
ORD100783,CUST863,2024-09-27,Fashion,Leather Wallet,509.68,1.0,Germany,Upi,Marketplace,Delivered,509.68,2024-09,3,2024
ORD104528,CUST972,2024-07-08,Beauty,Makeup Brush Kit,1410.47,1.0,India,Cod,Mobile App,Returned,1410.47,2024-07,3,2024
ORD103184,UNKNOWN,2024-06-14,Electronics,Bluetooth Speaker,2990.08,1.0,Germany,Cod,Mobile App,Delivered,2990.08,2024-06,2,2024
ORD103062,CUST373,2024-04-01,Beauty,Hair Dryer,1325.71,3.0,United Kingdom,Upi,Mobile App,Delivered,3977.13,2024-04,2,2024
ORD104575,CUST47,2024-03-23,Beauty,Sunscreen SPF50,889.55,1.0,United Kingdom,Unknown,Mobile App,Cancelled,889.55,2024-03,1,2024
ORD105886,CUST69,2024-04-25,Fashion,Cotton T-Shirt,1607.28,2.0,India,Upi,Marketplace,Delivered,3214.56,2024-04,2,2024
ORD102367,CUST786,2024-05-02,Fashion,Leather Wallet,2252.3,1.0,Uae,Debit Card,Mobile App,Delivered,2252.3,2024-05,2,2024
ORD104357,CUST721,2024-06-13,Beauty,Sunscreen SPF50,1043.71,1.0,Uae,Paypal,Mobile App,Delivered,1043.71,2024-06,2,2024
ORD100369,CUST688,2024-01-17,Home & Kitchen,LED Desk Lamp,2042.36,1.0,India,Net Banking,Marketplace,Delivered,2042.36,2024-01,1,2024
ORD105900,CUST481,2024-01-16,Sports,Resistance Bands,971.13,2.0,India,Cod,Marketplace,Delivered,1942.26,2024-01,1,2024
ORD102419,CUST15,2024-08-17,Home & Kitchen,LED Desk Lamp,695.97,2.0,United Kingdom,Upi,Mobile App,Delivered,1391.94,2024-08,3,2024
ORD101919,CUST722,2024-01-11,Beauty,Face Serum,1241.28,2.0,France,Debit Card,Website,Delivered,2482.56,2024-01,1,2024
ORD103344,CUST462,2024-02-25,Sports,Cycling Gloves,1727.39,1.0,United Kingdom,Unknown,Website,Delivered,1727.39,2024-02,1,2024
ORD105682,CUST655,2024-08-12,Electronics,Smartwatch,2132.6,4.0,United Kingdom,Credit Card,Mobile App,Delivered,8530.4,2024-08,3,2024
ORD101811,CUST881,2024-01-07,Toys,Building Blocks Set,397.26,1.0,India,Credit Card,Mobile App,Delivered,397.26,2024-01,1,2024
ORD101753,CUST925,2024-06-03,Electronics,Smartwatch,2874.07,1.0,Uae,Paypal,Marketplace,Delivered,2874.07,2024-06,2,2024
ORD100610,CUST1204,2024-07-25,Books,Fiction Bestseller,127.86,2.0,United States,Debit Card,Website,Delivered,255.72,2024-07,3,2024
ORD103308,CUST1509,2024-01-10,Books,Kids Picture Book,476.38,3.0,United States,Net Banking,Mobile App,Delivered,1429.1399999999999,2024-01,1,2024
ORD100377,CUST21,2024-07-11,Fashion,Running Shoes,381.77,1.0,United States,Upi,Website,Delivered,381.77,2024-07,3,2024
ORD104951,CUST1697,2024-02-27,Sports,Yoga Mat,2289.48,1.0,India,Upi,Website,Delivered,2289.48,2024-02,1,2024
ORD105116,CUST702,2024-08-30,Electronics,Smartwatch,1170.03,1.0,United Kingdom,Debit Card,Mobile App,Delivered,1170.03,2024-08,3,2024
ORD102547,CUST818,2024-04-22,Home & Kitchen,Non-stick Pan Set,1129.47,1.0,India,Credit Card,Website,Delivered,1129.47,2024-04,2,2024
ORD105980,CUST935,2024-08-28,Toys,Building Blocks Set,1166.3,4.0,United Kingdom,Credit Card,Mobile App,Delivered,4665.2,2024-08,3,2024
ORD103192,CUST1252,2024-09-09,Beauty,Sunscreen SPF50,1149.39,2.0,India,Credit Card,Marketplace,Delivered,2298.78,2024-09,3,2024
ORD105414,CUST1325,2024-05-31,Electronics,Smartwatch,3616.03,1.0,United Kingdom,Credit Card,Website,Returned,3616.03,2024-05,2,2024
ORD103494,CUST558,2024-02-03,Home & Kitchen,Air Fryer,1454.43,1.0,India,Cod,Website,Delivered,1454.43,2024-02,1,2024
ORD104404,CUST1322,2024-07-21,Fashion,Denim Jacket,428.92,2.0,India,Cod,Mobile App,Delivered,857.84,2024-07,3,2024
ORD101043,CUST202,2024-02-05,Toys,RC Car,285.31,1.0,India,Credit Card,Website,Returned,285.31,2024-02,1,2024
ORD105314,CUST1426,2024-02-16,Toys,RC Car,1159.29,1.0,India,Upi,Mobile App,Returned,1159.29,2024-02,1,2024
ORD101380,CUST1437,2024-02-13,Beauty,Hair Dryer,232.41,1.0,India,Debit Card,Mobile App,Delivered,232.41,2024-02,1,2024
ORD102381,CUST710,2024-09-10,Beauty,Lip Balm Set,270.41,3.0,United Kingdom,Upi,Website,Returned,811.23,2024-09,3,2024
ORD101120,CUST1737,2024-04-05,Electronics,Phone Case,2874.07,2.0,India,Upi,Website,Delivered,5748.14,2024-04,2,2024
ORD104198,CUST866,2024-07-16,Fashion,Denim Jacket,1430.24,1.0,France,Paypal,Mobile App,Delivered,1430.24,2024-07,3,2024
ORD101480,UNKNOWN,2024-01-27,Electronics,Wireless Earbuds,2874.07,1.0,United States,Upi,Mobile App,Delivered,2874.07,2024-01,1,2024
ORD100220,CUST71,2024-07-11,Electronics,Bluetooth Speaker,4529.54,1.0,India,Cod,Website,Delivered,4529.54,2024-07,3,2024
ORD100137,CUST690,2024-07-17,Fashion,Running Shoes,2249.86,1.0,India,Cod,Marketplace,Delivered,2249.86,2024-07,3,2024
ORD105490,CUST435,2024-06-25,Electronics,Power Bank,4903.09,1.0,United Kingdom,Upi,Marketplace,Cancelled,4903.09,2024-06,2,2024
ORD101863,CUST234,2024-04-10,Beauty,Lip Balm Set,385.23,1.0,Germany,Paypal,Website,Delivered,385.23,2024-04,2,2024
ORD102479,CUST21,2024-01-24,Fashion,Denim Jacket,1332.1,2.0,United States,Upi,Website,Delivered,2664.2,2024-01,1,2024
ORD105082,CUST970,2024-07-02,Beauty,Makeup Brush Kit,459.63,1.0,India,Upi,Website,Delivered,459.63,2024-07,3,2024
ORD101869,CUST1342,2024-01-18,Electronics,Wireless Earbuds,587.22,1.0,United States,Debit Card,Mobile App,Delivered,587.22,2024-01,1,2024
ORD103279,CUST1517,2024-06-25,Toys,Building Blocks Set,1027.99,1.0,France,Credit Card,Mobile App,Returned,1027.99,2024-06,2,2024
ORD101638,CUST72,2024-06-02,Beauty,Lip Balm Set,800.86,1.0,India,Paypal,Website,Delivered,800.86,2024-06,2,2024
ORD101207,CUST548,2024-05-03,Electronics,Bluetooth Speaker,2144.08,2.0,India,Upi,Mobile App,Delivered,4288.16,2024-05,2,2024
ORD104598,CUST1620,2024-02-18,Home & Kitchen,Air Fryer,2955.79,2.0,India,Credit Card,Mobile App,Delivered,5911.58,2024-02,1,2024
ORD100198,CUST753,2024-01-09,Fashion,Running Shoes,2185.1,2.0,India,Upi,Mobile App,Delivered,4370.2,2024-01,1,2024
ORD102899,CUST1190,2024-01-25,Sports,Dumbbell Set,2311.81,1.0,India,Upi,Mobile App,Delivered,2311.81,2024-01,1,2024
ORD100352,CUST1610,2024-01-10,Electronics,USB-C Cable,1895.38,1.0,India,Unknown,Mobile App,Delivered,1895.38,2024-01,1,2024
ORD103262,CUST446,2024-05-19,Sports,Dumbbell Set,1034.51,1.0,India,Net Banking,Mobile App,Delivered,1034.51,2024-05,2,2024
ORD101560,CUST608,2024-02-29,Home & Kitchen,Non-stick Pan Set,2372.69,1.0,United Kingdom,Credit Card,Website,Delivered,2372.69,2024-02,1,2024
ORD104007,CUST418,2024-01-19,Home & Kitchen,LED Desk Lamp,2559.47,3.0,United Kingdom,Upi,Marketplace,Delivered,7678.41,2024-01,1,2024
ORD100082,CUST1123,2024-03-24,Fashion,Sunglasses,2141.31,1.0,United States,Debit Card,Mobile App,Delivered,2141.31,2024-03,1,2024
ORD105689,CUST510,2024-05-22,Home & Kitchen,Air Fryer,734.39,2.0,India,Credit Card,Mobile App,Returned,1468.78,2024-05,2,2024
ORD100580,CUST181,2024-07-15,Beauty,Hair Dryer,804.13,3.0,India,Credit Card,Mobile App,Delivered,2412.39,2024-07,3,2024
ORD103485,CUST1131,2024-02-23,Fashion,Leather Wallet,1720.38,2.0,United Kingdom,Paypal,Marketplace,Delivered,3440.76,2024-02,1,2024
ORD103739,CUST774,2024-01-12,Fashion,Sunglasses,2414.79,2.0,India,Upi,Mobile App,Delivered,4829.58,2024-01,1,2024
ORD104890,CUST1086,2024-06-10,Fashion,Leather Wallet,2124.52,1.0,United States,Net Banking,Mobile App,Cancelled,2124.52,2024-06,2,2024
ORD105498,CUST950,2024-07-11,Fashion,Denim Jacket,1594.03,1.0,United Kingdom,Upi,Marketplace,Returned,1594.03,2024-07,3,2024
ORD102324,CUST604,2024-01-03,Sports,Dumbbell Set,1573.42,3.0,France,Credit Card,Mobile App,Delivered,4720.26,2024-01,1,2024
ORD101377,CUST799,2024-09-13,Electronics,Smartwatch,3943.56,2.0,India,Cod,Mobile App,Delivered,7887.12,2024-09,3,2024
ORD104492,CUST957,2024-05-28,Electronics,Bluetooth Speaker,3886.36,2.0,India,Upi,Website,Cancelled,7772.72,2024-05,2,2024
ORD103584,CUST602,2024-09-06,Toys,Board Game,1290.28,1.0,India,Net Banking,Marketplace,Delivered,1290.28,2024-09,3,2024
ORD102329,CUST846,2024-01-05,Home & Kitchen,LED Desk Lamp,1947.67,2.0,India,Credit Card,Marketplace,Delivered,3895.34,2024-01,1,2024
ORD103173,CUST251,2024-05-20,Toys,Puzzle 1000pc,340.42,1.0,Uae,Cod,Website,Delivered,340.42,2024-05,2,2024
ORD105862,CUST500,2024-08-16,Electronics,Bluetooth Speaker,1259.65,1.0,India,Upi,Mobile App,Delivered,1259.65,2024-08,3,2024
ORD102586,CUST151,2024-02-19,Electronics,Smartwatch,629.63,1.0,India,Credit Card,Website,Delivered,629.63,2024-02,1,2024
ORD105731,CUST1228,2024-05-01,Toys,Board Game,1102.05,2.0,United States,Upi,Website,Delivered,2204.1,2024-05,2,2024
ORD101989,CUST651,2024-07-18,Beauty,Lip Balm Set,531.31,1.0,India,Credit Card,Website,Delivered,531.31,2024-07,3,2024
ORD101599,CUST822,2024-04-07,Home & Kitchen,Storage Containers,3158.27,1.0,India,Debit Card,Website,Delivered,3158.27,2024-04,2,2024
ORD104075,CUST1058,2024-07-24,Electronics,Smartwatch,3516.66,1.0,United Kingdom,Debit Card,Mobile App,Delivered,3516.66,2024-07,3,2024
ORD104376,CUST892,2024-03-30,Electronics,Smartwatch,2460.98,1.0,United States,Net Banking,Mobile App,Delivered,2460.98,2024-03,1,2024
ORD103926,CUST536,2024-02-27,Electronics,Power Bank,1720.1,1.0,United States,Unknown,Mobile App,Delivered,1720.1,2024-02,1,2024
ORD102452,CUST1146,2024-03-29,Toys,Board Game,1786.01,1.0,India,Net Banking,Mobile App,Delivered,1786.01,2024-03,1,2024
ORD102157,CUST70,2024-09-07,Electronics,USB-C Cable,4700.92,1.0,India,Debit Card,Website,Delivered,4700.92,2024-09,3,2024
ORD105973,CUST119,2024-05-30,Sports,Cycling Gloves,2191.63,1.0,India,Paypal,Marketplace,Returned,2191.63,2024-05,2,2024
ORD104439,CUST243,2024-09-18,Fashion,Sunglasses,2164.34,1.0,United Kingdom,Cod,Website,Returned,2164.34,2024-09,3,2024
ORD103616,CUST123,2024-07-08,Home & Kitchen,Storage Containers,2182.8,1.0,India,Paypal,Website,Delivered,2182.8,2024-07,3,2024
ORD103430,CUST1472,2024-02-26,Home & Kitchen,Non-stick Pan Set,3128.99,1.0,India,Net Banking,Marketplace,Returned,3128.99,2024-02,1,2024
ORD102075,CUST340,2024-01-07,Beauty,Makeup Brush Kit,1362.12,1.0,,Credit Card,Mobile App,Delivered,1362.12,2024-01,1,2024
ORD105991,CUST556,2024-08-06,Fashion,Sunglasses,294.89,1.0,Uae,Credit Card,Website,Delivered,294.89,2024-08,3,2024
ORD100407,CUST387,2024-07-18,Beauty,Hair Dryer,826.52,2.0,United States,Upi,Marketplace,Delivered,1653.04,2024-07,3,2024
ORD101015,CUST1440,2024-04-06,Home & Kitchen,Air Fryer,2165.85,1.0,India,Net Banking,Mobile App,Delivered,2165.85,2024-04,2,2024
ORD100682,CUST1189,2024-08-15,Electronics,USB-C Cable,1865.74,1.0,United States,Upi,Website,Cancelled,1865.74,2024-08,3,2024
ORD100086,UNKNOWN,2024-03-16,Books,Fiction Bestseller,126.73,1.0,,Credit Card,Mobile App,Delivered,126.73,2024-03,1,2024
ORD101650,CUST1062,2024-02-18,Toys,Board Game,522.21,1.0,United States,Net Banking,Mobile App,Delivered,522.21,2024-02,1,2024
ORD101453,CUST1267,2024-01-24,Books,Cookbook,752.62,3.0,United States,Cod,Marketplace,Delivered,2257.86,2024-01,1,2024
ORD103303,CUST585,2024-01-25,Electronics,Phone Case,1102.68,2.0,United Kingdom,Debit Card,Marketplace,Delivered,2205.36,2024-01,1,2024
ORD105192,CUST1522,2024-05-25,Books,Fiction Bestseller,443.155,3.0,France,Cod,Website,Returned,1329.465,2024-05,2,2024
ORD103460,CUST545,2024-05-08,Home & Kitchen,Blender,2066.33,1.0,France,Credit Card,Marketplace,Delivered,2066.33,2024-05,2,2024
ORD100076,CUST988,2024-02-09,Fashion,Cotton T-Shirt,2874.82,2.0,Uae,Net Banking,Website,Delivered,5749.64,2024-02,1,2024
ORD103448,CUST55,2024-08-15,Home & Kitchen,Air Fryer,1491.24,1.0,India,Credit Card,Mobile App,Delivered,1491.24,2024-08,3,2024
ORD103241,CUST993,2024-03-11,Fashion,Denim Jacket,2219.17,1.0,India,Debit Card,Mobile App,Delivered,2219.17,2024-03,1,2024
ORD105515,CUST821,2024-04-16,Electronics,USB-C Cable,4675.87,1.0,United States,Cod,Mobile App,Delivered,4675.87,2024-04,2,2024
ORD102152,CUST997,2024-03-19,Beauty,Makeup Brush Kit,1118.39,1.0,United States,Upi,Website,Delivered,1118.39,2024-03,1,2024
ORD104801,CUST1241,2024-04-06,Electronics,Power Bank,2234.33,2.0,Uae,Debit Card,Marketplace,Delivered,4468.66,2024-04,2,2024
ORD100085,CUST521,2024-03-12,Electronics,Wireless Earbuds,1222.71,1.0,India,Upi,Website,Delivered,1222.71,2024-03,1,2024
ORD104534,CUST457,2024-06-10,Sports,Yoga Mat,1282.81,1.0,India,Debit Card,Website,Delivered,1282.81,2024-06,2,2024
ORD101018,CUST1289,2024-05-02,Fashion,Cotton T-Shirt,1594.03,1.0,India,Credit Card,Website,Returned,1594.03,2024-05,2,2024
ORD102297,CUST972,2024-02-15,Sports,Dumbbell Set,1779.31,2.0,India,Unknown,Website,Delivered,3558.62,2024-02,1,2024
ORD104506,UNKNOWN,2024-07-01,Sports,Water Bottle,264.25,2.0,United States,Upi,Mobile App,Delivered,528.5,2024-07,3,2024
ORD103583,CUST367,2024-01-18,Electronics,Wireless Earbuds,1965.32,2.0,India,Credit Card,Website,Delivered,3930.64,2024-01,1,2024
ORD101798,CUST401,2024-09-05,Electronics,USB-C Cable,4546.15,3.0,India,Cod,Website,Delivered,13638.449999999999,2024-09,3,2024
ORD101585,CUST1269,2024-06-02,Fashion,Leather Wallet,2429.86,1.0,United States,Credit Card,Mobile App,Cancelled,2429.86,2024-06,2,2024
ORD102781,CUST1140,2024-04-12,Toys,Building Blocks Set,563.04,1.0,India,Credit Card,Marketplace,Delivered,563.04,2024-04,2,2024
ORD104113,CUST1182,2024-05-05,Fashion,Running Shoes,986.54,2.0,United States,Credit Card,Marketplace,Delivered,1973.08,2024-05,2,2024
ORD101006,CUST195,2024-01-22,Beauty,Lip Balm Set,1113.63,1.0,United States,Upi,Website,Delivered,1113.63,2024-01,1,2024
ORD102202,CUST987,2024-01-13,Fashion,Leather Wallet,1594.03,2.0,India,Credit Card,Website,Delivered,3188.06,2024-01,1,2024
ORD104708,CUST1297,2024-02-29,Fashion,Cotton T-Shirt,410.32,4.0,India,Cod,Mobile App,Delivered,1641.28,2024-02,1,2024
ORD100596,CUST632,2024-08-19,Electronics,Bluetooth Speaker,1068.45,2.0,India,Credit Card,Mobile App,Delivered,2136.9,2024-08,3,2024
ORD105524,CUST1540,2024-07-29,Beauty,Sunscreen SPF50,1163.1,1.0,India,Credit Card,Website,Delivered,1163.1,2024-07,3,2024
ORD100463,CUST1225,2024-07-14,Home & Kitchen,Blender,1290.57,1.0,India,Paypal,Website,Returned,1290.57,2024-07,3,2024
ORD103075,CUST628,2024-07-13,Electronics,Wireless Earbuds,4370.99,1.0,France,Debit Card,Website,Delivered,4370.99,2024-07,3,2024
ORD105908,UNKNOWN,2024-09-25,Home & Kitchen,Storage Containers,1513.78,2.0,Uae,Credit Card,Website,Delivered,3027.56,2024-09,3,2024
ORD104273,CUST718,2024-02-11,Electronics,Wireless Earbuds,2866.1,1.0,United States,Paypal,Marketplace,Delivered,2866.1,2024-02,1,2024
ORD105292,CUST421,2024-07-23,Toys,Building Blocks Set,338.99,1.0,India,Upi,Website,Delivered,338.99,2024-07,3,2024
ORD103971,CUST1640,2024-04-21,Beauty,Hair Dryer,716.49,2.0,India,Upi,Website,Delivered,1432.98,2024-04,2,2024
ORD104997,CUST1190,2024-06-27,Home & Kitchen,Air Fryer,678.57,1.0,United Kingdom,Cod,Mobile App,Delivered,678.57,2024-06,2,2024
ORD105305,CUST906,2024-03-13,Books,Self-Help Guide,264.4,1.0,India,Cod,Website,Delivered,264.4,2024-03,1,2024
ORD104990,CUST1294,2024-04-08,Books,Fiction Bestseller,135.56,3.0,India,Paypal,Website,Delivered,406.68,2024-04,2,2024
ORD103061,CUST1795,2024-05-05,Electronics,Power Bank,2306.67,1.0,,Upi,Website,Delivered,2306.67,2024-05,2,2024
ORD100433,CUST752,2024-04-23,Fashion,Leather Wallet,2598.46,3.0,France,Credit Card,Marketplace,Delivered,7795.38,2024-04,2,2024
ORD102205,CUST1685,2024-08-07,Toys,Board Game,1599.93,1.0,India,Net Banking,Website,Cancelled,1599.93,2024-08,3,2024
ORD101843,CUST160,2024-04-18,Fashion,Leather Wallet,1375.3,1.0,India,Credit Card,Marketplace,Delivered,1375.3,2024-04,2,2024
ORD102883,CUST1695,2024-07-12,Fashion,Denim Jacket,2819.72,5.0,Germany,Debit Card,Website,Delivered,14098.599999999999,2024-07,3,2024
ORD101709,CUST1449,2024-03-27,Toys,Building Blocks Set,1691.15,1.0,India,Cod,Marketplace,Delivered,1691.15,2024-03,1,2024
ORD100927,CUST1178,2024-04-15,Toys,Building Blocks Set,318.66,1.0,India,Upi,Marketplace,Delivered,318.66,2024-04,2,2024
ORD105494,CUST1666,2024-05-24,Electronics,Smartwatch,2824.32,1.0,India,Upi,Mobile App,Delivered,2824.32,2024-05,2,2024
ORD101587,CUST821,2024-01-06,Sports,Yoga Mat,1373.83,1.0,Germany,Credit Card,Mobile App,Delivered,1373.83,2024-01,1,2024
ORD102887,CUST1190,2024-06-17,Books,Kids Picture Book,698.01,1.0,United States,Credit Card,Website,Delivered,698.01,2024-06,2,2024
ORD105590,CUST740,2024-01-16,Fashion,Leather Wallet,2496.27,1.0,Germany,Paypal,Marketplace,Delivered,2496.27,2024-01,1,2024
ORD100294,CUST1209,2024-08-07,Electronics,Smartwatch,4809.76,1.0,India,Upi,Website,Returned,4809.76,2024-08,3,2024
ORD104896,CUST954,2024-07-09,Fashion,Cotton T-Shirt,296.64,2.0,Germany,Upi,Mobile App,Returned,593.28,2024-07,3,2024
ORD100563,CUST820,2024-05-31,Electronics,USB-C Cable,2033.92,2.0,France,Cod,Mobile App,Delivered,4067.84,2024-05,2,2024
ORD102151,CUST1343,2024-06-13,Toys,Puzzle 1000pc,1430.27,1.0,India,Net Banking,Website,Delivered,1430.27,2024-06,2,2024
ORD104541,CUST1487,2024-07-20,Electronics,Power Bank,3777.03,1.0,United States,Credit Card,Website,Delivered,3777.03,2024-07,3,2024
ORD103865,CUST1538,2024-03-22,Fashion,Cotton T-Shirt,2648.63,1.0,France,Upi,Website,Delivered,2648.63,2024-03,1,2024
ORD104921,CUST1079,2024-05-03,Fashion,Cotton T-Shirt,2774.07,1.0,France,Debit Card,Mobile App,Delivered,2774.07,2024-05,2,2024
ORD105095,CUST1526,2024-01-20,Toys,Building Blocks Set,1588.97,3.0,United Kingdom,Cod,Website,Delivered,4766.91,2024-01,1,2024
ORD105589,CUST1275,2024-03-12,Fashion,Sunglasses,2806.09,4.0,France,Credit Card,Mobile App,Delivered,11224.36,2024-03,1,2024
ORD103963,CUST1627,2024-07-14,Fashion,Running Shoes,453.46,1.0,India,Credit Card,Mobile App,Cancelled,453.46,2024-07,3,2024
ORD104019,CUST171,2024-07-23,Beauty,Sunscreen SPF50,1462.82,1.0,India,Upi,Mobile App,Delivered,1462.82,2024-07,3,2024
ORD103290,CUST1309,2024-03-11,Electronics,Power Bank,4600.67,1.0,India,Upi,Marketplace,Delivered,4600.67,2024-03,1,2024
ORD105672,CUST1082,2024-06-26,Beauty,Face Serum,505.41,2.0,United States,Upi,Mobile App,Delivered,1010.82,2024-06,2,2024
ORD104727,CUST1249,2024-08-18,Sports,Dumbbell Set,602.31,1.0,India,Paypal,Marketplace,Delivered,602.31,2024-08,3,2024
ORD101592,CUST1040,2024-02-08,Books,Self-Help Guide,443.155,1.0,United States,Upi,Mobile App,Returned,443.155,2024-02,1,2024
ORD104894,CUST235,2024-05-29,Toys,RC Car,1244.83,1.0,France,Upi,Marketplace,Delivered,1244.83,2024-05,2,2024
ORD100231,CUST1232,2024-01-19,Fashion,Sunglasses,1842.42,5.0,India,Net Banking,Mobile App,Delivered,9212.1,2024-01,1,2024
ORD104282,CUST1766,2024-05-01,Electronics,Power Bank,2237.21,1.0,United Kingdom,Upi,Website,Delivered,2237.21,2024-05,2,2024
ORD104326,CUST379,2024-09-14,Beauty,Hair Dryer,1061.84,2.0,United Kingdom,Debit Card,Mobile App,Cancelled,2123.68,2024-09,3,2024
ORD102185,CUST203,2024-04-12,Electronics,Bluetooth Speaker,814.4,1.0,Uae,Debit Card,Marketplace,Delivered,814.4,2024-04,2,2024
ORD101970,CUST1754,2024-08-31,Toys,RC Car,1931.94,1.0,India,Debit Card,Website,Cancelled,1931.94,2024-08,3,2024
ORD102958,CUST1581,2024-06-08,Toys,Board Game,708.81,2.0,United Kingdom,Cod,Mobile App,Delivered,1417.62,2024-06,2,2024
ORD102029,CUST574,2024-01-11,Home & Kitchen,Non-stick Pan Set,2652.53,1.0,United Kingdom,Credit Card,Mobile App,Delivered,2652.53,2024-01,1,2024
ORD100457,CUST1305,2024-08-12,Electronics,USB-C Cable,3074.42,1.0,India,Credit Card,Website,Returned,3074.42,2024-08,3,2024
ORD103702,CUST1338,2024-05-11,Books,Self-Help Guide,714.19,1.0,India,Net Banking,Website,Delivered,714.19,2024-05,2,2024
ORD104397,CUST1188,2024-09-09,Electronics,Smartwatch,1207.16,1.0,Uae,Debit Card,Mobile App,Delivered,1207.16,2024-09,3,2024
ORD102146,CUST1303,2024-05-24,Fashion,Denim Jacket,1135.26,2.0,United States,Upi,Marketplace,Delivered,2270.52,2024-05,2,2024
ORD103672,CUST655,2024-02-03,Fashion,Running Shoes,2598.96,5.0,India,Debit Card,Marketplace,Delivered,12994.8,2024-02,1,2024
ORD103562,UNKNOWN,2024-04-19,Beauty,Sunscreen SPF50,718.72,1.0,India,Cod,Mobile App,Delivered,718.72,2024-04,2,2024
ORD104933,CUST1347,2024-06-24,Books,Self-Help Guide,284.82,1.0,India,Upi,Mobile App,Delivered,284.82,2024-06,2,2024
ORD102223,CUST520,2024-09-08,Beauty,Makeup Brush Kit,850.53,2.0,France,Credit Card,Mobile App,Delivered,1701.06,2024-09,3,2024
ORD102921,CUST645,2024-05-16,Books,Self-Help Guide,455.74,1.0,India,Credit Card,Website,Delivered,455.74,2024-05,2,2024
ORD104770,CUST1087,2024-07-04,Sports,Dumbbell Set,2195.37,1.0,United States,Cod,Website,Delivered,2195.37,2024-07,3,2024
ORD101864,CUST1462,2024-08-09,Home & Kitchen,LED Desk Lamp,995.14,1.0,India,Upi,Website,Delivered,995.14,2024-08,3,2024
ORD105263,CUST356,2024-02-02,Home & Kitchen,Storage Containers,2700.33,1.0,United States,Net Banking,Marketplace,Delivered,2700.33,2024-02,1,2024
ORD105391,CUST176,2024-05-14,Fashion,Cotton T-Shirt,2872.05,1.0,United Kingdom,Debit Card,Website,Delivered,2872.05,2024-05,2,2024
ORD104923,CUST1600,2024-02-26,Fashion,Leather Wallet,270.69,4.0,India,Paypal,Marketplace,Delivered,1082.76,2024-02,1,2024
ORD103807,UNKNOWN,2024-05-13,Home & Kitchen,Air Fryer,3323.97,1.0,France,Credit Card,Marketplace,Delivered,3323.97,2024-05,2,2024
ORD103560,CUST272,2024-07-19,Fashion,Denim Jacket,1947.33,2.0,United States,Upi,Website,Delivered,3894.66,2024-07,3,2024
ORD104717,CUST1504,2024-06-17,Toys,RC Car,1249.05,2.0,France,Credit Card,Marketplace,Delivered,2498.1,2024-06,2,2024
ORD104967,CUST1358,2024-07-23,Toys,Building Blocks Set,560.77,1.0,India,Net Banking,Mobile App,Delivered,560.77,2024-07,3,2024
ORD103480,CUST1468,2024-02-04,Toys,Building Blocks Set,1503.55,1.0,Germany,Cod,Marketplace,Delivered,1503.55,2024-02,1,2024
ORD104552,CUST1512,2024-08-03,Toys,Puzzle 1000pc,996.12,1.0,United States,Debit Card,Website,Returned,996.12,2024-08,3,2024
ORD104640,UNKNOWN,2024-03-12,Electronics,Power Bank,1126.05,3.0,India,Cod,Website,Delivered,3378.1499999999996,2024-03,1,2024
ORD102282,CUST22,2024-02-08,Sports,Dumbbell Set,1991.6,1.0,India,Upi,Website,Cancelled,1991.6,2024-02,1,2024
ORD100794,CUST1530,2024-06-29,Toys,Puzzle 1000pc,353.87,4.0,India,Net Banking,Website,Delivered,1415.48,2024-06,2,2024
ORD100350,CUST1009,2024-09-11,Books,Kids Picture Book,243.2,1.0,India,Upi,Website,Delivered,243.2,2024-09,3,2024
ORD104958,CUST1381,2024-07-21,Sports,Cycling Gloves,2421.37,3.0,United States,Credit Card,Marketplace,Delivered,7264.11,2024-07,3,2024
ORD105113,CUST980,2024-07-04,Beauty,Makeup Brush Kit,1310.42,1.0,India,Debit Card,Website,Delivered,1310.42,2024-07,3,2024
ORD102823,CUST392,2024-06-20,Toys,Building Blocks Set,592.18,1.0,India,Upi,Mobile App,Delivered,592.18,2024-06,2,2024
ORD104544,CUST1232,2024-06-02,Sports,Water Bottle,2325.47,1.0,India,Credit Card,Website,Delivered,2325.47,2024-06,2,2024
ORD105376,CUST618,2024-05-10,Books,Cookbook,743.52,1.0,India,Debit Card,Mobile App,Delivered,743.52,2024-05,2,2024
ORD102805,CUST1320,2024-04-02,Books,Fiction Bestseller,695.87,2.0,United States,Debit Card,Marketplace,Delivered,1391.74,2024-04,2,2024
ORD100616,CUST118,2024-05-31,Books,Kids Picture Book,127.96,1.0,France,Credit Card,Mobile App,Cancelled,127.96,2024-05,2,2024
ORD101884,CUST1245,2024-02-04,Fashion,Cotton T-Shirt,1758.91,2.0,France,Upi,Marketplace,Delivered,3517.82,2024-02,1,2024
ORD104141,CUST625,2024-02-27,Electronics,Bluetooth Speaker,1737.39,1.0,France,Cod,Mobile App,Cancelled,1737.39,2024-02,1,2024
ORD104959,CUST287,2024-03-16,Sports,Dumbbell Set,2205.21,1.0,United Kingdom,Debit Card,Mobile App,Delivered,2205.21,2024-03,1,2024
ORD104998,CUST8,2024-07-18,Electronics,Phone Case,1406.92,2.0,United States,Upi,Marketplace,Delivered,2813.84,2024-07,3,2024
ORD103499,CUST888,2024-03-05,Toys,Puzzle 1000pc,1017.54,2.0,Germany,Cod,Mobile App,Returned,2035.08,2024-03,1,2024
ORD100384,CUST117,2024-08-03,Electronics,USB-C Cable,1443.63,2.0,India,Upi,Website,Delivered,2887.26,2024-08,3,2024
ORD104947,CUST1584,2024-02-17,Beauty,Makeup Brush Kit,165.06,1.0,Uae,Credit Card,Website,Delivered,165.06,2024-02,1,2024
ORD103982,CUST1,2024-09-14,Home & Kitchen,LED Desk Lamp,1947.67,1.0,United States,Credit Card,Mobile App,Delivered,1947.67,2024-09,3,2024
ORD103689,CUST985,2024-02-06,Electronics,Power Bank,2874.07,1.0,India,Credit Card,Website,Cancelled,2874.07,2024-02,1,2024
ORD103113,CUST6,2024-02-24,Books,Fiction Bestseller,787.16,1.0,India,Credit Card,Website,Delivered,787.16,2024-02,1,2024
ORD101718,CUST330,2024-02-04,Electronics,Wireless Earbuds,4321.19,1.0,India,Upi,Marketplace,Delivered,4321.19,2024-02,1,2024
ORD100894,CUST1076,2024-03-29,Electronics,Smartwatch,1166.36,2.0,Germany,Upi,Website,Delivered,2332.72,2024-03,1,2024
ORD103574,CUST1672,2024-07-05,Sports,Yoga Mat,1613.23,2.0,United States,Credit Card,Mobile App,Cancelled,3226.46,2024-07,3,2024
ORD102900,CUST598,2024-02-28,Beauty,Makeup Brush Kit,1236.01,1.0,India,Debit Card,Marketplace,Delivered,1236.01,2024-02,1,2024
ORD105150,CUST597,2024-08-30,Electronics,Power Bank,1109.94,1.0,India,Paypal,Website,Delivered,1109.94,2024-08,3,2024
ORD101577,CUST1751,2024-01-09,Beauty,Makeup Brush Kit,1226.54,5.0,India,Credit Card,Website,Delivered,6132.7,2024-01,1,2024
ORD101752,CUST1238,2024-04-08,Home & Kitchen,Storage Containers,3482.66,1.0,France,Debit Card,Website,Returned,3482.66,2024-04,2,2024
ORD101228,CUST1286,2024-06-12,Sports,Cycling Gloves,1954.47,1.0,United Kingdom,Unknown,Mobile App,Delivered,1954.47,2024-06,2,2024
ORD103255,CUST1023,2024-03-24,Sports,Resistance Bands,2359.36,3.0,India,Net Banking,Website,Delivered,7078.08,2024-03,1,2024
ORD101728,CUST221,2024-02-13,Home & Kitchen,Non-stick Pan Set,3477.16,2.0,India,Credit Card,Website,Delivered,6954.32,2024-02,1,2024
ORD104674,CUST550,2024-07-28,Home & Kitchen,Blender,719.79,2.0,India,Credit Card,Website,Delivered,1439.58,2024-07,3,2024
ORD104876,CUST1163,2024-02-14,Beauty,Makeup Brush Kit,1179.62,1.0,India,Debit Card,Mobile App,Delivered,1179.62,2024-02,1,2024
ORD104361,CUST79,2024-04-09,Books,Kids Picture Book,144.06,1.0,India,Upi,Website,Returned,144.06,2024-04,2,2024
ORD105210,CUST21,2024-08-26,Home & Kitchen,Air Fryer,1761.0,2.0,India,Cod,Marketplace,Delivered,3522.0,2024-08,3,2024
ORD103725,CUST185,2024-06-09,Fashion,Denim Jacket,2507.57,1.0,United States,Debit Card,Website,Cancelled,2507.57,2024-06,2,2024
ORD103259,CUST1773,2024-02-13,Electronics,Bluetooth Speaker,4959.88,1.0,India,Net Banking,Website,Delivered,4959.88,2024-02,1,2024
ORD104803,UNKNOWN,2024-02-21,Toys,Board Game,1579.78,1.0,United States,Cod,Marketplace,Delivered,1579.78,2024-02,1,2024
ORD102729,CUST1103,2024-04-27,Beauty,Makeup Brush Kit,573.77,1.0,India,Credit Card,Website,Delivered,573.77,2024-04,2,2024
ORD103673,CUST1176,2024-06-17,Fashion,Cotton T-Shirt,776.68,1.0,United Kingdom,Credit Card,Mobile App,Returned,776.68,2024-06,2,2024
ORD100200,CUST262,2024-06-23,Beauty,Makeup Brush Kit,812.17,2.0,India,Upi,Website,Delivered,1624.34,2024-06,2,2024
ORD102735,CUST685,2024-06-08,Home & Kitchen,Non-stick Pan Set,1377.15,3.0,India,Upi,Website,Delivered,4131.450000000001,2024-06,2,2024
ORD104703,CUST10,2024-01-17,Electronics,Wireless Earbuds,2189.2,2.0,Uae,Debit Card,Mobile App,Delivered,4378.4,2024-01,1,2024
ORD105972,CUST1583,2024-01-21,Electronics,Phone Case,2572.89,1.0,India,Credit Card,Marketplace,Delivered,2572.89,2024-01,1,2024
ORD103857,CUST1271,2024-07-29,Books,Self-Help Guide,121.93,2.0,Uae,Credit Card,Website,Delivered,243.86,2024-07,3,2024
ORD104660,CUST1028,2024-03-09,Electronics,Smartwatch,2665.69,3.0,India,Debit Card,Website,Delivered,7997.07,2024-03,1,2024
ORD103477,CUST87,2024-09-20,Electronics,USB-C Cable,4661.69,1.0,United Kingdom,Upi,Mobile App,Delivered,4661.69,2024-09,3,2024
ORD103101,CUST1217,2024-05-20,Fashion,Running Shoes,2030.54,1.0,Germany,Credit Card,Website,Delivered,2030.54,2024-05,2,2024
ORD104308,CUST1526,2024-09-12,Home & Kitchen,Blender,786.34,1.0,France,Upi,Mobile App,Delivered,786.34,2024-09,3,2024
ORD102954,CUST1191,2024-01-05,Home & Kitchen,Blender,590.2,1.0,United States,Upi,Website,Delivered,590.2,2024-01,1,2024
ORD105520,CUST486,2024-07-27,Sports,Yoga Mat,554.31,1.0,India,Credit Card,Mobile App,Returned,554.31,2024-07,3,2024
ORD100333,CUST1106,2024-02-16,Electronics,USB-C Cable,3918.21,4.0,France,Credit Card,Website,Delivered,15672.84,2024-02,1,2024
ORD102673,CUST1242,2024-03-06,Home & Kitchen,Air Fryer,2800.69,1.0,India,Upi,Mobile App,Delivered,2800.69,2024-03,1,2024
ORD103613,CUST854,2024-01-28,Fashion,Leather Wallet,999.88,2.0,India,Paypal,Website,Delivered,1999.76,2024-01,1,2024
ORD105625,CUST1144,2024-05-22,Fashion,Running Shoes,1535.05,5.0,United Kingdom,Debit Card,Website,Cancelled,7675.25,2024-05,2,2024
ORD103813,CUST426,2024-07-03,Electronics,USB-C Cable,1893.5,1.0,India,Credit Card,Mobile App,Delivered,1893.5,2024-07,3,2024
ORD104946,CUST157,2024-06-24,Home & Kitchen,Air Fryer,3395.11,1.0,India,Paypal,Marketplace,Returned,3395.11,2024-06,2,2024
ORD104971,CUST1758,2024-07-24,Toys,Building Blocks Set,764.97,5.0,India,Upi,Mobile App,Delivered,3824.8500000000004,2024-07,3,2024
ORD104182,CUST860,2024-08-09,Home & Kitchen,Air Fryer,2698.23,2.0,India,Credit Card,Marketplace,Delivered,5396.46,2024-08,3,2024
ORD100141,CUST604,2024-03-06,Home & Kitchen,LED Desk Lamp,1742.97,2.0,India,Upi,Website,Delivered,3485.94,2024-03,1,2024
ORD105139,CUST686,2024-03-02,Beauty,Hair Dryer,885.1,2.0,United States,Upi,Mobile App,Delivered,1770.2,2024-03,1,2024
ORD101730,CUST948,2024-08-07,Toys,Building Blocks Set,1249.21,1.0,India,Upi,Website,Delivered,1249.21,2024-08,3,2024
ORD104535,CUST241,2024-04-15,Fashion,Sunglasses,1096.61,1.0,France,Credit Card,Marketplace,Delivered,1096.61,2024-04,2,2024
ORD103463,CUST284,2024-05-17,Electronics,Wireless Earbuds,2874.07,1.0,India,Paypal,Website,Returned,2874.07,2024-05,2,2024
ORD105903,CUST171,2024-08-22,Home & Kitchen,LED Desk Lamp,1391.3,1.0,United Kingdom,Credit Card,Mobile App,Delivered,1391.3,2024-08,3,2024
ORD105814,CUST1198,2024-06-14,Beauty,Face Serum,352.04,3.0,India,Net Banking,Mobile App,Delivered,1056.1200000000001,2024-06,2,2024
ORD100370,CUST324,2024-05-20,Home & Kitchen,Non-stick Pan Set,1152.74,2.0,India,Upi,Website,Delivered,2305.48,2024-05,2,2024
ORD105669,CUST457,2024-06-14,Electronics,Power Bank,1476.17,1.0,India,Debit Card,Marketplace,Delivered,1476.17,2024-06,2,2024
ORD104665,CUST1198,2024-02-26,Electronics,Smartwatch,3191.76,1.0,Uae,Upi,Mobile App,Delivered,3191.76,2024-02,1,2024
ORD101121,CUST737,2024-02-26,Toys,RC Car,636.39,1.0,United States,Credit Card,Marketplace,Delivered,636.39,2024-02,1,2024
ORD105208,CUST685,2024-08-08,Books,Self-Help Guide,231.22,1.0,India,Debit Card,Mobile App,Delivered,231.22,2024-08,3,2024
ORD102200,CUST544,2024-09-01,Toys,Building Blocks Set,1337.5,1.0,India,Debit Card,Website,Delivered,1337.5,2024-09,3,2024
ORD104508,CUST1357,2024-05-17,Books,Self-Help Guide,443.155,1.0,India,Upi,Website,Returned,443.155,2024-05,2,2024
ORD103422,CUST577,2024-02-29,Home & Kitchen,Blender,2328.37,1.0,India,Upi,Marketplace,Delivered,2328.37,2024-02,1,2024
ORD105486,CUST134,2024-07-27,Toys,Board Game,665.91,1.0,India,Debit Card,Mobile App,Delivered,665.91,2024-07,3,2024
ORD100636,CUST1517,2024-03-31,Fashion,Sunglasses,2856.51,1.0,United States,Debit Card,Marketplace,Delivered,2856.51,2024-03,1,2024
ORD104159,CUST881,2024-03-19,Sports,Resistance Bands,675.84,2.0,India,Debit Card,Mobile App,Delivered,1351.68,2024-03,1,2024
ORD104550,CUST363,2024-07-16,Books,Cookbook,588.17,2.0,India,Credit Card,Marketplace,Cancelled,1176.34,2024-07,3,2024
ORD101982,UNKNOWN,2024-01-21,Electronics,Bluetooth Speaker,4911.26,1.0,Germany,Debit Card,Mobile App,Returned,4911.26,2024-01,1,2024
ORD105645,CUST333,2024-03-12,Electronics,Phone Case,2879.7,5.0,United States,Upi,Mobile App,Delivered,14398.5,2024-03,1,2024
ORD104013,CUST980,2024-04-08,Books,Kids Picture Book,659.78,2.0,India,Debit Card,Website,Delivered,1319.56,2024-04,2,2024
ORD102780,CUST1597,2024-01-09,Beauty,Hair Dryer,770.65,1.0,United States,Cod,Mobile App,Delivered,770.65,2024-01,1,2024
ORD103211,CUST1706,2024-07-03,Beauty,Hair Dryer,192.11,1.0,India,Credit Card,Marketplace,Delivered,192.11,2024-07,3,2024
ORD104531,CUST448,2024-08-03,Home & Kitchen,Air Fryer,2304.05,1.0,United Kingdom,Debit Card,Website,Delivered,2304.05,2024-08,3,2024
ORD103076,CUST317,2024-08-30,Home & Kitchen,Storage Containers,529.85,1.0,India,Debit Card,Website,Delivered,529.85,2024-08,3,2024
ORD103167,CUST972,2024-02-17,Sports,Cycling Gloves,1386.78,1.0,United States,Debit Card,Mobile App,Delivered,1386.78,2024-02,1,2024
ORD103334,CUST752,2024-09-03,Electronics,Bluetooth Speaker,2774.75,2.0,United Kingdom,Paypal,Website,Delivered,5549.5,2024-09,3,2024
ORD105191,CUST719,2024-08-28,Electronics,Smartwatch,3992.96,1.0,India,Credit Card,Marketplace,Delivered,3992.96,2024-08,3,2024
ORD105702,CUST665,2024-04-29,Fashion,Running Shoes,1450.13,1.0,France,Cod,Mobile App,Delivered,1450.13,2024-04,2,2024
ORD104147,CUST1182,2024-09-26,Books,Fiction Bestseller,182.52,2.0,United Kingdom,Upi,Mobile App,Delivered,365.04,2024-09,3,2024
ORD100343,CUST1399,2024-09-22,Electronics,USB-C Cable,2986.67,1.0,United Kingdom,Debit Card,Website,Delivered,2986.67,2024-09,3,2024
ORD100856,CUST1472,2024-06-09,Toys,RC Car,939.56,1.0,Uae,Cod,Marketplace,Cancelled,939.56,2024-06,2,2024
ORD105282,CUST768,2024-05-14,Beauty,Lip Balm Set,425.08,2.0,Uae,Upi,Website,Delivered,850.16,2024-05,2,2024
ORD100066,CUST1531,2024-01-17,Beauty,Sunscreen SPF50,812.17,1.0,India,Net Banking,Mobile App,Delivered,812.17,2024-01,1,2024
ORD102755,UNKNOWN,2024-09-11,Electronics,Bluetooth Speaker,966.38,1.0,India,Net Banking,Website,Delivered,966.38,2024-09,3,2024
ORD100803,CUST1716,2024-03-29,Fashion,Sunglasses,1594.03,2.0,France,Credit Card,Marketplace,Cancelled,3188.06,2024-03,1,2024
ORD104241,CUST1619,2024-02-22,Home & Kitchen,Non-stick Pan Set,2752.62,2.0,India,Debit Card,Mobile App,Delivered,5505.24,2024-02,1,2024
ORD100380,CUST1722,2024-01-21,Fashion,Denim Jacket,2654.94,1.0,India,Upi,Website,Delivered,2654.94,2024-01,1,2024
ORD100641,CUST1433,2024-02-05,Sports,Resistance Bands,1724.24,2.0,United Kingdom,Upi,Marketplace,Cancelled,3448.48,2024-02,1,2024
ORD101154,CUST1506,2024-04-29,Fashion,Sunglasses,2811.25,1.0,United States,Debit Card,Website,Cancelled,2811.25,2024-04,2,2024
ORD103383,CUST1486,2024-04-09,Toys,RC Car,363.26,4.0,United States,Credit Card,Mobile App,Delivered,1453.04,2024-04,2,2024
ORD100368,CUST1698,2024-09-27,Electronics,USB-C Cable,4938.19,1.0,India,Cod,Mobile App,Delivered,4938.19,2024-09,3,2024
ORD100705,CUST1764,2024-02-07,Sports,Dumbbell Set,1079.42,1.0,India,Net Banking,Website,Delivered,1079.42,2024-02,1,2024
ORD105287,CUST1636,2024-03-18,Books,Fiction Bestseller,766.08,1.0,Uae,Credit Card,Website,Delivered,766.08,2024-03,1,2024
ORD100912,UNKNOWN,2024-06-10,Sports,Yoga Mat,678.29,1.0,India,Credit Card,Mobile App,Delivered,678.29,2024-06,2,2024
ORD102395,CUST502,2024-08-10,Toys,RC Car,1607.15,3.0,India,Net Banking,Website,Delivered,4821.450000000001,2024-08,3,2024
ORD100695,CUST851,2024-08-21,Books,Fiction Bestseller,446.74,1.0,United States,Cod,Mobile App,Delivered,446.74,2024-08,3,2024
ORD104569,CUST245,2024-07-26,Electronics,Power Bank,1436.77,1.0,France,Cod,Website,Delivered,1436.77,2024-07,3,2024
ORD102105,CUST23,2024-04-03,Fashion,Sunglasses,1738.0,1.0,India,Paypal,Mobile App,Delivered,1738.0,2024-04,2,2024
ORD102043,CUST340,2024-07-16,Home & Kitchen,Storage Containers,3050.71,1.0,India,Upi,Website,Returned,3050.71,2024-07,3,2024
ORD103830,CUST1134,2024-03-16,Home & Kitchen,LED Desk Lamp,1947.72,1.0,United Kingdom,Paypal,Mobile App,Returned,1947.72,2024-03,1,2024
ORD102590,CUST1699,2024-09-25,Electronics,Wireless Earbuds,1097.35,1.0,Germany,Upi,Mobile App,Delivered,1097.35,2024-09,3,2024
ORD100416,CUST1738,2024-03-18,Beauty,Lip Balm Set,385.09,1.0,United States,Upi,Website,Delivered,385.09,2024-03,1,2024
ORD104422,CUST779,2024-07-24,Sports,Cycling Gloves,2353.65,1.0,Uae,Upi,Website,Returned,2353.65,2024-07,3,2024
ORD105429,CUST597,2024-08-10,Beauty,Face Serum,980.27,1.0,Germany,Cod,Mobile App,Delivered,980.27,2024-08,3,2024
ORD100638,CUST310,2024-09-25,Beauty,Face Serum,229.07,3.0,India,Upi,Mobile App,Cancelled,687.21,2024-09,3,2024
ORD101897,CUST925,2024-05-19,Fashion,Leather Wallet,898.09,2.0,Germany,Paypal,Mobile App,Delivered,1796.18,2024-05,2,2024
ORD101545,UNKNOWN,2024-02-01,Fashion,Denim Jacket,2847.22,1.0,India,Upi,Mobile App,Returned,2847.22,2024-02,1,2024
ORD104868,CUST122,2024-02-21,Beauty,Sunscreen SPF50,573.23,2.0,India,Credit Card,Mobile App,Delivered,1146.46,2024-02,1,2024
ORD102944,CUST548,2024-03-07,Electronics,Bluetooth Speaker,3694.36,2.0,United States,Net Banking,Website,Delivered,7388.72,2024-03,1,2024
ORD104386,CUST1582,2024-05-29,Toys,Building Blocks Set,1177.95,1.0,United Kingdom,Net Banking,Mobile App,Delivered,1177.95,2024-05,2,2024
ORD101901,UNKNOWN,2024-01-25,Books,Self-Help Guide,587.24,1.0,Uae,Credit Card,Marketplace,Delivered,587.24,2024-01,1,2024
ORD100524,CUST607,2024-01-24,Beauty,Makeup Brush Kit,846.2,1.0,United States,Credit Card,Marketplace,Delivered,846.2,2024-01,1,2024
ORD100235,CUST1174,2024-04-25,Beauty,Makeup Brush Kit,720.5,1.0,India,Upi,Mobile App,Delivered,720.5,2024-04,2,2024
ORD101838,CUST166,2024-08-20,Fashion,Leather Wallet,2534.31,1.0,,Upi,Marketplace,Delivered,2534.31,2024-08,3,2024
ORD102955,CUST1238,2024-03-08,Home & Kitchen,Blender,693.72,1.0,India,Credit Card,Marketplace,Delivered,693.72,2024-03,1,2024
ORD100254,CUST889,2024-03-31,Fashion,Denim Jacket,1594.03,1.0,Uae,Cod,Mobile App,Delivered,1594.03,2024-03,1,2024
ORD103439,CUST155,2024-02-25,Toys,Puzzle 1000pc,1272.33,1.0,India,Upi,Website,Delivered,1272.33,2024-02,1,2024
ORD101714,CUST135,2024-05-04,Electronics,Power Bank,4090.69,2.0,India,Credit Card,Website,Delivered,8181.38,2024-05,2,2024
ORD105003,CUST364,2024-04-06,Fashion,Denim Jacket,2352.69,1.0,India,Credit Card,Marketplace,Delivered,2352.69,2024-04,2,2024
ORD102091,CUST448,2024-06-08,Home & Kitchen,Blender,1182.42,1.0,United States,Credit Card,Marketplace,Delivered,1182.42,2024-06,2,2024
ORD100389,CUST176,2024-01-02,Beauty,Lip Balm Set,1074.63,1.0,India,Cod,Website,Delivered,1074.63,2024-01,1,2024
ORD100125,UNKNOWN,2024-05-03,Electronics,Bluetooth Speaker,1509.77,1.0,India,Credit Card,Website,Cancelled,1509.77,2024-05,2,2024
ORD100042,CUST804,2024-02-25,Sports,Yoga Mat,1572.74,1.0,India,Upi,Mobile App,Delivered,1572.74,2024-02,1,2024
ORD102915,CUST1041,2024-03-22,Electronics,Phone Case,4564.86,1.0,India,Paypal,Marketplace,Cancelled,4564.86,2024-03,1,2024
ORD103815,CUST560,2024-02-15,Beauty,Makeup Brush Kit,812.17,1.0,United Kingdom,Paypal,Mobile App,Cancelled,812.17,2024-02,1,2024
ORD100689,CUST135,2024-04-04,Toys,Puzzle 1000pc,1114.89,2.0,India,Credit Card,Website,Delivered,2229.78,2024-04,2,2024
ORD100672,CUST15,2024-07-04,Fashion,Sunglasses,2634.74,1.0,India,Upi,Mobile App,Delivered,2634.74,2024-07,3,2024
ORD102690,CUST381,2024-05-06,Electronics,USB-C Cable,3206.14,1.0,United States,Cod,Marketplace,Delivered,3206.14,2024-05,2,2024
ORD103790,CUST1015,2024-01-23,Sports,Resistance Bands,530.86,1.0,India,Upi,Mobile App,Delivered,530.86,2024-01,1,2024
ORD103975,CUST865,2024-06-14,Home & Kitchen,Blender,3209.43,1.0,United Kingdom,Cod,Mobile App,Delivered,3209.43,2024-06,2,2024
ORD104621,CUST488,2024-06-15,Home & Kitchen,LED Desk Lamp,2158.92,3.0,Uae,Debit Card,Mobile App,Returned,6476.76,2024-06,2,2024
ORD102916,CUST1232,2024-08-10,Toys,Building Blocks Set,1887.91,1.0,France,Net Banking,Website,Delivered,1887.91,2024-08,3,2024
ORD102156,CUST185,2024-04-15,Fashion,Cotton T-Shirt,2942.66,1.0,India,Upi,Website,Delivered,2942.66,2024-04,2,2024
ORD100785,CUST881,2024-07-01,Sports,Water Bottle,810.34,2.0,France,Credit Card,Website,Delivered,1620.68,2024-07,3,2024
ORD103521,CUST712,2024-02-27,Fashion,Running Shoes,589.92,1.0,,Debit Card,Marketplace,Delivered,589.92,2024-02,1,2024
ORD100576,CUST307,2024-09-29,Home & Kitchen,Blender,2427.38,2.0,United States,Paypal,Website,Delivered,4854.76,2024-09,3,2024
ORD103079,CUST490,2024-06-21,Home & Kitchen,Air Fryer,805.37,1.0,United Kingdom,Upi,Marketplace,Delivered,805.37,2024-06,2,2024
ORD102443,CUST70,2024-05-25,Toys,RC Car,1665.26,2.0,United Kingdom,Upi,Website,Cancelled,3330.52,2024-05,2,2024
ORD104689,CUST1237,2024-05-31,Toys,Board Game,882.16,2.0,United States,Paypal,Mobile App,Delivered,1764.32,2024-05,2,2024
ORD102116,CUST502,2024-05-12,Sports,Resistance Bands,1435.92,2.0,India,Cod,Website,Delivered,2871.84,2024-05,2,2024
ORD105356,CUST616,2024-04-04,Electronics,Bluetooth Speaker,2549.02,1.0,India,Credit Card,Mobile App,Delivered,2549.02,2024-04,2,2024
ORD104629,UNKNOWN,2024-06-14,Sports,Yoga Mat,1771.32,2.0,India,Paypal,Marketplace,Returned,3542.64,2024-06,2,2024
ORD100835,CUST1608,2024-04-06,Sports,Resistance Bands,458.0,1.0,,Cod,Mobile App,Delivered,458.0,2024-04,2,2024
ORD101455,CUST123,2024-06-06,Fashion,Leather Wallet,1364.03,2.0,Germany,Paypal,Website,Delivered,2728.06,2024-06,2,2024
ORD102664,CUST1087,2024-06-01,Fashion,Sunglasses,1594.03,2.0,United Kingdom,Upi,Mobile App,Delivered,3188.06,2024-06,2,2024
ORD105790,CUST644,2024-03-30,Electronics,Power Bank,1574.62,1.0,Uae,Upi,Marketplace,Delivered,1574.62,2024-03,1,2024
ORD102125,CUST1246,2024-05-21,Beauty,Face Serum,164.27,1.0,India,Credit Card,Mobile App,Delivered,164.27,2024-05,2,2024
ORD100410,CUST1464,2024-07-07,Fashion,Denim Jacket,2528.44,1.0,United Kingdom,Paypal,Website,Delivered,2528.44,2024-07,3,2024
ORD105437,CUST802,2024-08-02,Home & Kitchen,Air Fryer,601.74,1.0,India,Unknown,Marketplace,Delivered,601.74,2024-08,3,2024
ORD102922,CUST1140,2024-03-01,Home & Kitchen,LED Desk Lamp,763.74,1.0,India,Cod,Mobile App,Returned,763.74,2024-03,1,2024
ORD101902,CUST1552,2024-02-24,Toys,Board Game,668.21,1.0,United States,Credit Card,Website,Delivered,668.21,2024-02,1,2024
ORD100393,CUST905,2024-06-11,Home & Kitchen,Non-stick Pan Set,2313.99,1.0,Germany,Debit Card,Website,Delivered,2313.99,2024-06,2,2024
ORD103999,CUST871,2024-03-11,Home & Kitchen,Storage Containers,383.08,1.0,United Kingdom,Debit Card,Mobile App,Delivered,383.08,2024-03,1,2024
ORD100825,CUST85,2024-05-08,Toys,Puzzle 1000pc,1305.73,2.0,United Kingdom,Upi,Mobile App,Delivered,2611.46,2024-05,2,2024
ORD102046,CUST316,2024-05-17,Fashion,Cotton T-Shirt,1177.04,1.0,India,Credit Card,Mobile App,Delivered,1177.04,2024-05,2,2024
ORD101589,CUST1127,2024-05-21,Home & Kitchen,Air Fryer,2012.65,3.0,India,Upi,Marketplace,Delivered,6037.950000000001,2024-05,2,2024
ORD100302,CUST540,2024-08-01,Beauty,Hair Dryer,1491.01,2.0,France,Unknown,Website,Delivered,2982.02,2024-08,3,2024
ORD103695,CUST554,2024-01-21,Sports,Yoga Mat,776.75,1.0,Germany,Net Banking,Website,Delivered,776.75,2024-01,1,2024
ORD101331,CUST1311,2024-03-29,Sports,Yoga Mat,2494.51,1.0,United States,Credit Card,Website,Delivered,2494.51,2024-03,1,2024
ORD102731,CUST673,2024-05-09,Electronics,Bluetooth Speaker,1089.41,1.0,United Kingdom,Upi,Mobile App,Cancelled,1089.41,2024-05,2,2024
ORD103160,CUST420,2024-05-16,Home & Kitchen,Storage Containers,391.25,2.0,India,Credit Card,Website,Returned,782.5,2024-05,2,2024
ORD105622,CUST535,2024-03-27,Electronics,Phone Case,3839.8,1.0,India,Upi,Website,Delivered,3839.8,2024-03,1,2024
ORD105699,CUST1206,2024-04-03,Fashion,Sunglasses,1594.03,1.0,India,Credit Card,Mobile App,Delivered,1594.03,2024-04,2,2024
ORD103757,CUST940,2024-05-26,Home & Kitchen,Non-stick Pan Set,1947.67,1.0,United States,Credit Card,Website,Delivered,1947.67,2024-05,2,2024
ORD103529,CUST998,2024-02-09,Beauty,Face Serum,1305.76,1.0,India,Cod,Mobile App,Delivered,1305.76,2024-02,1,2024
ORD104392,CUST1571,2024-07-20,Beauty,Sunscreen SPF50,573.31,2.0,India,Credit Card,Website,Delivered,1146.62,2024-07,3,2024
ORD105723,CUST420,2024-07-08,Fashion,Leather Wallet,599.96,3.0,India,Net Banking,Mobile App,Delivered,1799.88,2024-07,3,2024
ORD100310,CUST89,2024-01-13,Electronics,Phone Case,2270.0,2.0,India,Upi,Marketplace,Delivered,4540.0,2024-01,1,2024
ORD102003,CUST425,2024-06-28,Books,Self-Help Guide,428.71,4.0,Germany,Debit Card,Website,Delivered,1714.84,2024-06,2,2024
ORD101011,CUST277,2024-06-05,Electronics,Bluetooth Speaker,2559.64,1.0,United States,Upi,Website,Delivered,2559.64,2024-06,2,2024
ORD103102,UNKNOWN,2024-01-07,Home & Kitchen,Storage Containers,988.37,1.0,India,Debit Card,Mobile App,Delivered,988.37,2024-01,1,2024
ORD101379,UNKNOWN,2024-07-24,Books,Fiction Bestseller,791.79,2.0,India,Debit Card,Website,Delivered,1583.58,2024-07,3,2024
ORD101393,CUST1121,2024-01-12,Fashion,Running Shoes,2868.48,1.0,United Kingdom,Credit Card,Website,Delivered,2868.48,2024-01,1,2024
ORD101448,CUST367,2024-08-12,Fashion,Cotton T-Shirt,1970.09,1.0,Germany,Unknown,Marketplace,Delivered,1970.09,2024-08,3,2024
ORD100731,CUST949,2024-01-31,Toys,Board Game,1906.55,2.0,India,Debit Card,Marketplace,Delivered,3813.1,2024-01,1,2024
ORD101713,CUST1428,2024-05-31,Home & Kitchen,Blender,3420.55,2.0,India,Debit Card,Website,Delivered,6841.1,2024-05,2,2024
ORD104036,CUST1176,2024-07-06,Beauty,Hair Dryer,673.13,1.0,France,Debit Card,Website,Delivered,673.13,2024-07,3,2024
ORD100971,CUST451,2024-07-25,Books,Cookbook,419.77,1.0,India,Credit Card,Website,Cancelled,419.77,2024-07,3,2024
ORD101624,CUST758,2024-05-09,Sports,Yoga Mat,751.14,1.0,India,Credit Card,Website,Delivered,751.14,2024-05,2,2024
ORD102794,CUST1322,2024-05-20,Home & Kitchen,Blender,2159.45,4.0,India,Cod,Mobile App,Delivered,8637.8,2024-05,2,2024
ORD104750,CUST1322,2024-09-17,Books,Kids Picture Book,169.62,1.0,United Kingdom,Upi,Marketplace,Delivered,169.62,2024-09,3,2024
ORD102894,CUST704,2024-06-09,Beauty,Lip Balm Set,1172.1,2.0,United States,Debit Card,Website,Delivered,2344.2,2024-06,2,2024
ORD100501,CUST619,2024-02-19,Sports,Yoga Mat,2257.58,1.0,United States,Credit Card,Mobile App,Delivered,2257.58,2024-02,1,2024
ORD105932,CUST1474,2024-01-10,Home & Kitchen,Blender,1306.49,3.0,United Kingdom,Cod,Website,Delivered,3919.4700000000003,2024-01,1,2024
ORD103905,CUST1790,2024-07-03,Electronics,Smartwatch,2874.07,1.0,India,Debit Card,Marketplace,Delivered,2874.07,2024-07,3,2024
ORD103139,CUST914,2024-06-18,Fashion,Leather Wallet,1594.03,1.0,India,Credit Card,Mobile App,Returned,1594.03,2024-06,2,2024
ORD105820,CUST497,2024-09-15,Sports,Resistance Bands,2060.09,1.0,India,Net Banking,Website,Delivered,2060.09,2024-09,3,2024
ORD102556,CUST1616,2024-03-21,Electronics,Bluetooth Speaker,2670.57,1.0,India,Credit Card,Website,Returned,2670.57,2024-03,1,2024
ORD105746,CUST1279,2024-02-29,Fashion,Leather Wallet,1809.54,1.0,United States,Cod,Website,Returned,1809.54,2024-02,1,2024
ORD104668,UNKNOWN,2024-03-04,Electronics,Phone Case,1497.29,2.0,India,Net Banking,Mobile App,Delivered,2994.58,2024-03,1,2024
ORD101050,CUST1241,2024-04-19,Sports,Cycling Gloves,1373.83,5.0,United States,Credit Card,Marketplace,Delivered,6869.15,2024-04,2,2024
ORD102719,CUST1065,2024-06-02,Electronics,Smartwatch,846.82,1.0,United Kingdom,Cod,Website,Delivered,846.82,2024-06,2,2024
ORD102786,CUST572,2024-07-14,Electronics,Bluetooth Speaker,3498.62,1.0,France,Credit Card,Mobile App,Delivered,3498.62,2024-07,3,2024
ORD100948,CUST1369,2024-02-19,Fashion,Leather Wallet,2748.32,1.0,India,Cod,Website,Delivered,2748.32,2024-02,1,2024
ORD104484,CUST1131,2024-09-24,Fashion,Sunglasses,1160.8,1.0,India,Upi,Marketplace,Delivered,1160.8,2024-09,3,2024
ORD102803,CUST208,2024-02-28,Beauty,Makeup Brush Kit,260.92,1.0,United States,Credit Card,Mobile App,Delivered,260.92,2024-02,1,2024
ORD105693,CUST724,2024-01-08,Toys,RC Car,1627.98,2.0,Germany,Cod,Mobile App,Delivered,3255.96,2024-01,1,2024
ORD102138,CUST526,2024-02-22,Toys,RC Car,1815.36,2.0,United States,Upi,Website,Delivered,3630.72,2024-02,1,2024
ORD104679,CUST175,2024-04-02,Electronics,USB-C Cable,3340.55,3.0,India,Upi,Marketplace,Delivered,10021.650000000001,2024-04,2,2024
ORD101314,CUST78,2024-02-11,Toys,RC Car,1203.88,3.0,United States,Debit Card,Mobile App,Cancelled,3611.6400000000003,2024-02,1,2024
ORD105598,CUST1443,2024-07-25,Toys,Building Blocks Set,1238.54,2.0,,Credit Card,Marketplace,Cancelled,2477.08,2024-07,3,2024
ORD105234,CUST817,2024-06-08,Electronics,Power Bank,834.24,3.0,India,Credit Card,Mobile App,Delivered,2502.7200000000003,2024-06,2,2024
ORD104584,CUST547,2024-01-12,Toys,Board Game,316.52,4.0,India,Credit Card,Mobile App,Delivered,1266.08,2024-01,1,2024
ORD100232,CUST1339,2024-06-14,Fashion,Sunglasses,2946.13,2.0,United States,Credit Card,Mobile App,Delivered,5892.26,2024-06,2,2024
ORD101434,CUST83,2024-03-09,Fashion,Cotton T-Shirt,1146.96,1.0,Uae,Credit Card,Website,Delivered,1146.96,2024-03,1,2024
ORD103048,CUST1681,2024-03-14,Electronics,Wireless Earbuds,3332.29,1.0,United Kingdom,Net Banking,Mobile App,Delivered,3332.29,2024-03,1,2024
ORD105375,CUST1669,2024-05-29,Electronics,Smartwatch,1213.7,1.0,United Kingdom,Debit Card,Website,Delivered,1213.7,2024-05,2,2024
ORD105720,CUST302,2024-01-04,Fashion,Sunglasses,1313.54,1.0,United States,Debit Card,Mobile App,Delivered,1313.54,2024-01,1,2024
ORD101151,UNKNOWN,2024-06-14,Sports,Yoga Mat,2448.2,1.0,India,Net Banking,Marketplace,Delivered,2448.2,2024-06,2,2024
ORD101938,CUST1783,2024-01-27,Beauty,Face Serum,925.05,1.0,United States,Debit Card,Marketplace,Delivered,925.05,2024-01,1,2024
ORD105931,CUST913,2024-07-29,Fashion,Leather Wallet,2196.87,2.0,India,Upi,Website,Delivered,4393.74,2024-07,3,2024
ORD101343,CUST221,2024-03-03,Toys,Puzzle 1000pc,685.31,1.0,Uae,Debit Card,Marketplace,Delivered,685.31,2024-03,1,2024
ORD102016,CUST1326,2024-02-24,Beauty,Lip Balm Set,787.87,1.0,India,Upi,Mobile App,Cancelled,787.87,2024-02,1,2024
ORD103007,CUST612,2024-06-03,Sports,Yoga Mat,854.51,1.0,India,Cod,Mobile App,Delivered,854.51,2024-06,2,2024
ORD104421,CUST830,2024-07-29,Books,Self-Help Guide,514.57,1.0,India,Debit Card,Mobile App,Delivered,514.57,2024-07,3,2024
ORD102654,CUST1284,2024-05-18,Electronics,Phone Case,2697.33,1.0,Uae,Debit Card,Mobile App,Delivered,2697.33,2024-05,2,2024
ORD103177,CUST1678,2024-04-01,Electronics,USB-C Cable,1499.8,3.0,India,Paypal,Website,Delivered,4499.4,2024-04,2,2024
ORD100084,CUST591,2024-06-29,Fashion,Running Shoes,2329.87,1.0,France,Paypal,Website,Delivered,2329.87,2024-06,2,2024
ORD103026,CUST1327,2024-01-07,Home & Kitchen,LED Desk Lamp,457.77,2.0,Germany,Debit Card,Mobile App,Returned,915.54,2024-01,1,2024
ORD102721,CUST19,2024-01-10,Fashion,Cotton T-Shirt,2405.51,4.0,India,Unknown,Marketplace,Delivered,9622.04,2024-01,1,2024
ORD104804,CUST1102,2024-09-18,Electronics,USB-C Cable,1118.02,4.0,France,Paypal,Mobile App,Delivered,4472.08,2024-09,3,2024
ORD101754,CUST1738,2024-03-01,Sports,Dumbbell Set,1824.94,2.0,United States,Paypal,Marketplace,Cancelled,3649.88,2024-03,1,2024
ORD104684,CUST652,2024-08-18,Electronics,USB-C Cable,2812.64,1.0,United States,Upi,Marketplace,Cancelled,2812.64,2024-08,3,2024
ORD103724,CUST763,2024-09-28,Sports,Dumbbell Set,1544.77,2.0,India,Paypal,Marketplace,Delivered,3089.54,2024-09,3,2024
ORD105372,CUST1095,2024-07-14,Electronics,Bluetooth Speaker,4316.83,3.0,United States,Credit Card,Website,Delivered,12950.49,2024-07,3,2024
ORD104183,CUST726,2024-04-14,Electronics,Power Bank,3403.49,2.0,India,Debit Card,Mobile App,Delivered,6806.98,2024-04,2,2024
ORD100110,CUST311,2024-05-15,Fashion,Denim Jacket,1594.03,1.0,Germany,Paypal,Website,Delivered,1594.03,2024-05,2,2024
ORD100622,CUST432,2024-07-27,Fashion,Cotton T-Shirt,1401.1,1.0,United Kingdom,Upi,Mobile App,Delivered,1401.1,2024-07,3,2024
ORD105591,CUST219,2024-06-07,Electronics,Power Bank,3576.62,1.0,India,Cod,Website,Delivered,3576.62,2024-06,2,2024
ORD102441,CUST1772,2024-05-25,Electronics,Smartwatch,2874.07,1.0,India,Debit Card,Mobile App,Delivered,2874.07,2024-05,2,2024
ORD102579,CUST1674,2024-02-20,Beauty,Hair Dryer,241.78,1.0,India,Credit Card,Mobile App,Delivered,241.78,2024-02,1,2024
ORD104345,CUST439,2024-02-20,Books,Cookbook,593.47,1.0,India,Unknown,Mobile App,Delivered,593.47,2024-02,1,2024
ORD100374,CUST1263,2024-05-17,Home & Kitchen,Blender,2343.68,1.0,India,Debit Card,Mobile App,Delivered,2343.68,2024-05,2,2024
ORD102548,UNKNOWN,2024-07-27,Toys,Puzzle 1000pc,1352.59,5.0,United States,Unknown,Website,Delivered,6762.95,2024-07,3,2024
ORD103805,CUST881,2024-02-01,Electronics,Smartwatch,2096.52,1.0,India,Paypal,Mobile App,Returned,2096.52,2024-02,1,2024
ORD102181,CUST1118,2024-05-01,Books,Cookbook,710.46,2.0,India,Credit Card,Website,Delivered,1420.92,2024-05,2,2024
ORD102012,CUST754,2024-08-16,Books,Cookbook,455.87,5.0,United Kingdom,Credit Card,Marketplace,Delivered,2279.35,2024-08,3,2024
ORD103538,CUST502,2024-08-11,Sports,Cycling Gloves,349.04,1.0,United States,Debit Card,Marketplace,Delivered,349.04,2024-08,3,2024
ORD101280,CUST1613,2024-06-19,Toys,Puzzle 1000pc,1318.54,2.0,India,Debit Card,Mobile App,Delivered,2637.08,2024-06,2,2024
ORD104820,CUST917,2024-02-08,Home & Kitchen,Air Fryer,2000.59,1.0,India,Upi,Mobile App,Delivered,2000.59,2024-02,1,2024
ORD105259,CUST1345,2024-02-13,Fashion,Leather Wallet,939.31,1.0,India,Debit Card,Website,Delivered,939.31,2024-02,1,2024
ORD102365,CUST664,2024-03-18,Home & Kitchen,Non-stick Pan Set,1651.14,4.0,India,Debit Card,Mobile App,Delivered,6604.56,2024-03,1,2024
ORD101944,CUST317,2024-03-03,Electronics,Phone Case,2085.38,1.0,Germany,Credit Card,Mobile App,Delivered,2085.38,2024-03,1,2024
ORD101246,CUST375,2024-06-24,Sports,Dumbbell Set,2318.51,2.0,India,Upi,Mobile App,Delivered,4637.02,2024-06,2,2024
ORD102656,CUST819,2024-03-25,Sports,Cycling Gloves,2148.27,1.0,India,Debit Card,Mobile App,Returned,2148.27,2024-03,1,2024
ORD103269,CUST330,2024-03-23,Home & Kitchen,Storage Containers,1876.69,4.0,India,Credit Card,Website,Delivered,7506.76,2024-03,1,2024
ORD102620,CUST1592,2024-09-20,Sports,Water Bottle,473.12,2.0,India,Debit Card,Website,Delivered,946.24,2024-09,3,2024
ORD104332,CUST816,2024-05-07,Fashion,Leather Wallet,2817.46,1.0,Germany,Upi,Marketplace,Returned,2817.46,2024-05,2,2024
ORD105994,CUST182,2024-05-06,Beauty,Lip Balm Set,804.16,1.0,India,Upi,Marketplace,Delivered,804.16,2024-05,2,2024
ORD100903,CUST1446,2024-07-17,Fashion,Denim Jacket,2023.42,1.0,United States,Credit Card,Website,Cancelled,2023.42,2024-07,3,2024
ORD105816,CUST481,2024-03-19,Electronics,Bluetooth Speaker,2290.07,1.0,India,Upi,Mobile App,Cancelled,2290.07,2024-03,1,2024
ORD104130,CUST1553,2024-04-07,Electronics,USB-C Cable,2874.07,1.0,France,Paypal,Mobile App,Delivered,2874.07,2024-04,2,2024
ORD100356,CUST503,2024-07-04,Fashion,Leather Wallet,1738.21,2.0,Germany,Upi,Website,Delivered,3476.42,2024-07,3,2024
ORD101194,CUST991,2024-05-17,Fashion,Sunglasses,1492.22,1.0,India,Cod,Website,Delivered,1492.22,2024-05,2,2024
ORD105197,CUST210,2024-03-25,Fashion,Leather Wallet,810.66,2.0,India,Paypal,Mobile App,Delivered,1621.32,2024-03,1,2024
ORD102343,CUST1662,2024-08-22,Toys,Board Game,1829.38,4.0,India,Debit Card,Mobile App,Delivered,7317.52,2024-08,3,2024
ORD105142,CUST775,2024-04-06,Electronics,Wireless Earbuds,3994.25,1.0,India,Upi,Mobile App,Delivered,3994.25,2024-04,2,2024
ORD100303,CUST1487,2024-03-28,Electronics,Wireless Earbuds,1393.66,1.0,United Kingdom,Credit Card,Mobile App,Returned,1393.66,2024-03,1,2024
ORD105203,CUST178,2024-06-21,Beauty,Hair Dryer,657.1,2.0,United Kingdom,Upi,Website,Delivered,1314.2,2024-06,2,2024
ORD105000,CUST432,2024-02-02,Toys,Board Game,502.57,5.0,Germany,Credit Card,Marketplace,Delivered,2512.85,2024-02,1,2024
ORD103515,CUST821,2024-09-24,Home & Kitchen,Blender,2233.72,3.0,India,Net Banking,Website,Returned,6701.16,2024-09,3,2024
ORD104787,CUST778,2024-09-01,Home & Kitchen,LED Desk Lamp,2336.12,1.0,France,Net Banking,Mobile App,Delivered,2336.12,2024-09,3,2024
ORD103109,CUST1714,2024-03-17,Beauty,Lip Balm Set,831.25,1.0,France,Paypal,Mobile App,Delivered,831.25,2024-03,1,2024
ORD104854,CUST1546,2024-02-06,Toys,Puzzle 1000pc,717.79,1.0,United Kingdom,Paypal,Mobile App,Delivered,717.79,2024-02,1,2024
ORD104443,CUST1766,2024-07-07,Sports,Resistance Bands,2397.95,1.0,India,Credit Card,Marketplace,Cancelled,2397.95,2024-07,3,2024
ORD102167,CUST295,2024-06-30,Toys,Board Game,282.14,1.0,India,Cod,Mobile App,Delivered,282.14,2024-06,2,2024
ORD104202,CUST1192,2024-01-20,Fashion,Denim Jacket,1054.22,2.0,United States,Upi,Mobile App,Delivered,2108.44,2024-01,1,2024
ORD104329,CUST1225,2024-08-01,Electronics,USB-C Cable,3589.06,2.0,United States,Credit Card,Mobile App,Delivered,7178.12,2024-08,3,2024
ORD100624,CUST787,2024-04-21,Home & Kitchen,LED Desk Lamp,2074.57,1.0,India,Upi,Website,Returned,2074.57,2024-04,2,2024
ORD101870,CUST298,2024-01-21,Toys,Building Blocks Set,984.18,1.0,United States,Credit Card,Mobile App,Cancelled,984.18,2024-01,1,2024
ORD104570,CUST1312,2024-02-15,Electronics,Bluetooth Speaker,4797.17,1.0,India,Upi,Mobile App,Delivered,4797.17,2024-02,1,2024
ORD102739,CUST1446,2024-05-31,Fashion,Leather Wallet,610.03,2.0,United States,Debit Card,Mobile App,Delivered,1220.06,2024-05,2,2024
ORD104790,CUST614,2024-03-18,Books,Kids Picture Book,549.91,2.0,India,Paypal,Marketplace,Delivered,1099.82,2024-03,1,2024
ORD103814,CUST1171,2024-02-27,Fashion,Running Shoes,2949.64,2.0,Germany,Upi,Website,Delivered,5899.28,2024-02,1,2024
ORD100409,CUST1114,2024-09-26,Electronics,Smartwatch,1222.87,2.0,United States,Credit Card,Website,Delivered,2445.74,2024-09,3,2024
ORD102005,CUST1155,2024-04-16,Home & Kitchen,Blender,2717.34,2.0,United States,Upi,Marketplace,Delivered,5434.68,2024-04,2,2024
ORD103950,CUST29,2024-04-05,Home & Kitchen,Blender,2732.94,1.0,United States,Paypal,Mobile App,Delivered,2732.94,2024-04,2,2024
ORD100796,CUST813,2024-05-25,Fashion,Sunglasses,802.71,1.0,India,Credit Card,Website,Delivered,802.71,2024-05,2,2024
ORD105968,CUST260,2024-02-24,Fashion,Sunglasses,1427.46,1.0,India,Unknown,Website,Delivered,1427.46,2024-02,1,2024
ORD102796,CUST1671,2024-05-17,Beauty,Makeup Brush Kit,955.82,1.0,France,Unknown,Website,Returned,955.82,2024-05,2,2024
ORD105472,CUST592,2024-05-01,Electronics,Wireless Earbuds,3067.18,1.0,France,Credit Card,Website,Cancelled,3067.18,2024-05,2,2024
ORD100715,CUST544,2024-02-12,Beauty,Lip Balm Set,549.68,3.0,Uae,Paypal,Website,Returned,1649.04,2024-02,1,2024
ORD104187,CUST1221,2024-05-25,Beauty,Hair Dryer,986.09,1.0,India,Upi,Mobile App,Delivered,986.09,2024-05,2,2024
ORD102249,CUST131,2024-01-26,Sports,Resistance Bands,1860.91,2.0,United Kingdom,Debit Card,Website,Delivered,3721.82,2024-01,1,2024
ORD104705,CUST817,2024-03-24,Books,Fiction Bestseller,198.1,1.0,India,Paypal,Website,Delivered,198.1,2024-03,1,2024
ORD101471,CUST1428,2024-09-25,Home & Kitchen,Air Fryer,559.45,2.0,United Kingdom,Cod,Mobile App,Delivered,1118.9,2024-09,3,2024
ORD102952,CUST855,2024-05-04,Fashion,Cotton T-Shirt,1486.47,1.0,Germany,Cod,Website,Delivered,1486.47,2024-05,2,2024
ORD104124,CUST1409,2024-06-22,Fashion,Running Shoes,1325.43,2.0,India,Debit Card,Mobile App,Delivered,2650.86,2024-06,2,2024
ORD102252,UNKNOWN,2024-04-18,Electronics,Smartwatch,1749.4,1.0,United Kingdom,Credit Card,Website,Delivered,1749.4,2024-04,2,2024
ORD102566,CUST1305,2024-05-21,Fashion,Cotton T-Shirt,1444.85,1.0,India,Upi,Marketplace,Delivered,1444.85,2024-05,2,2024
ORD103416,CUST416,2024-08-09,Electronics,Phone Case,4875.78,2.0,India,Cod,Marketplace,Delivered,9751.56,2024-08,3,2024
ORD104464,CUST886,2024-04-26,Home & Kitchen,Non-stick Pan Set,605.65,2.0,India,Credit Card,Marketplace,Cancelled,1211.3,2024-04,2,2024
ORD100211,CUST61,2024-05-17,Fashion,Running Shoes,1870.87,1.0,France,Debit Card,Mobile App,Delivered,1870.87,2024-05,2,2024
ORD101293,CUST80,2024-07-20,Fashion,Cotton T-Shirt,2744.93,1.0,India,Credit Card,Marketplace,Delivered,2744.93,2024-07,3,2024
ORD102449,CUST1428,2024-02-15,Sports,Dumbbell Set,909.64,2.0,India,Credit Card,Mobile App,Delivered,1819.28,2024-02,1,2024
ORD102840,CUST1468,2024-01-04,Sports,Resistance Bands,1962.79,3.0,India,Debit Card,Website,Returned,5888.37,2024-01,1,2024
ORD105135,CUST1522,2024-03-09,Home & Kitchen,Air Fryer,1174.75,1.0,Germany,Credit Card,Website,Delivered,1174.75,2024-03,1,2024
ORD105222,CUST425,2024-02-18,Toys,Building Blocks Set,80019.0,1.0,India,Upi,Mobile App,Delivered,80019.0,2024-02,1,2024
ORD100727,CUST1701,2024-08-08,Fashion,Cotton T-Shirt,2375.05,1.0,India,Cod,Website,Delivered,2375.05,2024-08,3,2024
ORD100011,CUST1077,2024-04-07,Fashion,Leather Wallet,425.39,1.0,United States,Upi,Website,Returned,425.39,2024-04,2,2024
ORD100923,CUST752,2024-07-14,Toys,Board Game,566.6,1.0,Germany,Net Banking,Mobile App,Delivered,566.6,2024-07,3,2024
ORD101958,CUST1607,2024-02-21,Sports,Resistance Bands,938.08,1.0,United States,Credit Card,Mobile App,Delivered,938.08,2024-02,1,2024
ORD101805,UNKNOWN,2024-02-22,Books,Kids Picture Book,302.86,1.0,India,Upi,Website,Delivered,302.86,2024-02,1,2024
ORD101551,CUST1765,2024-07-29,Electronics,USB-C Cable,1806.29,1.0,India,Upi,Mobile App,Delivered,1806.29,2024-07,3,2024
ORD102665,CUST763,2024-06-18,Beauty,Makeup Brush Kit,179.6,1.0,India,Upi,Website,Delivered,179.6,2024-06,2,2024
ORD103029,CUST972,2024-03-10,Books,Kids Picture Book,143.5,1.0,India,Upi,Website,Delivered,143.5,2024-03,1,2024
ORD104226,CUST592,2024-02-21,Fashion,Leather Wallet,2857.4,2.0,United States,Cod,Website,Delivered,5714.8,2024-02,1,2024
ORD102038,CUST215,2024-04-07,Toys,Board Game,1556.01,3.0,France,Unknown,Marketplace,Delivered,4668.03,2024-04,2,2024
ORD101399,CUST845,2024-04-04,Home & Kitchen,LED Desk Lamp,464.13,1.0,India,Debit Card,Website,Delivered,464.13,2024-04,2,2024
ORD103883,CUST1400,2024-02-25,Home & Kitchen,Blender,1524.34,1.0,United Kingdom,Upi,Mobile App,Delivered,1524.34,2024-02,1,2024
ORD105324,CUST350,2024-01-21,Fashion,Cotton T-Shirt,1274.98,1.0,United Kingdom,Debit Card,Marketplace,Delivered,1274.98,2024-01,1,2024
ORD101690,CUST24,2024-08-07,Sports,Yoga Mat,497.04,2.0,India,Cod,Mobile App,Delivered,994.08,2024-08,3,2024
ORD101552,UNKNOWN,2024-02-18,Books,Cookbook,501.83,1.0,Germany,Upi,Mobile App,Delivered,501.83,2024-02,1,2024
ORD105310,CUST1344,2024-08-13,Fashion,Cotton T-Shirt,901.25,1.0,India,Debit Card,Website,Delivered,901.25,2024-08,3,2024
ORD100475,CUST41,2024-01-13,Home & Kitchen,Blender,2568.21,1.0,India,Debit Card,Marketplace,Delivered,2568.21,2024-01,1,2024
ORD100013,CUST624,2024-02-06,Fashion,Leather Wallet,929.32,4.0,France,Credit Card,Website,Delivered,3717.28,2024-02,1,2024
ORD102691,CUST122,2024-05-27,Beauty,Sunscreen SPF50,1150.24,1.0,United States,Debit Card,Website,Delivered,1150.24,2024-05,2,2024
ORD105151,UNKNOWN,2024-09-18,Electronics,Phone Case,3327.83,1.0,India,Cod,Mobile App,Delivered,3327.83,2024-09,3,2024
ORD103806,CUST1750,2024-04-18,Home & Kitchen,Air Fryer,2758.47,1.0,United Kingdom,Debit Card,Mobile App,Delivered,2758.47,2024-04,2,2024
ORD103818,CUST1695,2024-01-18,Toys,Building Blocks Set,1655.65,2.0,India,Upi,Website,Delivered,3311.3,2024-01,1,2024
ORD105798,CUST1482,2024-01-02,Beauty,Hair Dryer,1342.65,1.0,United States,Credit Card,Website,Delivered,1342.65,2024-01,1,2024
ORD101990,CUST1657,2024-05-06,Fashion,Sunglasses,1281.38,1.0,India,Paypal,Marketplace,Cancelled,1281.38,2024-05,2,2024
ORD105158,CUST1599,2024-04-20,Beauty,Hair Dryer,208.68,1.0,United Kingdom,Paypal,Website,Delivered,208.68,2024-04,2,2024
ORD105426,CUST560,2024-02-18,Sports,Cycling Gloves,1333.6,1.0,Germany,Debit Card,Website,Delivered,1333.6,2024-02,1,2024
ORD102271,CUST412,2024-02-18,Home & Kitchen,LED Desk Lamp,915.71,1.0,United Kingdom,Credit Card,Mobile App,Delivered,915.71,2024-02,1,2024
ORD100207,UNKNOWN,2024-07-25,Beauty,Sunscreen SPF50,509.99,4.0,United States,Upi,Mobile App,Delivered,2039.96,2024-07,3,2024
ORD103237,CUST1269,2024-02-08,Beauty,Lip Balm Set,1322.55,1.0,India,Credit Card,Website,Delivered,1322.55,2024-02,1,2024
ORD101627,CUST373,2024-03-30,Home & Kitchen,Blender,1951.08,2.0,United States,Debit Card,Mobile App,Delivered,3902.16,2024-03,1,2024
ORD104370,CUST1114,2024-05-05,Toys,Puzzle 1000pc,377.23,1.0,Uae,Debit Card,Website,Delivered,377.23,2024-05,2,2024
ORD105934,CUST1417,2024-09-16,Electronics,Smartwatch,4099.1,1.0,India,Debit Card,Mobile App,Returned,4099.1,2024-09,3,2024
ORD100886,CUST398,2024-01-20,Home & Kitchen,LED Desk Lamp,2724.84,1.0,India,Credit Card,Website,Delivered,2724.84,2024-01,1,2024
ORD103727,CUST236,2024-07-20,Sports,Water Bottle,458.1,2.0,United States,Cod,Website,Returned,916.2,2024-07,3,2024
ORD100824,CUST61,2024-02-25,Beauty,Makeup Brush Kit,751.91,1.0,India,Upi,Marketplace,Delivered,751.91,2024-02,1,2024
ORD101236,CUST562,2024-02-28,Beauty,Lip Balm Set,600.84,1.0,India,Credit Card,Mobile App,Delivered,600.84,2024-02,1,2024
ORD103052,CUST1560,2024-07-06,Sports,Yoga Mat,1245.78,1.0,United Kingdom,Upi,Mobile App,Delivered,1245.78,2024-07,3,2024
ORD103438,CUST1333,2024-04-02,Home & Kitchen,Air Fryer,2978.44,3.0,France,Upi,Website,Delivered,8935.32,2024-04,2,2024
ORD103414,CUST183,2024-08-16,Electronics,USB-C Cable,737.27,1.0,United States,Cod,Mobile App,Delivered,737.27,2024-08,3,2024
ORD101879,CUST738,2024-08-10,Sports,Cycling Gloves,2105.26,2.0,India,Upi,Mobile App,Delivered,4210.52,2024-08,3,2024
ORD101456,CUST758,2024-07-13,Toys,Board Game,1497.42,1.0,United States,Net Banking,Marketplace,Delivered,1497.42,2024-07,3,2024
ORD100943,CUST838,2024-02-09,Electronics,Wireless Earbuds,814.88,1.0,United Kingdom,Net Banking,Mobile App,Returned,814.88,2024-02,1,2024
ORD102535,CUST620,2024-03-06,Fashion,Running Shoes,1989.58,1.0,India,Credit Card,Mobile App,Delivered,1989.58,2024-03,1,2024
ORD100590,CUST60,2024-02-13,Sports,Cycling Gloves,1907.26,1.0,United Kingdom,Cod,Mobile App,Delivered,1907.26,2024-02,1,2024
ORD105007,CUST174,2024-02-04,Toys,RC Car,1706.71,1.0,India,Unknown,Mobile App,Delivered,1706.71,2024-02,1,2024
ORD104800,CUST1267,2024-03-09,Home & Kitchen,LED Desk Lamp,3314.3,2.0,India,Debit Card,Marketplace,Returned,6628.6,2024-03,1,2024
ORD102597,UNKNOWN,2024-06-15,Electronics,USB-C Cable,2483.18,1.0,India,Upi,Mobile App,Returned,2483.18,2024-06,2,2024
ORD103320,CUST3,2024-08-14,Electronics,Phone Case,3520.54,2.0,United States,Upi,Mobile App,Delivered,7041.08,2024-08,3,2024
ORD104284,CUST265,2024-02-02,Sports,Yoga Mat,209.35,1.0,India,Credit Card,Mobile App,Delivered,209.35,2024-02,1,2024
ORD102907,CUST1512,2024-04-15,Beauty,Face Serum,341.97,4.0,Uae,Upi,Marketplace,Delivered,1367.88,2024-04,2,2024
ORD103330,CUST973,2024-09-28,Beauty,Sunscreen SPF50,812.17,1.0,United Kingdom,Upi,Website,Delivered,812.17,2024-09,3,2024
ORD105425,CUST1379,2024-06-24,Fashion,Sunglasses,348.54,1.0,India,Credit Card,Mobile App,Delivered,348.54,2024-06,2,2024
ORD104151,CUST1716,2024-04-24,Sports,Water Bottle,967.89,1.0,Uae,Upi,Mobile App,Delivered,967.89,2024-04,2,2024
ORD102369,CUST1754,2024-05-29,Fashion,Cotton T-Shirt,2052.26,1.0,India,Upi,Website,Delivered,2052.26,2024-05,2,2024
ORD101978,CUST1547,2024-04-03,Home & Kitchen,Air Fryer,2860.28,1.0,India,Credit Card,Website,Delivered,2860.28,2024-04,2,2024
ORD104356,CUST811,2024-02-07,Fashion,Leather Wallet,902.94,1.0,United Kingdom,Credit Card,Mobile App,Delivered,902.94,2024-02,1,2024
ORD104594,CUST677,2024-01-02,Beauty,Face Serum,549.8,1.0,United States,Credit Card,Mobile App,Delivered,549.8,2024-01,1,2024
ORD105458,CUST1474,2024-01-29,Fashion,Sunglasses,1496.48,2.0,India,Credit Card,Marketplace,Returned,2992.96,2024-01,1,2024
ORD103421,CUST412,2024-07-09,Sports,Water Bottle,2219.73,1.0,Germany,Debit Card,Mobile App,Delivered,2219.73,2024-07,3,2024
ORD105351,CUST15,2024-06-01,Beauty,Sunscreen SPF50,1444.54,1.0,India,Paypal,Website,Returned,1444.54,2024-06,2,2024
ORD100507,CUST67,2024-04-05,Toys,Puzzle 1000pc,440.37,1.0,India,Credit Card,Marketplace,Delivered,440.37,2024-04,2,2024
ORD100268,CUST953,2024-05-09,Sports,Dumbbell Set,1552.21,4.0,India,Upi,Mobile App,Delivered,6208.84,2024-05,2,2024
ORD103394,CUST1418,2024-06-04,Fashion,Running Shoes,2030.9,3.0,United States,Upi,Marketplace,Delivered,6092.700000000001,2024-06,2,2024
ORD100774,CUST1253,2024-08-04,Fashion,Leather Wallet,1955.65,1.0,France,Debit Card,Website,Cancelled,1955.65,2024-08,3,2024
ORD100449,CUST184,2024-09-15,Home & Kitchen,LED Desk Lamp,572.29,2.0,United States,Upi,Website,Delivered,1144.58,2024-09,3,2024
ORD100714,CUST366,2024-08-10,Fashion,Cotton T-Shirt,2017.63,1.0,India,Paypal,Website,Delivered,2017.63,2024-08,3,2024
ORD104771,CUST206,2024-04-26,Sports,Yoga Mat,2080.11,2.0,Germany,Credit Card,Mobile App,Delivered,4160.22,2024-04,2,2024
ORD105118,CUST333,2024-02-19,Home & Kitchen,Non-stick Pan Set,2448.95,1.0,India,Debit Card,Mobile App,Delivered,2448.95,2024-02,1,2024
ORD101656,CUST1001,2024-06-18,Beauty,Sunscreen SPF50,348.28,1.0,France,Upi,Website,Delivered,348.28,2024-06,2,2024
ORD102293,CUST1454,2024-09-12,Electronics,Phone Case,3093.39,1.0,France,Debit Card,Mobile App,Returned,3093.39,2024-09,3,2024
ORD104131,CUST489,2024-08-19,Toys,Puzzle 1000pc,1120.57,1.0,India,Upi,Website,Delivered,1120.57,2024-08,3,2024
ORD105417,CUST215,2024-08-26,Electronics,Power Bank,3123.39,2.0,India,Debit Card,Website,Delivered,6246.78,2024-08,3,2024
ORD102878,CUST986,2024-08-23,Home & Kitchen,Blender,1654.76,1.0,India,Upi,Website,Returned,1654.76,2024-08,3,2024
ORD105789,CUST1094,2024-01-02,Home & Kitchen,Storage Containers,2012.47,3.0,Uae,Upi,Mobile App,Delivered,6037.41,2024-01,1,2024
ORD101745,CUST1355,2024-01-13,Electronics,Smartwatch,4994.07,4.0,United Kingdom,Credit Card,Marketplace,Delivered,19976.28,2024-01,1,2024
ORD102447,CUST1639,2024-09-18,Home & Kitchen,Storage Containers,1587.17,1.0,India,Upi,Mobile App,Returned,1587.17,2024-09,3,2024
ORD101857,CUST857,2024-06-09,Toys,RC Car,1911.8,2.0,India,Upi,Mobile App,Delivered,3823.6,2024-06,2,2024
ORD103065,CUST1418,2024-05-13,Electronics,Wireless Earbuds,4221.47,1.0,India,Cod,Website,Delivered,4221.47,2024-05,2,2024
ORD102403,CUST1371,2024-01-26,Electronics,Smartwatch,2874.07,1.0,United States,Upi,Marketplace,Delivered,2874.07,2024-01,1,2024
ORD105250,CUST147,2024-09-20,Home & Kitchen,Storage Containers,720.42,1.0,India,Upi,Mobile App,Delivered,720.42,2024-09,3,2024
ORD101466,UNKNOWN,2024-08-05,Books,Self-Help Guide,585.53,1.0,France,Net Banking,Mobile App,Delivered,585.53,2024-08,3,2024
ORD102236,CUST328,2024-03-20,Electronics,USB-C Cable,3246.31,1.0,United Kingdom,Debit Card,Marketplace,Delivered,3246.31,2024-03,1,2024
ORD102627,CUST965,2024-02-03,Beauty,Sunscreen SPF50,1066.21,1.0,India,Debit Card,Mobile App,Delivered,1066.21,2024-02,1,2024
ORD100527,CUST1165,2024-02-09,Books,Self-Help Guide,120.58,1.0,India,Debit Card,Marketplace,Delivered,120.58,2024-02,1,2024
ORD100795,CUST260,2024-07-29,Home & Kitchen,Storage Containers,2361.07,1.0,United States,Debit Card,Mobile App,Delivered,2361.07,2024-07,3,2024
ORD104454,CUST1533,2024-05-08,Home & Kitchen,Storage Containers,1271.88,1.0,United States,Credit Card,Website,Cancelled,1271.88,2024-05,2,2024
ORD103432,CUST744,2024-06-15,Toys,Board Game,985.18,1.0,India,Credit Card,Website,Delivered,985.18,2024-06,2,2024
ORD103001,CUST574,2024-04-14,Sports,Dumbbell Set,1213.72,1.0,United States,Cod,Website,Delivered,1213.72,2024-04,2,2024
ORD101853,CUST621,2024-02-04,Sports,Water Bottle,460.17,1.0,India,Paypal,Website,Delivered,460.17,2024-02,1,2024
ORD105601,CUST722,2024-06-10,Sports,Cycling Gloves,1904.34,2.0,,Credit Card,Marketplace,Delivered,3808.68,2024-06,2,2024
ORD102854,CUST1397,2024-03-25,Toys,Building Blocks Set,643.23,1.0,Germany,Credit Card,Mobile App,Returned,643.23,2024-03,1,2024
ORD100601,CUST511,2024-08-26,Electronics,Bluetooth Speaker,518.62,1.0,India,Debit Card,Website,Delivered,518.62,2024-08,3,2024
ORD101688,CUST31,2024-07-02,Home & Kitchen,LED Desk Lamp,1959.04,1.0,India,Credit Card,Mobile App,Delivered,1959.04,2024-07,3,2024
ORD104663,CUST622,2024-07-22,Toys,Puzzle 1000pc,1256.43,2.0,Uae,Debit Card,Mobile App,Delivered,2512.86,2024-07,3,2024
ORD103539,CUST1616,2024-06-11,Books,Fiction Bestseller,322.82,2.0,India,Credit Card,Website,Delivered,645.64,2024-06,2,2024
ORD102170,UNKNOWN,2024-02-27,Sports,Resistance Bands,1536.88,3.0,India,Upi,Website,Delivered,4610.64,2024-02,1,2024
ORD105164,CUST420,2024-08-27,Beauty,Lip Balm Set,812.17,2.0,United States,Credit Card,Marketplace,Delivered,1624.34,2024-08,3,2024
ORD100438,CUST228,2024-06-23,Sports,Dumbbell Set,1231.89,1.0,France,Upi,Website,Delivered,1231.89,2024-06,2,2024
ORD104590,CUST1114,2024-07-13,Beauty,Hair Dryer,1402.04,1.0,India,Unknown,Marketplace,Delivered,1402.04,2024-07,3,2024
ORD101882,CUST1302,2024-02-10,Toys,Puzzle 1000pc,1115.62,1.0,India,Credit Card,Website,Delivered,1115.62,2024-02,1,2024
ORD105612,CUST1771,2024-03-17,Beauty,Lip Balm Set,534.24,1.0,France,Upi,Website,Cancelled,534.24,2024-03,1,2024
ORD105742,CUST914,2024-07-02,Fashion,Denim Jacket,2353.46,1.0,India,Upi,Website,Delivered,2353.46,2024-07,3,2024
ORD101348,CUST243,2024-04-08,Fashion,Denim Jacket,1073.36,3.0,India,Credit Card,Mobile App,Delivered,3220.08,2024-04,2,2024
ORD100248,CUST107,2024-08-08,Sports,Resistance Bands,1925.77,2.0,Germany,Cod,Website,Delivered,3851.54,2024-08,3,2024
ORD105044,CUST1151,2024-05-10,Books,Cookbook,354.71,2.0,India,Credit Card,Mobile App,Delivered,709.42,2024-05,2,2024
ORD101828,UNKNOWN,2024-03-14,Beauty,Hair Dryer,812.17,1.0,Uae,Upi,Website,Delivered,812.17,2024-03,1,2024
ORD103900,CUST1226,2024-04-06,Fashion,Leather Wallet,511.94,1.0,United States,Net Banking,Mobile App,Cancelled,511.94,2024-04,2,2024
ORD101677,CUST149,2024-07-12,Toys,Puzzle 1000pc,383.22,1.0,India,Upi,Marketplace,Delivered,383.22,2024-07,3,2024
ORD104866,CUST36,2024-01-08,Sports,Water Bottle,821.59,1.0,Germany,Credit Card,Mobile App,Cancelled,821.59,2024-01,1,2024
ORD102636,CUST971,2024-05-26,Electronics,USB-C Cable,2138.46,2.0,United Kingdom,Credit Card,Mobile App,Delivered,4276.92,2024-05,2,2024
ORD104334,CUST1529,2024-02-19,Sports,Yoga Mat,424.03,1.0,India,Cod,Mobile App,Delivered,424.03,2024-02,1,2024
ORD101862,CUST1093,2024-02-21,Electronics,Power Bank,4750.43,2.0,India,Cod,Mobile App,Delivered,9500.86,2024-02,1,2024
ORD103810,CUST1572,2024-07-29,Sports,Water Bottle,587.66,1.0,United States,Credit Card,Website,Delivered,587.66,2024-07,3,2024
ORD102683,CUST1443,2024-03-30,Electronics,Power Bank,1880.69,2.0,India,Net Banking,Website,Returned,3761.38,2024-03,1,2024
ORD100940,CUST694,2024-06-02,Electronics,Wireless Earbuds,559.5,2.0,India,Upi,Marketplace,Cancelled,1119.0,2024-06,2,2024
ORD101519,CUST339,2024-03-26,Fashion,Denim Jacket,2888.9,3.0,United States,Credit Card,Website,Delivered,8666.7,2024-03,1,2024
ORD101954,CUST1154,2024-04-22,Books,Fiction Bestseller,195.97,1.0,India,Cod,Marketplace,Delivered,195.97,2024-04,2,2024
ORD101635,CUST1014,2024-03-17,Electronics,Wireless Earbuds,1092.57,1.0,India,Debit Card,Website,Delivered,1092.57,2024-03,1,2024
ORD100577,CUST57,2024-03-02,Fashion,Cotton T-Shirt,1479.49,1.0,Germany,Upi,Website,Delivered,1479.49,2024-03,1,2024
ORD101371,CUST964,2024-07-12,Home & Kitchen,Air Fryer,785.04,2.0,United States,Credit Card,Mobile App,Delivered,1570.08,2024-07,3,2024
ORD103257,CUST1003,2024-08-14,Home & Kitchen,Blender,786.23,4.0,India,Upi,Marketplace,Delivered,3144.92,2024-08,3,2024
ORD105937,CUST1616,2024-01-02,Electronics,USB-C Cable,4227.32,2.0,India,Paypal,Mobile App,Delivered,8454.64,2024-01,1,2024
ORD100836,CUST31,2024-02-28,Books,Kids Picture Book,325.5,2.0,India,Upi,Website,Delivered,651.0,2024-02,1,2024
ORD102950,CUST786,2024-09-16,Electronics,Smartwatch,3581.57,1.0,India,Credit Card,Marketplace,Delivered,3581.57,2024-09,3,2024
ORD105280,CUST238,2024-03-07,Electronics,Smartwatch,4239.35,1.0,Germany,Credit Card,Mobile App,Delivered,4239.35,2024-03,1,2024
ORD105502,CUST1597,2024-09-15,Home & Kitchen,Blender,2504.4,1.0,United Kingdom,Credit Card,Website,Delivered,2504.4,2024-09,3,2024
ORD102650,CUST702,2024-07-16,Home & Kitchen,Blender,2517.09,3.0,Germany,Upi,Website,Delivered,7551.27,2024-07,3,2024
ORD102869,CUST1274,2024-08-03,Home & Kitchen,Non-stick Pan Set,1834.9,1.0,United States,Upi,Website,Returned,1834.9,2024-08,3,2024
ORD103545,CUST1006,2024-02-20,Beauty,Face Serum,1401.05,4.0,India,Upi,Website,Returned,5604.2,2024-02,1,2024
ORD103765,CUST319,2024-03-22,Electronics,Bluetooth Speaker,1894.67,2.0,United States,Credit Card,Mobile App,Delivered,3789.34,2024-03,1,2024
ORD102635,CUST536,2024-07-25,Electronics,Bluetooth Speaker,4826.62,1.0,United States,Cod,Mobile App,Delivered,4826.62,2024-07,3,2024
ORD100358,UNKNOWN,2024-04-01,Home & Kitchen,Non-stick Pan Set,3446.88,1.0,Uae,Upi,Marketplace,Delivered,3446.88,2024-04,2,2024
ORD101392,UNKNOWN,2024-04-27,Home & Kitchen,Blender,2563.1,1.0,India,Credit Card,Mobile App,Returned,2563.1,2024-04,2,2024
ORD105923,CUST52,2024-09-16,Home & Kitchen,Blender,1090.02,1.0,India,Credit Card,Website,Delivered,1090.02,2024-09,3,2024
ORD104423,CUST559,2024-02-22,Fashion,Cotton T-Shirt,2218.48,1.0,France,Credit Card,Marketplace,Cancelled,2218.48,2024-02,1,2024
ORD104122,CUST974,2024-01-22,Sports,Water Bottle,1289.5,1.0,India,Debit Card,Mobile App,Delivered,1289.5,2024-01,1,2024
ORD104214,CUST647,2024-03-15,Books,Fiction Bestseller,484.59,1.0,India,Debit Card,Mobile App,Delivered,484.59,2024-03,1,2024
ORD104924,UNKNOWN,2024-03-05,Fashion,Denim Jacket,2128.79,1.0,India,Debit Card,Website,Delivered,2128.79,2024-03,1,2024
ORD102771,CUST1337,2024-08-24,Books,Kids Picture Book,685.3,1.0,India,Upi,Mobile App,Delivered,685.3,2024-08,3,2024
ORD104469,CUST1290,2024-02-17,Electronics,USB-C Cable,4367.83,1.0,Germany,Upi,Mobile App,Delivered,4367.83,2024-02,1,2024
ORD102027,CUST715,2024-04-24,Home & Kitchen,Non-stick Pan Set,1947.67,1.0,France,Debit Card,Website,Delivered,1947.67,2024-04,2,2024
ORD105325,CUST5,2024-09-22,Electronics,Wireless Earbuds,3939.78,1.0,United States,Credit Card,Website,Delivered,3939.78,2024-09,3,2024
ORD104654,CUST455,2024-07-23,Electronics,Power Bank,1769.36,1.0,United Kingdom,Upi,Mobile App,Delivered,1769.36,2024-07,3,2024
ORD103115,CUST1148,2024-09-03,Electronics,Phone Case,1996.32,4.0,India,Credit Card,Mobile App,Delivered,7985.28,2024-09,3,2024
ORD105096,CUST469,2024-04-18,Home & Kitchen,Air Fryer,3152.93,2.0,India,Credit Card,Marketplace,Delivered,6305.86,2024-04,2,2024
ORD101652,CUST1797,2024-05-15,Books,Kids Picture Book,553.02,2.0,India,Upi,Mobile App,Returned,1106.04,2024-05,2,2024
ORD103309,CUST1432,2024-04-27,Toys,Board Game,1120.57,1.0,India,Paypal,Website,Delivered,1120.57,2024-04,2,2024
ORD102507,CUST591,2024-08-06,Sports,Resistance Bands,518.27,3.0,United Kingdom,Upi,Mobile App,Delivered,1554.81,2024-08,3,2024
ORD102287,CUST879,2024-02-27,Beauty,Sunscreen SPF50,812.17,1.0,,Credit Card,Marketplace,Delivered,812.17,2024-02,1,2024
ORD102192,CUST1244,2024-02-06,Home & Kitchen,Blender,1369.99,1.0,United Kingdom,Paypal,Website,Returned,1369.99,2024-02,1,2024
ORD104869,CUST756,2024-01-08,Sports,Water Bottle,1315.04,1.0,India,Upi,Website,Delivered,1315.04,2024-01,1,2024
ORD101615,CUST113,2024-07-09,Toys,Puzzle 1000pc,1728.49,2.0,India,Upi,Website,Delivered,3456.98,2024-07,3,2024
ORD101131,CUST115,2024-07-06,Home & Kitchen,Non-stick Pan Set,1304.34,1.0,United Kingdom,Cod,Website,Delivered,1304.34,2024-07,3,2024
ORD102575,UNKNOWN,2024-03-23,Home & Kitchen,Non-stick Pan Set,3340.84,1.0,India,Cod,Mobile App,Delivered,3340.84,2024-03,1,2024
ORD101625,CUST1735,2024-03-21,Fashion,Sunglasses,1345.77,1.0,India,Credit Card,Marketplace,Cancelled,1345.77,2024-03,1,2024
ORD103476,CUST466,2024-09-22,Home & Kitchen,Storage Containers,3110.12,1.0,India,Upi,Mobile App,Cancelled,3110.12,2024-09,3,2024
ORD100988,CUST931,2024-04-21,Toys,Board Game,996.05,2.0,United States,Cod,Website,Delivered,1992.1,2024-04,2,2024
ORD104177,CUST1085,2024-07-02,Beauty,Hair Dryer,762.58,2.0,India,Unknown,Mobile App,Delivered,1525.16,2024-07,3,2024
ORD105772,CUST447,2024-03-05,Beauty,Sunscreen SPF50,518.11,1.0,United States,Credit Card,Website,Returned,518.11,2024-03,1,2024
ORD101171,CUST625,2024-02-14,Fashion,Denim Jacket,1409.94,1.0,India,Credit Card,Marketplace,Delivered,1409.94,2024-02,1,2024
ORD105781,CUST1248,2024-08-06,Home & Kitchen,Blender,2834.89,1.0,United Kingdom,Upi,Website,Delivered,2834.89,2024-08,3,2024
ORD103647,CUST276,2024-07-06,Fashion,Leather Wallet,1529.99,2.0,United States,Credit Card,Website,Delivered,3059.98,2024-07,3,2024
ORD104846,CUST1207,2024-06-17,Toys,RC Car,837.12,1.0,India,Net Banking,Website,Returned,837.12,2024-06,2,2024
ORD101888,CUST742,2024-06-30,Fashion,Running Shoes,640.11,1.0,Uae,Credit Card,Mobile App,Delivered,640.11,2024-06,2,2024
ORD101083,CUST1597,2024-02-01,Toys,RC Car,1987.39,1.0,India,Upi,Website,Delivered,1987.39,2024-02,1,2024
ORD100012,CUST403,2024-05-07,Sports,Resistance Bands,1000.93,4.0,United States,Cod,Mobile App,Delivered,4003.72,2024-05,2,2024
ORD104859,CUST185,2024-06-12,Fashion,Cotton T-Shirt,2114.77,2.0,India,Upi,Mobile App,Delivered,4229.54,2024-06,2,2024
ORD102107,CUST535,2024-02-17,Toys,RC Car,1916.33,5.0,United Kingdom,Credit Card,Marketplace,Delivered,9581.65,2024-02,1,2024
ORD101316,CUST224,2024-04-16,Electronics,USB-C Cable,2792.88,1.0,France,Paypal,Mobile App,Delivered,2792.88,2024-04,2,2024
ORD105639,CUST1090,2024-09-17,Sports,Resistance Bands,1738.91,1.0,India,Paypal,Website,Delivered,1738.91,2024-09,3,2024
ORD103970,CUST1211,2024-09-14,Electronics,Bluetooth Speaker,4966.33,1.0,India,Debit Card,Website,Delivered,4966.33,2024-09,3,2024
ORD103776,CUST1227,2024-06-10,Fashion,Running Shoes,674.07,1.0,United States,Credit Card,Marketplace,Returned,674.07,2024-06,2,2024
ORD102380,CUST590,2024-03-28,Fashion,Leather Wallet,1595.55,1.0,United States,Paypal,Website,Delivered,1595.55,2024-03,1,2024
ORD102848,CUST865,2024-01-29,Home & Kitchen,Non-stick Pan Set,1708.53,2.0,India,Cod,Marketplace,Delivered,3417.06,2024-01,1,2024
ORD100782,CUST1306,2024-04-21,Books,Kids Picture Book,597.44,1.0,United States,Upi,Marketplace,Returned,597.44,2024-04,2,2024
ORD100151,CUST1400,2024-02-10,Home & Kitchen,Non-stick Pan Set,536.57,2.0,India,Paypal,Marketplace,Delivered,1073.14,2024-02,1,2024
ORD100325,CUST985,2024-04-23,Toys,Board Game,463.37,1.0,India,Cod,Mobile App,Delivered,463.37,2024-04,2,2024
ORD101086,CUST1258,2024-07-16,Books,Self-Help Guide,136.36,1.0,India,Upi,Website,Delivered,136.36,2024-07,3,2024
ORD103778,CUST1617,2024-03-29,Toys,Building Blocks Set,1685.88,1.0,United Kingdom,Paypal,Mobile App,Delivered,1685.88,2024-03,1,2024
ORD103745,CUST672,2024-02-18,Home & Kitchen,Blender,545.95,2.0,Germany,Upi,Website,Delivered,1091.9,2024-02,1,2024
ORD101521,CUST1474,2024-01-18,Fashion,Denim Jacket,426.34,1.0,India,Upi,Marketplace,Delivered,426.34,2024-01,1,2024
ORD100506,CUST1055,2024-03-17,Fashion,Denim Jacket,1591.07,1.0,India,Debit Card,Website,Delivered,1591.07,2024-03,1,2024
ORD101610,CUST1017,2024-01-05,Fashion,Sunglasses,439.02,1.0,India,Upi,Mobile App,Delivered,439.02,2024-01,1,2024
ORD102513,CUST989,2024-06-18,Electronics,Phone Case,2420.46,1.0,India,Net Banking,Marketplace,Delivered,2420.46,2024-06,2,2024
ORD104919,CUST728,2024-03-14,Sports,Resistance Bands,1250.35,2.0,United Kingdom,Credit Card,Website,Delivered,2500.7,2024-03,1,2024
ORD103881,CUST330,2024-06-06,Beauty,Face Serum,294.05,5.0,United States,Credit Card,Website,Returned,1470.25,2024-06,2,2024
ORD102532,CUST471,2024-02-05,Electronics,Power Bank,4557.47,2.0,India,Debit Card,Website,Delivered,9114.94,2024-02,1,2024
ORD102857,CUST1368,2024-05-22,Books,Fiction Bestseller,764.74,1.0,United Kingdom,Upi,Website,Delivered,764.74,2024-05,2,2024
ORD101277,CUST432,2024-05-20,Books,Cookbook,270.51,1.0,India,Credit Card,Marketplace,Delivered,270.51,2024-05,2,2024
ORD100804,CUST542,2024-08-23,Sports,Resistance Bands,1373.83,1.0,India,Cod,Website,Delivered,1373.83,2024-08,3,2024
ORD101294,CUST829,2024-01-25,Beauty,Hair Dryer,466.92,1.0,India,Upi,Website,Delivered,466.92,2024-01,1,2024
ORD101997,CUST630,2024-02-18,Sports,Water Bottle,1457.39,1.0,India,Paypal,Website,Delivered,1457.39,2024-02,1,2024
ORD104595,CUST1504,2024-01-06,Fashion,Cotton T-Shirt,893.19,1.0,United Kingdom,Upi,Mobile App,Delivered,893.19,2024-01,1,2024
ORD101671,CUST1477,2024-04-11,Electronics,Wireless Earbuds,2713.6,2.0,India,Credit Card,Website,Delivered,5427.2,2024-04,2,2024
ORD101347,CUST615,2024-03-06,Electronics,Wireless Earbuds,3295.44,1.0,United Kingdom,Upi,Website,Delivered,3295.44,2024-03,1,2024
ORD103372,CUST1398,2024-01-11,Fashion,Sunglasses,1706.76,2.0,India,Paypal,Marketplace,Returned,3413.52,2024-01,1,2024
ORD105399,CUST776,2024-03-21,Fashion,Sunglasses,2851.75,2.0,India,Debit Card,Website,Returned,5703.5,2024-03,1,2024
ORD105217,CUST295,2024-04-11,Fashion,Denim Jacket,242.21,2.0,India,Debit Card,Website,Delivered,484.42,2024-04,2,2024
ORD103435,CUST1457,2024-04-09,Toys,Puzzle 1000pc,1580.05,3.0,United States,Debit Card,Mobile App,Cancelled,4740.15,2024-04,2,2024
ORD105343,CUST828,2024-03-26,Electronics,Smartwatch,3167.82,1.0,India,Net Banking,Website,Returned,3167.82,2024-03,1,2024
ORD100992,CUST177,2024-05-07,Home & Kitchen,Storage Containers,2433.68,1.0,India,Cod,Website,Delivered,2433.68,2024-05,2,2024
ORD103126,CUST254,2024-09-06,Electronics,Smartwatch,2866.1,4.0,India,Cod,Mobile App,Delivered,11464.4,2024-09,3,2024
ORD104515,CUST1301,2024-02-01,Electronics,Smartwatch,1519.74,1.0,India,Credit Card,Mobile App,Delivered,1519.74,2024-02,1,2024
ORD103711,CUST496,2024-05-11,Fashion,Leather Wallet,1114.5,1.0,Germany,Upi,Mobile App,Delivered,1114.5,2024-05,2,2024
ORD100533,CUST202,2024-05-14,Fashion,Leather Wallet,1594.03,2.0,Uae,Cod,Mobile App,Delivered,3188.06,2024-05,2,2024
ORD104458,CUST410,2024-07-11,Fashion,Leather Wallet,646.57,2.0,India,Cod,Website,Delivered,1293.14,2024-07,3,2024
ORD100659,CUST1646,2024-02-29,Electronics,Phone Case,4193.64,1.0,India,Credit Card,Marketplace,Delivered,4193.64,2024-02,1,2024
ORD102318,CUST1784,2024-06-02,Fashion,Leather Wallet,264.94,1.0,India,Paypal,Website,Delivered,264.94,2024-06,2,2024
ORD103224,CUST1749,2024-06-29,Home & Kitchen,Blender,2717.53,2.0,United Kingdom,Cod,Website,Delivered,5435.06,2024-06,2,2024
ORD105225,CUST1284,2024-01-19,Beauty,Sunscreen SPF50,1101.7,1.0,India,Cod,Website,Delivered,1101.7,2024-01,1,2024
ORD103349,CUST549,2024-07-13,Sports,Water Bottle,1821.69,1.0,United States,Upi,Marketplace,Delivered,1821.69,2024-07,3,2024
ORD104989,CUST1396,2024-08-03,Books,Cookbook,493.48,1.0,United Kingdom,Upi,Mobile App,Delivered,493.48,2024-08,3,2024
ORD100955,CUST1667,2024-05-28,Sports,Cycling Gloves,864.58,1.0,Germany,Upi,Website,Delivered,864.58,2024-05,2,2024
ORD105964,CUST1232,2024-08-29,Beauty,Sunscreen SPF50,508.18,1.0,India,Upi,Mobile App,Delivered,508.18,2024-08,3,2024
ORD105435,CUST1395,2024-07-06,Home & Kitchen,Blender,2982.35,1.0,Germany,Debit Card,Mobile App,Delivered,2982.35,2024-07,3,2024
ORD100741,CUST1355,2024-05-08,Home & Kitchen,Storage Containers,2049.13,1.0,India,Net Banking,Mobile App,Returned,2049.13,2024-05,2,2024
ORD103924,CUST1017,2024-08-01,Electronics,Phone Case,3657.28,2.0,Uae,Unknown,Mobile App,Delivered,7314.56,2024-08,3,2024
ORD104298,CUST1478,2024-01-27,Electronics,USB-C Cable,2292.12,1.0,India,Credit Card,Mobile App,Delivered,2292.12,2024-01,1,2024
ORD104753,CUST222,2024-07-09,Fashion,Running Shoes,240.49,2.0,India,Upi,Mobile App,Cancelled,480.98,2024-07,3,2024
ORD104984,CUST432,2024-03-03,Sports,Yoga Mat,2471.45,1.0,India,Upi,Mobile App,Delivered,2471.45,2024-03,1,2024
ORD101667,UNKNOWN,2024-02-12,Home & Kitchen,LED Desk Lamp,2294.65,2.0,Germany,Debit Card,Mobile App,Cancelled,4589.3,2024-02,1,2024
ORD104599,CUST53,2024-05-30,Toys,Building Blocks Set,883.53,1.0,United States,Upi,Website,Delivered,883.53,2024-05,2,2024
ORD104170,CUST1015,2024-06-10,Home & Kitchen,Air Fryer,3382.13,5.0,India,Debit Card,Mobile App,Delivered,16910.65,2024-06,2,2024
ORD103222,CUST1638,2024-03-06,Fashion,Denim Jacket,1324.38,2.0,India,Net Banking,Mobile App,Delivered,2648.76,2024-03,1,2024
ORD102440,CUST911,2024-08-05,Books,Cookbook,200.83,1.0,India,Upi,Mobile App,Delivered,200.83,2024-08,3,2024
ORD100944,CUST590,2024-06-03,Electronics,Bluetooth Speaker,2894.79,5.0,Uae,Cod,Mobile App,Delivered,14473.95,2024-06,2,2024
ORD104173,CUST1532,2024-08-07,Home & Kitchen,Storage Containers,3493.33,1.0,India,Upi,Mobile App,Delivered,3493.33,2024-08,3,2024
ORD105888,UNKNOWN,2024-06-19,Beauty,Makeup Brush Kit,492.27,2.0,United Kingdom,Paypal,Mobile App,Delivered,984.54,2024-06,2,2024
ORD100594,CUST922,2024-02-16,Beauty,Makeup Brush Kit,1218.15,1.0,India,Credit Card,Mobile App,Delivered,1218.15,2024-02,1,2024
ORD102463,CUST567,2024-06-17,Fashion,Running Shoes,568.19,1.0,France,Debit Card,Website,Returned,568.19,2024-06,2,2024
ORD105389,CUST1329,2024-04-28,Sports,Water Bottle,1650.18,3.0,India,Credit Card,Mobile App,Cancelled,4950.54,2024-04,2,2024
ORD101248,CUST1676,2024-05-31,Beauty,Face Serum,920.2,1.0,India,Paypal,Website,Delivered,920.2,2024-05,2,2024
ORD105083,CUST1735,2024-03-06,Home & Kitchen,Blender,446.0,1.0,France,Paypal,Mobile App,Delivered,446.0,2024-03,1,2024
ORD101917,CUST420,2024-09-18,Sports,Dumbbell Set,647.85,1.0,United States,Debit Card,Mobile App,Delivered,647.85,2024-09,3,2024
ORD101881,CUST846,2024-03-26,Electronics,Wireless Earbuds,4319.07,2.0,India,Credit Card,Website,Delivered,8638.14,2024-03,1,2024
ORD102701,CUST1360,2024-04-11,Home & Kitchen,Blender,2418.71,1.0,United States,Credit Card,Website,Delivered,2418.71,2024-04,2,2024
ORD105996,CUST1699,2024-09-19,Electronics,Wireless Earbuds,1357.9,1.0,United Kingdom,Upi,Website,Delivered,1357.9,2024-09,3,2024
ORD105935,CUST435,2024-05-21,Home & Kitchen,Storage Containers,1258.14,1.0,India,Debit Card,Mobile App,Delivered,1258.14,2024-05,2,2024
ORD105383,CUST396,2024-08-16,Sports,Water Bottle,488.77,1.0,United States,Credit Card,Marketplace,Delivered,488.77,2024-08,3,2024
ORD104527,CUST1257,2024-03-11,Fashion,Cotton T-Shirt,736.29,2.0,France,Upi,Marketplace,Delivered,1472.58,2024-03,1,2024
ORD104891,CUST101,2024-04-26,Home & Kitchen,Storage Containers,1274.85,2.0,India,Credit Card,Website,Returned,2549.7,2024-04,2,2024
ORD105920,CUST917,2024-09-05,Electronics,Bluetooth Speaker,3046.47,1.0,United States,Debit Card,Marketplace,Delivered,3046.47,2024-09,3,2024
ORD105374,CUST810,2024-08-15,Electronics,USB-C Cable,2423.13,1.0,India,Debit Card,Mobile App,Delivered,2423.13,2024-08,3,2024
ORD105725,CUST1754,2024-03-28,Sports,Yoga Mat,1111.46,1.0,United States,Credit Card,Mobile App,Delivered,1111.46,2024-03,1,2024
ORD104835,CUST1187,2024-04-20,Electronics,USB-C Cable,2121.41,1.0,United States,Upi,Marketplace,Delivered,2121.41,2024-04,2,2024
ORD101925,CUST1411,2024-02-21,Books,Kids Picture Book,568.8,1.0,India,Credit Card,Mobile App,Delivered,568.8,2024-02,1,2024
ORD100168,CUST666,2024-08-15,Books,Kids Picture Book,627.23,1.0,India,Credit Card,Marketplace,Delivered,627.23,2024-08,3,2024
ORD101833,CUST1181,2024-04-21,Books,Cookbook,304.48,1.0,,Upi,Marketplace,Delivered,304.48,2024-04,2,2024
ORD101722,CUST1590,2024-01-16,Sports,Yoga Mat,1731.94,2.0,India,Net Banking,Marketplace,Returned,3463.88,2024-01,1,2024
ORD101628,CUST205,2024-03-04,Toys,Board Game,1539.6,1.0,India,Upi,Website,Delivered,1539.6,2024-03,1,2024
ORD104507,CUST1111,2024-03-16,Fashion,Leather Wallet,644.45,2.0,Germany,Credit Card,Marketplace,Delivered,1288.9,2024-03,1,2024
ORD100104,CUST909,2024-09-19,Electronics,Wireless Earbuds,3051.9,4.0,Germany,Debit Card,Mobile App,Delivered,12207.6,2024-09,3,2024
ORD102368,CUST1203,2024-07-20,Beauty,Face Serum,1114.8,1.0,,Credit Card,Mobile App,Delivered,1114.8,2024-07,3,2024
ORD102561,CUST1131,2024-08-26,Electronics,USB-C Cable,2819.66,2.0,Germany,Debit Card,Website,Delivered,5639.32,2024-08,3,2024
ORD101893,CUST724,2024-02-11,Fashion,Sunglasses,2502.64,1.0,United States,Credit Card,Website,Delivered,2502.64,2024-02,1,2024
ORD104101,CUST1489,2024-01-17,Home & Kitchen,Non-stick Pan Set,1382.79,1.0,Germany,Upi,Mobile App,Cancelled,1382.79,2024-01,1,2024
ORD102589,CUST51,2024-06-05,Books,Kids Picture Book,571.23,1.0,France,Paypal,Website,Cancelled,571.23,2024-06,2,2024
ORD100424,CUST1245,2024-08-13,Books,Self-Help Guide,748.86,1.0,Uae,Net Banking,Mobile App,Delivered,748.86,2024-08,3,2024
ORD101449,CUST1184,2024-01-03,Electronics,Power Bank,2328.53,2.0,India,Upi,Mobile App,Delivered,4657.06,2024-01,1,2024
ORD105915,CUST577,2024-05-09,Home & Kitchen,LED Desk Lamp,3075.91,1.0,United States,Debit Card,Mobile App,Delivered,3075.91,2024-05,2,2024
ORD105514,UNKNOWN,2024-09-24,Fashion,Leather Wallet,2703.77,1.0,Uae,Credit Card,Mobile App,Delivered,2703.77,2024-09,3,2024
ORD101410,CUST311,2024-09-28,Toys,Building Blocks Set,711.91,1.0,United Kingdom,Upi,Website,Cancelled,711.91,2024-09,3,2024
ORD104372,CUST232,2024-06-27,Sports,Resistance Bands,1022.91,2.0,France,Cod,Website,Delivered,2045.82,2024-06,2,2024
ORD102555,CUST1156,2024-04-21,Sports,Yoga Mat,2425.94,2.0,India,Debit Card,Website,Delivered,4851.88,2024-04,2,2024
ORD101036,CUST961,2024-02-17,Toys,Board Game,382.16,3.0,India,Debit Card,Mobile App,Delivered,1146.48,2024-02,1,2024
ORD103367,CUST1336,2024-03-15,Sports,Cycling Gloves,925.28,2.0,United States,Cod,Mobile App,Delivered,1850.56,2024-03,1,2024
ORD103987,CUST1617,2024-06-07,Fashion,Denim Jacket,939.92,1.0,India,Paypal,Website,Delivered,939.92,2024-06,2,2024
ORD103281,CUST1566,2024-01-04,Books,Self-Help Guide,355.19,1.0,India,Debit Card,Mobile App,Returned,355.19,2024-01,1,2024
ORD103427,CUST231,2024-07-19,Beauty,Hair Dryer,165.96,1.0,Uae,Upi,Website,Returned,165.96,2024-07,3,2024
ORD103643,CUST1618,2024-03-02,Fashion,Running Shoes,1521.54,1.0,Germany,Upi,Marketplace,Delivered,1521.54,2024-03,1,2024
ORD103801,CUST261,2024-02-22,Electronics,Wireless Earbuds,2952.74,3.0,India,Net Banking,Marketplace,Delivered,8858.22,2024-02,1,2024
ORD102503,CUST201,2024-01-28,Toys,RC Car,912.61,1.0,United States,Debit Card,Website,Delivered,912.61,2024-01,1,2024
ORD100045,UNKNOWN,2024-01-04,Books,Fiction Bestseller,170.25,1.0,Germany,Credit Card,Marketplace,Delivered,170.25,2024-01,1,2024
ORD101820,CUST680,2024-06-17,Electronics,Power Bank,4333.7,1.0,India,Upi,Marketplace,Delivered,4333.7,2024-06,2,2024
ORD103493,CUST471,2024-04-09,Home & Kitchen,Non-stick Pan Set,1490.28,1.0,United Kingdom,Credit Card,Mobile App,Delivered,1490.28,2024-04,2,2024
ORD101522,CUST1352,2024-01-22,Electronics,USB-C Cable,3620.2,2.0,United States,Upi,Website,Delivered,7240.4,2024-01,1,2024
ORD100145,CUST930,2024-05-13,Electronics,USB-C Cable,3790.73,2.0,United Kingdom,Debit Card,Mobile App,Returned,7581.46,2024-05,2,2024
ORD102132,CUST125,2024-03-02,Home & Kitchen,Storage Containers,3363.72,1.0,India,Cod,Mobile App,Delivered,3363.72,2024-03,1,2024
ORD104558,CUST1146,2024-06-05,Beauty,Hair Dryer,956.8,1.0,India,Upi,Mobile App,Delivered,956.8,2024-06,2,2024
ORD103556,CUST624,2024-03-17,Beauty,Face Serum,782.51,1.0,India,Credit Card,Mobile App,Delivered,782.51,2024-03,1,2024
ORD100890,CUST889,2024-01-17,Home & Kitchen,Air Fryer,3257.62,1.0,India,Credit Card,Website,Delivered,3257.62,2024-01,1,2024
ORD104620,CUST1503,2024-04-18,Beauty,Makeup Brush Kit,243.75,1.0,India,Net Banking,Marketplace,Cancelled,243.75,2024-04,2,2024
ORD100257,CUST111,2024-07-27,Fashion,Denim Jacket,1816.37,2.0,India,Cod,Marketplace,Delivered,3632.74,2024-07,3,2024
ORD101411,CUST397,2024-06-19,Electronics,Wireless Earbuds,4584.4,1.0,India,Upi,Website,Delivered,4584.4,2024-06,2,2024
ORD101934,CUST1244,2024-03-02,Sports,Yoga Mat,2322.38,5.0,India,Credit Card,Mobile App,Delivered,11611.900000000001,2024-03,1,2024
ORD105576,CUST1320,2024-03-19,Beauty,Face Serum,609.63,4.0,France,Cod,Website,Delivered,2438.52,2024-03,1,2024
ORD103641,CUST783,2024-01-03,Fashion,Leather Wallet,290.57,1.0,India,Debit Card,Website,Returned,290.57,2024-01,1,2024
ORD105478,CUST1774,2024-01-01,Electronics,Phone Case,979.98,1.0,France,Upi,Marketplace,Delivered,979.98,2024-01,1,2024
ORD103631,CUST1743,2024-01-05,Sports,Dumbbell Set,389.33,1.0,United States,Upi,Website,Delivered,389.33,2024-01,1,2024
ORD105992,CUST320,2024-02-14,Fashion,Cotton T-Shirt,1148.02,1.0,India,Cod,Website,Delivered,1148.02,2024-02,1,2024
ORD102720,CUST75,2024-09-22,Home & Kitchen,Non-stick Pan Set,3393.78,2.0,Germany,Debit Card,Website,Delivered,6787.56,2024-09,3,2024
ORD101729,CUST630,2024-04-24,Fashion,Sunglasses,2326.9,1.0,United States,Upi,Website,Delivered,2326.9,2024-04,2,2024
ORD105644,CUST1569,2024-04-02,Home & Kitchen,Blender,1964.92,2.0,India,Credit Card,Website,Delivered,3929.84,2024-04,2,2024
ORD104961,CUST351,2024-03-03,Books,Self-Help Guide,129.87,2.0,Germany,Paypal,Website,Delivered,259.74,2024-03,1,2024
ORD102527,CUST888,2024-06-30,Beauty,Face Serum,812.17,1.0,India,Net Banking,Website,Delivered,812.17,2024-06,2,2024
ORD101123,CUST1504,2024-07-20,Home & Kitchen,Non-stick Pan Set,987.42,1.0,United States,Debit Card,Mobile App,Delivered,987.42,2024-07,3,2024
ORD105244,CUST1229,2024-03-29,Home & Kitchen,LED Desk Lamp,1909.33,3.0,India,Credit Card,Marketplace,Returned,5727.99,2024-03,1,2024
ORD103337,CUST682,2024-07-14,Beauty,Lip Balm Set,908.04,3.0,India,Credit Card,Mobile App,Delivered,2724.12,2024-07,3,2024
ORD100583,CUST105,2024-05-08,Fashion,Running Shoes,2655.97,3.0,United States,Paypal,Mobile App,Delivered,7967.91,2024-05,2,2024
ORD105981,CUST412,2024-01-10,Sports,Cycling Gloves,375.48,2.0,United States,Cod,Website,Delivered,750.96,2024-01,1,2024
ORD101580,CUST106,2024-08-03,Electronics,Bluetooth Speaker,1311.86,1.0,United States,Net Banking,Mobile App,Cancelled,1311.86,2024-08,3,2024
ORD103390,CUST1219,2024-05-07,Fashion,Leather Wallet,1030.49,3.0,India,Credit Card,Marketplace,Delivered,3091.4700000000003,2024-05,2,2024
ORD104521,CUST392,2024-03-02,Home & Kitchen,LED Desk Lamp,3425.61,1.0,United States,Net Banking,Marketplace,Delivered,3425.61,2024-03,1,2024
ORD101005,CUST767,2024-07-05,Fashion,Leather Wallet,1415.89,2.0,United States,Cod,Mobile App,Delivered,2831.78,2024-07,3,2024
ORD100295,CUST890,2024-01-29,Electronics,Power Bank,554.53,2.0,India,Credit Card,Mobile App,Delivered,1109.06,2024-01,1,2024
ORD105025,CUST195,2024-02-05,Fashion,Denim Jacket,2656.79,1.0,India,Debit Card,Website,Delivered,2656.79,2024-02,1,2024
ORD102877,UNKNOWN,2024-04-05,Home & Kitchen,Blender,1186.98,1.0,India,Upi,Website,Delivered,1186.98,2024-04,2,2024
ORD100736,CUST522,2024-05-11,Sports,Resistance Bands,1233.37,1.0,India,Debit Card,Mobile App,Delivered,1233.37,2024-05,2,2024
ORD105902,CUST1100,2024-02-09,Toys,Puzzle 1000pc,1230.67,2.0,India,Debit Card,Website,Cancelled,2461.34,2024-02,1,2024
ORD104837,CUST1765,2024-06-10,Fashion,Cotton T-Shirt,471.81,2.0,India,Credit Card,Mobile App,Delivered,943.62,2024-06,2,2024
ORD103665,CUST327,2024-05-18,Beauty,Sunscreen SPF50,1167.05,3.0,India,Cod,Mobile App,Delivered,3501.1499999999996,2024-05,2,2024
ORD101858,CUST273,2024-01-29,Toys,RC Car,281.77,1.0,France,Upi,Mobile App,Delivered,281.77,2024-01,1,2024
ORD100790,CUST828,2024-02-21,Beauty,Face Serum,440.3,1.0,Uae,Credit Card,Website,Cancelled,440.3,2024-02,1,2024
ORD104687,CUST1587,2024-07-05,Home & Kitchen,LED Desk Lamp,2087.29,1.0,Germany,Credit Card,Mobile App,Returned,2087.29,2024-07,3,2024
ORD105785,UNKNOWN,2024-08-21,Sports,Dumbbell Set,1785.73,1.0,India,Cod,Mobile App,Delivered,1785.73,2024-08,3,2024
ORD104985,CUST1225,2024-07-11,Electronics,Bluetooth Speaker,4612.92,1.0,India,Upi,Website,Delivered,4612.92,2024-07,3,2024
ORD104619,CUST1555,2024-09-28,Sports,Dumbbell Set,1138.4,1.0,India,Debit Card,Website,Delivered,1138.4,2024-09,3,2024
ORD100933,CUST1297,2024-04-12,Beauty,Lip Balm Set,440.18,1.0,India,Net Banking,Website,Delivered,440.18,2024-04,2,2024
ORD105555,CUST996,2024-07-19,Beauty,Makeup Brush Kit,1428.06,1.0,India,Net Banking,Mobile App,Delivered,1428.06,2024-07,3,2024
ORD100837,CUST1081,2024-08-05,Home & Kitchen,Storage Containers,1558.45,2.0,United Kingdom,Debit Card,Mobile App,Delivered,3116.9,2024-08,3,2024
ORD103009,CUST989,2024-02-18,Electronics,Wireless Earbuds,2527.98,1.0,United States,Upi,Website,Delivered,2527.98,2024-02,1,2024
ORD104502,CUST920,2024-09-09,Sports,Water Bottle,959.26,2.0,United States,Upi,Website,Returned,1918.52,2024-09,3,2024
ORD104745,CUST1186,2024-09-07,Sports,Yoga Mat,1964.8,1.0,India,Cod,Mobile App,Delivered,1964.8,2024-09,3,2024
ORD101821,CUST1120,2024-02-14,Beauty,Lip Balm Set,208.4,1.0,India,Credit Card,Website,Delivered,208.4,2024-02,1,2024
ORD102218,CUST185,2024-09-21,Home & Kitchen,LED Desk Lamp,2395.25,3.0,United Kingdom,Paypal,Mobile App,Delivered,7185.75,2024-09,3,2024
ORD105927,CUST1721,2024-09-11,Beauty,Lip Balm Set,1459.22,3.0,India,Upi,Mobile App,Returned,4377.66,2024-09,3,2024
ORD101783,CUST1226,2024-02-16,Home & Kitchen,Blender,1947.62,2.0,United States,Credit Card,Marketplace,Delivered,3895.24,2024-02,1,2024
ORD101140,CUST526,2024-06-06,Electronics,Power Bank,4127.78,1.0,Uae,Debit Card,Mobile App,Delivered,4127.78,2024-06,2,2024
ORD100967,CUST1323,2024-02-10,Sports,Yoga Mat,731.49,1.0,United States,Debit Card,Mobile App,Delivered,731.49,2024-02,1,2024
ORD103925,CUST206,2024-03-18,Toys,Building Blocks Set,809.03,1.0,India,Debit Card,Website,Delivered,809.03,2024-03,1,2024
ORD100547,CUST794,2024-09-27,Electronics,Wireless Earbuds,1623.82,1.0,Uae,Paypal,Mobile App,Delivered,1623.82,2024-09,3,2024
ORD101321,CUST1376,2024-07-26,Home & Kitchen,Storage Containers,2183.99,2.0,Uae,Unknown,Marketplace,Delivered,4367.98,2024-07,3,2024
ORD105960,CUST1120,2024-01-21,Sports,Resistance Bands,1077.86,1.0,France,Credit Card,Website,Delivered,1077.86,2024-01,1,2024
ORD103077,CUST1166,2024-06-20,Electronics,Wireless Earbuds,2898.35,2.0,United States,Cod,Mobile App,Cancelled,5796.7,2024-06,2,2024
ORD102730,CUST425,2024-01-30,Electronics,Wireless Earbuds,3177.83,1.0,United States,Credit Card,Mobile App,Delivered,3177.83,2024-01,1,2024
ORD104432,CUST1559,2024-06-02,Home & Kitchen,LED Desk Lamp,1455.54,1.0,United Kingdom,Cod,Mobile App,Delivered,1455.54,2024-06,2,2024
ORD105281,CUST1119,2024-01-30,Sports,Resistance Bands,1891.95,1.0,India,Credit Card,Mobile App,Delivered,1891.95,2024-01,1,2024
ORD100396,CUST825,2024-07-25,Books,Cookbook,695.11,1.0,India,Upi,Website,Delivered,695.11,2024-07,3,2024
ORD100504,CUST890,2024-08-20,Sports,Yoga Mat,507.67,1.0,India,Upi,Website,Delivered,507.67,2024-08,3,2024
ORD105290,CUST206,2024-06-22,Fashion,Sunglasses,1525.85,1.0,India,Debit Card,Mobile App,Delivered,1525.85,2024-06,2,2024
ORD102429,CUST417,2024-08-11,Electronics,Wireless Earbuds,4381.33,1.0,Germany,Upi,Marketplace,Delivered,4381.33,2024-08,3,2024
ORD100620,CUST1149,2024-03-08,Toys,Puzzle 1000pc,1200.07,1.0,India,Credit Card,Website,Delivered,1200.07,2024-03,1,2024
ORD101482,CUST852,2024-04-11,Fashion,Cotton T-Shirt,1567.03,2.0,India,Net Banking,Marketplace,Delivered,3134.06,2024-04,2,2024
ORD103846,CUST1790,2024-06-23,Fashion,Running Shoes,1188.61,1.0,,Paypal,Mobile App,Delivered,1188.61,2024-06,2,2024
ORD102743,CUST190,2024-07-03,Fashion,Sunglasses,577.52,1.0,United States,Upi,Website,Returned,577.52,2024-07,3,2024
ORD100602,CUST742,2024-04-04,Electronics,Wireless Earbuds,1898.38,1.0,Germany,Debit Card,Mobile App,Delivered,1898.38,2024-04,2,2024
ORD102772,CUST729,2024-08-26,Home & Kitchen,Air Fryer,2057.24,1.0,India,Upi,Mobile App,Delivered,2057.24,2024-08,3,2024
ORD105114,CUST1064,2024-04-28,Home & Kitchen,Air Fryer,1677.95,1.0,India,Debit Card,Marketplace,Delivered,1677.95,2024-04,2,2024
ORD103942,CUST1124,2024-01-07,Electronics,Phone Case,2219.11,2.0,United Kingdom,Debit Card,Website,Delivered,4438.22,2024-01,1,2024
ORD105600,CUST506,2024-05-28,Fashion,Leather Wallet,2473.68,1.0,Germany,Credit Card,Marketplace,Delivered,2473.68,2024-05,2,2024
ORD103959,CUST1294,2024-05-28,Electronics,Bluetooth Speaker,3916.65,4.0,India,Upi,Website,Delivered,15666.6,2024-05,2,2024
ORD102574,CUST1451,2024-06-22,Home & Kitchen,Blender,2998.17,1.0,India,Upi,Mobile App,Returned,2998.17,2024-06,2,2024
ORD104778,CUST494,2024-05-14,Beauty,Face Serum,683.22,1.0,United Kingdom,Debit Card,Marketplace,Delivered,683.22,2024-05,2,2024
ORD101913,CUST1530,2024-07-13,Electronics,Bluetooth Speaker,4918.51,1.0,India,Upi,Mobile App,Delivered,4918.51,2024-07,3,2024
ORD105123,CUST479,2024-08-17,Electronics,Bluetooth Speaker,741.06,4.0,India,Credit Card,Website,Delivered,2964.24,2024-08,3,2024
ORD102841,CUST568,2024-01-15,Electronics,Phone Case,2148.63,1.0,United Kingdom,Debit Card,Mobile App,Delivered,2148.63,2024-01,1,2024
ORD102288,CUST260,2024-03-30,Electronics,Wireless Earbuds,2694.86,1.0,India,Net Banking,Website,Delivered,2694.86,2024-03,1,2024
ORD102228,CUST1666,2024-08-09,Electronics,Power Bank,2534.01,1.0,United States,Debit Card,Website,Delivered,2534.01,2024-08,3,2024
ORD102678,CUST863,2024-04-28,Home & Kitchen,Air Fryer,1907.26,2.0,India,Upi,Mobile App,Returned,3814.52,2024-04,2,2024
ORD105350,CUST1772,2024-06-03,Electronics,Power Bank,4094.53,1.0,United States,Upi,Mobile App,Delivered,4094.53,2024-06,2,2024
ORD102070,CUST88,2024-02-15,Fashion,Running Shoes,2564.51,1.0,United States,Debit Card,Website,Delivered,2564.51,2024-02,1,2024
ORD101507,CUST633,2024-05-05,Beauty,Hair Dryer,319.06,2.0,India,Upi,Mobile App,Delivered,638.12,2024-05,2,2024
ORD101231,CUST97,2024-02-05,Books,Fiction Bestseller,497.35,1.0,United Kingdom,Upi,Mobile App,Returned,497.35,2024-02,1,2024
ORD105373,CUST31,2024-07-12,Beauty,Sunscreen SPF50,373.05,2.0,France,Cod,Mobile App,Delivered,746.1,2024-07,3,2024
ORD103097,CUST8,2024-03-12,Fashion,Running Shoes,369.69,1.0,United States,Debit Card,Mobile App,Delivered,369.69,2024-03,1,2024
ORD103892,CUST1742,2024-09-14,Electronics,Phone Case,4863.09,2.0,Uae,Upi,Mobile App,Delivered,9726.18,2024-09,3,2024
ORD100970,CUST1661,2024-05-05,Sports,Cycling Gloves,1644.17,5.0,India,Cod,Website,Delivered,8220.85,2024-05,2,2024
ORD104054,CUST458,2024-07-11,Sports,Water Bottle,1367.52,1.0,India,Upi,Marketplace,Delivered,1367.52,2024-07,3,2024
ORD104012,CUST1245,2024-09-25,Sports,Resistance Bands,1575.21,1.0,Uae,Upi,Website,Returned,1575.21,2024-09,3,2024
ORD105787,CUST6,2024-02-18,Electronics,Bluetooth Speaker,2923.04,2.0,United States,Paypal,Mobile App,Delivered,5846.08,2024-02,1,2024
ORD105580,CUST412,2024-04-02,Home & Kitchen,Air Fryer,1312.97,1.0,United Kingdom,Debit Card,Website,Delivered,1312.97,2024-04,2,2024
ORD105163,CUST1249,2024-02-25,Beauty,Makeup Brush Kit,485.96,1.0,Germany,Credit Card,Website,Delivered,485.96,2024-02,1,2024
ORD100341,CUST1156,2024-05-04,Beauty,Lip Balm Set,1394.52,1.0,United States,Upi,Mobile App,Delivered,1394.52,2024-05,2,2024
ORD105676,CUST921,2024-02-21,Beauty,Sunscreen SPF50,1361.81,2.0,United Kingdom,Upi,Website,Returned,2723.62,2024-02,1,2024
ORD102023,CUST333,2024-03-26,Books,Self-Help Guide,661.69,2.0,India,Credit Card,Marketplace,Delivered,1323.38,2024-03,1,2024
ORD105678,UNKNOWN,2024-04-08,Home & Kitchen,LED Desk Lamp,2041.57,5.0,India,Cod,Marketplace,Delivered,10207.85,2024-04,2,2024
ORD105771,CUST749,2024-08-11,Sports,Resistance Bands,769.9,1.0,India,Paypal,Website,Delivered,769.9,2024-08,3,2024
ORD101746,CUST597,2024-03-02,Beauty,Sunscreen SPF50,1391.07,1.0,India,Debit Card,Marketplace,Delivered,1391.07,2024-03,1,2024
ORD102355,CUST1619,2024-06-02,Home & Kitchen,Blender,1953.47,1.0,,Credit Card,Website,Delivered,1953.47,2024-06,2,2024
ORD104686,CUST883,2024-01-29,Beauty,Makeup Brush Kit,759.04,1.0,India,Cod,Marketplace,Delivered,759.04,2024-01,1,2024
ORD103957,CUST1798,2024-02-24,Fashion,Running Shoes,933.63,1.0,United States,Paypal,Website,Delivered,933.63,2024-02,1,2024
ORD100118,CUST661,2024-08-29,Sports,Dumbbell Set,635.3,1.0,United States,Credit Card,Website,Delivered,635.3,2024-08,3,2024
ORD104412,CUST1684,2024-05-30,Beauty,Hair Dryer,922.01,5.0,India,Upi,Website,Returned,4610.05,2024-05,2,2024
ORD105848,CUST416,2024-02-25,Books,Cookbook,663.09,2.0,United States,Credit Card,Website,Delivered,1326.18,2024-02,1,2024
ORD101613,CUST426,2024-03-26,Electronics,Smartwatch,859.65,1.0,India,Debit Card,Website,Delivered,859.65,2024-03,1,2024
ORD104394,CUST321,2024-08-07,Fashion,Cotton T-Shirt,2529.13,1.0,United States,Debit Card,Mobile App,Delivered,2529.13,2024-08,3,2024
ORD103734,CUST1186,2024-09-12,Electronics,Wireless Earbuds,4179.02,1.0,India,Credit Card,Marketplace,Delivered,4179.02,2024-09,3,2024
ORD104095,CUST1343,2024-03-29,Books,Cookbook,354.58,1.0,United States,Net Banking,Mobile App,Delivered,354.58,2024-03,1,2024
ORD101382,CUST1118,2024-06-04,Fashion,Sunglasses,515.67,2.0,India,Net Banking,Mobile App,Returned,1031.34,2024-06,2,2024
ORD104057,CUST1201,2024-01-26,Sports,Cycling Gloves,2410.37,1.0,India,Debit Card,Website,Delivered,2410.37,2024-01,1,2024
ORD101583,CUST1675,2024-04-22,Fashion,Running Shoes,2965.55,1.0,India,Upi,Marketplace,Delivered,2965.55,2024-04,2,2024
ORD102159,CUST823,2024-03-08,Home & Kitchen,Air Fryer,1488.51,1.0,India,Credit Card,Mobile App,Delivered,1488.51,2024-03,1,2024
ORD104245,CUST1085,2024-03-12,Beauty,Sunscreen SPF50,1226.32,1.0,India,Upi,Mobile App,Delivered,1226.32,2024-03,1,2024
ORD101949,CUST619,2024-04-04,Electronics,USB-C Cable,3879.38,1.0,India,Credit Card,Website,Delivered,3879.38,2024-04,2,2024
ORD100905,CUST766,2024-01-28,Electronics,Bluetooth Speaker,4425.87,1.0,France,Credit Card,Marketplace,Delivered,4425.87,2024-01,1,2024
ORD105732,CUST1293,2024-02-23,Fashion,Cotton T-Shirt,1485.04,1.0,India,Unknown,Website,Delivered,1485.04,2024-02,1,2024
ORD102263,CUST6,2024-07-28,Fashion,Denim Jacket,345.31,5.0,United Kingdom,Credit Card,Marketplace,Cancelled,1726.55,2024-07,3,2024
ORD102347,CUST153,2024-09-24,Fashion,Sunglasses,1192.73,1.0,India,Credit Card,Mobile App,Delivered,1192.73,2024-09,3,2024
ORD100228,CUST340,2024-04-05,Home & Kitchen,Storage Containers,994.14,1.0,India,Upi,Website,Delivered,994.14,2024-04,2,2024
ORD103128,CUST989,2024-06-11,Home & Kitchen,Blender,1623.55,2.0,United States,Upi,Website,Returned,3247.1,2024-06,2,2024
ORD104822,CUST1555,2024-08-04,Electronics,Smartwatch,3321.18,1.0,France,Upi,Marketplace,Delivered,3321.18,2024-08,3,2024
ORD105147,CUST1497,2024-01-22,Sports,Dumbbell Set,2275.13,4.0,India,Upi,Marketplace,Delivered,9100.52,2024-01,1,2024
ORD103353,CUST1354,2024-04-03,Books,Self-Help Guide,175.0,1.0,India,Paypal,Marketplace,Delivered,175.0,2024-04,2,2024
ORD105286,CUST385,2024-03-10,Home & Kitchen,Non-stick Pan Set,3131.71,1.0,Germany,Upi,Mobile App,Delivered,3131.71,2024-03,1,2024
ORD100318,CUST1373,2024-01-14,Fashion,Sunglasses,292.15,1.0,,Credit Card,Website,Delivered,292.15,2024-01,1,2024
ORD103235,CUST1463,2024-09-11,Beauty,Lip Balm Set,668.91,2.0,France,Paypal,Mobile App,Delivered,1337.82,2024-09,3,2024
ORD105235,CUST1597,2024-03-25,Toys,Board Game,729.75,1.0,United Kingdom,Paypal,Website,Delivered,729.75,2024-03,1,2024
ORD101936,CUST450,2024-04-09,Fashion,Sunglasses,2821.87,2.0,United Kingdom,Credit Card,Mobile App,Delivered,5643.74,2024-04,2,2024
ORD104576,CUST821,2024-07-08,Fashion,Denim Jacket,1085.01,1.0,United States,Debit Card,Mobile App,Delivered,1085.01,2024-07,3,2024
ORD101143,CUST282,2024-01-22,Books,Self-Help Guide,526.95,1.0,India,Upi,Mobile App,Delivered,526.95,2024-01,1,2024
ORD100048,CUST172,2024-09-21,Electronics,Bluetooth Speaker,894.41,1.0,United States,Upi,Mobile App,Delivered,894.41,2024-09,3,2024
ORD103352,CUST1580,2024-05-16,Electronics,Power Bank,761.09,2.0,United Kingdom,Net Banking,Mobile App,Returned,1522.18,2024-05,2,2024
ORD101196,CUST1379,2024-07-30,Fashion,Denim Jacket,2972.08,1.0,France,Credit Card,Marketplace,Delivered,2972.08,2024-07,3,2024
ORD102642,CUST638,2024-05-05,Beauty,Hair Dryer,275.4,1.0,United Kingdom,Upi,Website,Delivered,275.4,2024-05,2,2024
ORD103935,CUST1597,2024-08-29,Toys,Board Game,778.95,1.0,Germany,Debit Card,Mobile App,Delivered,778.95,2024-08,3,2024
ORD100745,CUST1170,2024-09-22,Home & Kitchen,Storage Containers,1069.15,1.0,Germany,Upi,Website,Cancelled,1069.15,2024-09,3,2024
ORD101567,CUST645,2024-08-05,Electronics,Smartwatch,3096.03,1.0,France,Credit Card,Marketplace,Delivered,3096.03,2024-08,3,2024
ORD103248,CUST224,2024-09-12,Sports,Resistance Bands,887.62,4.0,United Kingdom,Credit Card,Mobile App,Delivered,3550.48,2024-09,3,2024
ORD100619,CUST308,2024-01-27,Home & Kitchen,Storage Containers,2066.11,1.0,United States,Debit Card,Website,Delivered,2066.11,2024-01,1,2024
ORD100613,CUST790,2024-01-26,Fashion,Leather Wallet,2057.64,1.0,United States,Cod,Mobile App,Delivered,2057.64,2024-01,1,2024
ORD100542,CUST1273,2024-06-02,Beauty,Face Serum,1121.36,1.0,India,Debit Card,Website,Returned,1121.36,2024-06,2,2024
ORD102871,CUST978,2024-09-08,Sports,Cycling Gloves,1294.54,1.0,India,Debit Card,Website,Delivered,1294.54,2024-09,3,2024
ORD101666,CUST1506,2024-02-20,Home & Kitchen,Non-stick Pan Set,426.13,4.0,Germany,Debit Card,Marketplace,Delivered,1704.52,2024-02,1,2024
ORD105247,CUST169,2024-01-13,Electronics,Wireless Earbuds,1707.96,1.0,India,Upi,Marketplace,Returned,1707.96,2024-01,1,2024
ORD104349,CUST1525,2024-03-08,Home & Kitchen,Storage Containers,1042.98,1.0,India,Upi,Mobile App,Delivered,1042.98,2024-03,1,2024
ORD103389,CUST809,2024-04-06,Toys,RC Car,650.57,3.0,India,Net Banking,Website,Delivered,1951.71,2024-04,2,2024
ORD101112,CUST156,2024-03-15,Books,Kids Picture Book,412.25,1.0,Germany,Credit Card,Website,Returned,412.25,2024-03,1,2024
ORD105683,CUST654,2024-01-09,Beauty,Face Serum,1140.93,2.0,United Kingdom,Credit Card,Mobile App,Delivered,2281.86,2024-01,1,2024
ORD104426,CUST731,2024-08-11,Electronics,USB-C Cable,4459.89,1.0,India,Paypal,Mobile App,Cancelled,4459.89,2024-08,3,2024
ORD101606,CUST688,2024-09-02,Sports,Resistance Bands,1287.13,3.0,United Kingdom,Paypal,Marketplace,Delivered,3861.3900000000003,2024-09,3,2024
ORD102902,CUST1232,2024-06-24,Books,Cookbook,744.09,1.0,India,Credit Card,Marketplace,Delivered,744.09,2024-06,2,2024
ORD105660,CUST547,2024-09-23,Toys,Building Blocks Set,408.91,1.0,Germany,Upi,Mobile App,Delivered,408.91,2024-09,3,2024
ORD104681,CUST805,2024-09-01,Home & Kitchen,Non-stick Pan Set,924.99,4.0,Germany,Cod,Mobile App,Delivered,3699.96,2024-09,3,2024
ORD103969,UNKNOWN,2024-02-14,Electronics,Wireless Earbuds,2023.25,1.0,Germany,Upi,Mobile App,Delivered,2023.25,2024-02,1,2024
ORD105667,CUST1563,2024-04-27,Beauty,Sunscreen SPF50,258.3,2.0,India,Upi,Mobile App,Delivered,516.6,2024-04,2,2024
ORD105215,CUST732,2024-07-10,Home & Kitchen,Storage Containers,2062.72,2.0,Germany,Cod,Mobile App,Delivered,4125.44,2024-07,3,2024
ORD100431,CUST85,2024-06-04,Beauty,Makeup Brush Kit,1455.62,1.0,United Kingdom,Upi,Marketplace,Delivered,1455.62,2024-06,2,2024
ORD104442,CUST1672,2024-02-15,Sports,Cycling Gloves,1187.74,4.0,United States,Upi,Marketplace,Delivered,4750.96,2024-02,1,2024
ORD103917,CUST151,2024-07-06,Fashion,Denim Jacket,966.07,1.0,United States,Credit Card,Mobile App,Delivered,966.07,2024-07,3,2024
ORD101764,CUST1558,2024-08-11,Toys,RC Car,641.32,2.0,India,Paypal,Mobile App,Delivered,1282.64,2024-08,3,2024
ORD100447,CUST1365,2024-08-03,Beauty,Hair Dryer,435.57,1.0,India,Credit Card,Mobile App,Delivered,435.57,2024-08,3,2024
ORD102705,CUST1389,2024-05-03,Beauty,Face Serum,942.15,1.0,United States,Debit Card,Mobile App,Delivered,942.15,2024-05,2,2024
ORD103154,CUST462,2024-01-15,Fashion,Cotton T-Shirt,1594.03,1.0,Germany,Cod,Marketplace,Delivered,1594.03,2024-01,1,2024
ORD102699,CUST1750,2024-03-03,Electronics,USB-C Cable,3957.81,2.0,India,Paypal,Mobile App,Delivered,7915.62,2024-03,1,2024
ORD103144,CUST1345,2024-08-09,Sports,Resistance Bands,2268.44,1.0,India,Debit Card,Mobile App,Cancelled,2268.44,2024-08,3,2024
ORD102045,CUST1731,2024-03-29,Sports,Yoga Mat,988.72,1.0,India,Net Banking,Mobile App,Delivered,988.72,2024-03,1,2024
ORD104605,CUST1716,2024-04-22,Electronics,Bluetooth Speaker,2874.07,1.0,India,Upi,Marketplace,Delivered,2874.07,2024-04,2,2024
ORD104153,CUST738,2024-02-22,Toys,Building Blocks Set,686.12,2.0,India,Cod,Website,Returned,1372.24,2024-02,1,2024
ORD103922,CUST1281,2024-05-25,Fashion,Sunglasses,1211.27,2.0,France,Unknown,Website,Delivered,2422.54,2024-05,2,2024
ORD103134,CUST1300,2024-03-30,Beauty,Hair Dryer,1432.12,1.0,Germany,Upi,Marketplace,Delivered,1432.12,2024-03,1,2024
ORD102391,CUST537,2024-09-24,Toys,Puzzle 1000pc,1472.91,1.0,India,Cod,Website,Delivered,1472.91,2024-09,3,2024
ORD104409,CUST1749,2024-01-24,Fashion,Running Shoes,1293.55,2.0,Germany,Debit Card,Website,Delivered,2587.1,2024-01,1,2024
ORD104491,CUST1121,2024-03-05,Fashion,Leather Wallet,2889.87,1.0,India,Cod,Mobile App,Delivered,2889.87,2024-03,1,2024
ORD105557,UNKNOWN,2024-09-23,Toys,Puzzle 1000pc,710.86,2.0,United Kingdom,Cod,Mobile App,Delivered,1421.72,2024-09,3,2024
ORD102437,CUST821,2024-07-24,Home & Kitchen,LED Desk Lamp,1103.8,1.0,United States,Upi,Marketplace,Delivered,1103.8,2024-07,3,2024
ORD103070,CUST1386,2024-04-20,Beauty,Face Serum,707.89,2.0,India,Credit Card,Mobile App,Returned,1415.78,2024-04,2,2024
ORD103729,CUST164,2024-02-16,Beauty,Hair Dryer,584.89,1.0,India,Net Banking,Mobile App,Delivered,584.89,2024-02,1,2024
ORD101547,CUST1458,2024-05-10,Sports,Water Bottle,2192.43,1.0,India,Credit Card,Marketplace,Delivered,2192.43,2024-05,2,2024
ORD105143,CUST621,2024-05-12,Sports,Yoga Mat,1400.04,2.0,Uae,Paypal,Mobile App,Delivered,2800.08,2024-05,2,2024
ORD103821,CUST1141,2024-02-20,Electronics,Phone Case,1722.04,2.0,India,Cod,Marketplace,Delivered,3444.08,2024-02,1,2024
ORD100002,CUST1529,2024-03-29,Electronics,Smartwatch,3560.38,1.0,Uae,Cod,Website,Delivered,3560.38,2024-03,1,2024
ORD102188,CUST225,2024-02-05,Beauty,Hair Dryer,1278.0,1.0,Germany,Cod,Mobile App,Cancelled,1278.0,2024-02,1,2024
ORD102732,CUST1138,2024-07-20,Home & Kitchen,Non-stick Pan Set,2670.58,1.0,United States,Credit Card,Mobile App,Delivered,2670.58,2024-07,3,2024
ORD101111,CUST1029,2024-06-18,Sports,Yoga Mat,1244.13,1.0,United Kingdom,Paypal,Website,Delivered,1244.13,2024-06,2,2024
ORD100187,CUST946,2024-03-02,Home & Kitchen,Blender,1073.06,2.0,Germany,Upi,Mobile App,Delivered,2146.12,2024-03,1,2024
ORD104419,CUST768,2024-07-27,Home & Kitchen,Storage Containers,777.04,1.0,United Kingdom,Paypal,Mobile App,Delivered,777.04,2024-07,3,2024
ORD104261,CUST1588,2024-03-04,Electronics,Phone Case,3858.39,2.0,India,Credit Card,Marketplace,Delivered,7716.78,2024-03,1,2024
ORD100417,CUST1175,2024-04-10,Home & Kitchen,Storage Containers,1947.67,1.0,United States,Debit Card,Mobile App,Delivered,1947.67,2024-04,2,2024
ORD103035,CUST592,2024-04-18,Home & Kitchen,Storage Containers,3073.71,3.0,Uae,Upi,Website,Delivered,9221.130000000001,2024-04,2,2024
ORD101520,CUST1422,2024-03-10,Electronics,Wireless Earbuds,2874.07,4.0,India,Debit Card,Marketplace,Cancelled,11496.28,2024-03,1,2024
ORD100178,CUST1630,2024-04-10,Home & Kitchen,Storage Containers,2800.84,1.0,United States,Debit Card,Marketplace,Delivered,2800.84,2024-04,2,2024
ORD105067,CUST958,2024-04-18,Electronics,Smartwatch,3038.73,1.0,Germany,Debit Card,Mobile App,Cancelled,3038.73,2024-04,2,2024
ORD105339,CUST84,2024-09-12,Toys,RC Car,495.32,1.0,India,Credit Card,Website,Delivered,495.32,2024-09,3,2024
ORD104023,CUST1108,2024-04-20,Fashion,Denim Jacket,1257.67,3.0,United States,Debit Card,Website,Returned,3773.01,2024-04,2,2024
ORD102632,CUST1495,2024-02-17,Toys,RC Car,836.44,1.0,India,Credit Card,Marketplace,Delivered,836.44,2024-02,1,2024
ORD102002,CUST137,2024-03-15,Sports,Cycling Gloves,1759.54,2.0,France,Credit Card,Mobile App,Delivered,3519.08,2024-03,1,2024
ORD102644,CUST1179,2024-06-21,Home & Kitchen,Non-stick Pan Set,1947.67,1.0,Germany,Upi,Website,Delivered,1947.67,2024-06,2,2024
ORD102808,CUST151,2024-02-16,Electronics,Phone Case,968.86,1.0,United States,Credit Card,Website,Delivered,968.86,2024-02,1,2024
ORD103445,CUST359,2024-01-27,Sports,Water Bottle,829.41,1.0,India,Debit Card,Mobile App,Delivered,829.41,2024-01,1,2024
ORD102117,CUST908,2024-02-05,Home & Kitchen,Air Fryer,1406.71,2.0,India,Cod,Marketplace,Delivered,2813.42,2024-02,1,2024
ORD100806,CUST536,2024-03-16,Beauty,Makeup Brush Kit,1068.58,2.0,United Kingdom,Credit Card,Website,Delivered,2137.16,2024-03,1,2024
ORD105016,CUST1055,2024-08-05,Sports,Dumbbell Set,1718.85,1.0,India,Upi,Marketplace,Cancelled,1718.85,2024-08,3,2024
ORD101047,CUST1402,2024-01-13,Beauty,Sunscreen SPF50,835.58,2.0,India,Upi,Website,Delivered,1671.16,2024-01,1,2024
ORD100427,CUST1137,2024-04-24,Sports,Cycling Gloves,922.5,2.0,United States,Upi,Mobile App,Delivered,1845.0,2024-04,2,2024
ORD100269,CUST141,2024-01-08,Toys,Building Blocks Set,637.12,1.0,Uae,Credit Card,Mobile App,Delivered,637.12,2024-01,1,2024
ORD100937,CUST1027,2024-03-11,Electronics,Smartwatch,4910.76,1.0,India,Upi,Mobile App,Delivered,4910.76,2024-03,1,2024
ORD104003,CUST1284,2024-04-03,Beauty,Face Serum,619.08,3.0,France,Debit Card,Mobile App,Returned,1857.2400000000002,2024-04,2,2024
ORD104231,CUST498,2024-08-10,Beauty,Makeup Brush Kit,1175.33,1.0,Germany,Cod,Website,Delivered,1175.33,2024-08,3,2024
ORD101484,CUST101,2024-07-22,Electronics,Power Bank,2337.74,2.0,India,Upi,Website,Delivered,4675.48,2024-07,3,2024
ORD100823,CUST582,2024-01-08,Fashion,Sunglasses,2784.19,2.0,India,Credit Card,Website,Delivered,5568.38,2024-01,1,2024
ORD100550,CUST409,2024-05-02,Sports,Cycling Gloves,1761.06,1.0,Uae,Cod,Website,Delivered,1761.06,2024-05,2,2024
ORD100934,CUST1136,2024-01-25,Beauty,Makeup Brush Kit,1451.59,3.0,India,Credit Card,Mobile App,Delivered,4354.7699999999995,2024-01,1,2024
ORD102455,CUST1121,2024-05-03,Books,Kids Picture Book,538.85,1.0,Uae,Credit Card,Mobile App,Delivered,538.85,2024-05,2,2024
ORD103434,CUST309,2024-06-14,Sports,Water Bottle,1909.06,1.0,India,Upi,Website,Delivered,1909.06,2024-06,2,2024
ORD105433,CUST1102,2024-06-03,Beauty,Face Serum,1334.36,3.0,United States,Debit Card,Website,Delivered,4003.08,2024-06,2,2024
ORD105620,CUST272,2024-04-24,Home & Kitchen,Air Fryer,818.29,1.0,India,Credit Card,Mobile App,Delivered,818.29,2024-04,2,2024
ORD101008,CUST1022,2024-05-22,Sports,Yoga Mat,2082.32,1.0,India,Cod,Mobile App,Delivered,2082.32,2024-05,2,2024
ORD102623,CUST1091,2024-03-16,Beauty,Lip Balm Set,1264.18,3.0,United States,Net Banking,Website,Delivered,3792.54,2024-03,1,2024
ORD100867,CUST1275,2024-04-23,Home & Kitchen,Non-stick Pan Set,1839.19,1.0,India,Debit Card,Mobile App,Delivered,1839.19,2024-04,2,2024
ORD101504,CUST1717,2024-04-26,Fashion,Running Shoes,2153.61,1.0,United States,Credit Card,Website,Delivered,2153.61,2024-04,2,2024
ORD102714,CUST1304,2024-09-08,Home & Kitchen,LED Desk Lamp,2519.57,3.0,India,Paypal,Mobile App,Delivered,7558.710000000001,2024-09,3,2024
ORD104052,CUST1783,2024-02-08,Books,Kids Picture Book,217.41,2.0,India,Net Banking,Marketplace,Cancelled,434.82,2024-02,1,2024
ORD100811,CUST198,2024-03-12,Electronics,Phone Case,2874.07,1.0,India,Upi,Mobile App,Delivered,2874.07,2024-03,1,2024
ORD105819,CUST1625,2024-05-27,Books,Self-Help Guide,701.59,2.0,India,Credit Card,Website,Delivered,1403.18,2024-05,2,2024
ORD101232,CUST219,2024-04-02,Electronics,Wireless Earbuds,4946.6,1.0,United Kingdom,Credit Card,Website,Delivered,4946.6,2024-04,2,2024
ORD101155,CUST310,2024-08-14,Toys,RC Car,365.11,2.0,United States,Credit Card,Website,Delivered,730.22,2024-08,3,2024
ORD102976,CUST180,2024-07-03,Books,Self-Help Guide,449.29,1.0,United States,Credit Card,Website,Delivered,449.29,2024-07,3,2024
ORD100138,CUST305,2024-06-09,Fashion,Denim Jacket,2850.7,1.0,India,Credit Card,Website,Returned,2850.7,2024-06,2,2024
ORD102582,CUST1171,2024-06-07,Toys,Puzzle 1000pc,1178.33,1.0,India,Net Banking,Mobile App,Delivered,1178.33,2024-06,2,2024
ORD102994,CUST955,2024-08-23,Electronics,Bluetooth Speaker,4960.0,1.0,India,Net Banking,Website,Delivered,4960.0,2024-08,3,2024
ORD102420,CUST17,2024-06-14,Electronics,Smartwatch,690.46,2.0,India,Upi,Mobile App,Delivered,1380.92,2024-06,2,2024
ORD103008,CUST779,2024-06-29,Fashion,Cotton T-Shirt,1706.06,1.0,United States,Debit Card,Mobile App,Cancelled,1706.06,2024-06,2,2024
ORD104324,CUST880,2024-02-16,Electronics,Wireless Earbuds,716.75,2.0,India,Credit Card,Mobile App,Delivered,1433.5,2024-02,1,2024
ORD100644,CUST594,2024-01-07,Books,Self-Help Guide,749.31,1.0,India,Credit Card,Mobile App,Delivered,749.31,2024-01,1,2024
ORD101058,UNKNOWN,2024-02-18,Sports,Water Bottle,1186.18,1.0,Uae,Cod,Marketplace,Delivered,1186.18,2024-02,1,2024
ORD103658,CUST923,2024-04-06,Books,Kids Picture Book,783.03,3.0,India,Debit Card,Mobile App,Delivered,2349.09,2024-04,2,2024
ORD101626,CUST369,2024-06-23,Sports,Resistance Bands,1190.5,1.0,United States,Net Banking,Marketplace,Delivered,1190.5,2024-06,2,2024
ORD101356,CUST1499,2024-07-01,Sports,Resistance Bands,1650.44,1.0,India,Cod,Marketplace,Delivered,1650.44,2024-07,3,2024
ORD103898,CUST781,2024-01-29,Sports,Yoga Mat,1268.6,2.0,India,Cod,Website,Delivered,2537.2,2024-01,1,2024
ORD102040,CUST566,2024-02-06,Fashion,Cotton T-Shirt,2645.69,1.0,United Kingdom,Credit Card,Mobile App,Delivered,2645.69,2024-02,1,2024
ORD102951,CUST873,2024-09-03,Home & Kitchen,Air Fryer,1591.92,1.0,India,Credit Card,Website,Delivered,1591.92,2024-09,3,2024
ORD101030,CUST1757,2024-01-31,Books,Kids Picture Book,699.46,1.0,India,Credit Card,Marketplace,Delivered,699.46,2024-01,1,2024
ORD105610,CUST203,2024-03-03,Toys,Building Blocks Set,1826.7,3.0,Germany,Debit Card,Marketplace,Delivered,5480.1,2024-03,1,2024
ORD103199,UNKNOWN,2024-01-31,Electronics,Power Bank,2615.9,1.0,United States,Cod,Website,Delivered,2615.9,2024-01,1,2024
ORD100493,CUST714,2024-02-07,Toys,RC Car,1004.27,5.0,India,Credit Card,Marketplace,Delivered,5021.35,2024-02,1,2024
ORD103183,CUST1123,2024-01-22,Electronics,Smartwatch,4567.04,1.0,United Kingdom,Net Banking,Website,Returned,4567.04,2024-01,1,2024
ORD102397,CUST94,2024-03-08,Beauty,Makeup Brush Kit,1349.44,1.0,India,Credit Card,Mobile App,Delivered,1349.44,2024-03,1,2024
ORD104581,CUST884,2024-06-28,Toys,Board Game,273.44,2.0,United Kingdom,Debit Card,Marketplace,Delivered,546.88,2024-06,2,2024
ORD102798,CUST1039,2024-03-27,Beauty,Hair Dryer,598.63,1.0,India,Credit Card,Mobile App,Delivered,598.63,2024-03,1,2024
ORD105476,CUST382,2024-08-23,Home & Kitchen,Blender,1038.6,1.0,Germany,Paypal,Mobile App,Delivered,1038.6,2024-08,3,2024
ORD103034,CUST1398,2024-05-04,Toys,Puzzle 1000pc,1047.32,1.0,India,Debit Card,Website,Delivered,1047.32,2024-05,2,2024
ORD105255,CUST1385,2024-05-09,Home & Kitchen,LED Desk Lamp,3161.35,2.0,India,Credit Card,Mobile App,Delivered,6322.7,2024-05,2,2024
ORD103596,CUST32,2024-01-04,Books,Fiction Bestseller,165.46,1.0,India,Credit Card,Mobile App,Delivered,165.46,2024-01,1,2024
ORD102924,CUST849,2024-07-20,Electronics,Wireless Earbuds,3297.36,4.0,United States,Debit Card,Marketplace,Delivered,13189.44,2024-07,3,2024
ORD103339,CUST980,2024-02-26,Electronics,Phone Case,3200.54,1.0,United States,Credit Card,Mobile App,Delivered,3200.54,2024-02,1,2024
ORD104065,CUST840,2024-07-27,Home & Kitchen,Air Fryer,1936.03,1.0,United States,Debit Card,Mobile App,Delivered,1936.03,2024-07,3,2024
ORD101528,CUST1587,2024-08-07,Beauty,Lip Balm Set,1336.01,2.0,India,Credit Card,Website,Delivered,2672.02,2024-08,3,2024
ORD100800,CUST372,2024-09-20,Books,Cookbook,757.6,1.0,Germany,Credit Card,Website,Delivered,757.6,2024-09,3,2024
ORD103706,CUST1550,2024-07-05,Electronics,Phone Case,1103.32,1.0,United States,Upi,Website,Delivered,1103.32,2024-07,3,2024
ORD102079,CUST875,2024-06-15,Fashion,Leather Wallet,2548.12,1.0,Uae,Net Banking,Website,Delivered,2548.12,2024-06,2,2024
ORD104206,CUST853,2024-03-06,Home & Kitchen,Air Fryer,2500.08,2.0,United Kingdom,Credit Card,Website,Delivered,5000.16,2024-03,1,2024
ORD101362,CUST246,2024-01-26,Electronics,Bluetooth Speaker,2728.16,2.0,France,Cod,Mobile App,Delivered,5456.32,2024-01,1,2024
ORD103453,CUST21,2024-08-22,Toys,Board Game,1017.86,2.0,India,Paypal,Mobile App,Delivered,2035.72,2024-08,3,2024
ORD105140,CUST923,2024-08-12,Electronics,Smartwatch,4126.03,2.0,Germany,Credit Card,Marketplace,Delivered,8252.06,2024-08,3,2024
ORD101183,CUST394,2024-07-24,Home & Kitchen,LED Desk Lamp,1968.93,1.0,United Kingdom,Credit Card,Mobile App,Cancelled,1968.93,2024-07,3,2024
ORD104275,CUST1107,2024-09-01,Sports,Water Bottle,1946.32,1.0,India,Upi,Website,Delivered,1946.32,2024-09,3,2024
ORD100455,UNKNOWN,2024-07-06,Fashion,Sunglasses,1738.12,1.0,India,Paypal,Website,Delivered,1738.12,2024-07,3,2024
ORD100259,CUST1269,2024-08-04,Electronics,Phone Case,1032.9,2.0,United States,Paypal,Website,Delivered,2065.8,2024-08,3,2024
ORD103331,CUST593,2024-04-21,Sports,Yoga Mat,1168.38,1.0,India,Paypal,Mobile App,Returned,1168.38,2024-04,2,2024
ORD105541,CUST938,2024-01-28,Home & Kitchen,Blender,1132.5,1.0,United Kingdom,Credit Card,Marketplace,Delivered,1132.5,2024-01,1,2024
ORD104373,CUST937,2024-05-27,Fashion,Denim Jacket,2940.05,3.0,India,Net Banking,Website,Delivered,8820.150000000001,2024-05,2,2024
ORD102591,CUST1462,2024-07-08,Beauty,Sunscreen SPF50,900.74,3.0,India,Debit Card,Website,Delivered,2702.2200000000003,2024-07,3,2024
ORD100633,CUST443,2024-05-08,Toys,Board Game,919.09,1.0,India,Debit Card,Mobile App,Delivered,919.09,2024-05,2,2024
ORD101369,CUST851,2024-04-12,Toys,Puzzle 1000pc,585.25,1.0,India,Debit Card,Marketplace,Delivered,585.25,2024-04,2,2024
ORD101205,CUST147,2024-06-18,Electronics,Phone Case,3136.03,1.0,Uae,Paypal,Website,Delivered,3136.03,2024-06,2,2024
ORD105466,CUST1572,2024-03-19,Books,Cookbook,144.09,1.0,Uae,Credit Card,Marketplace,Delivered,144.09,2024-03,1,2024
ORD100763,CUST247,2024-08-29,Toys,Building Blocks Set,741.89,2.0,India,Credit Card,Mobile App,Delivered,1483.78,2024-08,3,2024
ORD103096,CUST967,2024-06-08,Home & Kitchen,Air Fryer,1812.24,1.0,United States,Upi,Marketplace,Delivered,1812.24,2024-06,2,2024
ORD104219,CUST431,2024-03-25,Fashion,Sunglasses,1582.24,2.0,Germany,Debit Card,Website,Delivered,3164.48,2024-03,1,2024
ORD101596,CUST524,2024-09-10,Electronics,Phone Case,3794.32,1.0,United Kingdom,Debit Card,Marketplace,Delivered,3794.32,2024-09,3,2024
ORD103773,CUST1724,2024-05-04,Home & Kitchen,Non-stick Pan Set,2800.12,1.0,India,Debit Card,Marketplace,Delivered,2800.12,2024-05,2,2024
ORD105492,CUST369,2024-02-11,Electronics,Power Bank,3245.11,1.0,United States,Paypal,Mobile App,Delivered,3245.11,2024-02,1,2024
ORD103314,CUST155,2024-02-15,Home & Kitchen,LED Desk Lamp,3130.44,1.0,India,Upi,Marketplace,Returned,3130.44,2024-02,1,2024
ORD103622,CUST1797,2024-04-07,Fashion,Denim Jacket,232.73,1.0,France,Upi,Mobile App,Delivered,232.73,2024-04,2,2024
ORD105014,CUST728,2024-09-02,Electronics,Phone Case,4500.77,1.0,India,Upi,Website,Delivered,4500.77,2024-09,3,2024
ORD105432,CUST248,2024-03-21,Home & Kitchen,LED Desk Lamp,2743.36,1.0,India,Debit Card,Marketplace,Cancelled,2743.36,2024-03,1,2024
ORD105119,CUST769,2024-08-01,Toys,Puzzle 1000pc,1211.83,2.0,Uae,Upi,Marketplace,Delivered,2423.66,2024-08,3,2024
ORD102106,CUST28,2024-07-29,Home & Kitchen,Blender,3270.43,1.0,India,Cod,Mobile App,Delivered,3270.43,2024-07,3,2024
ORD100489,CUST795,2024-03-19,Fashion,Denim Jacket,482.26,1.0,India,Credit Card,Website,Cancelled,482.26,2024-03,1,2024
ORD102838,CUST1302,2024-03-24,Sports,Dumbbell Set,1576.84,1.0,Germany,Credit Card,Mobile App,Delivered,1576.84,2024-03,1,2024
ORD101889,UNKNOWN,2024-07-07,Books,Cookbook,282.42,1.0,India,Credit Card,Marketplace,Returned,282.42,2024-07,3,2024
ORD103188,CUST1170,2024-06-06,Fashion,Cotton T-Shirt,2501.64,1.0,India,Debit Card,Marketplace,Delivered,2501.64,2024-06,2,2024
ORD103945,CUST1242,2024-07-20,Fashion,Running Shoes,2369.14,1.0,India,Debit Card,Mobile App,Cancelled,2369.14,2024-07,3,2024
ORD103442,CUST1255,2024-07-07,Home & Kitchen,Non-stick Pan Set,2580.14,1.0,France,Upi,Website,Returned,2580.14,2024-07,3,2024
ORD100786,CUST798,2024-03-26,Fashion,Leather Wallet,868.16,4.0,United Kingdom,Debit Card,Website,Cancelled,3472.64,2024-03,1,2024
ORD102870,CUST324,2024-06-06,Toys,RC Car,470.87,3.0,India,Debit Card,Mobile App,Delivered,1412.6100000000001,2024-06,2,2024
ORD100296,CUST597,2024-01-15,Electronics,Power Bank,4974.62,1.0,United Kingdom,Cod,Website,Delivered,4974.62,2024-01,1,2024
ORD104313,CUST130,2024-08-24,Home & Kitchen,Non-stick Pan Set,1784.29,1.0,Germany,Net Banking,Website,Delivered,1784.29,2024-08,3,2024
ORD105078,CUST222,2024-03-17,Beauty,Makeup Brush Kit,1261.52,2.0,India,Cod,Mobile App,Delivered,2523.04,2024-03,1,2024
ORD103376,CUST1331,2024-02-25,Beauty,Hair Dryer,1157.28,1.0,United Kingdom,Credit Card,Website,Delivered,1157.28,2024-02,1,2024
ORD100661,CUST196,2024-09-05,Books,Cookbook,268.9,1.0,Uae,Credit Card,Marketplace,Delivered,268.9,2024-09,3,2024
ORD100083,CUST1477,2024-06-11,Books,Fiction Bestseller,323.52,2.0,India,Upi,Mobile App,Returned,647.04,2024-06,2,2024
ORD102414,CUST1007,2024-04-30,Fashion,Cotton T-Shirt,717.9,1.0,United States,Credit Card,Mobile App,Delivered,717.9,2024-04,2,2024
ORD105624,CUST373,2024-09-02,Books,Self-Help Guide,317.44,4.0,India,Upi,Marketplace,Delivered,1269.76,2024-09,3,2024
ORD104467,CUST726,2024-02-05,Sports,Yoga Mat,347.74,1.0,India,Upi,Mobile App,Delivered,347.74,2024-02,1,2024
ORD100813,CUST1386,2024-03-02,Toys,Building Blocks Set,1634.26,3.0,France,Cod,Website,Delivered,4902.78,2024-03,1,2024
ORD105762,CUST1,2024-03-27,Books,Self-Help Guide,729.29,1.0,United Kingdom,Upi,Website,Delivered,729.29,2024-03,1,2024
ORD100143,CUST848,2024-08-07,Toys,Puzzle 1000pc,1819.08,1.0,India,Credit Card,Marketplace,Delivered,1819.08,2024-08,3,2024
ORD105455,CUST1563,2024-02-09,Electronics,Power Bank,3275.39,1.0,Uae,Debit Card,Marketplace,Delivered,3275.39,2024-02,1,2024
ORD100762,CUST761,2024-02-05,Fashion,Cotton T-Shirt,2498.0,1.0,France,Upi,Website,Cancelled,2498.0,2024-02,1,2024
ORD102807,CUST937,2024-03-16,Home & Kitchen,Storage Containers,568.22,1.0,India,Debit Card,Mobile App,Cancelled,568.22,2024-03,1,2024
ORD100764,CUST854,2024-05-30,Home & Kitchen,LED Desk Lamp,1316.41,2.0,India,Debit Card,Marketplace,Delivered,2632.82,2024-05,2,2024
ORD102984,CUST1464,2024-02-03,Electronics,Smartwatch,1457.67,1.0,India,Upi,Marketplace,Cancelled,1457.67,2024-02,1,2024
ORD102792,CUST1170,2024-01-16,Electronics,Power Bank,3211.65,1.0,Uae,Cod,Marketplace,Delivered,3211.65,2024-01,1,2024
ORD103766,CUST1008,2024-05-01,Electronics,Phone Case,2686.83,1.0,India,Upi,Mobile App,Delivered,2686.83,2024-05,2,2024
ORD104591,CUST140,2024-09-29,Sports,Resistance Bands,1008.22,1.0,United Kingdom,Credit Card,Marketplace,Delivered,1008.22,2024-09,3,2024
ORD105398,CUST323,2024-03-12,Beauty,Face Serum,1086.92,1.0,Uae,Debit Card,Mobile App,Delivered,1086.92,2024-03,1,2024
ORD105059,CUST1394,2024-05-04,Toys,RC Car,1504.69,1.0,India,Upi,Mobile App,Delivered,1504.69,2024-05,2,2024
ORD101776,CUST1419,2024-04-12,Electronics,Phone Case,2593.38,2.0,United States,Upi,Mobile App,Delivered,5186.76,2024-04,2,2024
ORD102983,CUST312,2024-09-12,Toys,Puzzle 1000pc,687.05,1.0,India,Paypal,Mobile App,Delivered,687.05,2024-09,3,2024
ORD105307,CUST1375,2024-06-11,Electronics,USB-C Cable,3748.66,1.0,Germany,Upi,Website,Returned,3748.66,2024-06,2,2024
ORD101474,CUST1321,2024-04-14,Electronics,Power Bank,1287.52,1.0,United States,Paypal,Marketplace,Delivered,1287.52,2024-04,2,2024
ORD101836,CUST1467,2024-06-01,Sports,Resistance Bands,1861.98,2.0,United States,Credit Card,Mobile App,Delivered,3723.96,2024-06,2,2024
ORD100279,CUST1554,2024-04-13,Beauty,Makeup Brush Kit,516.14,2.0,India,Debit Card,Website,Delivered,1032.28,2024-04,2,2024
ORD105087,CUST1659,2024-04-19,Home & Kitchen,Storage Containers,3009.2,2.0,United States,Credit Card,Website,Delivered,6018.4,2024-04,2,2024
ORD104378,CUST1418,2024-04-25,Beauty,Sunscreen SPF50,1448.57,4.0,Germany,Debit Card,Website,Delivered,5794.28,2024-04,2,2024
ORD105193,CUST431,2024-03-07,Books,Self-Help Guide,760.7,1.0,France,Credit Card,Mobile App,Delivered,760.7,2024-03,1,2024
ORD100911,CUST871,2024-06-08,Fashion,Running Shoes,1594.03,1.0,United States,Credit Card,Marketplace,Delivered,1594.03,2024-06,2,2024
ORD102268,CUST1402,2024-04-08,Electronics,USB-C Cable,1124.48,1.0,France,Credit Card,Mobile App,Delivered,1124.48,2024-04,2,2024
ORD103479,CUST166,2024-04-24,Home & Kitchen,Storage Containers,1304.84,3.0,United States,Upi,Website,Returned,3914.5199999999995,2024-04,2,2024
ORD103042,CUST577,2024-05-09,Beauty,Hair Dryer,623.05,1.0,United States,Upi,Website,Delivered,623.05,2024-05,2,2024
ORD104268,CUST648,2024-03-08,Sports,Cycling Gloves,2068.21,2.0,United States,Credit Card,Mobile App,Returned,4136.42,2024-03,1,2024
ORD101984,UNKNOWN,2024-06-01,Electronics,USB-C Cable,2491.45,3.0,United States,Upi,Website,Delivered,7474.349999999999,2024-06,2,2024
ORD101920,CUST106,2024-07-29,Electronics,USB-C Cable,3544.49,1.0,United Kingdom,Paypal,Mobile App,Delivered,3544.49,2024-07,3,2024
ORD101122,CUST695,2024-06-03,Electronics,Wireless Earbuds,3377.66,5.0,India,Upi,Website,Delivered,16888.3,2024-06,2,2024
ORD102912,CUST1669,2024-08-02,Electronics,USB-C Cable,878.62,2.0,India,Credit Card,Mobile App,Returned,1757.24,2024-08,3,2024
ORD104037,CUST1076,2024-03-19,Sports,Resistance Bands,690.72,2.0,United Kingdom,Paypal,Website,Delivered,1381.44,2024-03,1,2024
ORD103828,CUST392,2024-08-31,Home & Kitchen,Air Fryer,2631.25,1.0,United Kingdom,Debit Card,Website,Delivered,2631.25,2024-08,3,2024
ORD103671,CUST1246,2024-01-01,Sports,Yoga Mat,1594.05,2.0,India,Upi,Marketplace,Delivered,3188.1,2024-01,1,2024
ORD105111,CUST32,2024-06-09,Toys,RC Car,274.73,2.0,United States,Upi,Mobile App,Delivered,549.46,2024-06,2,2024
ORD101002,CUST854,2024-07-06,Toys,Building Blocks Set,401.82,1.0,United States,Upi,Website,Returned,401.82,2024-07,3,2024
ORD102232,CUST101,2024-07-30,Electronics,Wireless Earbuds,1828.16,1.0,United States,Upi,Website,Delivered,1828.16,2024-07,3,2024
ORD105145,CUST916,2024-07-10,Beauty,Hair Dryer,335.04,1.0,United Kingdom,Credit Card,Marketplace,Returned,335.04,2024-07,3,2024
ORD101497,CUST1505,2024-06-03,Electronics,USB-C Cable,2568.69,1.0,India,Net Banking,Website,Delivered,2568.69,2024-06,2,2024
ORD104360,CUST182,2024-09-01,Beauty,Face Serum,181.43,2.0,India,Paypal,Mobile App,Cancelled,362.86,2024-09,3,2024
ORD104189,CUST832,2024-07-02,Sports,Cycling Gloves,1693.84,1.0,France,Upi,Mobile App,Delivered,1693.84,2024-07,3,2024
ORD100282,CUST611,2024-07-12,Toys,Puzzle 1000pc,1670.83,1.0,United Kingdom,Upi,Website,Delivered,1670.83,2024-07,3,2024
ORD104371,CUST1724,2024-03-06,Electronics,Smartwatch,1398.58,1.0,Uae,Cod,Marketplace,Delivered,1398.58,2024-03,1,2024
ORD105565,CUST1761,2024-05-05,Fashion,Denim Jacket,1754.23,2.0,United States,Cod,Website,Delivered,3508.46,2024-05,2,2024
ORD104216,CUST1067,2024-02-05,Fashion,Cotton T-Shirt,577.41,1.0,India,Upi,Website,Delivered,577.41,2024-02,1,2024
ORD102084,CUST1315,2024-04-27,Electronics,Bluetooth Speaker,4209.96,4.0,United States,Credit Card,Marketplace,Cancelled,16839.84,2024-04,2,2024
ORD101660,CUST1067,2024-07-18,Toys,Building Blocks Set,331.09,1.0,India,Credit Card,Website,Returned,331.09,2024-07,3,2024
ORD102836,CUST845,2024-06-04,Electronics,Wireless Earbuds,2437.41,2.0,United States,Debit Card,Website,Cancelled,4874.82,2024-06,2,2024
ORD104526,CUST1688,2024-09-29,Sports,Dumbbell Set,1212.06,2.0,United States,Upi,Website,Delivered,2424.12,2024-09,3,2024
ORD100775,CUST209,2024-02-01,Fashion,Cotton T-Shirt,2707.88,1.0,India,Upi,Mobile App,Delivered,2707.88,2024-02,1,2024
ORD101847,CUST1580,2024-01-24,Beauty,Lip Balm Set,329.89,1.0,India,Cod,Website,Delivered,329.89,2024-01,1,2024
ORD105335,CUST1231,2024-07-22,Toys,RC Car,1957.75,1.0,India,Debit Card,Marketplace,Delivered,1957.75,2024-07,3,2024
ORD100159,CUST105,2024-04-27,Beauty,Lip Balm Set,950.44,1.0,India,Credit Card,Website,Delivered,950.44,2024-04,2,2024
ORD102509,CUST695,2024-04-26,Toys,Board Game,515.65,1.0,India,Credit Card,Marketplace,Delivered,515.65,2024-04,2,2024
ORD104281,CUST496,2024-03-09,Toys,Building Blocks Set,259.33,5.0,India,Upi,Mobile App,Returned,1296.6499999999999,2024-03,1,2024
ORD102133,CUST1280,2024-01-20,Fashion,Sunglasses,1403.24,1.0,United Kingdom,Debit Card,Marketplace,Delivered,1403.24,2024-01,1,2024
ORD100858,CUST110,2024-03-11,Toys,Building Blocks Set,679.2,2.0,France,Credit Card,Mobile App,Returned,1358.4,2024-03,1,2024
ORD101430,CUST1341,2024-02-09,Home & Kitchen,Non-stick Pan Set,2256.18,1.0,India,Upi,Marketplace,Delivered,2256.18,2024-02,1,2024
ORD105724,CUST1325,2024-06-19,Toys,RC Car,1358.37,1.0,India,Credit Card,Mobile App,Delivered,1358.37,2024-06,2,2024
ORD105852,CUST1482,2024-09-18,Home & Kitchen,Air Fryer,2678.38,1.0,United Kingdom,Credit Card,Mobile App,Returned,2678.38,2024-09,3,2024
ORD100960,CUST1680,2024-02-09,Home & Kitchen,LED Desk Lamp,546.34,1.0,France,Debit Card,Mobile App,Delivered,546.34,2024-02,1,2024
ORD104707,CUST677,2024-08-24,Home & Kitchen,LED Desk Lamp,889.15,1.0,India,Cod,Marketplace,Delivered,889.15,2024-08,3,2024
ORD105741,CUST460,2024-04-22,Electronics,Bluetooth Speaker,3729.19,1.0,India,Cod,Website,Delivered,3729.19,2024-04,2,2024
ORD103707,CUST1054,2024-02-17,Beauty,Face Serum,188.39,1.0,India,Net Banking,Website,Delivered,188.39,2024-02,1,2024
ORD101648,CUST209,2024-06-08,Electronics,Smartwatch,4732.74,2.0,India,Debit Card,Website,Delivered,9465.48,2024-06,2,2024
ORD104229,CUST1446,2024-02-20,Beauty,Face Serum,797.07,5.0,India,Debit Card,Mobile App,Delivered,3985.3500000000004,2024-02,1,2024
ORD100878,CUST814,2024-06-25,Electronics,USB-C Cable,3053.93,3.0,United States,Paypal,Marketplace,Delivered,9161.789999999999,2024-06,2,2024
ORD102569,CUST1026,2024-05-25,Fashion,Sunglasses,1336.25,1.0,India,Paypal,Website,Delivered,1336.25,2024-05,2,2024
ORD104078,CUST424,2024-02-06,Home & Kitchen,Storage Containers,1265.64,1.0,India,Debit Card,Mobile App,Delivered,1265.64,2024-02,1,2024
ORD104808,CUST1177,2024-05-03,Sports,Cycling Gloves,1077.68,1.0,,Upi,Mobile App,Delivered,1077.68,2024-05,2,2024
ORD100375,CUST681,2024-07-07,Home & Kitchen,LED Desk Lamp,2377.58,2.0,India,Credit Card,Website,Delivered,4755.16,2024-07,3,2024
ORD100983,CUST484,2024-09-01,Home & Kitchen,Blender,3186.1,1.0,India,Cod,Mobile App,Cancelled,3186.1,2024-09,3,2024
ORD100263,CUST173,2024-01-06,Beauty,Sunscreen SPF50,469.15,2.0,India,Cod,Mobile App,Delivered,938.3,2024-01,1,2024
ORD101977,CUST1276,2024-04-06,Electronics,Power Bank,2828.3,2.0,United States,Debit Card,Mobile App,Returned,5656.6,2024-04,2,2024
ORD104264,CUST1193,2024-01-08,Electronics,Wireless Earbuds,1114.93,1.0,United States,Credit Card,Marketplace,Cancelled,1114.93,2024-01,1,2024
ORD100487,CUST991,2024-04-08,Fashion,Running Shoes,1262.79,1.0,India,Net Banking,Marketplace,Returned,1262.79,2024-04,2,2024
ORD103737,CUST229,2024-06-19,Toys,Board Game,1986.09,1.0,United Kingdom,Paypal,Mobile App,Delivered,1986.09,2024-06,2,2024
ORD104720,CUST957,2024-08-18,Home & Kitchen,Blender,2371.15,1.0,India,Credit Card,Website,Delivered,2371.15,2024-08,3,2024
ORD102281,CUST344,2024-05-29,Electronics,Power Bank,3973.53,2.0,United States,Debit Card,Marketplace,Delivered,7947.06,2024-05,2,2024
ORD103651,CUST64,2024-05-30,Sports,Dumbbell Set,1508.62,2.0,Uae,Credit Card,Website,Delivered,3017.24,2024-05,2,2024
ORD101562,CUST173,2024-05-13,Home & Kitchen,Non-stick Pan Set,957.69,1.0,United Kingdom,Credit Card,Website,Delivered,957.69,2024-05,2,2024
ORD103735,CUST1647,2024-02-01,Electronics,Wireless Earbuds,3478.63,1.0,,Credit Card,Marketplace,Delivered,3478.63,2024-02,1,2024
ORD101165,CUST1156,2024-01-07,Fashion,Denim Jacket,2301.21,1.0,United Kingdom,Credit Card,Website,Returned,2301.21,2024-01,1,2024
ORD104221,CUST991,2024-06-10,Beauty,Sunscreen SPF50,812.17,5.0,United States,Unknown,Website,Delivered,4060.85,2024-06,2,2024
ORD101985,CUST1435,2024-04-30,Electronics,Phone Case,1049.92,1.0,India,Upi,Website,Returned,1049.92,2024-04,2,2024
ORD103802,CUST1244,2024-06-19,Beauty,Lip Balm Set,520.51,1.0,United States,Debit Card,Mobile App,Delivered,520.51,2024-06,2,2024
ORD103261,CUST89,2024-04-21,Fashion,Denim Jacket,2706.62,1.0,United Kingdom,Net Banking,Mobile App,Delivered,2706.62,2024-04,2,2024
ORD105858,CUST693,2024-02-09,Sports,Resistance Bands,1193.35,5.0,India,Net Banking,Marketplace,Delivered,5966.75,2024-02,1,2024
ORD105673,UNKNOWN,2024-08-02,Electronics,Power Bank,3377.7,1.0,India,Upi,Mobile App,Returned,3377.7,2024-08,3,2024
ORD101922,CUST624,2024-08-15,Beauty,Face Serum,1474.97,1.0,India,Debit Card,Mobile App,Delivered,1474.97,2024-08,3,2024
ORD101929,CUST285,2024-02-11,Books,Kids Picture Book,316.09,1.0,United Kingdom,Debit Card,Website,Delivered,316.09,2024-02,1,2024
ORD102372,CUST764,2024-08-17,Sports,Water Bottle,1855.37,2.0,India,Credit Card,Mobile App,Delivered,3710.74,2024-08,3,2024
ORD101695,CUST1668,2024-03-29,Beauty,Sunscreen SPF50,1171.03,1.0,United States,Upi,Marketplace,Delivered,1171.03,2024-03,1,2024
ORD103811,CUST442,2024-04-15,Fashion,Cotton T-Shirt,985.53,2.0,India,Upi,Website,Delivered,1971.06,2024-04,2,2024
ORD101242,CUST115,2024-09-21,Electronics,Power Bank,3257.44,2.0,United States,Cod,Marketplace,Delivered,6514.88,2024-09,3,2024
ORD100360,CUST80,2024-01-05,Books,Cookbook,134.36,3.0,India,Upi,Website,Delivered,403.08000000000004,2024-01,1,2024
ORD102077,CUST433,2024-05-22,Toys,RC Car,1845.53,1.0,India,Paypal,Mobile App,Delivered,1845.53,2024-05,2,2024
ORD101649,CUST1,2024-08-31,Sports,Resistance Bands,1156.74,1.0,United Kingdom,Cod,Website,Delivered,1156.74,2024-08,3,2024
ORD101038,CUST1367,2024-07-01,Beauty,Sunscreen SPF50,1275.9,1.0,United Kingdom,Debit Card,Website,Delivered,1275.9,2024-07,3,2024
ORD105497,CUST1070,2024-06-13,Sports,Water Bottle,2472.2,1.0,United States,Credit Card,Marketplace,Delivered,2472.2,2024-06,2,2024
ORD104783,CUST663,2024-01-20,Fashion,Cotton T-Shirt,340.42,1.0,France,Credit Card,Mobile App,Delivered,340.42,2024-01,1,2024
ORD104972,CUST302,2024-01-26,Electronics,Bluetooth Speaker,3206.53,1.0,United Kingdom,Paypal,Marketplace,Delivered,3206.53,2024-01,1,2024
ORD104111,CUST1064,2024-06-02,Electronics,USB-C Cable,528.6,2.0,India,Paypal,Website,Returned,1057.2,2024-06,2,2024
ORD102123,CUST1083,2024-04-12,Toys,Building Blocks Set,453.89,1.0,India,Debit Card,Mobile App,Delivered,453.89,2024-04,2,2024
ORD102219,CUST122,2024-05-28,Electronics,USB-C Cable,2814.53,1.0,India,Credit Card,Website,Cancelled,2814.53,2024-05,2,2024
ORD103364,CUST1545,2024-06-21,Fashion,Sunglasses,1594.03,1.0,France,Upi,Mobile App,Delivered,1594.03,2024-06,2,2024
ORD101979,CUST1137,2024-01-06,Fashion,Leather Wallet,1055.68,1.0,India,Unknown,Marketplace,Delivered,1055.68,2024-01,1,2024
ORD105656,CUST806,2024-09-24,Home & Kitchen,Storage Containers,3428.46,3.0,United States,Cod,Mobile App,Returned,10285.380000000001,2024-09,3,2024
ORD101422,CUST878,2024-05-18,Home & Kitchen,Blender,1949.57,1.0,Uae,Unknown,Marketplace,Delivered,1949.57,2024-05,2,2024
ORD101107,CUST1470,2024-05-12,Electronics,Power Bank,1407.73,1.0,India,Debit Card,Website,Delivered,1407.73,2024-05,2,2024
ORD105824,CUST858,2024-04-13,Sports,Yoga Mat,1955.67,2.0,India,Upi,Website,Delivered,3911.34,2024-04,2,2024
ORD103433,CUST1141,2024-08-05,Home & Kitchen,Blender,3297.92,1.0,India,Debit Card,Mobile App,Delivered,3297.92,2024-08,3,2024
ORD104120,CUST980,2024-03-14,Fashion,Cotton T-Shirt,812.15,2.0,United Kingdom,Upi,Website,Delivered,1624.3,2024-03,1,2024
ORD105674,CUST788,2024-01-28,Electronics,USB-C Cable,805.36,1.0,France,Upi,Website,Delivered,805.36,2024-01,1,2024
ORD102487,CUST264,2024-04-13,Electronics,Bluetooth Speaker,2199.4,2.0,United Kingdom,Upi,Website,Delivered,4398.8,2024-04,2,2024
ORD100099,CUST1311,2024-07-10,Beauty,Makeup Brush Kit,1049.41,1.0,India,Paypal,Mobile App,Returned,1049.41,2024-07,3,2024
ORD101796,CUST230,2024-07-14,Beauty,Sunscreen SPF50,298.76,1.0,Uae,Credit Card,Marketplace,Delivered,298.76,2024-07,3,2024
ORD102278,CUST26,2024-04-25,Fashion,Sunglasses,2380.82,1.0,India,Net Banking,Marketplace,Delivered,2380.82,2024-04,2,2024
ORD104604,CUST556,2024-09-11,Home & Kitchen,Air Fryer,873.53,1.0,United States,Upi,Mobile App,Delivered,873.53,2024-09,3,2024
ORD104377,CUST231,2024-06-20,Electronics,Power Bank,2533.1,2.0,India,Paypal,Marketplace,Delivered,5066.2,2024-06,2,2024
ORD101855,CUST907,2024-03-05,Beauty,Hair Dryer,1434.4,1.0,India,Credit Card,Mobile App,Delivered,1434.4,2024-03,1,2024
ORD103055,CUST1550,2024-07-30,Books,Self-Help Guide,711.28,2.0,India,Debit Card,Mobile App,Delivered,1422.56,2024-07,3,2024
ORD100951,CUST1530,2024-02-07,Beauty,Lip Balm Set,1232.19,3.0,India,Paypal,Website,Delivered,3696.57,2024-02,1,2024
ORD101160,CUST701,2024-09-01,Electronics,USB-C Cable,3648.23,1.0,India,Credit Card,Website,Cancelled,3648.23,2024-09,3,2024
ORD102764,CUST708,2024-07-14,Electronics,Power Bank,3897.83,1.0,France,Credit Card,Website,Delivered,3897.83,2024-07,3,2024
ORD103751,CUST1594,2024-02-17,Sports,Water Bottle,1804.27,1.0,United States,Upi,Mobile App,Delivered,1804.27,2024-02,1,2024
ORD105015,CUST89,2024-04-19,Fashion,Denim Jacket,561.79,1.0,Germany,Credit Card,Marketplace,Delivered,561.79,2024-04,2,2024
ORD105237,CUST1591,2024-05-26,Sports,Resistance Bands,416.39,1.0,India,Upi,Mobile App,Delivered,416.39,2024-05,2,2024
ORD101409,UNKNOWN,2024-04-14,Books,Fiction Bestseller,794.08,1.0,India,Paypal,Mobile App,Delivered,794.08,2024-04,2,2024
ORD105764,CUST1792,2024-04-11,Home & Kitchen,LED Desk Lamp,943.17,1.0,United States,Upi,Mobile App,Delivered,943.17,2024-04,2,2024
ORD102292,CUST1707,2024-09-01,Electronics,USB-C Cable,2170.34,2.0,United States,Debit Card,Marketplace,Delivered,4340.68,2024-09,3,2024
ORD104363,CUST694,2024-09-02,Fashion,Cotton T-Shirt,1806.16,1.0,United Kingdom,Upi,Marketplace,Returned,1806.16,2024-09,3,2024
ORD103850,CUST525,2024-07-07,Sports,Dumbbell Set,1356.37,1.0,India,Cod,Mobile App,Delivered,1356.37,2024-07,3,2024
ORD105963,CUST1198,2024-07-28,Electronics,USB-C Cable,3172.54,1.0,United States,Cod,Mobile App,Delivered,3172.54,2024-07,3,2024
ORD100863,CUST217,2024-05-21,Electronics,Phone Case,4107.76,2.0,France,Credit Card,Website,Delivered,8215.52,2024-05,2,2024
ORD104325,CUST1719,2024-05-04,Home & Kitchen,Air Fryer,2296.72,1.0,India,Debit Card,Marketplace,Delivered,2296.72,2024-05,2,2024
ORD103855,CUST432,2024-08-24,Beauty,Lip Balm Set,661.18,1.0,France,Credit Card,Website,Delivered,661.18,2024-08,3,2024
ORD103107,CUST28,2024-02-07,Electronics,Smartwatch,3425.08,1.0,India,Credit Card,Website,Delivered,3425.08,2024-02,1,2024
ORD102508,CUST1045,2024-04-20,Home & Kitchen,LED Desk Lamp,1063.23,1.0,India,Credit Card,Mobile App,Delivered,1063.23,2024-04,2,2024
ORD104908,CUST343,2024-04-13,Sports,Dumbbell Set,1536.09,1.0,France,Credit Card,Marketplace,Returned,1536.09,2024-04,2,2024
ORD102158,CUST1666,2024-08-21,Sports,Dumbbell Set,1969.19,1.0,India,Net Banking,Website,Delivered,1969.19,2024-08,3,2024
ORD100222,CUST435,2024-07-03,Home & Kitchen,Blender,513.32,1.0,United Kingdom,Cod,Mobile App,Delivered,513.32,2024-07,3,2024
ORD105768,CUST1311,2024-03-25,Toys,RC Car,1444.01,2.0,United Kingdom,Debit Card,Website,Delivered,2888.02,2024-03,1,2024
ORD101110,CUST1025,2024-09-18,Books,Kids Picture Book,609.0,2.0,United States,Debit Card,Website,Cancelled,1218.0,2024-09,3,2024
ORD105953,CUST624,2024-02-03,Electronics,Power Bank,4709.98,2.0,United States,Upi,Mobile App,Delivered,9419.96,2024-02,1,2024
ORD105301,CUST867,2024-02-02,Electronics,USB-C Cable,4691.84,1.0,India,Upi,Website,Delivered,4691.84,2024-02,1,2024
ORD105334,CUST83,2024-04-26,Books,Kids Picture Book,624.04,3.0,,Cod,Mobile App,Returned,1872.12,2024-04,2,2024
ORD102658,CUST1518,2024-03-21,Fashion,Denim Jacket,2280.48,3.0,India,Net Banking,Mobile App,Delivered,6841.4400000000005,2024-03,1,2024
ORD105850,CUST594,2024-08-21,Sports,Cycling Gloves,1297.14,1.0,United States,Cod,Marketplace,Cancelled,1297.14,2024-08,3,2024
ORD105121,CUST201,2024-03-24,Fashion,Denim Jacket,2509.47,1.0,Germany,Net Banking,Mobile App,Delivered,2509.47,2024-03,1,2024
ORD102663,CUST287,2024-02-28,Beauty,Sunscreen SPF50,1041.12,2.0,Uae,Cod,Mobile App,Delivered,2082.24,2024-02,1,2024
ORD102906,CUST1646,2024-05-03,Books,Self-Help Guide,490.64,1.0,United Kingdom,Debit Card,Marketplace,Delivered,490.64,2024-05,2,2024
ORD103155,UNKNOWN,2024-01-25,Toys,RC Car,1011.58,2.0,United States,Cod,Website,Delivered,2023.16,2024-01,1,2024
ORD100171,CUST1512,2024-02-06,Home & Kitchen,Non-stick Pan Set,2660.18,2.0,India,Paypal,Marketplace,Returned,5320.36,2024-02,1,2024
ORD100208,CUST266,2024-04-07,Beauty,Lip Balm Set,1143.32,1.0,India,Credit Card,Mobile App,Delivered,1143.32,2024-04,2,2024
ORD104903,CUST285,2024-07-12,Toys,Board Game,1208.84,1.0,India,Cod,Website,Delivered,1208.84,2024-07,3,2024
ORD104516,CUST739,2024-05-26,Sports,Water Bottle,2286.3,1.0,India,Debit Card,Website,Delivered,2286.3,2024-05,2,2024
ORD101028,CUST1244,2024-09-11,Sports,Water Bottle,836.52,1.0,United States,Credit Card,Mobile App,Delivered,836.52,2024-09,3,2024
ORD102833,CUST387,2024-01-30,Fashion,Leather Wallet,606.04,1.0,India,Net Banking,Mobile App,Delivered,606.04,2024-01,1,2024
ORD102080,CUST1133,2024-04-07,Toys,Puzzle 1000pc,1346.62,1.0,India,Debit Card,Mobile App,Delivered,1346.62,2024-04,2,2024
ORD100831,CUST948,2024-03-26,Fashion,Denim Jacket,309.29,1.0,India,Cod,Mobile App,Delivered,309.29,2024-03,1,2024
ORD105546,CUST507,2024-04-24,Beauty,Lip Balm Set,758.48,1.0,United States,Cod,Marketplace,Delivered,758.48,2024-04,2,2024
ORD105606,CUST1423,2024-07-11,Books,Kids Picture Book,323.09,2.0,France,Upi,Mobile App,Delivered,646.18,2024-07,3,2024
ORD103624,CUST438,2024-02-16,Sports,Yoga Mat,1888.28,1.0,Germany,Net Banking,Mobile App,Delivered,1888.28,2024-02,1,2024
ORD101903,CUST597,2024-09-03,Home & Kitchen,Blender,436.27,1.0,United Kingdom,Credit Card,Marketplace,Cancelled,436.27,2024-09,3,2024
ORD101723,CUST174,2024-09-10,Electronics,Bluetooth Speaker,2253.13,2.0,India,Debit Card,Marketplace,Delivered,4506.26,2024-09,3,2024
ORD101340,CUST466,2024-06-02,Fashion,Running Shoes,2332.5,2.0,India,Unknown,Marketplace,Delivered,4665.0,2024-06,2,2024
ORD101468,CUST74,2024-02-13,Beauty,Makeup Brush Kit,1140.0,1.0,Uae,Credit Card,Mobile App,Delivered,1140.0,2024-02,1,2024
ORD102788,CUST791,2024-08-14,Electronics,Smartwatch,2017.0,1.0,United States,Debit Card,Website,Delivered,2017.0,2024-08,3,2024
ORD102128,CUST1788,2024-01-03,Home & Kitchen,Blender,2393.92,4.0,India,Upi,Mobile App,Returned,9575.68,2024-01,1,2024
ORD100050,CUST89,2024-06-01,Beauty,Lip Balm Set,991.54,1.0,India,Debit Card,Mobile App,Delivered,991.54,2024-06,2,2024
ORD101313,CUST1441,2024-07-05,Electronics,Phone Case,3980.79,1.0,India,Net Banking,Marketplace,Delivered,3980.79,2024-07,3,2024
ORD105540,CUST1592,2024-04-17,Beauty,Hair Dryer,1212.21,5.0,India,Debit Card,Marketplace,Delivered,6061.05,2024-04,2,2024
ORD105949,CUST1729,2024-07-24,Electronics,USB-C Cable,4746.04,1.0,United States,Net Banking,Marketplace,Delivered,4746.04,2024-07,3,2024
ORD103407,CUST329,2024-06-12,Electronics,Smartwatch,2266.19,1.0,United Kingdom,Upi,Mobile App,Delivered,2266.19,2024-06,2,2024
ORD100381,CUST1630,2024-02-06,Sports,Cycling Gloves,1872.14,1.0,India,Upi,Marketplace,Delivered,1872.14,2024-02,1,2024
ORD102254,UNKNOWN,2024-08-03,Toys,RC Car,263.71,3.0,India,Upi,Website,Returned,791.1299999999999,2024-08,3,2024
ORD104881,CUST464,2024-04-12,Sports,Water Bottle,1240.23,1.0,United States,Paypal,Mobile App,Delivered,1240.23,2024-04,2,2024
ORD101445,CUST1677,2024-05-28,Home & Kitchen,Storage Containers,2173.83,1.0,United States,Cod,Marketplace,Returned,2173.83,2024-05,2,2024
ORD102967,CUST530,2024-04-29,Beauty,Face Serum,321.18,1.0,India,Upi,Mobile App,Delivered,321.18,2024-04,2,2024
ORD103073,CUST645,2024-09-17,Toys,Puzzle 1000pc,263.42,1.0,,Credit Card,Website,Delivered,263.42,2024-09,3,2024
ORD103283,CUST1527,2024-06-30,Electronics,Phone Case,3905.4,1.0,France,Credit Card,Mobile App,Delivered,3905.4,2024-06,2,2024
ORD104043,CUST1615,2024-05-01,Fashion,Leather Wallet,2438.31,1.0,India,Debit Card,Marketplace,Delivered,2438.31,2024-05,2,2024
ORD103323,CUST1246,2024-04-24,Electronics,Wireless Earbuds,3327.0,1.0,United States,Upi,Website,Delivered,3327.0,2024-04,2,2024
ORD105987,CUST581,2024-08-09,Home & Kitchen,Air Fryer,2889.23,5.0,India,Credit Card,Mobile App,Delivered,14446.15,2024-08,3,2024
ORD105377,CUST655,2024-04-18,Fashion,Denim Jacket,2295.51,1.0,India,Credit Card,Website,Cancelled,2295.51,2024-04,2,2024
ORD101501,CUST1489,2024-05-16,Sports,Dumbbell Set,1977.28,1.0,United States,Credit Card,Website,Delivered,1977.28,2024-05,2,2024
ORD102885,CUST169,2024-01-12,Home & Kitchen,Air Fryer,1267.05,2.0,Uae,Debit Card,Mobile App,Delivered,2534.1,2024-01,1,2024
ORD101782,CUST189,2024-02-12,Beauty,Lip Balm Set,207.43,1.0,India,Cod,Website,Delivered,207.43,2024-02,1,2024
ORD105719,CUST445,2024-09-24,Fashion,Running Shoes,1964.13,2.0,India,Upi,Marketplace,Delivered,3928.26,2024-09,3,2024
ORD104758,CUST1779,2024-03-16,Fashion,Running Shoes,788.97,1.0,United States,Credit Card,Website,Delivered,788.97,2024-03,1,2024
ORD103282,CUST714,2024-03-29,Electronics,Wireless Earbuds,1447.07,1.0,Germany,Paypal,Mobile App,Delivered,1447.07,2024-03,1,2024
ORD103130,CUST1740,2024-02-06,Fashion,Sunglasses,1513.53,2.0,Germany,Upi,Mobile App,Delivered,3027.06,2024-02,1,2024
ORD103038,CUST1139,2024-02-20,Beauty,Sunscreen SPF50,960.83,1.0,India,Upi,Website,Delivered,960.83,2024-02,1,2024
ORD100523,CUST1330,2024-02-09,Fashion,Denim Jacket,213.98,3.0,India,Debit Card,Marketplace,Delivered,641.9399999999999,2024-02,1,2024
ORD101778,CUST1073,2024-06-19,Books,Kids Picture Book,268.61,1.0,United Kingdom,Credit Card,Marketplace,Delivered,268.61,2024-06,2,2024
ORD104938,CUST1047,2024-07-18,Electronics,Wireless Earbuds,3784.27,1.0,,Upi,Mobile App,Delivered,3784.27,2024-07,3,2024
ORD102336,CUST447,2024-01-18,Beauty,Sunscreen SPF50,724.32,2.0,India,Upi,Mobile App,Cancelled,1448.64,2024-01,1,2024
ORD105201,CUST726,2024-05-16,Electronics,Phone Case,630.04,1.0,France,Credit Card,Website,Returned,630.04,2024-05,2,2024
ORD100978,CUST624,2024-08-22,Home & Kitchen,Storage Containers,1410.86,1.0,United Kingdom,Debit Card,Mobile App,Delivered,1410.86,2024-08,3,2024
ORD105838,CUST1254,2024-01-04,Electronics,Bluetooth Speaker,2569.77,1.0,India,Net Banking,Marketplace,Returned,2569.77,2024-01,1,2024
ORD105809,CUST1617,2024-02-20,Sports,Water Bottle,2481.81,1.0,Germany,Upi,Mobile App,Returned,2481.81,2024-02,1,2024
ORD103878,CUST323,2024-06-16,Electronics,Power Bank,3791.6,1.0,India,Cod,Marketplace,Delivered,3791.6,2024-06,2,2024
ORD101738,CUST1083,2024-03-01,Electronics,USB-C Cable,4601.17,2.0,India,Credit Card,Mobile App,Delivered,9202.34,2024-03,1,2024
ORD104547,CUST834,2024-03-31,Toys,Building Blocks Set,997.61,1.0,France,Cod,Mobile App,Returned,997.61,2024-03,1,2024
ORD102457,CUST1039,2024-09-13,Sports,Yoga Mat,1846.93,1.0,India,Upi,Mobile App,Delivered,1846.93,2024-09,3,2024
ORD103532,CUST97,2024-07-27,Sports,Dumbbell Set,1129.85,1.0,India,Cod,Website,Delivered,1129.85,2024-07,3,2024
ORD101045,CUST1486,2024-03-07,Beauty,Hair Dryer,1268.59,1.0,India,Debit Card,Mobile App,Delivered,1268.59,2024-03,1,2024
ORD101727,CUST1066,2024-04-16,Toys,Board Game,293.72,1.0,India,Credit Card,Website,Delivered,293.72,2024-04,2,2024
ORD101021,CUST359,2024-05-05,Electronics,Bluetooth Speaker,844.82,2.0,Germany,Upi,Website,Delivered,1689.64,2024-05,2,2024
ORD104948,CUST741,2024-05-08,Sports,Yoga Mat,375.29,4.0,United Kingdom,Paypal,Mobile App,Delivered,1501.16,2024-05,2,2024
ORD102790,CUST1344,2024-03-09,Home & Kitchen,Blender,1272.52,2.0,United Kingdom,Debit Card,Website,Delivered,2545.04,2024-03,1,2024
ORD104380,CUST715,2024-09-26,Toys,Building Blocks Set,1206.77,1.0,Germany,Upi,Mobile App,Delivered,1206.77,2024-09,3,2024
ORD104022,CUST398,2024-09-25,Electronics,Smartwatch,2866.5,3.0,United States,Upi,Website,Cancelled,8599.5,2024-09,3,2024
ORD105347,CUST679,2024-04-04,Electronics,Wireless Earbuds,702.53,1.0,India,Credit Card,Mobile App,Delivered,702.53,2024-04,2,2024
ORD103989,CUST1458,2024-04-04,Electronics,Wireless Earbuds,3991.27,1.0,United States,Upi,Marketplace,Delivered,3991.27,2024-04,2,2024
ORD105294,CUST1038,2024-05-30,Toys,Building Blocks Set,886.53,2.0,Uae,Debit Card,Website,Delivered,1773.06,2024-05,2,2024
ORD104739,CUST586,2024-01-28,Electronics,Phone Case,3012.63,1.0,India,Credit Card,Mobile App,Delivered,3012.63,2024-01,1,2024
ORD103471,CUST94,2024-07-26,Sports,Yoga Mat,2142.56,1.0,India,Credit Card,Website,Cancelled,2142.56,2024-07,3,2024
ORD102875,CUST1706,2024-02-18,Electronics,Smartwatch,4825.98,2.0,India,Unknown,Website,Delivered,9651.96,2024-02,1,2024
ORD100599,CUST1442,2024-01-19,Fashion,Sunglasses,2652.62,2.0,United States,Unknown,Mobile App,Delivered,5305.24,2024-01,1,2024
ORD103492,CUST1656,2024-06-29,Fashion,Cotton T-Shirt,2614.39,1.0,France,Debit Card,Mobile App,Delivered,2614.39,2024-06,2,2024
ORD102231,CUST631,2024-01-23,Home & Kitchen,LED Desk Lamp,2150.78,3.0,United States,Debit Card,Website,Delivered,6452.34,2024-01,1,2024
ORD100849,CUST1014,2024-08-10,Beauty,Sunscreen SPF50,285.2,2.0,India,Credit Card,Website,Delivered,570.4,2024-08,3,2024
ORD104955,CUST482,2024-01-12,Toys,Puzzle 1000pc,1633.03,1.0,United Kingdom,Credit Card,Mobile App,Delivered,1633.03,2024-01,1,2024
ORD104644,CUST914,2024-07-16,Fashion,Sunglasses,1040.45,1.0,United Kingdom,Upi,Mobile App,Cancelled,1040.45,2024-07,3,2024
ORD103045,CUST271,2024-08-21,Toys,Building Blocks Set,1797.85,1.0,Germany,Unknown,Marketplace,Delivered,1797.85,2024-08,3,2024
ORD100148,CUST143,2024-02-08,Electronics,Smartwatch,3933.2,2.0,Germany,Credit Card,Marketplace,Delivered,7866.4,2024-02,1,2024
ORD102113,CUST1532,2024-03-05,Sports,Cycling Gloves,1339.8,2.0,India,Debit Card,Mobile App,Delivered,2679.6,2024-03,1,2024
ORD102308,CUST1753,2024-06-12,Home & Kitchen,Non-stick Pan Set,1908.31,1.0,India,Paypal,Marketplace,Returned,1908.31,2024-06,2,2024
ORD100348,CUST594,2024-03-28,Home & Kitchen,Storage Containers,554.09,3.0,India,Credit Card,Marketplace,Returned,1662.27,2024-03,1,2024
ORD100896,CUST170,2024-06-25,Fashion,Denim Jacket,960.4,2.0,India,Credit Card,Website,Delivered,1920.8,2024-06,2,2024
ORD103873,CUST415,2024-02-08,Home & Kitchen,LED Desk Lamp,1997.87,1.0,United Kingdom,Upi,Marketplace,Cancelled,1997.87,2024-02,1,2024
ORD103504,CUST701,2024-09-23,Fashion,Running Shoes,2044.07,2.0,India,Net Banking,Marketplace,Cancelled,4088.14,2024-09,3,2024
ORD100593,CUST1199,2024-02-23,Beauty,Hair Dryer,414.25,1.0,Germany,Credit Card,Website,Delivered,414.25,2024-02,1,2024
ORD104607,CUST1721,2024-01-02,Electronics,Smartwatch,4949.93,1.0,United States,Debit Card,Mobile App,Returned,4949.93,2024-01,1,2024
ORD101898,CUST1066,2024-07-28,Fashion,Leather Wallet,854.58,1.0,United States,Credit Card,Mobile App,Returned,854.58,2024-07,3,2024
ORD101233,CUST89,2024-04-10,Fashion,Cotton T-Shirt,2076.93,3.0,India,Credit Card,Marketplace,Delivered,6230.789999999999,2024-04,2,2024
ORD102744,CUST1798,2024-05-17,Fashion,Running Shoes,1826.88,3.0,India,Upi,Mobile App,Delivered,5480.64,2024-05,2,2024
ORD101470,CUST1271,2024-08-29,Electronics,Bluetooth Speaker,2113.79,1.0,Germany,Paypal,Mobile App,Delivered,2113.79,2024-08,3,2024
ORD101655,CUST1366,2024-03-24,Home & Kitchen,Blender,2075.58,1.0,United Kingdom,Paypal,Website,Delivered,2075.58,2024-03,1,2024
ORD103033,CUST60,2024-08-24,Sports,Yoga Mat,511.6,1.0,India,Upi,Marketplace,Delivered,511.6,2024-08,3,2024
ORD103741,CUST1456,2024-02-07,Toys,Puzzle 1000pc,1266.19,1.0,India,Upi,Website,Returned,1266.19,2024-02,1,2024
ORD100965,CUST1086,2024-07-22,Fashion,Denim Jacket,1390.16,1.0,Germany,Paypal,Website,Cancelled,1390.16,2024-07,3,2024
ORD100994,CUST1754,2024-09-18,Home & Kitchen,Non-stick Pan Set,1355.69,1.0,Germany,Credit Card,Marketplace,Delivered,1355.69,2024-09,3,2024
ORD104943,CUST69,2024-02-06,Beauty,Lip Balm Set,1341.84,1.0,United States,Cod,Mobile App,Delivered,1341.84,2024-02,1,2024
ORD103804,CUST450,2024-07-19,Electronics,Power Bank,1451.85,1.0,United States,Credit Card,Website,Delivered,1451.85,2024-07,3,2024
ORD100818,CUST1560,2024-02-22,Electronics,Power Bank,741.38,1.0,United States,Debit Card,Website,Delivered,741.38,2024-02,1,2024
ORD103657,CUST718,2024-01-10,Books,Fiction Bestseller,668.2,1.0,India,Net Banking,Mobile App,Delivered,668.2,2024-01,1,2024
ORD105507,CUST304,2024-08-31,Home & Kitchen,Air Fryer,2897.21,1.0,India,Cod,Website,Delivered,2897.21,2024-08,3,2024
ORD100292,CUST1381,2024-06-03,Electronics,Bluetooth Speaker,2874.07,4.0,India,Cod,Website,Delivered,11496.28,2024-06,2,2024
ORD102814,CUST438,2024-08-09,Books,Self-Help Guide,497.98,1.0,India,Cod,Marketplace,Delivered,497.98,2024-08,3,2024
ORD103304,CUST584,2024-08-13,Fashion,Leather Wallet,1492.75,5.0,India,Upi,Website,Delivered,7463.75,2024-08,3,2024
ORD102333,CUST785,2024-02-06,Electronics,Power Bank,1016.5,2.0,United Kingdom,Credit Card,Mobile App,Delivered,2033.0,2024-02,1,2024
ORD101378,CUST1215,2024-08-21,Fashion,Denim Jacket,699.23,1.0,India,Upi,Website,Delivered,699.23,2024-08,3,2024
ORD103294,CUST904,2024-07-03,Toys,Board Game,1501.53,2.0,India,Credit Card,Marketplace,Delivered,3003.06,2024-07,3,2024
ORD100058,CUST429,2024-07-12,Home & Kitchen,Non-stick Pan Set,509.27,1.0,United States,Upi,Mobile App,Delivered,509.27,2024-07,3,2024
ORD103340,CUST847,2024-02-29,Toys,RC Car,1436.45,1.0,United Kingdom,Upi,Website,Delivered,1436.45,2024-02,1,2024
ORD100879,CUST798,2024-09-27,Books,Cookbook,457.04,3.0,France,Paypal,Website,Delivered,1371.1200000000001,2024-09,3,2024
ORD102431,UNKNOWN,2024-02-12,Toys,Puzzle 1000pc,1704.33,1.0,India,Net Banking,Mobile App,Delivered,1704.33,2024-02,1,2024
ORD100196,CUST181,2024-05-17,Sports,Yoga Mat,1556.99,1.0,India,Credit Card,Website,Delivered,1556.99,2024-05,2,2024
ORD101420,CUST848,2024-01-06,Fashion,Denim Jacket,2214.23,1.0,India,Upi,Mobile App,Delivered,2214.23,2024-01,1,2024
ORD102383,CUST1319,2024-05-26,Sports,Yoga Mat,492.48,1.0,,Upi,Marketplace,Cancelled,492.48,2024-05,2,2024
ORD105974,CUST485,2024-03-06,Beauty,Makeup Brush Kit,884.53,1.0,United Kingdom,Paypal,Website,Delivered,884.53,2024-03,1,2024
ORD103772,CUST337,2024-02-08,Beauty,Hair Dryer,161.15,2.0,India,Net Banking,Mobile App,Delivered,322.3,2024-02,1,2024
ORD101346,CUST169,2024-05-17,Electronics,Bluetooth Speaker,3209.63,1.0,India,Paypal,Website,Delivered,3209.63,2024-05,2,2024
ORD100353,CUST658,2024-09-11,Sports,Yoga Mat,949.31,1.0,India,Net Banking,Website,Delivered,949.31,2024-09,3,2024
ORD101498,CUST125,2024-09-22,Home & Kitchen,Non-stick Pan Set,573.47,1.0,France,Upi,Mobile App,Delivered,573.47,2024-09,3,2024
ORD105360,CUST1688,2024-02-22,Fashion,Sunglasses,404.41,2.0,India,Net Banking,Marketplace,Delivered,808.82,2024-02,1,2024
ORD100329,CUST169,2024-04-14,Fashion,Cotton T-Shirt,2511.63,3.0,India,Debit Card,Mobile App,Delivered,7534.89,2024-04,2,2024
ORD104482,CUST1707,2024-02-06,Sports,Yoga Mat,1016.87,1.0,India,Upi,Marketplace,Delivered,1016.87,2024-02,1,2024
ORD101513,CUST1050,2024-09-23,Toys,RC Car,449.66,1.0,India,Credit Card,Marketplace,Delivered,449.66,2024-09,3,2024
ORD102758,CUST152,2024-05-07,Home & Kitchen,Storage Containers,513.85,2.0,France,Upi,Mobile App,Cancelled,1027.7,2024-05,2,2024
ORD102824,CUST1036,2024-05-12,Fashion,Running Shoes,1594.03,1.0,India,Paypal,Mobile App,Delivered,1594.03,2024-05,2,2024
ORD103768,CUST799,2024-06-21,Fashion,Sunglasses,2507.74,2.0,United States,Upi,Website,Delivered,5015.48,2024-06,2,2024
ORD105176,CUST1305,2024-01-12,Beauty,Hair Dryer,937.38,1.0,India,Debit Card,Marketplace,Delivered,937.38,2024-01,1,2024
ORD102968,CUST581,2024-05-13,Sports,Resistance Bands,1268.79,1.0,India,Debit Card,Mobile App,Delivered,1268.79,2024-05,2,2024
ORD102842,CUST369,2024-04-06,Fashion,Denim Jacket,2354.45,1.0,India,Credit Card,Mobile App,Delivered,2354.45,2024-04,2,2024
ORD104452,CUST309,2024-07-19,Sports,Cycling Gloves,2181.81,1.0,India,Credit Card,Website,Delivered,2181.81,2024-07,3,2024
ORD102697,CUST1176,2024-01-23,Sports,Cycling Gloves,773.75,1.0,Germany,Debit Card,Website,Delivered,773.75,2024-01,1,2024
ORD100001,CUST1216,2024-02-18,Books,Fiction Bestseller,311.97,1.0,United States,Debit Card,Website,Delivered,311.97,2024-02,1,2024
ORD102485,CUST688,2024-08-17,Toys,Board Game,1018.91,3.0,India,Cod,Mobile App,Delivered,3056.73,2024-08,3,2024
ORD103326,CUST1708,2024-09-15,Fashion,Denim Jacket,2621.92,2.0,France,Cod,Website,Delivered,5243.84,2024-09,3,2024
ORD104338,CUST1354,2024-05-30,Fashion,Denim Jacket,1542.48,5.0,United Kingdom,Debit Card,Marketplace,Delivered,7712.4,2024-05,2,2024
ORD101719,CUST1587,2024-08-21,Sports,Resistance Bands,604.8,2.0,India,Credit Card,Mobile App,Delivered,1209.6,2024-08,3,2024
ORD101492,CUST1004,2024-08-03,Home & Kitchen,LED Desk Lamp,3244.96,1.0,United States,Paypal,Marketplace,Delivered,3244.96,2024-08,3,2024
ORD100674,CUST34,2024-04-01,Fashion,Running Shoes,1792.62,1.0,India,Debit Card,Marketplace,Returned,1792.62,2024-04,2,2024
ORD102724,CUST1768,2024-02-24,Books,Self-Help Guide,712.08,1.0,India,Paypal,Mobile App,Delivered,712.08,2024-02,1,2024
ORD104461,CUST564,2024-02-03,Electronics,USB-C Cable,3882.88,1.0,United Kingdom,Net Banking,Mobile App,Cancelled,3882.88,2024-02,1,2024
ORD104096,CUST1385,2024-07-31,Toys,RC Car,504.51,1.0,India,Upi,Website,Delivered,504.51,2024-07,3,2024
ORD101370,CUST1219,2024-07-22,Beauty,Hair Dryer,721.33,1.0,India,Credit Card,Marketplace,Returned,721.33,2024-07,3,2024
ORD103386,CUST1383,2024-03-18,Fashion,Leather Wallet,1628.12,1.0,United States,Net Banking,Mobile App,Delivered,1628.12,2024-03,1,2024
ORD101691,CUST1235,2024-02-27,Electronics,Smartwatch,3059.33,1.0,India,Credit Card,Marketplace,Delivered,3059.33,2024-02,1,2024
ORD105415,CUST995,2024-06-02,Electronics,Phone Case,4563.09,2.0,India,Upi,Marketplace,Delivered,9126.18,2024-06,2,2024
ORD102972,CUST1289,2024-06-24,Home & Kitchen,LED Desk Lamp,3277.73,1.0,India,Upi,Website,Delivered,3277.73,2024-06,2,2024
ORD105404,CUST1769,2024-09-23,Electronics,USB-C Cable,3573.86,1.0,India,Upi,Website,Delivered,3573.86,2024-09,3,2024
ORD103834,CUST505,2024-08-20,Toys,Puzzle 1000pc,1606.4,1.0,United Kingdom,Credit Card,Marketplace,Delivered,1606.4,2024-08,3,2024
ORD102926,CUST1064,2024-04-10,Beauty,Face Serum,1202.86,4.0,United States,Paypal,Website,Delivered,4811.44,2024-04,2,2024
ORD101799,UNKNOWN,2024-09-16,Beauty,Hair Dryer,1452.2,1.0,India,Net Banking,Mobile App,Delivered,1452.2,2024-09,3,2024
ORD105002,CUST1712,2024-03-26,Fashion,Running Shoes,2734.05,2.0,Uae,Cod,Website,Delivered,5468.1,2024-03,1,2024
ORD102779,CUST340,2024-09-19,Fashion,Denim Jacket,1623.64,1.0,United Kingdom,Paypal,Website,Delivered,1623.64,2024-09,3,2024
ORD102884,CUST578,2024-02-01,Books,Cookbook,461.95,1.0,Uae,Credit Card,Mobile App,Delivered,461.95,2024-02,1,2024
ORD100367,CUST140,2024-05-25,Books,Kids Picture Book,233.58,4.0,United Kingdom,Upi,Mobile App,Returned,934.32,2024-05,2,2024
ORD104852,CUST350,2024-05-07,Electronics,Power Bank,4081.77,1.0,India,Paypal,Website,Delivered,4081.77,2024-05,2,2024
ORD104667,CUST629,2024-02-29,Sports,Dumbbell Set,1373.83,3.0,India,Upi,Website,Delivered,4121.49,2024-02,1,2024
ORD102334,CUST251,2024-07-30,Beauty,Makeup Brush Kit,530.37,2.0,United States,Upi,Mobile App,Delivered,1060.74,2024-07,3,2024
ORD103816,CUST775,2024-04-07,Books,Cookbook,763.95,1.0,United States,Debit Card,Marketplace,Delivered,763.95,2024-04,2,2024
ORD104213,CUST523,2024-05-25,Sports,Cycling Gloves,1373.83,1.0,,Credit Card,Mobile App,Delivered,1373.83,2024-05,2,2024
ORD105420,CUST924,2024-02-17,Sports,Resistance Bands,1769.95,1.0,United States,Debit Card,Website,Cancelled,1769.95,2024-02,1,2024
ORD102410,CUST516,2024-02-20,Fashion,Cotton T-Shirt,2544.6,1.0,India,Debit Card,Website,Delivered,2544.6,2024-02,1,2024
ORD103891,CUST629,2024-02-02,Fashion,Sunglasses,1645.83,1.0,United Kingdom,Cod,Marketplace,Delivered,1645.83,2024-02,1,2024
ORD100400,CUST1058,2024-07-10,Electronics,Smartwatch,877.96,2.0,United States,Credit Card,Mobile App,Delivered,1755.92,2024-07,3,2024
ORD102400,CUST1671,2024-08-31,Beauty,Makeup Brush Kit,1179.81,1.0,Uae,Debit Card,Mobile App,Cancelled,1179.81,2024-08,3,2024
ORD105329,CUST73,2024-03-07,Beauty,Face Serum,192.49,2.0,United States,Cod,Marketplace,Delivered,384.98,2024-03,1,2024
ORD100077,CUST37,2024-08-11,Home & Kitchen,LED Desk Lamp,3161.34,1.0,United States,Paypal,Mobile App,Delivered,3161.34,2024-08,3,2024
ORD104886,CUST327,2024-09-12,Electronics,Wireless Earbuds,600.8,1.0,India,Paypal,Mobile App,Delivered,600.8,2024-09,3,2024
ORD100330,CUST1233,2024-02-25,Fashion,Cotton T-Shirt,863.95,1.0,United States,Upi,Marketplace,Delivered,863.95,2024-02,1,2024
ORD101539,CUST1371,2024-09-05,Home & Kitchen,Storage Containers,1529.61,2.0,India,Debit Card,Mobile App,Returned,3059.22,2024-09,3,2024
ORD101525,CUST277,2024-07-05,Books,Self-Help Guide,130.71,1.0,Germany,Upi,Marketplace,Delivered,130.71,2024-07,3,2024
ORD101198,CUST1360,2024-08-18,Home & Kitchen,LED Desk Lamp,3108.97,1.0,Uae,Upi,Mobile App,Delivered,3108.97,2024-08,3,2024
ORD103223,CUST1085,2024-04-26,Home & Kitchen,Non-stick Pan Set,3238.7,1.0,India,Credit Card,Mobile App,Returned,3238.7,2024-04,2,2024
ORD104194,CUST1274,2024-03-27,Fashion,Sunglasses,1762.25,2.0,United States,Debit Card,Marketplace,Delivered,3524.5,2024-03,1,2024
ORD101366,CUST1453,2024-02-26,Sports,Yoga Mat,1407.75,1.0,India,Cod,Mobile App,Delivered,1407.75,2024-02,1,2024
ORD103976,CUST606,2024-03-19,Sports,Water Bottle,1963.03,2.0,India,Upi,Mobile App,Delivered,3926.06,2024-03,1,2024
ORD104107,CUST988,2024-02-16,Home & Kitchen,Blender,3456.8,1.0,India,Debit Card,Website,Delivered,3456.8,2024-02,1,2024
ORD100440,CUST234,2024-02-04,Sports,Yoga Mat,2460.79,1.0,Germany,Net Banking,Website,Returned,2460.79,2024-02,1,2024
ORD102473,CUST901,2024-08-01,Sports,Water Bottle,586.59,1.0,United States,Credit Card,Marketplace,Cancelled,586.59,2024-08,3,2024
ORD103749,CUST1496,2024-09-18,Beauty,Sunscreen SPF50,906.6,1.0,India,Upi,Mobile App,Delivered,906.6,2024-09,3,2024
ORD105388,CUST677,2024-01-21,Electronics,Power Bank,2622.72,1.0,United States,Debit Card,Mobile App,Delivered,2622.72,2024-01,1,2024
ORD101544,CUST1148,2024-06-15,Fashion,Sunglasses,2910.87,1.0,Germany,Unknown,Mobile App,Delivered,2910.87,2024-06,2,2024
ORD102537,CUST653,2024-07-19,Sports,Dumbbell Set,286.4,5.0,India,Net Banking,Mobile App,Delivered,1432.0,2024-07,3,2024
ORD102913,CUST153,2024-03-08,Home & Kitchen,Storage Containers,2437.32,5.0,United States,Cod,Mobile App,Returned,12186.6,2024-03,1,2024
ORD100299,CUST814,2024-04-03,Books,Kids Picture Book,768.7,2.0,United States,Credit Card,Website,Delivered,1537.4,2024-04,2,2024
ORD104425,CUST211,2024-01-03,Fashion,Running Shoes,2333.05,1.0,India,Debit Card,Mobile App,Delivered,2333.05,2024-01,1,2024
ORD102961,CUST283,2024-06-18,Home & Kitchen,Non-stick Pan Set,1947.67,1.0,India,Upi,Marketplace,Delivered,1947.67,2024-06,2,2024
ORD104759,CUST1234,2024-01-26,Sports,Dumbbell Set,2183.97,1.0,France,Net Banking,Mobile App,Delivered,2183.97,2024-01,1,2024
ORD101027,CUST324,2024-02-25,Toys,Building Blocks Set,1624.7,1.0,Germany,Cod,Website,Delivered,1624.7,2024-02,1,2024
ORD104027,CUST1130,2024-06-20,Electronics,Phone Case,4563.81,1.0,France,Debit Card,Marketplace,Delivered,4563.81,2024-06,2,2024
ORD100273,CUST384,2024-07-05,Sports,Cycling Gloves,2191.03,1.0,India,Debit Card,Website,Delivered,2191.03,2024-07,3,2024
ORD100446,CUST558,2024-05-31,Home & Kitchen,LED Desk Lamp,456.27,2.0,United Kingdom,Upi,Mobile App,Delivered,912.54,2024-05,2,2024
ORD101876,CUST1338,2024-03-29,Toys,Building Blocks Set,590.19,1.0,India,Debit Card,Mobile App,Delivered,590.19,2024-03,1,2024
ORD104290,CUST91,2024-05-29,Fashion,Sunglasses,2126.67,1.0,India,Debit Card,Website,Delivered,2126.67,2024-05,2,2024
ORD105970,CUST610,2024-01-19,Home & Kitchen,Storage Containers,459.39,1.0,United Kingdom,Cod,Website,Delivered,459.39,2024-01,1,2024
ORD105424,UNKNOWN,2024-08-31,Fashion,Running Shoes,1558.06,1.0,India,Paypal,Mobile App,Returned,1558.06,2024-08,3,2024
ORD100839,CUST604,2024-02-20,Sports,Water Bottle,2220.24,1.0,Uae,Upi,Marketplace,Returned,2220.24,2024-02,1,2024
ORD102893,CUST457,2024-07-14,Home & Kitchen,Non-stick Pan Set,2081.28,1.0,France,Upi,Mobile App,Delivered,2081.28,2024-07,3,2024
ORD103098,CUST964,2024-07-31,Fashion,Sunglasses,1646.36,1.0,Germany,Debit Card,Mobile App,Delivered,1646.36,2024-07,3,2024
ORD103629,CUST497,2024-03-28,Electronics,Bluetooth Speaker,4542.6,2.0,India,Net Banking,Website,Delivered,9085.2,2024-03,1,2024
ORD102124,CUST182,2024-03-23,Fashion,Leather Wallet,474.52,3.0,India,Paypal,Mobile App,Delivered,1423.56,2024-03,1,2024
ORD100357,CUST1426,2024-01-07,Electronics,Phone Case,1839.37,1.0,India,Credit Card,Mobile App,Returned,1839.37,2024-01,1,2024
ORD104634,CUST1101,2024-05-30,Home & Kitchen,Air Fryer,1152.91,3.0,United States,Unknown,Marketplace,Delivered,3458.7300000000005,2024-05,2,2024
ORD104146,CUST1627,2024-08-17,Electronics,Wireless Earbuds,3430.28,1.0,India,Unknown,Marketplace,Delivered,3430.28,2024-08,3,2024
ORD102845,CUST811,2024-02-24,Electronics,USB-C Cable,3969.64,1.0,France,Paypal,Website,Delivered,3969.64,2024-02,1,2024
ORD104286,CUST526,2024-01-24,Beauty,Sunscreen SPF50,1491.07,1.0,India,Debit Card,Mobile App,Returned,1491.07,2024-01,1,2024
ORD105464,CUST659,2024-02-19,Electronics,Power Bank,2983.74,1.0,India,Upi,Marketplace,Delivered,2983.74,2024-02,1,2024
ORD100877,UNKNOWN,2024-03-19,Beauty,Makeup Brush Kit,570.05,1.0,Uae,Cod,Website,Delivered,570.05,2024-03,1,2024
ORD100053,UNKNOWN,2024-01-23,Home & Kitchen,Non-stick Pan Set,3368.04,1.0,India,Paypal,Website,Delivered,3368.04,2024-01,1,2024
ORD104979,CUST25,2024-09-02,Electronics,Smartwatch,627.37,1.0,India,Credit Card,Mobile App,Delivered,627.37,2024-09,3,2024
ORD105989,CUST1450,2024-07-18,Beauty,Sunscreen SPF50,665.09,2.0,United Kingdom,Upi,Mobile App,Delivered,1330.18,2024-07,3,2024
ORD103271,CUST719,2024-02-20,Sports,Resistance Bands,1477.03,1.0,India,Debit Card,Website,Delivered,1477.03,2024-02,1,2024
ORD104139,CUST1720,2024-06-06,Toys,Puzzle 1000pc,1739.33,1.0,United States,Credit Card,Mobile App,Delivered,1739.33,2024-06,2,2024
ORD103803,CUST677,2024-06-16,Sports,Water Bottle,210.43,2.0,India,Debit Card,Website,Cancelled,420.86,2024-06,2,2024
ORD100864,CUST524,2024-01-03,Home & Kitchen,Air Fryer,816.08,1.0,India,Debit Card,Mobile App,Delivered,816.08,2024-01,1,2024
ORD101383,CUST18,2024-05-13,Fashion,Running Shoes,1865.33,3.0,India,Upi,Marketplace,Delivered,5595.99,2024-05,2,2024
ORD100582,CUST1283,2024-01-09,Sports,Cycling Gloves,1901.72,1.0,India,Debit Card,Website,Delivered,1901.72,2024-01,1,2024
ORD101940,CUST830,2024-01-10,Toys,Board Game,296.37,2.0,India,Cod,Mobile App,Delivered,592.74,2024-01,1,2024
ORD105896,CUST247,2024-09-18,Beauty,Makeup Brush Kit,621.44,2.0,France,Credit Card,Website,Delivered,1242.88,2024-09,3,2024
ORD103588,CUST582,2024-08-20,Sports,Cycling Gloves,1577.13,3.0,United Kingdom,Debit Card,Mobile App,Delivered,4731.39,2024-08,3,2024
ORD101841,CUST1668,2024-06-19,Fashion,Sunglasses,1472.2,1.0,United States,Cod,Mobile App,Delivered,1472.2,2024-06,2,2024
ORD101450,CUST537,2024-06-27,Fashion,Cotton T-Shirt,1366.0,1.0,United States,Credit Card,Marketplace,Delivered,1366.0,2024-06,2,2024
ORD103577,CUST1188,2024-07-21,Books,Self-Help Guide,114.07,1.0,United States,Credit Card,Website,Delivered,114.07,2024-07,3,2024
ORD100340,CUST1527,2024-01-10,Sports,Water Bottle,642.6,1.0,United Kingdom,Credit Card,Website,Delivered,642.6,2024-01,1,2024
ORD104711,CUST585,2024-05-25,Beauty,Sunscreen SPF50,1330.18,2.0,India,Debit Card,Mobile App,Delivered,2660.36,2024-05,2,2024
ORD100078,UNKNOWN,2024-06-29,Toys,Puzzle 1000pc,529.7,1.0,United Kingdom,Upi,Marketplace,Delivered,529.7,2024-06,2,2024
ORD100664,CUST63,2024-08-04,Electronics,Wireless Earbuds,4030.97,1.0,United States,Cod,Marketplace,Delivered,4030.97,2024-08,3,2024
ORD104428,CUST703,2024-01-20,Books,Self-Help Guide,644.68,1.0,India,Net Banking,Website,Delivered,644.68,2024-01,1,2024
ORD103365,CUST604,2024-08-18,Electronics,Wireless Earbuds,2762.47,1.0,United Kingdom,Credit Card,Mobile App,Delivered,2762.47,2024-08,3,2024
ORD102502,CUST1529,2024-06-15,Toys,Building Blocks Set,551.36,2.0,Germany,Credit Card,Mobile App,Delivered,1102.72,2024-06,2,2024
ORD105685,CUST212,2024-09-13,Home & Kitchen,LED Desk Lamp,2456.7,1.0,India,Credit Card,Website,Delivered,2456.7,2024-09,3,2024
ORD103103,CUST17,2024-05-07,Electronics,Power Bank,4261.69,2.0,India,Credit Card,Website,Delivered,8523.38,2024-05,2,2024
ORD100722,CUST1607,2024-01-27,Electronics,USB-C Cable,3669.64,3.0,United Kingdom,Credit Card,Website,Delivered,11008.92,2024-01,1,2024
ORD100846,CUST1433,2024-07-22,Beauty,Makeup Brush Kit,1257.79,2.0,India,Upi,Mobile App,Delivered,2515.58,2024-07,3,2024
ORD103704,CUST236,2024-05-28,Electronics,Power Bank,3306.56,2.0,Germany,Credit Card,Mobile App,Delivered,6613.12,2024-05,2,2024
ORD104008,CUST1787,2024-02-27,Home & Kitchen,LED Desk Lamp,1618.58,2.0,United States,Cod,Mobile App,Delivered,3237.16,2024-02,1,2024
ORD102261,CUST242,2024-09-03,Sports,Yoga Mat,2265.3,1.0,India,Debit Card,Website,Delivered,2265.3,2024-09,3,2024
ORD105001,CUST1059,2024-06-27,Sports,Dumbbell Set,902.08,1.0,United States,Credit Card,Website,Delivered,902.08,2024-06,2,2024
ORD104431,CUST650,2024-01-20,Electronics,Power Bank,2962.93,2.0,United States,Credit Card,Mobile App,Delivered,5925.86,2024-01,1,2024
ORD100776,CUST1191,2024-04-26,Electronics,Wireless Earbuds,2265.03,3.0,India,Upi,Website,Returned,6795.09,2024-04,2,2024
ORD104463,CUST629,2024-01-16,Electronics,USB-C Cable,3158.68,1.0,India,Net Banking,Marketplace,Delivered,3158.68,2024-01,1,2024
ORD103168,CUST1304,2024-06-30,Home & Kitchen,Storage Containers,3156.71,1.0,India,Upi,Marketplace,Returned,3156.71,2024-06,2,2024
ORD100999,CUST1773,2024-05-05,Beauty,Sunscreen SPF50,726.03,1.0,United States,Credit Card,Mobile App,Delivered,726.03,2024-05,2,2024
ORD105447,CUST1650,2024-04-28,Home & Kitchen,Blender,3362.1,1.0,United Kingdom,Credit Card,Marketplace,Cancelled,3362.1,2024-04,2,2024
ORD100049,CUST1161,2024-09-23,Electronics,Smartwatch,798.23,1.0,Germany,Credit Card,Website,Delivered,798.23,2024-09,3,2024
ORD101282,CUST449,2024-06-21,Electronics,Smartwatch,4767.62,2.0,India,Upi,Website,Delivered,9535.24,2024-06,2,2024
ORD102095,CUST398,2024-04-19,Electronics,Power Bank,3560.5,1.0,India,Upi,Marketplace,Returned,3560.5,2024-04,2,2024
ORD104134,CUST883,2024-03-09,Beauty,Hair Dryer,860.6,1.0,India,Cod,Website,Cancelled,860.6,2024-03,1,2024
ORD104335,CUST827,2024-08-05,Electronics,Phone Case,2664.65,2.0,United States,Upi,Mobile App,Delivered,5329.3,2024-08,3,2024
ORD101029,CUST1625,2024-06-30,Toys,Board Game,1846.5,1.0,United States,Debit Card,Website,Delivered,1846.5,2024-06,2,2024
ORD100543,CUST1265,2024-01-31,Beauty,Lip Balm Set,853.87,1.0,India,Net Banking,Website,Delivered,853.87,2024-01,1,2024
ORD100479,UNKNOWN,2024-08-11,Beauty,Makeup Brush Kit,828.98,1.0,United States,Credit Card,Website,Delivered,828.98,2024-08,3,2024
ORD103667,CUST782,2024-04-01,Electronics,Phone Case,4082.96,1.0,Germany,Net Banking,Marketplace,Delivered,4082.96,2024-04,2,2024
ORD103826,CUST577,2024-06-04,Fashion,Cotton T-Shirt,362.06,1.0,India,Debit Card,Marketplace,Delivered,362.06,2024-06,2,2024
ORD101270,CUST1470,2024-06-10,Home & Kitchen,Non-stick Pan Set,1947.67,2.0,United States,Debit Card,Mobile App,Delivered,3895.34,2024-06,2,2024
ORD101488,CUST39,2024-09-03,Sports,Yoga Mat,2029.22,1.0,India,Debit Card,Marketplace,Cancelled,2029.22,2024-09,3,2024
ORD105843,CUST1683,2024-05-30,Home & Kitchen,LED Desk Lamp,497.63,1.0,United States,Upi,Mobile App,Delivered,497.63,2024-05,2,2024
ORD104203,CUST931,2024-09-15,Electronics,Bluetooth Speaker,2421.17,3.0,United States,Upi,Website,Delivered,7263.51,2024-09,3,2024
ORD104588,CUST618,2024-05-22,Fashion,Running Shoes,1340.85,2.0,India,Credit Card,Website,Delivered,2681.7,2024-05,2,2024
ORD104875,CUST1123,2024-03-20,Home & Kitchen,Storage Containers,1727.57,1.0,India,Credit Card,Mobile App,Delivered,1727.57,2024-03,1,2024
ORD100065,CUST1320,2024-04-07,Fashion,Leather Wallet,2212.33,1.0,India,Paypal,Website,Delivered,2212.33,2024-04,2,2024
ORD102445,CUST1250,2024-07-22,Fashion,Running Shoes,290.88,2.0,India,Upi,Website,Delivered,581.76,2024-07,3,2024
ORD104188,CUST1017,2024-03-30,Fashion,Denim Jacket,1114.42,2.0,India,Upi,Website,Delivered,2228.84,2024-03,1,2024
ORD103285,CUST1259,2024-07-21,Fashion,Cotton T-Shirt,1010.85,4.0,United States,Credit Card,Website,Returned,4043.4,2024-07,3,2024
ORD100703,CUST1426,2024-05-31,Fashion,Leather Wallet,342.38,1.0,United States,Debit Card,Mobile App,Delivered,342.38,2024-05,2,2024
ORD102652,CUST1676,2024-02-07,Electronics,Smartwatch,3609.88,1.0,United States,Credit Card,Website,Delivered,3609.88,2024-02,1,2024
ORD103355,CUST713,2024-03-11,Electronics,Bluetooth Speaker,4261.4,4.0,Germany,Credit Card,Marketplace,Delivered,17045.6,2024-03,1,2024
ORD100459,CUST188,2024-02-02,Sports,Dumbbell Set,1989.18,2.0,United States,Cod,Website,Delivered,3978.36,2024-02,1,2024
ORD101629,CUST1635,2024-09-22,Sports,Yoga Mat,2213.53,2.0,India,Paypal,Mobile App,Cancelled,4427.06,2024-09,3,2024
ORD102109,CUST1228,2024-04-04,Electronics,Phone Case,4265.53,2.0,India,Paypal,Mobile App,Cancelled,8531.06,2024-04,2,2024
ORD102309,CUST1427,2024-08-14,Toys,Board Game,1485.77,1.0,India,Debit Card,Mobile App,Delivered,1485.77,2024-08,3,2024
ORD100242,CUST1732,2024-03-17,Fashion,Sunglasses,2690.67,1.0,United States,Upi,Mobile App,Delivered,2690.67,2024-03,1,2024
ORD105358,CUST1092,2024-01-24,Electronics,Smartwatch,2874.07,1.0,United States,Paypal,Marketplace,Returned,2874.07,2024-01,1,2024
ORD103654,CUST4,2024-07-07,Fashion,Sunglasses,806.85,3.0,India,Debit Card,Mobile App,Delivered,2420.55,2024-07,3,2024
ORD101275,CUST231,2024-03-08,Sports,Resistance Bands,2074.75,4.0,France,Debit Card,Mobile App,Delivered,8299.0,2024-03,1,2024
ORD105257,CUST344,2024-02-06,Home & Kitchen,Air Fryer,2844.55,1.0,Uae,Debit Card,Mobile App,Delivered,2844.55,2024-02,1,2024
ORD104405,CUST405,2024-07-28,Home & Kitchen,LED Desk Lamp,1856.61,1.0,Germany,Upi,Marketplace,Delivered,1856.61,2024-07,3,2024
ORD103780,CUST5,2024-02-21,Home & Kitchen,Storage Containers,2551.2,1.0,Germany,Debit Card,Mobile App,Delivered,2551.2,2024-02,1,2024
ORD105918,CUST873,2024-04-15,Fashion,Denim Jacket,512.38,1.0,France,Upi,Mobile App,Delivered,512.38,2024-04,2,2024
ORD101686,CUST389,2024-01-13,Beauty,Lip Balm Set,181.72,2.0,India,Upi,Website,Delivered,363.44,2024-01,1,2024
ORD103554,CUST179,2024-01-03,Electronics,Smartwatch,4886.53,1.0,India,Debit Card,Mobile App,Delivered,4886.53,2024-01,1,2024
ORD100149,CUST142,2024-03-24,Toys,Board Game,474.49,2.0,India,Debit Card,Website,Delivered,948.98,2024-03,1,2024
ORD102171,CUST1768,2024-05-06,Electronics,USB-C Cable,4788.54,1.0,Germany,Debit Card,Website,Delivered,4788.54,2024-05,2,2024
ORD102451,CUST385,2024-01-05,Electronics,Bluetooth Speaker,2963.53,1.0,United States,Debit Card,Mobile App,Delivered,2963.53,2024-01,1,2024
ORD100471,CUST1780,2024-06-25,Electronics,Phone Case,4492.94,1.0,United Kingdom,Paypal,Mobile App,Delivered,4492.94,2024-06,2,2024
ORD104530,CUST1541,2024-03-02,Beauty,Face Serum,308.56,1.0,India,Upi,Website,Delivered,308.56,2024-03,1,2024
ORD104661,CUST1349,2024-03-19,Fashion,Leather Wallet,1017.89,3.0,France,Upi,Website,Delivered,3053.67,2024-03,1,2024
ORD103550,CUST1739,2024-08-28,Home & Kitchen,Non-stick Pan Set,2433.94,1.0,India,Upi,Mobile App,Delivered,2433.94,2024-08,3,2024
ORD100037,CUST457,2024-02-03,Electronics,Smartwatch,1735.29,2.0,India,Credit Card,Mobile App,Delivered,3470.58,2024-02,1,2024
ORD103890,CUST1153,2024-07-24,Sports,Water Bottle,1376.35,1.0,India,Credit Card,Mobile App,Returned,1376.35,2024-07,3,2024
ORD104251,CUST490,2024-08-26,Books,Kids Picture Book,235.62,1.0,India,Upi,Website,Delivered,235.62,2024-08,3,2024
ORD100748,CUST1569,2024-01-05,Toys,Board Game,1978.36,1.0,India,Credit Card,Website,Delivered,1978.36,2024-01,1,2024
ORD100958,CUST425,2024-07-29,Fashion,Cotton T-Shirt,367.24,1.0,France,Debit Card,Website,Delivered,367.24,2024-07,3,2024
ORD101060,UNKNOWN,2024-04-10,Beauty,Lip Balm Set,812.17,1.0,Germany,Debit Card,Mobile App,Cancelled,812.17,2024-04,2,2024
ORD102273,CUST212,2024-05-24,Toys,Building Blocks Set,1864.71,2.0,India,Upi,Mobile App,Delivered,3729.42,2024-05,2,2024
ORD103903,CUST594,2024-09-10,Fashion,Sunglasses,1753.54,2.0,India,Credit Card,Website,Delivered,3507.08,2024-09,3,2024
ORD103966,CUST1600,2024-02-02,Sports,Yoga Mat,1139.29,1.0,India,Net Banking,Mobile App,Returned,1139.29,2024-02,1,2024
ORD100008,CUST541,2024-03-02,Home & Kitchen,Non-stick Pan Set,2522.31,1.0,United States,Cod,Marketplace,Delivered,2522.31,2024-03,1,2024
ORD105262,CUST1475,2024-09-26,Home & Kitchen,Air Fryer,2852.94,3.0,India,Net Banking,Website,Delivered,8558.82,2024-09,3,2024
ORD101962,CUST1458,2024-04-05,Home & Kitchen,Storage Containers,2169.39,3.0,India,Credit Card,Marketplace,Delivered,6508.17,2024-04,2,2024
ORD102258,CUST182,2024-03-04,Home & Kitchen,Non-stick Pan Set,956.7,2.0,India,Upi,Website,Cancelled,1913.4,2024-03,1,2024
ORD101646,CUST1492,2024-08-28,Home & Kitchen,Non-stick Pan Set,1988.27,2.0,United Kingdom,Upi,Mobile App,Delivered,3976.54,2024-08,3,2024
ORD102217,CUST354,2024-07-10,Electronics,Wireless Earbuds,2642.94,1.0,India,Upi,Website,Delivered,2642.94,2024-07,3,2024
ORD100570,CUST1220,2024-09-08,Books,Cookbook,639.69,4.0,India,Credit Card,Marketplace,Delivered,2558.76,2024-09,3,2024
ORD102319,CUST524,2024-02-10,Home & Kitchen,Air Fryer,3054.51,2.0,United Kingdom,Credit Card,Website,Delivered,6109.02,2024-02,1,2024
ORD100569,CUST1136,2024-06-18,Beauty,Lip Balm Set,812.17,1.0,Germany,Cod,Mobile App,Returned,812.17,2024-06,2,2024
ORD103791,CUST638,2024-04-16,Toys,Board Game,541.7,2.0,India,Credit Card,Marketplace,Delivered,1083.4,2024-04,2,2024
ORD105864,CUST558,2024-04-21,Fashion,Leather Wallet,1247.96,1.0,India,Upi,Website,Delivered,1247.96,2024-04,2,2024
ORD101771,CUST1404,2024-08-08,Electronics,USB-C Cable,3834.6,1.0,United States,Debit Card,Website,Delivered,3834.6,2024-08,3,2024
ORD102979,CUST1579,2024-08-24,Sports,Yoga Mat,1310.15,4.0,United States,Unknown,Mobile App,Delivered,5240.6,2024-08,3,2024
ORD103116,CUST665,2024-09-05,Electronics,USB-C Cable,3519.44,1.0,United States,Net Banking,Marketplace,Delivered,3519.44,2024-09,3,2024
ORD100054,CUST356,2024-04-01,Toys,Building Blocks Set,1863.37,1.0,India,Credit Card,Website,Delivered,1863.37,2024-04,2,2024
ORD101305,CUST606,2024-01-13,Home & Kitchen,Blender,2590.64,3.0,India,Credit Card,Website,Delivered,7771.92,2024-01,1,2024
ORD102250,CUST737,2024-02-04,Sports,Resistance Bands,518.79,1.0,Uae,Upi,Marketplace,Delivered,518.79,2024-02,1,2024
ORD100246,CUST1310,2024-06-19,Books,Kids Picture Book,362.06,1.0,India,Credit Card,Website,Delivered,362.06,2024-06,2,2024
ORD102399,CUST1063,2024-07-24,Fashion,Cotton T-Shirt,1804.72,1.0,United States,Upi,Website,Delivered,1804.72,2024-07,3,2024
ORD100270,CUST1148,2024-04-15,Sports,Cycling Gloves,968.12,1.0,India,Debit Card,Website,Delivered,968.12,2024-04,2,2024
ORD105043,CUST1395,2024-02-12,Books,Kids Picture Book,508.97,2.0,India,Upi,Marketplace,Delivered,1017.94,2024-02,1,2024
ORD104367,CUST544,2024-05-08,Electronics,Power Bank,1301.22,2.0,India,Debit Card,Mobile App,Delivered,2602.44,2024-05,2,2024
ORD105616,CUST871,2024-05-13,Fashion,Running Shoes,708.01,3.0,United Kingdom,Paypal,Website,Delivered,2124.0299999999997,2024-05,2,2024
ORD104316,CUST557,2024-04-12,Sports,Dumbbell Set,1373.83,1.0,United States,Credit Card,Mobile App,Delivered,1373.83,2024-04,2,2024
ORD100756,CUST1136,2024-01-10,Beauty,Sunscreen SPF50,1287.5,4.0,United States,Upi,Mobile App,Delivered,5150.0,2024-01,1,2024
ORD103911,UNKNOWN,2024-03-22,Fashion,Cotton T-Shirt,1516.72,4.0,India,Upi,Website,Delivered,6066.88,2024-03,1,2024
ORD101013,CUST1414,2024-05-19,Sports,Cycling Gloves,504.17,2.0,United Kingdom,Cod,Website,Delivered,1008.34,2024-05,2,2024
ORD103182,CUST1514,2024-08-15,Sports,Water Bottle,1042.86,1.0,India,Upi,Mobile App,Delivered,1042.86,2024-08,3,2024
ORD104002,CUST1557,2024-09-07,Sports,Dumbbell Set,1313.64,1.0,United States,Paypal,Mobile App,Delivered,1313.64,2024-09,3,2024
ORD100995,CUST1204,2024-07-20,Fashion,Running Shoes,316.46,1.0,United Kingdom,Credit Card,Website,Delivered,316.46,2024-07,3,2024
ORD100850,CUST862,2024-07-04,Sports,Cycling Gloves,1144.67,2.0,India,Paypal,Website,Delivered,2289.34,2024-07,3,2024
ORD105397,CUST1480,2024-05-08,Sports,Dumbbell Set,2231.91,2.0,India,Net Banking,Mobile App,Returned,4463.82,2024-05,2,2024
ORD100197,CUST420,2024-01-25,Sports,Cycling Gloves,1944.86,3.0,India,Debit Card,Website,Delivered,5834.58,2024-01,1,2024
ORD102640,CUST1396,2024-07-26,Home & Kitchen,LED Desk Lamp,762.11,1.0,India,Debit Card,Mobile App,Delivered,762.11,2024-07,3,2024
ORD101834,UNKNOWN,2024-09-17,Electronics,Smartwatch,4851.03,1.0,United Kingdom,Paypal,Mobile App,Delivered,4851.03,2024-09,3,2024
ORD101061,CUST672,2024-02-04,Fashion,Sunglasses,2803.08,1.0,United States,Cod,Website,Delivered,2803.08,2024-02,1,2024
ORD102362,CUST308,2024-05-01,Home & Kitchen,Non-stick Pan Set,2293.7,1.0,United States,Debit Card,Marketplace,Delivered,2293.7,2024-05,2,2024
ORD103962,CUST1259,2024-09-28,Toys,Board Game,1872.99,1.0,India,Net Banking,Website,Delivered,1872.99,2024-09,3,2024
ORD105327,CUST1663,2024-02-19,Sports,Resistance Bands,307.35,1.0,United States,Credit Card,Website,Delivered,307.35,2024-02,1,2024
ORD103663,CUST894,2024-02-17,Fashion,Denim Jacket,2360.27,1.0,India,Credit Card,Marketplace,Delivered,2360.27,2024-02,1,2024
ORD105058,CUST582,2024-01-01,Sports,Yoga Mat,2030.79,3.0,India,Debit Card,Mobile App,Returned,6092.37,2024-01,1,2024
ORD100522,CUST339,2024-03-17,Fashion,Leather Wallet,1541.65,1.0,India,Credit Card,Mobile App,Delivered,1541.65,2024-03,1,2024
ORD100708,CUST933,2024-04-20,Fashion,Denim Jacket,246.06,2.0,India,Credit Card,Website,Delivered,492.12,2024-04,2,2024
ORD104873,CUST1777,2024-03-20,Electronics,Phone Case,2491.9,1.0,Germany,Unknown,Website,Delivered,2491.9,2024-03,1,2024
ORD105873,CUST1634,2024-03-10,Sports,Water Bottle,918.3,1.0,India,Debit Card,Website,Returned,918.3,2024-03,1,2024
ORD103785,CUST1594,2024-05-23,Books,Self-Help Guide,691.89,1.0,United States,Credit Card,Marketplace,Delivered,691.89,2024-05,2,2024
ORD105443,CUST1538,2024-02-25,Electronics,Power Bank,2175.87,1.0,India,Upi,Marketplace,Delivered,2175.87,2024-02,1,2024
ORD103082,CUST1514,2024-04-11,Home & Kitchen,Blender,348.98,2.0,India,Upi,Website,Delivered,697.96,2024-04,2,2024
ORD105167,CUST659,2024-08-21,Sports,Cycling Gloves,1477.06,1.0,India,Credit Card,Mobile App,Delivered,1477.06,2024-08,3,2024
ORD104032,UNKNOWN,2024-07-08,Home & Kitchen,Non-stick Pan Set,377.8,2.0,Uae,Upi,Mobile App,Delivered,755.6,2024-07,3,2024
ORD104704,CUST1499,2024-09-14,Home & Kitchen,Non-stick Pan Set,2641.29,1.0,United States,Upi,Website,Delivered,2641.29,2024-09,3,2024
ORD102679,CUST243,2024-03-25,Home & Kitchen,Non-stick Pan Set,3273.37,3.0,India,Credit Card,Mobile App,Cancelled,9820.11,2024-03,1,2024
ORD104320,CUST669,2024-05-25,Home & Kitchen,Non-stick Pan Set,916.46,1.0,United Kingdom,Upi,Mobile App,Delivered,916.46,2024-05,2,2024
ORD101556,CUST159,2024-05-19,Fashion,Sunglasses,1588.38,1.0,United States,Cod,Mobile App,Delivered,1588.38,2024-05,2,2024
ORD100133,CUST1020,2024-07-16,Home & Kitchen,Air Fryer,1646.99,2.0,,Net Banking,Marketplace,Cancelled,3293.98,2024-07,3,2024
ORD101326,CUST573,2024-02-20,Toys,Board Game,1879.26,2.0,United Kingdom,Debit Card,Mobile App,Delivered,3758.52,2024-02,1,2024
ORD105985,CUST1500,2024-04-21,Toys,RC Car,809.8,2.0,United Kingdom,Credit Card,Marketplace,Delivered,1619.6,2024-04,2,2024
ORD103328,CUST382,2024-06-07,Beauty,Face Serum,1427.99,2.0,India,Upi,Website,Cancelled,2855.98,2024-06,2,2024
ORD104049,CUST635,2024-02-07,Electronics,Bluetooth Speaker,2875.37,3.0,India,Cod,Website,Returned,8626.11,2024-02,1,2024
ORD102856,CUST1135,2024-07-02,Electronics,USB-C Cable,4182.65,1.0,United Kingdom,Debit Card,Mobile App,Delivered,4182.65,2024-07,3,2024
ORD102428,CUST229,2024-08-05,Fashion,Denim Jacket,1507.84,1.0,India,Upi,Website,Delivered,1507.84,2024-08,3,2024
ORD101955,CUST115,2024-06-03,Electronics,Phone Case,3691.73,1.0,India,Credit Card,Mobile App,Delivered,3691.73,2024-06,2,2024
ORD104824,CUST519,2024-08-14,Electronics,Wireless Earbuds,4631.59,1.0,India,Upi,Marketplace,Returned,4631.59,2024-08,3,2024
ORD101344,CUST1675,2024-05-16,Books,Self-Help Guide,751.43,2.0,United Kingdom,Cod,Website,Delivered,1502.86,2024-05,2,2024
ORD102661,CUST558,2024-02-24,Books,Self-Help Guide,670.89,1.0,France,Upi,Mobile App,Delivered,670.89,2024-02,1,2024
ORD102320,CUST53,2024-03-26,Electronics,USB-C Cable,589.55,5.0,India,Cod,Website,Delivered,2947.75,2024-03,1,2024
ORD103746,CUST425,2024-09-07,Sports,Yoga Mat,2488.7,1.0,India,Debit Card,Website,Delivered,2488.7,2024-09,3,2024
ORD105836,CUST1745,2024-06-15,Home & Kitchen,Non-stick Pan Set,3006.31,1.0,Germany,Debit Card,Mobile App,Delivered,3006.31,2024-06,2,2024
ORD104862,CUST1423,2024-06-07,Sports,Water Bottle,584.62,1.0,India,Credit Card,Mobile App,Delivered,584.62,2024-06,2,2024
ORD103496,CUST69,2024-05-06,Toys,Puzzle 1000pc,115439.0,1.0,United States,Net Banking,Mobile App,Delivered,115439.0,2024-05,2,2024
ORD104391,CUST470,2024-02-16,Toys,Puzzle 1000pc,1627.67,1.0,India,Upi,Website,Delivered,1627.67,2024-02,1,2024
ORD103674,CUST902,2024-06-04,Sports,Dumbbell Set,1373.83,2.0,Germany,Debit Card,Website,Cancelled,2747.66,2024-06,2,2024
ORD100817,CUST993,2024-08-14,Books,Fiction Bestseller,389.55,4.0,France,Net Banking,Mobile App,Delivered,1558.2,2024-08,3,2024
ORD101283,CUST750,2024-01-13,Books,Cookbook,729.22,2.0,India,Net Banking,Mobile App,Delivered,1458.44,2024-01,1,2024
ORD102688,CUST878,2024-08-15,Toys,Building Blocks Set,846.24,1.0,Germany,Credit Card,Marketplace,Delivered,846.24,2024-08,3,2024
ORD100113,CUST1240,2024-06-11,Fashion,Cotton T-Shirt,2411.09,1.0,India,Upi,Website,Delivered,2411.09,2024-06,2,2024
ORD105079,CUST1009,2024-01-02,Electronics,USB-C Cable,1541.41,1.0,Germany,Credit Card,Website,Delivered,1541.41,2024-01,1,2024
ORD102304,CUST1460,2024-01-31,Home & Kitchen,Non-stick Pan Set,790.66,2.0,India,Net Banking,Website,Delivered,1581.32,2024-01,1,2024
ORD100578,CUST655,2024-04-01,Electronics,Wireless Earbuds,2328.73,1.0,India,Cod,Mobile App,Returned,2328.73,2024-04,2,2024
ORD102736,CUST232,2024-09-13,Electronics,Smartwatch,645.34,2.0,United States,Upi,Website,Delivered,1290.68,2024-09,3,2024
ORD105825,CUST895,2024-07-10,Books,Fiction Bestseller,782.51,3.0,India,Credit Card,Website,Delivered,2347.5299999999997,2024-07,3,2024
ORD101167,CUST1067,2024-01-30,Fashion,Running Shoes,420.05,1.0,India,Net Banking,Website,Delivered,420.05,2024-01,1,2024
ORD101148,CUST1079,2024-01-03,Home & Kitchen,Storage Containers,2007.81,2.0,Germany,Upi,Website,Delivered,4015.62,2024-01,1,2024
ORD104490,CUST674,2024-02-14,Fashion,Sunglasses,1729.61,1.0,India,Net Banking,Website,Delivered,1729.61,2024-02,1,2024
ORD105074,CUST224,2024-05-15,Electronics,Wireless Earbuds,3154.6,1.0,India,Net Banking,Marketplace,Delivered,3154.6,2024-05,2,2024
ORD102340,CUST139,2024-04-08,Electronics,Smartwatch,1155.81,1.0,United States,Upi,Website,Delivered,1155.81,2024-04,2,2024
ORD100323,CUST917,2024-06-27,Fashion,Denim Jacket,218.55,1.0,India,Paypal,Website,Delivered,218.55,2024-06,2,2024
ORD101211,CUST198,2024-06-04,Toys,Puzzle 1000pc,1615.45,1.0,Uae,Upi,Website,Delivered,1615.45,2024-06,2,2024
ORD105633,CUST1726,2024-02-07,Fashion,Running Shoes,2797.17,1.0,India,Debit Card,Mobile App,Delivered,2797.17,2024-02,1,2024
ORD104494,CUST1688,2024-07-22,Sports,Cycling Gloves,2261.25,1.0,India,Credit Card,Mobile App,Delivered,2261.25,2024-07,3,2024
ORD103871,CUST1781,2024-04-19,Beauty,Lip Balm Set,794.41,1.0,United States,Cod,Mobile App,Delivered,794.41,2024-04,2,2024
ORD104709,CUST683,2024-02-22,Sports,Water Bottle,1373.83,1.0,India,Debit Card,Mobile App,Delivered,1373.83,2024-02,1,2024
ORD105722,CUST1684,2024-05-11,Electronics,Power Bank,3794.24,1.0,United States,Paypal,Mobile App,Returned,3794.24,2024-05,2,2024
ORD100740,CUST32,2024-02-14,Books,Self-Help Guide,732.1,1.0,United States,Upi,Website,Delivered,732.1,2024-02,1,2024
ORD104712,CUST1655,2024-04-20,Fashion,Leather Wallet,2396.15,1.0,United States,Net Banking,Website,Delivered,2396.15,2024-04,2,2024
ORD104617,CUST82,2024-06-23,Fashion,Sunglasses,714.43,1.0,India,Cod,Website,Delivered,714.43,2024-06,2,2024
ORD104089,CUST166,2024-03-22,Sports,Yoga Mat,1267.12,1.0,India,Debit Card,Mobile App,Returned,1267.12,2024-03,1,2024
ORD104279,CUST1653,2024-09-13,Fashion,Running Shoes,1594.03,1.0,United Kingdom,Paypal,Website,Delivered,1594.03,2024-09,3,2024
ORD105658,CUST1541,2024-01-16,Electronics,Smartwatch,3890.69,2.0,India,Upi,Website,Delivered,7781.38,2024-01,1,2024
ORD101276,CUST1652,2024-08-26,Toys,RC Car,1406.7,1.0,India,Upi,Website,Delivered,1406.7,2024-08,3,2024
ORD103503,CUST1631,2024-06-10,Sports,Resistance Bands,1800.32,2.0,United States,Upi,Marketplace,Delivered,3600.64,2024-06,2,2024
ORD100595,CUST940,2024-04-26,Home & Kitchen,Storage Containers,1321.47,1.0,India,Credit Card,Website,Delivered,1321.47,2024-04,2,2024
ORD104883,CUST1237,2024-03-03,Books,Self-Help Guide,295.68,1.0,India,Debit Card,Website,Cancelled,295.68,2024-03,1,2024
ORD104200,CUST1294,2024-04-12,Fashion,Running Shoes,2824.87,2.0,India,Credit Card,Website,Returned,5649.74,2024-04,2,2024
ORD101542,CUST910,2024-03-07,Sports,Cycling Gloves,395.73,1.0,United States,Net Banking,Marketplace,Delivered,395.73,2024-03,1,2024
ORD100379,CUST1370,2024-05-23,Sports,Water Bottle,330.32,2.0,India,Upi,Marketplace,Cancelled,660.64,2024-05,2,2024
ORD105526,CUST1166,2024-06-19,Fashion,Cotton T-Shirt,1770.4,1.0,United Kingdom,Upi,Mobile App,Returned,1770.4,2024-06,2,2024
ORD105543,CUST414,2024-09-19,Beauty,Hair Dryer,253.53,2.0,Germany,Cod,Marketplace,Delivered,507.06,2024-09,3,2024
ORD100536,CUST139,2024-01-26,Fashion,Denim Jacket,2102.23,2.0,India,Credit Card,Mobile App,Delivered,4204.46,2024-01,1,2024
ORD101665,CUST1600,2024-09-15,Books,Self-Help Guide,312.96,1.0,India,Paypal,Marketplace,Cancelled,312.96,2024-09,3,2024
ORD105393,CUST163,2024-03-24,Electronics,USB-C Cable,1058.32,2.0,France,Paypal,Website,Returned,2116.64,2024-03,1,2024
ORD102104,CUST655,2024-04-02,Sports,Cycling Gloves,634.52,4.0,India,Credit Card,Marketplace,Delivered,2538.08,2024-04,2,2024
ORD102929,CUST1182,2024-01-16,Toys,Board Game,825.86,1.0,India,Paypal,Mobile App,Delivered,825.86,2024-01,1,2024
ORD105542,UNKNOWN,2024-01-02,Electronics,Power Bank,844.78,1.0,India,Debit Card,Website,Delivered,844.78,2024-01,1,2024
ORD101743,CUST62,2024-04-25,Beauty,Hair Dryer,791.66,1.0,Germany,Debit Card,Marketplace,Delivered,791.66,2024-04,2,2024
ORD102283,CUST708,2024-02-17,Fashion,Denim Jacket,2389.11,1.0,India,Credit Card,Marketplace,Cancelled,2389.11,2024-02,1,2024
ORD104110,CUST294,2024-07-12,Beauty,Makeup Brush Kit,659.04,2.0,India,Upi,Marketplace,Cancelled,1318.08,2024-07,3,2024
ORD103461,CUST918,2024-07-27,Electronics,Wireless Earbuds,2143.32,1.0,United States,Upi,Marketplace,Delivered,2143.32,2024-07,3,2024
ORD102957,CUST668,2024-06-15,Electronics,Smartwatch,3077.44,2.0,United States,Credit Card,Marketplace,Delivered,6154.88,2024-06,2,2024
ORD100700,CUST1368,2024-06-16,Home & Kitchen,Blender,1999.35,1.0,India,Debit Card,Mobile App,Delivered,1999.35,2024-06,2,2024
ORD100852,CUST1608,2024-01-07,Fashion,Sunglasses,450.18,1.0,United Kingdom,Debit Card,Mobile App,Delivered,450.18,2024-01,1,2024
ORD104040,CUST340,2024-03-17,Books,Kids Picture Book,329.15,2.0,United Kingdom,Cod,Marketplace,Delivered,658.3,2024-03,1,2024
ORD100448,CUST51,2024-02-05,Home & Kitchen,LED Desk Lamp,2384.98,2.0,India,Credit Card,Website,Delivered,4769.96,2024-02,1,2024
ORD105861,CUST1564,2024-06-12,Beauty,Lip Balm Set,977.36,2.0,India,Upi,Marketplace,Delivered,1954.72,2024-06,2,2024
ORD102849,CUST847,2024-06-06,Sports,Resistance Bands,1847.01,1.0,Uae,Upi,Marketplace,Delivered,1847.01,2024-06,2,2024
ORD105267,CUST452,2024-01-04,Sports,Dumbbell Set,361.6,1.0,Uae,Debit Card,Mobile App,Delivered,361.6,2024-01,1,2024
ORD100327,CUST1034,2024-05-08,Electronics,Wireless Earbuds,2764.05,2.0,India,Upi,Website,Delivered,5528.1,2024-05,2,2024
ORD105355,CUST945,2024-03-01,Electronics,Bluetooth Speaker,2017.89,1.0,India,Credit Card,Marketplace,Delivered,2017.89,2024-03,1,2024
ORD103117,CUST1054,2024-06-23,Electronics,USB-C Cable,2124.63,1.0,United States,Credit Card,Website,Delivered,2124.63,2024-06,2,2024
ORD100859,CUST1002,2024-07-30,Fashion,Denim Jacket,2146.79,1.0,India,Debit Card,Marketplace,Delivered,2146.79,2024-07,3,2024
ORD103910,CUST197,2024-02-12,Fashion,Denim Jacket,2345.04,2.0,India,Cod,Mobile App,Delivered,4690.08,2024-02,1,2024
ORD100062,CUST1304,2024-07-27,Electronics,USB-C Cable,2692.44,2.0,India,Upi,Marketplace,Delivered,5384.88,2024-07,3,2024
ORD100709,CUST1370,2024-01-07,Home & Kitchen,Storage Containers,1894.94,2.0,United Kingdom,Credit Card,Website,Returned,3789.88,2024-01,1,2024
ORD102903,CUST1708,2024-08-13,Home & Kitchen,Blender,2128.33,1.0,India,Credit Card,Mobile App,Delivered,2128.33,2024-08,3,2024
ORD105805,CUST52,2024-07-18,Sports,Cycling Gloves,1373.83,1.0,Uae,Credit Card,Marketplace,Delivered,1373.83,2024-07,3,2024
ORD102425,UNKNOWN,2024-04-18,Electronics,Smartwatch,2255.26,1.0,India,Debit Card,Mobile App,Delivered,2255.26,2024-04,2,2024
ORD103640,CUST1619,2024-04-18,Beauty,Sunscreen SPF50,990.14,2.0,Germany,Upi,Marketplace,Delivered,1980.28,2024-04,2,2024
ORD100312,CUST232,2024-07-09,Sports,Dumbbell Set,927.97,2.0,France,Cod,Marketplace,Delivered,1855.94,2024-07,3,2024
ORD102890,CUST1341,2024-02-11,Beauty,Sunscreen SPF50,719.63,2.0,United Kingdom,Paypal,Marketplace,Delivered,1439.26,2024-02,1,2024
ORD101203,UNKNOWN,2024-02-06,Electronics,USB-C Cable,1357.14,1.0,Germany,Debit Card,Website,Delivered,1357.14,2024-02,1,2024
ORD100926,CUST86,2024-05-09,Fashion,Running Shoes,1941.48,3.0,Uae,Cod,Marketplace,Delivered,5824.4400000000005,2024-05,2,2024
ORD102145,CUST1231,2024-05-29,Home & Kitchen,Storage Containers,622.72,1.0,India,Upi,Mobile App,Delivered,622.72,2024-05,2,2024
ORD101397,CUST1317,2024-01-09,Home & Kitchen,Blender,2994.97,1.0,India,Paypal,Mobile App,Delivered,2994.97,2024-01,1,2024
ORD100670,CUST1584,2024-03-20,Home & Kitchen,LED Desk Lamp,940.12,2.0,Germany,Paypal,Mobile App,Delivered,1880.24,2024-03,1,2024
ORD102422,CUST776,2024-09-05,Sports,Yoga Mat,436.74,1.0,India,Credit Card,Mobile App,Returned,436.74,2024-09,3,2024
ORD100546,CUST1220,2024-06-23,Beauty,Hair Dryer,1310.1,1.0,India,Paypal,Website,Delivered,1310.1,2024-06,2,2024
ORD104791,CUST1075,2024-02-17,Sports,Cycling Gloves,674.89,1.0,Germany,Upi,Marketplace,Delivered,674.89,2024-02,1,2024
ORD103078,CUST1764,2024-09-11,Sports,Cycling Gloves,807.8,4.0,India,Unknown,Mobile App,Delivered,3231.2,2024-09,3,2024
ORD105010,CUST951,2024-05-25,Fashion,Sunglasses,1164.19,1.0,Uae,Net Banking,Website,Delivered,1164.19,2024-05,2,2024
ORD102852,CUST1705,2024-08-04,Sports,Resistance Bands,2302.52,1.0,France,Credit Card,Mobile App,Delivered,2302.52,2024-08,3,2024
ORD104176,CUST1337,2024-08-28,Sports,Water Bottle,327.92,1.0,Germany,Upi,Marketplace,Returned,327.92,2024-08,3,2024
ORD100056,CUST1234,2024-06-27,Fashion,Cotton T-Shirt,1465.21,1.0,India,Upi,Website,Delivered,1465.21,2024-06,2,2024
ORD105640,CUST494,2024-05-09,Sports,Cycling Gloves,1599.0,4.0,United Kingdom,Upi,Mobile App,Cancelled,6396.0,2024-05,2,2024
ORD100051,CUST554,2024-06-05,Electronics,Power Bank,2728.41,1.0,India,Debit Card,Website,Delivered,2728.41,2024-06,2,2024
ORD100797,CUST665,2024-05-22,Beauty,Face Serum,1103.02,4.0,Uae,Credit Card,Website,Returned,4412.08,2024-05,2,2024
ORD105567,CUST863,2024-09-25,Books,Fiction Bestseller,273.15,1.0,Germany,Upi,Marketplace,Delivered,273.15,2024-09,3,2024
ORD103169,CUST858,2024-03-11,Fashion,Cotton T-Shirt,823.09,1.0,United States,Debit Card,Mobile App,Delivered,823.09,2024-03,1,2024
ORD102248,CUST1069,2024-06-12,Electronics,USB-C Cable,3660.9,1.0,India,Paypal,Website,Delivered,3660.9,2024-06,2,2024
ORD105105,CUST1313,2024-03-20,Electronics,Bluetooth Speaker,3239.25,1.0,United Kingdom,Cod,Website,Delivered,3239.25,2024-03,1,2024
ORD103783,CUST732,2024-04-03,Home & Kitchen,Blender,715.85,1.0,India,Credit Card,Mobile App,Delivered,715.85,2024-04,2,2024
ORD102161,CUST1018,2024-04-28,Fashion,Denim Jacket,2879.9,1.0,India,Upi,Mobile App,Returned,2879.9,2024-04,2,2024
ORD105407,CUST786,2024-05-12,Sports,Water Bottle,1152.28,1.0,India,Cod,Marketplace,Delivered,1152.28,2024-05,2,2024
ORD100391,CUST754,2024-04-23,Electronics,Phone Case,4540.66,4.0,United States,Credit Card,Website,Cancelled,18162.64,2024-04,2,2024
ORD100765,CUST1267,2024-05-28,Electronics,Phone Case,1829.2,5.0,Germany,Net Banking,Website,Delivered,9146.0,2024-05,2,2024
ORD105684,CUST1487,2024-04-08,Sports,Dumbbell Set,1771.47,1.0,India,Upi,Website,Returned,1771.47,2024-04,2,2024
ORD100618,CUST1672,2024-06-08,Fashion,Running Shoes,1312.64,3.0,India,Paypal,Mobile App,Delivered,3937.92,2024-06,2,2024
ORD100363,UNKNOWN,2024-01-14,Electronics,Phone Case,3213.6,1.0,India,Credit Card,Mobile App,Delivered,3213.6,2024-01,1,2024
ORD102353,CUST780,2024-06-30,Sports,Water Bottle,1908.22,1.0,India,Upi,Website,Returned,1908.22,2024-06,2,2024
ORD104365,CUST811,2024-04-28,Fashion,Sunglasses,657.88,1.0,France,Net Banking,Mobile App,Delivered,657.88,2024-04,2,2024
ORD102980,CUST257,2024-02-03,Electronics,USB-C Cable,1735.75,1.0,India,Upi,Website,Returned,1735.75,2024-02,1,2024
ORD101306,CUST228,2024-08-01,Sports,Water Bottle,737.41,4.0,India,Credit Card,Mobile App,Delivered,2949.64,2024-08,3,2024
ORD105910,CUST1723,2024-03-17,Toys,Board Game,1502.89,2.0,India,Credit Card,Marketplace,Delivered,3005.78,2024-03,1,2024
ORD105998,CUST143,2024-02-06,Sports,Dumbbell Set,570.35,1.0,United States,Cod,Website,Delivered,570.35,2024-02,1,2024
ORD105628,CUST1038,2024-02-18,Electronics,Wireless Earbuds,691.42,1.0,India,Debit Card,Website,Delivered,691.42,2024-02,1,2024
ORD105487,CUST513,2024-02-09,Toys,Puzzle 1000pc,1820.97,1.0,France,Credit Card,Mobile App,Delivered,1820.97,2024-02,1,2024
ORD105260,CUST242,2024-04-26,Books,Cookbook,240.0,2.0,India,Credit Card,Website,Delivered,480.0,2024-04,2,2024
ORD101359,CUST1745,2024-03-12,Sports,Cycling Gloves,2258.57,4.0,India,Net Banking,Website,Delivered,9034.28,2024-03,1,2024
ORD104207,CUST215,2024-01-26,Electronics,Phone Case,552.78,2.0,India,Credit Card,Website,Delivered,1105.56,2024-01,1,2024
ORD104270,CUST1111,2024-03-24,Home & Kitchen,LED Desk Lamp,2672.08,1.0,France,Paypal,Mobile App,Delivered,2672.08,2024-03,1,2024
ORD104408,CUST1691,2024-08-23,Fashion,Cotton T-Shirt,358.05,1.0,United States,Debit Card,Website,Delivered,358.05,2024-08,3,2024
ORD104809,CUST1646,2024-04-24,Sports,Resistance Bands,1813.04,2.0,Germany,Credit Card,Mobile App,Delivered,3626.08,2024-04,2,2024
ORD100976,CUST65,2024-07-28,Toys,RC Car,1630.0,1.0,India,Credit Card,Mobile App,Delivered,1630.0,2024-07,3,2024
ORD101797,CUST1210,2024-01-10,Sports,Yoga Mat,963.28,2.0,India,Debit Card,Marketplace,Delivered,1926.56,2024-01,1,2024
ORD102404,CUST745,2024-06-21,Fashion,Sunglasses,1780.77,2.0,India,Credit Card,Website,Delivered,3561.54,2024-06,2,2024
ORD105627,CUST1741,2024-05-18,Fashion,Denim Jacket,2226.96,2.0,United States,Credit Card,Marketplace,Delivered,4453.92,2024-05,2,2024
ORD103287,CUST211,2024-01-16,Home & Kitchen,Air Fryer,2979.32,1.0,India,Credit Card,Mobile App,Delivered,2979.32,2024-01,1,2024
ORD105705,CUST191,2024-03-26,Home & Kitchen,Non-stick Pan Set,1014.59,1.0,United Kingdom,Cod,Website,Cancelled,1014.59,2024-03,1,2024
ORD105073,CUST904,2024-03-01,Home & Kitchen,Non-stick Pan Set,1721.06,1.0,India,Paypal,Marketplace,Delivered,1721.06,2024-03,1,2024
ORD103186,CUST471,2024-07-29,Books,Self-Help Guide,668.65,1.0,Uae,Debit Card,Mobile App,Returned,668.65,2024-07,3,2024
ORD102551,CUST104,2024-06-22,Electronics,Smartwatch,1927.07,1.0,Germany,Debit Card,Mobile App,Delivered,1927.07,2024-06,2,2024
ORD100735,CUST674,2024-07-28,Fashion,Leather Wallet,501.81,1.0,India,Net Banking,Mobile App,Delivered,501.81,2024-07,3,2024
ORD104847,CUST31,2024-09-17,Fashion,Denim Jacket,2780.91,2.0,United States,Upi,Website,Delivered,5561.82,2024-09,3,2024
ORD105940,CUST1523,2024-08-26,Books,Kids Picture Book,311.0,2.0,United Kingdom,Paypal,Mobile App,Delivered,622.0,2024-08,3,2024
ORD100679,CUST290,2024-08-28,Electronics,Wireless Earbuds,1754.88,1.0,Uae,Upi,Website,Cancelled,1754.88,2024-08,3,2024
ORD103132,CUST936,2024-02-24,Beauty,Sunscreen SPF50,895.9,2.0,,Unknown,Mobile App,Delivered,1791.8,2024-02,1,2024
ORD104493,CUST107,2024-08-23,Books,Fiction Bestseller,176.46,1.0,Germany,Upi,Website,Delivered,176.46,2024-08,3,2024
ORD100434,CUST1356,2024-04-12,Electronics,Wireless Earbuds,1898.53,2.0,United Kingdom,Upi,Mobile App,Delivered,3797.06,2024-04,2,2024
ORD102982,UNKNOWN,2024-04-05,Beauty,Lip Balm Set,681.6,1.0,India,Credit Card,Marketplace,Delivered,681.6,2024-04,2,2024
ORD101082,CUST323,2024-03-06,Electronics,Bluetooth Speaker,630.82,1.0,India,Cod,Website,Returned,630.82,2024-03,1,2024
ORD100136,CUST903,2024-04-15,Home & Kitchen,Storage Containers,2817.81,1.0,Germany,Credit Card,Website,Returned,2817.81,2024-04,2,2024
ORD100882,CUST622,2024-02-24,Beauty,Lip Balm Set,153.74,1.0,India,Debit Card,Mobile App,Delivered,153.74,2024-02,1,2024
ORD101200,CUST1017,2024-04-01,Sports,Dumbbell Set,2127.73,3.0,Germany,Upi,Website,Delivered,6383.1900000000005,2024-04,2,2024
ORD104080,CUST852,2024-01-02,Electronics,Wireless Earbuds,4358.68,2.0,India,Debit Card,Mobile App,Delivered,8717.36,2024-01,1,2024
ORD103121,CUST653,2024-07-04,Home & Kitchen,Blender,1356.33,1.0,United Kingdom,Cod,Website,Delivered,1356.33,2024-07,3,2024
ORD104295,CUST924,2024-01-29,Home & Kitchen,Air Fryer,933.35,1.0,Germany,Cod,Website,Delivered,933.35,2024-01,1,2024
ORD102748,CUST1013,2024-06-01,Beauty,Lip Balm Set,414.04,1.0,India,Credit Card,Mobile App,Delivered,414.04,2024-06,2,2024
ORD102492,CUST1078,2024-09-20,Sports,Water Bottle,1113.28,4.0,India,Upi,Website,Delivered,4453.12,2024-09,3,2024
ORD101974,CUST600,2024-08-14,Toys,Puzzle 1000pc,1390.91,1.0,Uae,Credit Card,Website,Delivered,1390.91,2024-08,3,2024
ORD101602,CUST1390,2024-02-01,Fashion,Denim Jacket,2998.37,1.0,India,Debit Card,Website,Returned,2998.37,2024-02,1,2024
ORD102300,CUST557,2024-05-20,Electronics,USB-C Cable,1212.64,1.0,United States,Credit Card,Website,Delivered,1212.64,2024-05,2,2024
ORD105331,CUST1686,2024-01-05,Fashion,Leather Wallet,1798.23,2.0,India,Debit Card,Website,Delivered,3596.46,2024-01,1,2024
ORD101065,CUST1551,2024-03-19,Fashion,Sunglasses,608.45,1.0,India,Upi,Marketplace,Delivered,608.45,2024-03,1,2024
ORD100909,CUST251,2024-03-06,Books,Self-Help Guide,432.79,1.0,India,Net Banking,Mobile App,Delivered,432.79,2024-03,1,2024
ORD101642,CUST1416,2024-05-15,Home & Kitchen,Air Fryer,2977.66,1.0,Germany,Credit Card,Website,Delivered,2977.66,2024-05,2,2024
ORD100233,CUST1449,2024-03-04,Beauty,Face Serum,1024.66,1.0,Germany,Debit Card,Website,Delivered,1024.66,2024-03,1,2024
ORD103943,CUST151,2024-04-25,Electronics,Smartwatch,3701.49,3.0,India,Upi,Website,Cancelled,11104.47,2024-04,2,2024
ORD103056,CUST1241,2024-02-06,Home & Kitchen,Non-stick Pan Set,3038.81,2.0,Germany,Upi,Website,Delivered,6077.62,2024-02,1,2024
ORD105726,CUST1391,2024-04-29,Fashion,Running Shoes,1270.01,1.0,Uae,Cod,Mobile App,Delivered,1270.01,2024-04,2,2024
ORD104810,CUST1205,2024-09-18,Home & Kitchen,Blender,1775.66,1.0,United States,Upi,Website,Delivered,1775.66,2024-09,3,2024
ORD101872,CUST463,2024-09-20,Electronics,Smartwatch,4822.93,1.0,India,Upi,Marketplace,Delivered,4822.93,2024-09,3,2024
ORD100990,UNKNOWN,2024-02-28,Electronics,Smartwatch,1859.47,1.0,India,Upi,Website,Delivered,1859.47,2024-02,1,2024
ORD105525,CUST418,2024-06-11,Electronics,Phone Case,793.55,2.0,France,Paypal,Marketplace,Delivered,1587.1,2024-06,2,2024
ORD103864,CUST384,2024-04-21,Toys,Board Game,650.64,2.0,India,Debit Card,Mobile App,Delivered,1301.28,2024-04,2,2024
ORD103274,CUST1461,2024-01-20,Books,Cookbook,507.04,3.0,United States,Unknown,Marketplace,Delivered,1521.1200000000001,2024-01,1,2024
ORD101994,CUST1211,2024-04-05,Books,Cookbook,470.04,1.0,India,Upi,Website,Cancelled,470.04,2024-04,2,2024
ORD104635,CUST651,2024-02-04,Electronics,Bluetooth Speaker,2012.21,2.0,India,Upi,Mobile App,Delivered,4024.42,2024-02,1,2024
ORD100069,CUST688,2024-04-12,Electronics,Smartwatch,4748.2,2.0,India,Upi,Website,Delivered,9496.4,2024-04,2,2024
ORD101780,CUST138,2024-06-16,Fashion,Running Shoes,1986.62,1.0,United Kingdom,Debit Card,Website,Cancelled,1986.62,2024-06,2,2024
ORD100750,CUST527,2024-07-25,Fashion,Leather Wallet,1732.87,1.0,India,Upi,Marketplace,Delivered,1732.87,2024-07,3,2024
ORD104418,CUST1699,2024-03-14,Books,Self-Help Guide,555.84,1.0,India,Credit Card,Website,Delivered,555.84,2024-03,1,2024
ORD103228,CUST967,2024-06-15,Beauty,Sunscreen SPF50,1049.71,4.0,France,Paypal,Marketplace,Delivered,4198.84,2024-06,2,2024
ORD104696,CUST74,2024-05-15,Fashion,Cotton T-Shirt,549.1,1.0,United States,Net Banking,Marketplace,Returned,549.1,2024-05,2,2024
ORD102682,CUST872,2024-03-02,Toys,Board Game,1917.28,2.0,Germany,Credit Card,Mobile App,Delivered,3834.56,2024-03,1,2024
ORD100177,CUST198,2024-08-04,Home & Kitchen,Storage Containers,2459.45,1.0,United Kingdom,Credit Card,Website,Delivered,2459.45,2024-08,3,2024
ORD103838,CUST1167,2024-02-28,Fashion,Sunglasses,1931.32,1.0,France,Cod,Website,Delivered,1931.32,2024-02,1,2024
ORD105020,CUST189,2024-06-11,Beauty,Hair Dryer,600.71,4.0,India,Credit Card,Mobile App,Delivered,2402.84,2024-06,2,2024
ORD101980,CUST1130,2024-05-28,Sports,Yoga Mat,1045.43,1.0,United Kingdom,Credit Card,Website,Delivered,1045.43,2024-05,2,2024
ORD100057,CUST1073,2024-03-03,Electronics,Phone Case,2564.45,2.0,,Upi,Mobile App,Delivered,5128.9,2024-03,1,2024
ORD104411,CUST1094,2024-06-09,Electronics,Phone Case,4190.02,1.0,India,Credit Card,Marketplace,Delivered,4190.02,2024-06,2,2024
ORD102981,CUST271,2024-09-19,Electronics,USB-C Cable,1027.77,2.0,India,Net Banking,Mobile App,Delivered,2055.54,2024-09,3,2024
ORD100467,CUST1334,2024-09-09,Electronics,Bluetooth Speaker,4105.93,1.0,India,Credit Card,Mobile App,Delivered,4105.93,2024-09,3,2024
ORD102086,CUST993,2024-03-21,Sports,Yoga Mat,1342.15,1.0,India,Debit Card,Marketplace,Delivered,1342.15,2024-03,1,2024
ORD102710,CUST30,2024-05-21,Fashion,Cotton T-Shirt,822.94,1.0,India,Upi,Website,Delivered,822.94,2024-05,2,2024
ORD103549,CUST261,2024-07-28,Beauty,Sunscreen SPF50,809.03,1.0,India,Credit Card,Website,Cancelled,809.03,2024-07,3,2024
ORD101031,CUST590,2024-02-22,Home & Kitchen,LED Desk Lamp,2043.97,1.0,India,Unknown,Mobile App,Delivered,2043.97,2024-02,1,2024
ORD101012,CUST1523,2024-03-21,Home & Kitchen,Air Fryer,3366.44,3.0,United States,Upi,Mobile App,Delivered,10099.32,2024-03,1,2024
ORD100142,CUST709,2024-06-12,Books,Kids Picture Book,229.71,1.0,India,Debit Card,Mobile App,Delivered,229.71,2024-06,2,2024
ORD101981,CUST1032,2024-08-21,Home & Kitchen,Blender,2271.41,1.0,France,Upi,Website,Delivered,2271.41,2024-08,3,2024
ORD100180,CUST274,2024-03-05,Sports,Water Bottle,319.06,1.0,France,Debit Card,Mobile App,Delivered,319.06,2024-03,1,2024
ORD102402,CUST1210,2024-02-05,Beauty,Lip Balm Set,717.49,1.0,India,Paypal,Marketplace,Delivered,717.49,2024-02,1,2024
ORD103346,CUST315,2024-03-01,Books,Fiction Bestseller,151.79,1.0,India,Upi,Marketplace,Delivered,151.79,2024-03,1,2024
ORD104666,CUST653,2024-07-18,Electronics,Phone Case,2805.69,1.0,India,Upi,Marketplace,Delivered,2805.69,2024-07,3,2024
ORD105857,CUST559,2024-05-30,Fashion,Cotton T-Shirt,1035.82,1.0,Germany,Paypal,Mobile App,Delivered,1035.82,2024-05,2,2024
ORD100461,CUST1044,2024-09-21,Sports,Dumbbell Set,500.03,3.0,Germany,Cod,Website,Delivered,1500.09,2024-09,3,2024
ORD101911,CUST143,2024-04-16,Beauty,Sunscreen SPF50,610.53,2.0,,Credit Card,Mobile App,Delivered,1221.06,2024-04,2,2024
ORD103013,CUST1221,2024-07-21,Fashion,Denim Jacket,2042.16,1.0,India,Cod,Mobile App,Delivered,2042.16,2024-07,3,2024
ORD104976,CUST1349,2024-07-09,Toys,Building Blocks Set,742.34,1.0,India,Credit Card,Marketplace,Delivered,742.34,2024-07,3,2024
ORD101659,CUST497,2024-04-01,Sports,Dumbbell Set,1948.78,1.0,Germany,Net Banking,Website,Delivered,1948.78,2024-04,2,2024
ORD100093,CUST1544,2024-02-10,Fashion,Running Shoes,864.12,1.0,India,Cod,Mobile App,Delivered,864.12,2024-02,1,2024
ORD100826,CUST960,2024-08-24,Toys,Building Blocks Set,761.46,1.0,India,Net Banking,Website,Delivered,761.46,2024-08,3,2024
ORD102137,UNKNOWN,2024-07-03,Books,Self-Help Guide,465.68,2.0,Germany,Net Banking,Mobile App,Delivered,931.36,2024-07,3,2024
ORD102272,CUST1240,2024-03-14,Home & Kitchen,Storage Containers,1456.72,1.0,United States,Cod,Mobile App,Delivered,1456.72,2024-03,1,2024
ORD101072,CUST1073,2024-07-29,Fashion,Sunglasses,694.22,1.0,India,Debit Card,Mobile App,Delivered,694.22,2024-07,3,2024
ORD103566,CUST1135,2024-03-28,Home & Kitchen,Blender,1267.06,2.0,Germany,Credit Card,Mobile App,Returned,2534.12,2024-03,1,2024
ORD104125,CUST372,2024-05-03,Electronics,Wireless Earbuds,2613.04,1.0,India,Credit Card,Mobile App,Delivered,2613.04,2024-05,2,2024
ORD101391,CUST651,2024-02-24,Books,Fiction Bestseller,634.91,1.0,,Paypal,Mobile App,Delivered,634.91,2024-02,1,2024
ORD103313,CUST323,2024-03-17,Home & Kitchen,LED Desk Lamp,1994.3,1.0,India,Net Banking,Website,Delivered,1994.3,2024-03,1,2024
ORD103263,CUST1246,2024-09-11,Home & Kitchen,LED Desk Lamp,1348.7,1.0,United States,Credit Card,Mobile App,Delivered,1348.7,2024-09,3,2024
ORD100041,CUST534,2024-03-18,Electronics,Wireless Earbuds,2903.91,1.0,India,Debit Card,Website,Delivered,2903.91,2024-03,1,2024
ORD105313,CUST1764,2024-02-26,Fashion,Sunglasses,950.9,1.0,India,Credit Card,Website,Delivered,950.9,2024-02,1,2024
ORD100985,CUST779,2024-04-06,Fashion,Leather Wallet,1432.01,1.0,United States,Upi,Website,Delivered,1432.01,2024-04,2,2024
ORD103760,CUST1095,2024-03-07,Toys,Puzzle 1000pc,975.63,1.0,Germany,Credit Card,Marketplace,Delivered,975.63,2024-03,1,2024
ORD100691,CUST72,2024-08-16,Toys,RC Car,1835.12,1.0,India,Net Banking,Website,Delivered,1835.12,2024-08,3,2024
ORD104184,CUST1042,2024-04-08,Sports,Dumbbell Set,552.8,1.0,India,Cod,Marketplace,Delivered,552.8,2024-04,2,2024
ORD100470,CUST578,2024-03-24,Fashion,Sunglasses,2472.51,2.0,India,Debit Card,Marketplace,Delivered,4945.02,2024-03,1,2024
ORD105076,CUST561,2024-04-07,Home & Kitchen,LED Desk Lamp,386.85,1.0,India,Debit Card,Mobile App,Delivered,386.85,2024-04,2,2024
ORD101765,CUST1119,2024-05-09,Fashion,Running Shoes,240.1,1.0,India,Debit Card,Mobile App,Delivered,240.1,2024-05,2,2024
ORD101199,CUST259,2024-09-27,Sports,Cycling Gloves,2222.97,1.0,Germany,Upi,Website,Delivered,2222.97,2024-09,3,2024
ORD104451,CUST874,2024-05-24,Beauty,Face Serum,449.87,1.0,United Kingdom,Credit Card,Marketplace,Delivered,449.87,2024-05,2,2024
ORD102280,CUST908,2024-06-24,Beauty,Lip Balm Set,1031.8,1.0,India,Upi,Marketplace,Delivered,1031.8,2024-06,2,2024
ORD100351,CUST950,2024-04-12,Beauty,Hair Dryer,1268.91,3.0,Uae,Upi,Mobile App,Cancelled,3806.7300000000005,2024-04,2,2024
ORD102260,CUST1535,2024-04-19,Electronics,Bluetooth Speaker,1226.82,1.0,India,Paypal,Marketplace,Delivered,1226.82,2024-04,2,2024
ORD105130,CUST497,2024-01-17,Sports,Dumbbell Set,739.94,1.0,United Kingdom,Credit Card,Website,Delivered,739.94,2024-01,1,2024
ORD103106,CUST234,2024-08-17,Electronics,Wireless Earbuds,1243.49,1.0,Germany,Debit Card,Website,Delivered,1243.49,2024-08,3,2024
ORD101678,UNKNOWN,2024-07-01,Fashion,Denim Jacket,2545.48,2.0,United States,Upi,Website,Delivered,5090.96,2024-07,3,2024
ORD101720,CUST1087,2024-08-02,Books,Kids Picture Book,621.26,3.0,France,Debit Card,Website,Delivered,1863.78,2024-08,3,2024
ORD100366,CUST158,2024-07-24,Toys,Board Game,814.23,1.0,United Kingdom,Debit Card,Marketplace,Delivered,814.23,2024-07,3,2024
ORD100649,CUST1310,2024-06-19,Electronics,Bluetooth Speaker,4787.1,1.0,India,Paypal,Marketplace,Delivered,4787.1,2024-06,2,2024
ORD105572,UNKNOWN,2024-07-12,Home & Kitchen,Blender,3292.78,1.0,India,Credit Card,Website,Returned,3292.78,2024-07,3,2024
ORD102279,CUST1798,2024-05-09,Home & Kitchen,Air Fryer,2321.33,1.0,United States,Debit Card,Website,Delivered,2321.33,2024-05,2,2024
ORD102616,CUST827,2024-09-08,Toys,Board Game,738.66,1.0,India,Paypal,Website,Delivered,738.66,2024-09,3,2024
ORD102180,CUST1466,2024-06-21,Electronics,USB-C Cable,4306.86,1.0,,Upi,Marketplace,Delivered,4306.86,2024-06,2,2024
ORD105017,CUST1472,2024-07-19,Sports,Dumbbell Set,1987.66,1.0,France,Credit Card,Website,Delivered,1987.66,2024-07,3,2024
ORD104992,CUST626,2024-02-25,Toys,Board Game,564.0,1.0,India,Net Banking,Mobile App,Delivered,564.0,2024-02,1,2024
ORD100373,CUST396,2024-08-25,Electronics,Wireless Earbuds,2546.84,1.0,United Kingdom,Cod,Marketplace,Delivered,2546.84,2024-08,3,2024
ORD101381,CUST256,2024-01-16,Sports,Water Bottle,825.18,1.0,Germany,Credit Card,Website,Delivered,825.18,2024-01,1,2024
ORD101692,CUST402,2024-01-26,Books,Fiction Bestseller,149.32,1.0,India,Net Banking,Website,Delivered,149.32,2024-01,1,2024
ORD101941,CUST1741,2024-06-09,Fashion,Denim Jacket,827.11,1.0,Uae,Paypal,Mobile App,Delivered,827.11,2024-06,2,2024
ORD101600,CUST633,2024-08-10,Home & Kitchen,Air Fryer,1250.72,1.0,India,Paypal,Website,Delivered,1250.72,2024-08,3,2024
ORD104906,CUST1015,2024-05-07,Fashion,Sunglasses,1512.63,1.0,United States,Upi,Website,Delivered,1512.63,2024-05,2,2024
ORD104747,CUST1412,2024-04-19,Beauty,Makeup Brush Kit,1192.05,1.0,India,Debit Card,Website,Delivered,1192.05,2024-04,2,2024
ORD101505,CUST1681,2024-07-31,Electronics,Power Bank,4005.52,1.0,France,Debit Card,Marketplace,Cancelled,4005.52,2024-07,3,2024
ORD105794,CUST1221,2024-03-07,Beauty,Lip Balm Set,778.38,1.0,United Kingdom,Upi,Website,Returned,778.38,2024-03,1,2024
ORD105939,CUST424,2024-08-04,Sports,Cycling Gloves,2026.53,1.0,Uae,Credit Card,Website,Delivered,2026.53,2024-08,3,2024
ORD105846,CUST1351,2024-06-18,Electronics,Phone Case,4826.11,1.0,India,Debit Card,Marketplace,Delivered,4826.11,2024-06,2,2024
ORD101489,CUST1225,2024-06-05,Home & Kitchen,LED Desk Lamp,2268.53,1.0,India,Credit Card,Website,Delivered,2268.53,2024-06,2,2024
ORD105593,CUST705,2024-04-08,Fashion,Sunglasses,1741.79,1.0,Germany,Upi,Website,Delivered,1741.79,2024-04,2,2024
ORD101785,CUST745,2024-07-16,Electronics,Wireless Earbuds,1832.4,2.0,India,Debit Card,Website,Delivered,3664.8,2024-07,3,2024
ORD102766,CUST739,2024-04-12,Electronics,Power Bank,4686.35,1.0,United Kingdom,Debit Card,Website,Delivered,4686.35,2024-04,2,2024
ORD103923,CUST782,2024-05-20,Electronics,Power Bank,1291.07,1.0,India,Debit Card,Marketplace,Delivered,1291.07,2024-05,2,2024
ORD104776,CUST1639,2024-03-15,Sports,Yoga Mat,1165.11,2.0,United States,Upi,Website,Cancelled,2330.22,2024-03,1,2024
ORD100807,CUST1211,2024-03-27,Toys,Board Game,1241.39,2.0,India,Credit Card,Website,Delivered,2482.78,2024-03,1,2024
ORD102687,CUST943,2024-08-19,Toys,Puzzle 1000pc,1809.89,1.0,India,Upi,Marketplace,Delivered,1809.89,2024-08,3,2024
ORD103919,CUST1540,2024-03-27,Books,Self-Help Guide,467.48,1.0,United States,Paypal,Website,Delivered,467.48,2024-03,1,2024
ORD103998,CUST1552,2024-04-24,Books,Kids Picture Book,407.34,2.0,Germany,Upi,Mobile App,Delivered,814.68,2024-04,2,2024
ORD101848,CUST173,2024-03-10,Beauty,Face Serum,1197.74,2.0,Germany,Debit Card,Mobile App,Delivered,2395.48,2024-03,1,2024
ORD100492,CUST139,2024-06-23,Home & Kitchen,Air Fryer,1947.67,2.0,India,Debit Card,Mobile App,Cancelled,3895.34,2024-06,2,2024
ORD105714,CUST1537,2024-06-22,Sports,Resistance Bands,231.77,1.0,India,Upi,Mobile App,Delivered,231.77,2024-06,2,2024
ORD103650,CUST263,2024-02-07,Toys,Puzzle 1000pc,386.44,4.0,United States,Credit Card,Website,Delivered,1545.76,2024-02,1,2024
ORD104072,CUST264,2024-06-17,Home & Kitchen,Storage Containers,1324.97,1.0,India,Paypal,Website,Delivered,1324.97,2024-06,2,2024
ORD102517,CUST1053,2024-09-07,Sports,Yoga Mat,1140.61,1.0,France,Credit Card,Marketplace,Delivered,1140.61,2024-09,3,2024
ORD103823,UNKNOWN,2024-08-26,Beauty,Lip Balm Set,755.06,2.0,India,Upi,Website,Delivered,1510.12,2024-08,3,2024
ORD105767,CUST1278,2024-02-04,Home & Kitchen,Non-stick Pan Set,2669.99,2.0,India,Credit Card,Mobile App,Delivered,5339.98,2024-02,1,2024
ORD105461,CUST1340,2024-07-23,Fashion,Sunglasses,2442.8,2.0,Germany,Cod,Marketplace,Delivered,4885.6,2024-07,3,2024
ORD103693,CUST268,2024-09-24,Sports,Cycling Gloves,1103.09,1.0,India,Upi,Mobile App,Delivered,1103.09,2024-09,3,2024
ORD101657,CUST10,2024-01-07,Electronics,Smartwatch,2110.25,1.0,,Paypal,Mobile App,Delivered,2110.25,2024-01,1,2024
ORD100498,CUST880,2024-08-15,Books,Fiction Bestseller,551.03,1.0,United Kingdom,Credit Card,Marketplace,Delivered,551.03,2024-08,3,2024
ORD102754,CUST403,2024-07-27,Electronics,Power Bank,2148.88,3.0,United States,Paypal,Website,Delivered,6446.64,2024-07,3,2024
ORD100106,CUST993,2024-04-28,Fashion,Sunglasses,669.44,2.0,United States,Credit Card,Website,Delivered,1338.88,2024-04,2,2024
ORD101550,CUST214,2024-06-27,Sports,Yoga Mat,637.36,1.0,United States,Credit Card,Website,Returned,637.36,2024-06,2,2024
ORD105749,CUST970,2024-09-20,Home & Kitchen,LED Desk Lamp,515.91,2.0,Uae,Debit Card,Mobile App,Delivered,1031.82,2024-09,3,2024
ORD104238,CUST966,2024-04-17,Electronics,Power Bank,2290.27,2.0,United States,Upi,Marketplace,Delivered,4580.54,2024-04,2,2024
ORD102831,CUST121,2024-03-16,Home & Kitchen,Blender,1498.28,5.0,Uae,Upi,Website,Delivered,7491.4,2024-03,1,2024
ORD104117,CUST278,2024-04-18,Fashion,Denim Jacket,2863.35,1.0,United States,Unknown,Marketplace,Delivered,2863.35,2024-04,2,2024
ORD103991,CUST764,2024-04-02,Fashion,Denim Jacket,2472.84,2.0,Germany,Debit Card,Marketplace,Cancelled,4945.68,2024-04,2,2024
ORD100771,CUST493,2024-04-18,Beauty,Hair Dryer,320.07,1.0,France,Paypal,Mobile App,Returned,320.07,2024-04,2,2024
ORD105712,CUST135,2024-04-25,Fashion,Running Shoes,1210.82,1.0,United States,Unknown,Website,Delivered,1210.82,2024-04,2,2024
ORD100055,CUST420,2024-05-28,Electronics,Wireless Earbuds,1993.66,1.0,India,Net Banking,Website,Returned,1993.66,2024-05,2,2024
ORD103921,CUST35,2024-06-18,Electronics,Bluetooth Speaker,3591.15,1.0,United Kingdom,Credit Card,Website,Delivered,3591.15,2024-06,2,2024
ORD105736,CUST1539,2024-02-15,Fashion,Sunglasses,595.62,1.0,United Kingdom,Paypal,Website,Delivered,595.62,2024-02,1,2024
ORD100070,CUST364,2024-06-09,Fashion,Denim Jacket,1706.52,2.0,France,Upi,Website,Delivered,3413.04,2024-06,2,2024
ORD105893,CUST1406,2024-05-10,Fashion,Sunglasses,2003.75,1.0,India,Paypal,Mobile App,Delivered,2003.75,2024-05,2,2024
ORD104209,CUST434,2024-06-16,Toys,RC Car,1965.36,2.0,India,Paypal,Mobile App,Delivered,3930.72,2024-06,2,2024
ORD103779,CUST825,2024-09-14,Electronics,Wireless Earbuds,1166.63,1.0,India,Credit Card,Mobile App,Cancelled,1166.63,2024-09,3,2024
ORD105011,CUST757,2024-02-02,Home & Kitchen,Storage Containers,3263.84,2.0,Germany,Net Banking,Mobile App,Delivered,6527.68,2024-02,1,2024
ORD105408,CUST765,2024-08-08,Electronics,Power Bank,2874.07,1.0,Uae,Credit Card,Website,Delivered,2874.07,2024-08,3,2024
ORD105450,UNKNOWN,2024-03-31,Sports,Cycling Gloves,1778.41,3.0,France,Paypal,Mobile App,Delivered,5335.2300000000005,2024-03,1,2024
ORD102896,CUST1782,2024-07-12,Electronics,Phone Case,1531.35,1.0,India,Debit Card,Website,Delivered,1531.35,2024-07,3,2024
ORD104614,CUST750,2024-04-22,Beauty,Lip Balm Set,769.92,2.0,France,Credit Card,Website,Delivered,1539.84,2024-04,2,2024
ORD105509,CUST1131,2024-08-31,Toys,RC Car,935.75,2.0,United States,Debit Card,Website,Delivered,1871.5,2024-08,3,2024
ORD103473,CUST1538,2024-03-07,Beauty,Sunscreen SPF50,676.4,1.0,India,Debit Card,Website,Delivered,676.4,2024-03,1,2024
ORD101296,CUST31,2024-07-27,Fashion,Leather Wallet,626.92,1.0,Germany,Net Banking,Marketplace,Delivered,626.92,2024-07,3,2024
ORD100815,CUST1004,2024-07-24,Sports,Dumbbell Set,651.62,1.0,United Kingdom,Credit Card,Mobile App,Delivered,651.62,2024-07,3,2024
ORD103937,CUST1754,2024-01-15,Fashion,Sunglasses,389.95,1.0,Uae,Upi,Mobile App,Delivered,389.95,2024-01,1,2024
ORD102826,CUST1632,2024-07-20,Electronics,Bluetooth Speaker,1954.27,1.0,United States,Cod,Website,Delivered,1954.27,2024-07,3,2024
ORD104400,UNKNOWN,2024-07-28,Fashion,Cotton T-Shirt,556.42,1.0,Uae,Paypal,Mobile App,Delivered,556.42,2024-07,3,2024
ORD102063,CUST538,2024-07-18,Books,Kids Picture Book,144.19,3.0,Uae,Net Banking,Mobile App,Delivered,432.57,2024-07,3,2024
ORD103099,CUST1144,2024-07-30,Sports,Dumbbell Set,1583.75,2.0,United States,Paypal,Marketplace,Returned,3167.5,2024-07,3,2024
ORD103740,CUST1698,2024-08-24,Fashion,Running Shoes,2730.46,1.0,India,Upi,Marketplace,Delivered,2730.46,2024-08,3,2024
ORD101153,CUST662,2024-01-01,Electronics,Power Bank,1429.52,1.0,France,Upi,Website,Delivered,1429.52,2024-01,1,2024
ORD100993,CUST200,2024-09-28,Sports,Dumbbell Set,1672.43,1.0,United States,Debit Card,Mobile App,Delivered,1672.43,2024-09,3,2024
ORD103266,CUST498,2024-08-19,Electronics,Wireless Earbuds,2000.73,2.0,India,Upi,Mobile App,Delivered,4001.46,2024-08,3,2024
ORD102213,CUST996,2024-04-01,Electronics,USB-C Cable,3704.05,1.0,India,Net Banking,Mobile App,Delivered,3704.05,2024-04,2,2024
ORD104004,CUST684,2024-08-26,Electronics,Smartwatch,3957.88,1.0,India,Upi,Marketplace,Delivered,3957.88,2024-08,3,2024
ORD103377,CUST1513,2024-01-24,Fashion,Sunglasses,909.13,1.0,India,Credit Card,Mobile App,Delivered,909.13,2024-01,1,2024
ORD104743,UNKNOWN,2024-07-08,Electronics,Power Bank,2994.16,1.0,United States,Debit Card,Mobile App,Delivered,2994.16,2024-07,3,2024
ORD100665,CUST1563,2024-09-16,Home & Kitchen,LED Desk Lamp,2528.75,1.0,India,Upi,Marketplace,Returned,2528.75,2024-09,3,2024
ORD103534,CUST1438,2024-01-03,Electronics,Bluetooth Speaker,678.24,1.0,France,Paypal,Mobile App,Cancelled,678.24,2024-01,1,2024
ORD102676,CUST642,2024-07-27,Fashion,Sunglasses,1079.8,4.0,Germany,Credit Card,Website,Delivered,4319.2,2024-07,3,2024
ORD100787,CUST95,2024-01-16,Beauty,Makeup Brush Kit,767.81,1.0,France,Paypal,Marketplace,Cancelled,767.81,2024-01,1,2024
ORD103824,CUST1272,2024-09-03,Electronics,Bluetooth Speaker,2799.28,2.0,India,Credit Card,Mobile App,Delivered,5598.56,2024-09,3,2024
ORD100915,CUST254,2024-07-30,Sports,Water Bottle,656.09,1.0,United Kingdom,Credit Card,Mobile App,Delivered,656.09,2024-07,3,2024
ORD105230,UNKNOWN,2024-02-16,Electronics,Power Bank,2874.5,3.0,India,Upi,Website,Returned,8623.5,2024-02,1,2024
ORD100238,CUST360,2024-02-18,Electronics,Power Bank,1545.28,1.0,India,Debit Card,Mobile App,Delivered,1545.28,2024-02,1,2024
ORD105701,CUST846,2024-05-31,Sports,Cycling Gloves,1939.3,1.0,India,Upi,Mobile App,Delivered,1939.3,2024-05,2,2024
ORD102565,CUST1367,2024-04-03,Fashion,Denim Jacket,269.06,1.0,United States,Upi,Marketplace,Delivered,269.06,2024-04,2,2024
ORD104232,CUST1562,2024-02-28,Sports,Resistance Bands,1795.4,1.0,India,Debit Card,Website,Cancelled,1795.4,2024-02,1,2024
ORD104842,CUST447,2024-09-25,Books,Cookbook,679.1,1.0,France,Cod,Marketplace,Delivered,679.1,2024-09,3,2024
ORD104829,CUST1404,2024-03-17,Sports,Cycling Gloves,1177.5,2.0,India,Upi,Website,Delivered,2355.0,2024-03,1,2024
ORD101636,CUST448,2024-04-03,Fashion,Running Shoes,1594.03,1.0,United States,Credit Card,Mobile App,Delivered,1594.03,2024-04,2,2024
ORD105584,UNKNOWN,2024-04-28,Sports,Dumbbell Set,2400.52,1.0,United States,Paypal,Mobile App,Delivered,2400.52,2024-04,2,2024
ORD104285,CUST1677,2024-02-01,Toys,Puzzle 1000pc,717.98,1.0,United Kingdom,Credit Card,Mobile App,Delivered,717.98,2024-02,1,2024
ORD105582,CUST916,2024-01-18,Sports,Yoga Mat,480.3,2.0,India,Upi,Website,Delivered,960.6,2024-01,1,2024
ORD100102,CUST1157,2024-01-21,Fashion,Sunglasses,888.0,1.0,India,Credit Card,Mobile App,Cancelled,888.0,2024-01,1,2024
ORD103858,CUST767,2024-07-15,Beauty,Makeup Brush Kit,289.65,1.0,India,Credit Card,Website,Delivered,289.65,2024-07,3,2024
ORD101500,CUST1579,2024-07-23,Electronics,Wireless Earbuds,4358.41,1.0,United Kingdom,Upi,Mobile App,Delivered,4358.41,2024-07,3,2024
ORD101309,CUST1442,2024-06-19,Home & Kitchen,Air Fryer,1947.67,4.0,India,Credit Card,Mobile App,Delivered,7790.68,2024-06,2,2024
ORD102811,CUST962,2024-08-22,Toys,Board Game,1865.18,1.0,India,Cod,Mobile App,Delivered,1865.18,2024-08,3,2024
ORD101972,CUST1550,2024-03-10,Electronics,Bluetooth Speaker,830.12,1.0,India,Debit Card,Website,Delivered,830.12,2024-03,1,2024
ORD105306,CUST440,2024-02-24,Sports,Cycling Gloves,2143.22,1.0,India,Unknown,Website,Delivered,2143.22,2024-02,1,2024
ORD105594,CUST198,2024-03-12,Fashion,Denim Jacket,1156.43,1.0,India,Net Banking,Website,Delivered,1156.43,2024-03,1,2024
ORD105566,CUST1698,2024-01-03,Beauty,Lip Balm Set,944.3,1.0,United Kingdom,Credit Card,Marketplace,Delivered,944.3,2024-01,1,2024
ORD103710,CUST836,2024-04-23,Beauty,Hair Dryer,812.17,1.0,India,Credit Card,Mobile App,Delivered,812.17,2024-04,2,2024
ORD103812,CUST1090,2024-07-28,Electronics,Smartwatch,2960.95,1.0,United States,Credit Card,Website,Delivered,2960.95,2024-07,3,2024
ORD102150,CUST276,2024-06-01,Electronics,Phone Case,3106.13,1.0,United Kingdom,Credit Card,Mobile App,Delivered,3106.13,2024-06,2,2024
ORD100307,CUST48,2024-03-28,Electronics,Bluetooth Speaker,2874.07,1.0,India,Cod,Website,Delivered,2874.07,2024-03,1,2024
ORD102891,CUST22,2024-04-03,Toys,Building Blocks Set,1759.49,1.0,India,Credit Card,Website,Cancelled,1759.49,2024-04,2,2024
ORD105786,CUST1433,2024-01-06,Sports,Cycling Gloves,358.71,1.0,India,Credit Card,Website,Delivered,358.71,2024-01,1,2024
ORD102454,CUST521,2024-02-15,Home & Kitchen,LED Desk Lamp,340.87,2.0,India,Upi,Marketplace,Delivered,681.74,2024-02,1,2024
ORD103396,CUST97,2024-02-13,Fashion,Sunglasses,557.56,1.0,Uae,Upi,Mobile App,Delivered,557.56,2024-02,1,2024
ORD100165,CUST1093,2024-02-11,Electronics,Wireless Earbuds,2894.16,1.0,Germany,Net Banking,Website,Delivered,2894.16,2024-02,1,2024
ORD104939,CUST1375,2024-06-05,Toys,Puzzle 1000pc,552.67,2.0,France,Paypal,Website,Delivered,1105.34,2024-06,2,2024
ORD105866,CUST429,2024-04-05,Electronics,Bluetooth Speaker,3665.89,1.0,India,Credit Card,Website,Delivered,3665.89,2024-04,2,2024
ORD100947,CUST712,2024-07-24,Home & Kitchen,Blender,1947.67,2.0,United States,Upi,Website,Delivered,3895.34,2024-07,3,2024
ORD102536,CUST1284,2024-09-15,Fashion,Running Shoes,1003.4,1.0,United Kingdom,Upi,Website,Returned,1003.4,2024-09,3,2024
ORD101632,CUST1411,2024-04-09,Fashion,Cotton T-Shirt,435.13,1.0,India,Debit Card,Website,Delivered,435.13,2024-04,2,2024
ORD100334,CUST92,2024-03-16,Beauty,Makeup Brush Kit,405.95,1.0,Germany,Debit Card,Mobile App,Returned,405.95,2024-03,1,2024
ORD103974,CUST26,2024-07-29,Fashion,Cotton T-Shirt,1834.54,1.0,United States,Debit Card,Marketplace,Delivered,1834.54,2024-07,3,2024
ORD100015,CUST816,2024-01-22,Sports,Resistance Bands,1711.51,1.0,India,Paypal,Mobile App,Cancelled,1711.51,2024-01,1,2024
ORD105276,CUST1637,2024-04-09,Beauty,Face Serum,812.17,1.0,India,Net Banking,Mobile App,Delivered,812.17,2024-04,2,2024
ORD105549,CUST784,2024-07-07,Fashion,Denim Jacket,487.84,2.0,United Kingdom,Net Banking,Mobile App,Delivered,975.68,2024-07,3,2024
ORD103619,CUST340,2024-03-05,Fashion,Denim Jacket,1908.31,1.0,Uae,Unknown,Mobile App,Delivered,1908.31,2024-03,1,2024
ORD101517,CUST880,2024-06-25,Toys,Building Blocks Set,1854.56,3.0,United States,Credit Card,Mobile App,Delivered,5563.68,2024-06,2,2024
ORD103630,CUST1357,2024-05-21,Beauty,Sunscreen SPF50,200.09,1.0,India,Upi,Marketplace,Delivered,200.09,2024-05,2,2024
ORD104744,CUST695,2024-06-09,Home & Kitchen,Storage Containers,3163.08,1.0,United States,Upi,Mobile App,Delivered,3163.08,2024-06,2,2024
ORD100924,CUST1084,2024-01-28,Beauty,Sunscreen SPF50,604.7,2.0,India,Cod,Website,Delivered,1209.4,2024-01,1,2024
ORD101775,CUST283,2024-04-23,Electronics,Smartwatch,3155.64,2.0,Uae,Credit Card,Website,Delivered,6311.28,2024-04,2,2024
ORD103862,CUST86,2024-07-29,Home & Kitchen,Air Fryer,1391.99,4.0,India,Cod,Website,Delivered,5567.96,2024-07,3,2024
ORD105647,CUST1674,2024-03-04,Fashion,Cotton T-Shirt,1015.7,1.0,United Kingdom,Upi,Marketplace,Delivered,1015.7,2024-03,1,2024
ORD101802,CUST348,2024-08-22,Home & Kitchen,Blender,3113.31,3.0,Germany,Credit Card,Mobile App,Returned,9339.93,2024-08,3,2024
ORD104932,CUST1251,2024-03-28,Home & Kitchen,Non-stick Pan Set,2725.18,1.0,United States,Upi,Marketplace,Delivered,2725.18,2024-03,1,2024
ORD105986,CUST1610,2024-04-08,Electronics,Phone Case,2843.41,1.0,United Kingdom,Credit Card,Marketplace,Delivered,2843.41,2024-04,2,2024
ORD104907,CUST213,2024-02-26,Sports,Water Bottle,651.92,1.0,India,Credit Card,Website,Returned,651.92,2024-02,1,2024
ORD100677,CUST966,2024-07-07,Electronics,Wireless Earbuds,1162.36,1.0,India,Debit Card,Website,Delivered,1162.36,2024-07,3,2024
ORD104532,CUST1193,2024-04-22,Electronics,Bluetooth Speaker,3701.03,1.0,United States,Credit Card,Marketplace,Delivered,3701.03,2024-04,2,2024
ORD105171,CUST1358,2024-06-10,Beauty,Lip Balm Set,995.56,1.0,,Net Banking,Marketplace,Delivered,995.56,2024-06,2,2024
ORD104748,CUST796,2024-02-29,Sports,Water Bottle,846.49,1.0,India,Unknown,Marketplace,Delivered,846.49,2024-02,1,2024
ORD105049,CUST789,2024-09-12,Toys,Building Blocks Set,1004.86,1.0,United States,Credit Card,Website,Delivered,1004.86,2024-09,3,2024
ORD100957,CUST271,2024-04-07,Beauty,Hair Dryer,1169.62,1.0,United Kingdom,Debit Card,Website,Delivered,1169.62,2024-04,2,2024
ORD105242,CUST1149,2024-09-11,Home & Kitchen,Storage Containers,1235.03,1.0,United States,Credit Card,Mobile App,Delivered,1235.03,2024-09,3,2024
ORD100919,CUST75,2024-07-06,Fashion,Cotton T-Shirt,1913.34,2.0,United Kingdom,Debit Card,Mobile App,Delivered,3826.68,2024-07,3,2024
ORD100304,CUST1114,2024-04-26,Fashion,Sunglasses,1565.9,1.0,India,Upi,Website,Delivered,1565.9,2024-04,2,2024
ORD102911,CUST1760,2024-07-17,Electronics,Smartwatch,3708.45,1.0,India,Upi,Website,Returned,3708.45,2024-07,3,2024
ORD103591,CUST557,2024-09-02,Electronics,Phone Case,4832.88,4.0,Germany,Credit Card,Website,Returned,19331.52,2024-09,3,2024
ORD103637,CUST93,2024-05-16,Home & Kitchen,Storage Containers,1415.55,2.0,India,Cod,Website,Delivered,2831.1,2024-05,2,2024
ORD102083,CUST1270,2024-09-07,Toys,Puzzle 1000pc,285.12,1.0,Uae,Credit Card,Marketplace,Delivered,285.12,2024-09,3,2024
ORD101364,CUST1053,2024-03-27,Toys,Building Blocks Set,1704.77,1.0,United States,Cod,Mobile App,Returned,1704.77,2024-03,1,2024
ORD103543,CUST1588,2024-02-20,Fashion,Sunglasses,2356.65,2.0,,Cod,Website,Cancelled,4713.3,2024-02,1,2024
ORD102371,CUST304,2024-04-29,Books,Cookbook,588.99,2.0,United States,Upi,Mobile App,Delivered,1177.98,2024-04,2,2024
ORD103270,CUST1575,2024-07-16,Home & Kitchen,Air Fryer,381.02,3.0,United States,Credit Card,Website,Delivered,1143.06,2024-07,3,2024
ORD102114,CUST593,2024-05-25,Electronics,Wireless Earbuds,1137.03,1.0,India,Credit Card,Website,Delivered,1137.03,2024-05,2,2024
ORD103546,CUST607,2024-07-24,Fashion,Denim Jacket,2676.0,1.0,India,Net Banking,Website,Delivered,2676.0,2024-07,3,2024
ORD101557,CUST1034,2024-08-05,Home & Kitchen,Storage Containers,1570.54,1.0,India,Debit Card,Marketplace,Delivered,1570.54,2024-08,3,2024
ORD104819,CUST100,2024-06-02,Electronics,USB-C Cable,1108.11,1.0,United States,Cod,Mobile App,Delivered,1108.11,2024-06,2,2024
ORD103105,CUST1609,2024-04-06,Electronics,Wireless Earbuds,2439.51,1.0,France,Debit Card,Website,Returned,2439.51,2024-04,2,2024
ORD105642,CUST1584,2024-08-15,Home & Kitchen,Blender,2175.35,1.0,France,Net Banking,Marketplace,Delivered,2175.35,2024-08,3,2024
ORD100545,CUST26,2024-07-11,Beauty,Hair Dryer,1153.57,1.0,France,Credit Card,Website,Delivered,1153.57,2024-07,3,2024
ORD101126,CUST1399,2024-02-13,Electronics,USB-C Cable,2718.82,4.0,India,Credit Card,Website,Cancelled,10875.28,2024-02,1,2024
ORD103597,CUST505,2024-04-10,Home & Kitchen,Non-stick Pan Set,2684.52,1.0,United Kingdom,Credit Card,Website,Delivered,2684.52,2024-04,2,2024
ORD102552,CUST1169,2024-05-28,Fashion,Sunglasses,2342.53,5.0,United Kingdom,Cod,Mobile App,Delivered,11712.650000000001,2024-05,2,2024
ORD105793,CUST226,2024-01-08,Beauty,Face Serum,538.94,1.0,India,Net Banking,Mobile App,Delivered,538.94,2024-01,1,2024
ORD104877,CUST128,2024-03-29,Home & Kitchen,Air Fryer,1964.07,2.0,India,Cod,Mobile App,Delivered,3928.14,2024-03,1,2024
ORD100699,CUST653,2024-01-14,Electronics,Bluetooth Speaker,669.72,3.0,India,Debit Card,Marketplace,Delivered,2009.16,2024-01,1,2024
ORD100499,CUST680,2024-01-02,Home & Kitchen,LED Desk Lamp,3037.06,1.0,United States,Debit Card,Mobile App,Delivered,3037.06,2024-01,1,2024
ORD102246,CUST1394,2024-02-03,Electronics,Wireless Earbuds,3360.71,1.0,India,Debit Card,Marketplace,Delivered,3360.71,2024-02,1,2024
ORD105131,CUST1451,2024-02-05,Electronics,Bluetooth Speaker,3130.52,1.0,India,Cod,Mobile App,Delivered,3130.52,2024-02,1,2024
ORD103952,CUST1751,2024-09-06,Home & Kitchen,LED Desk Lamp,2564.4,1.0,India,Cod,Mobile App,Delivered,2564.4,2024-09,3,2024
ORD100261,CUST826,2024-07-05,Fashion,Sunglasses,395.3,1.0,India,Paypal,Website,Delivered,395.3,2024-07,3,2024
ORD104957,CUST846,2024-08-17,Home & Kitchen,LED Desk Lamp,518.5,4.0,India,Upi,Mobile App,Delivered,2074.0,2024-08,3,2024
ORD100406,CUST1561,2024-09-17,Fashion,Running Shoes,1557.81,1.0,United States,Credit Card,Mobile App,Delivered,1557.81,2024-09,3,2024
ORD101538,CUST1404,2024-06-29,Electronics,Power Bank,4323.6,2.0,India,Paypal,Marketplace,Delivered,8647.2,2024-06,2,2024
ORD105090,CUST1008,2024-04-26,Electronics,USB-C Cable,2623.78,1.0,Germany,Cod,Mobile App,Delivered,2623.78,2024-04,2,2024
ORD102073,CUST1142,2024-09-14,Electronics,USB-C Cable,4689.96,2.0,India,Paypal,Website,Delivered,9379.92,2024-09,3,2024
ORD102019,UNKNOWN,2024-06-10,Sports,Resistance Bands,757.97,1.0,India,Credit Card,Marketplace,Delivered,757.97,2024-06,2,2024
ORD102195,CUST27,2024-03-23,Toys,Puzzle 1000pc,1282.56,1.0,Uae,Credit Card,Website,Delivered,1282.56,2024-03,1,2024
ORD104973,CUST893,2024-09-19,Home & Kitchen,Blender,1672.57,1.0,United Kingdom,Debit Card,Mobile App,Delivered,1672.57,2024-09,3,2024
ORD101260,CUST1168,2024-07-07,Sports,Resistance Bands,1373.83,1.0,India,Debit Card,Mobile App,Delivered,1373.83,2024-07,3,2024
ORD105381,CUST66,2024-08-26,Electronics,Smartwatch,2979.44,3.0,India,Upi,Website,Delivered,8938.32,2024-08,3,2024
ORD103277,CUST1474,2024-05-15,Beauty,Makeup Brush Kit,1378.56,2.0,France,Debit Card,Mobile App,Delivered,2757.12,2024-05,2,2024
ORD102496,CUST1098,2024-09-13,Electronics,Phone Case,4218.3,1.0,United Kingdom,Cod,Marketplace,Delivered,4218.3,2024-09,3,2024
ORD104424,CUST1356,2024-03-07,Books,Self-Help Guide,477.46,1.0,United Kingdom,Net Banking,Mobile App,Delivered,477.46,2024-03,1,2024
ORD105890,UNKNOWN,2024-02-11,Electronics,Wireless Earbuds,4100.13,3.0,Germany,Credit Card,Website,Delivered,12300.39,2024-02,1,2024
ORD100860,CUST515,2024-07-20,Sports,Resistance Bands,1601.76,1.0,India,Credit Card,Website,Delivered,1601.76,2024-07,3,2024
ORD100544,CUST852,2024-08-08,Home & Kitchen,Non-stick Pan Set,1430.13,1.0,France,Cod,Marketplace,Delivered,1430.13,2024-08,3,2024
ORD101325,CUST295,2024-03-23,Home & Kitchen,Non-stick Pan Set,651.56,1.0,India,Unknown,Website,Delivered,651.56,2024-03,1,2024
ORD102160,CUST476,2024-06-01,Fashion,Denim Jacket,1165.48,4.0,United States,Credit Card,Mobile App,Delivered,4661.92,2024-06,2,2024
ORD100421,CUST1214,2024-04-21,Home & Kitchen,LED Desk Lamp,687.39,2.0,United States,Upi,Website,Delivered,1374.78,2024-04,2,2024
ORD104536,CUST567,2024-05-14,Books,Cookbook,646.34,1.0,France,Credit Card,Marketplace,Delivered,646.34,2024-05,2,2024
ORD105957,CUST1431,2024-05-04,Toys,Puzzle 1000pc,342.36,1.0,Germany,Net Banking,Mobile App,Delivered,342.36,2024-05,2,2024
ORD102541,CUST762,2024-04-27,Fashion,Sunglasses,1354.93,1.0,Uae,Credit Card,Website,Delivered,1354.93,2024-04,2,2024
ORD103931,CUST1243,2024-01-01,Fashion,Leather Wallet,1356.67,1.0,United Kingdom,Credit Card,Mobile App,Delivered,1356.67,2024-01,1,2024
ORD104459,CUST1429,2024-04-03,Sports,Yoga Mat,893.87,4.0,France,Debit Card,Mobile App,Delivered,3575.48,2024-04,2,2024
ORD104755,CUST490,2024-05-14,Electronics,Phone Case,1150.57,3.0,United States,Credit Card,Website,Delivered,3451.71,2024-05,2,2024
ORD103028,CUST1556,2024-07-08,Beauty,Lip Balm Set,397.85,2.0,United States,Debit Card,Website,Delivered,795.7,2024-07,3,2024
ORD105108,CUST1594,2024-07-20,Beauty,Lip Balm Set,615.34,1.0,India,Credit Card,Marketplace,Delivered,615.34,2024-07,3,2024
ORD102490,CUST1512,2024-09-25,Toys,RC Car,1009.47,1.0,India,Upi,Website,Delivered,1009.47,2024-09,3,2024
ORD105481,CUST1429,2024-04-01,Books,Self-Help Guide,780.17,1.0,Uae,Net Banking,Marketplace,Returned,780.17,2024-04,2,2024
ORD105652,CUST550,2024-07-22,Electronics,Smartwatch,4667.6,1.0,India,Credit Card,Mobile App,Delivered,4667.6,2024-07,3,2024
ORD104645,CUST624,2024-09-24,Fashion,Cotton T-Shirt,2958.82,1.0,India,Upi,Marketplace,Delivered,2958.82,2024-09,3,2024
ORD105160,CUST1405,2024-03-22,Electronics,Power Bank,1363.11,2.0,India,Debit Card,Website,Returned,2726.22,2024-03,1,2024
ORD104070,UNKNOWN,2024-08-13,Sports,Water Bottle,222.23,5.0,France,Upi,Mobile App,Delivered,1111.1499999999999,2024-08,3,2024
ORD101943,CUST525,2024-05-22,Electronics,Smartwatch,1048.36,3.0,India,Debit Card,Mobile App,Delivered,3145.08,2024-05,2,2024
ORD103137,CUST120,2024-05-24,Electronics,Phone Case,3570.9,1.0,France,Upi,Website,Delivered,3570.9,2024-05,2,2024
ORD105641,CUST997,2024-08-23,Electronics,Wireless Earbuds,4009.21,1.0,India,Upi,Marketplace,Returned,4009.21,2024-08,3,2024
ORD101416,CUST546,2024-05-16,Electronics,Power Bank,2632.99,1.0,United States,Upi,Mobile App,Delivered,2632.99,2024-05,2,2024
ORD104609,CUST1019,2024-07-23,Home & Kitchen,Non-stick Pan Set,2482.41,1.0,United States,Debit Card,Mobile App,Delivered,2482.41,2024-07,3,2024
ORD100532,CUST233,2024-07-01,Home & Kitchen,Storage Containers,1245.41,1.0,India,Credit Card,Website,Delivered,1245.41,2024-07,3,2024
ORD100688,CUST1409,2024-07-16,Fashion,Denim Jacket,1651.89,1.0,India,Cod,Mobile App,Delivered,1651.89,2024-07,3,2024
ORD104626,CUST1537,2024-09-02,Books,Fiction Bestseller,362.66,1.0,Uae,Credit Card,Mobile App,Delivered,362.66,2024-09,3,2024
ORD101681,CUST940,2024-06-17,Books,Self-Help Guide,311.77,1.0,United Kingdom,Credit Card,Website,Delivered,311.77,2024-06,2,2024
ORD105128,UNKNOWN,2024-09-02,Sports,Water Bottle,1905.45,2.0,India,Upi,Website,Cancelled,3810.9,2024-09,3,2024
ORD104975,CUST307,2024-02-19,Fashion,Running Shoes,833.41,1.0,India,Upi,Website,Delivered,833.41,2024-02,1,2024
ORD101757,UNKNOWN,2024-06-12,Fashion,Leather Wallet,1479.57,1.0,India,Debit Card,Marketplace,Delivered,1479.57,2024-06,2,2024
ORD104831,CUST139,2024-05-13,Home & Kitchen,Blender,2646.29,2.0,India,Net Banking,Marketplace,Delivered,5292.58,2024-05,2,2024
ORD105068,CUST595,2024-09-15,Books,Cookbook,205.29,1.0,United States,Debit Card,Mobile App,Cancelled,205.29,2024-09,3,2024
ORD100068,UNKNOWN,2024-01-26,Books,Self-Help Guide,441.6,5.0,India,Net Banking,Website,Delivered,2208.0,2024-01,1,2024
ORD102037,CUST912,2024-04-15,Electronics,Wireless Earbuds,1084.3,2.0,India,Upi,Website,Delivered,2168.6,2024-04,2,2024
ORD105365,CUST604,2024-01-22,Home & Kitchen,Blender,1969.18,1.0,United States,Cod,Mobile App,Delivered,1969.18,2024-01,1,2024
ORD102524,CUST1267,2024-08-21,Sports,Water Bottle,204.47,1.0,United Kingdom,Upi,Website,Delivered,204.47,2024-08,3,2024
ORD102810,CUST1617,2024-09-02,Fashion,Denim Jacket,2567.99,1.0,United States,Credit Card,Mobile App,Delivered,2567.99,2024-09,3,2024
ORD104512,CUST126,2024-06-29,Electronics,Wireless Earbuds,1036.26,2.0,United Kingdom,Debit Card,Mobile App,Delivered,2072.52,2024-06,2,2024
ORD103505,CUST56,2024-04-17,Sports,Dumbbell Set,1807.86,1.0,India,Credit Card,Website,Delivered,1807.86,2024-04,2,2024
ORD100671,CUST122,2024-03-24,Toys,RC Car,1935.1,1.0,India,Credit Card,Website,Delivered,1935.1,2024-03,1,2024
ORD102448,CUST1592,2024-04-14,Books,Fiction Bestseller,167.16,2.0,India,Debit Card,Website,Cancelled,334.32,2024-04,2,2024
ORD101747,CUST899,2024-09-03,Electronics,Power Bank,4086.32,1.0,United States,Credit Card,Website,Delivered,4086.32,2024-09,3,2024
ORD101188,CUST609,2024-05-06,Home & Kitchen,LED Desk Lamp,1616.28,1.0,India,Credit Card,Marketplace,Delivered,1616.28,2024-05,2,2024
ORD100561,CUST1109,2024-09-08,Books,Self-Help Guide,648.18,1.0,Germany,Upi,Mobile App,Delivered,648.18,2024-09,3,2024
ORD101373,CUST691,2024-03-14,Fashion,Leather Wallet,2344.45,1.0,India,Cod,Website,Delivered,2344.45,2024-03,1,2024
ORD104474,CUST912,2024-08-17,Toys,RC Car,1625.71,2.0,Germany,Paypal,Website,Cancelled,3251.42,2024-08,3,2024
ORD102051,CUST957,2024-04-25,Fashion,Sunglasses,1872.95,1.0,India,Credit Card,Mobile App,Delivered,1872.95,2024-04,2,2024
ORD102462,CUST12,2024-03-10,Electronics,USB-C Cable,867.66,1.0,France,Credit Card,Mobile App,Delivered,867.66,2024-03,1,2024
ORD100320,CUST709,2024-06-10,Toys,RC Car,249.4,2.0,India,Credit Card,Website,Delivered,498.8,2024-06,2,2024
ORD105716,CUST26,2024-05-07,Electronics,Phone Case,2918.16,2.0,India,Debit Card,Marketplace,Delivered,5836.32,2024-05,2,2024
ORD100135,CUST743,2024-06-30,Toys,Puzzle 1000pc,1013.49,2.0,India,Credit Card,Mobile App,Cancelled,2026.98,2024-06,2,2024
ORD100411,CUST1424,2024-08-14,Electronics,Power Bank,2512.08,2.0,United States,Upi,Mobile App,Delivered,5024.16,2024-08,3,2024
ORD105982,CUST327,2024-01-10,Fashion,Denim Jacket,609.44,1.0,United States,Upi,Website,Delivered,609.44,2024-01,1,2024
ORD102015,UNKNOWN,2024-02-13,Home & Kitchen,Storage Containers,3247.07,2.0,United States,Upi,Mobile App,Returned,6494.14,2024-02,1,2024
ORD104606,CUST1161,2024-07-18,Fashion,Denim Jacket,224.61,2.0,India,Upi,Mobile App,Delivered,449.22,2024-07,3,2024
ORD104465,CUST1752,2024-01-09,Beauty,Makeup Brush Kit,1438.58,1.0,United Kingdom,Credit Card,Marketplace,Delivered,1438.58,2024-01,1,2024
ORD100751,CUST1740,2024-04-19,Electronics,USB-C Cable,1450.3,4.0,Germany,Net Banking,Mobile App,Delivered,5801.2,2024-04,2,2024
ORD103362,CUST1142,2024-09-23,Toys,Board Game,1453.97,1.0,United States,Cod,Website,Delivered,1453.97,2024-09,3,2024
ORD103928,CUST1684,2024-02-21,Electronics,Smartwatch,3180.04,1.0,United States,Debit Card,Website,Delivered,3180.04,2024-02,1,2024
ORD100321,CUST1707,2024-03-10,Sports,Yoga Mat,1852.05,1.0,India,Credit Card,Marketplace,Delivered,1852.05,2024-03,1,2024
ORD105367,CUST1048,2024-07-08,Home & Kitchen,Storage Containers,2263.62,1.0,United States,Debit Card,Website,Cancelled,2263.62,2024-07,3,2024
ORD103215,CUST27,2024-01-10,Home & Kitchen,Air Fryer,2932.95,1.0,United States,Debit Card,Website,Cancelled,2932.95,2024-01,1,2024
ORD100399,CUST774,2024-04-13,Fashion,Leather Wallet,1967.32,1.0,India,Upi,Mobile App,Delivered,1967.32,2024-04,2,2024
ORD102668,CUST539,2024-05-17,Electronics,Bluetooth Speaker,1301.09,1.0,United States,Cod,Mobile App,Delivered,1301.09,2024-05,2,2024
ORD102820,CUST1128,2024-06-24,Home & Kitchen,Air Fryer,2392.28,2.0,Germany,Credit Card,Marketplace,Returned,4784.56,2024-06,2,2024
ORD100605,CUST491,2024-09-10,Fashion,Leather Wallet,2234.89,1.0,India,Upi,Mobile App,Delivered,2234.89,2024-09,3,2024
ORD104678,CUST1122,2024-06-17,Electronics,Power Bank,3169.81,1.0,India,Upi,Website,Delivered,3169.81,2024-06,2,2024
ORD102693,CUST608,2024-01-18,Electronics,Power Bank,2580.68,3.0,United Kingdom,Debit Card,Marketplace,Returned,7742.039999999999,2024-01,1,2024
ORD102933,CUST925,2024-03-24,Electronics,Smartwatch,3658.45,2.0,France,Upi,Mobile App,Delivered,7316.9,2024-03,1,2024
ORD100167,UNKNOWN,2024-05-19,Electronics,Smartwatch,4591.55,1.0,India,Net Banking,Mobile App,Delivered,4591.55,2024-05,2,2024
ORD101396,CUST1335,2024-01-21,Fashion,Sunglasses,1342.58,2.0,Uae,Upi,Mobile App,Delivered,2685.16,2024-01,1,2024
ORD105835,CUST579,2024-09-16,Home & Kitchen,Storage Containers,463.29,4.0,India,Debit Card,Mobile App,Delivered,1853.16,2024-09,3,2024
ORD105411,CUST1681,2024-01-22,Home & Kitchen,Storage Containers,1404.34,1.0,India,Credit Card,Mobile App,Delivered,1404.34,2024-01,1,2024
ORD100977,CUST1136,2024-03-29,Sports,Dumbbell Set,2102.76,1.0,United States,Upi,Website,Delivered,2102.76,2024-03,1,2024
ORD105340,CUST94,2024-06-29,Home & Kitchen,Air Fryer,2821.28,1.0,France,Upi,Website,Returned,2821.28,2024-06,2,2024
ORD101433,CUST1157,2024-09-16,Toys,Building Blocks Set,622.72,5.0,India,Debit Card,Marketplace,Delivered,3113.6000000000004,2024-09,3,2024
ORD105944,CUST43,2024-09-07,Home & Kitchen,Storage Containers,484.15,1.0,India,Upi,Marketplace,Delivered,484.15,2024-09,3,2024
ORD103260,CUST577,2024-02-06,Electronics,Power Bank,3765.21,1.0,United States,Debit Card,Website,Delivered,3765.21,2024-02,1,2024
ORD104195,CUST1386,2024-04-28,Fashion,Running Shoes,1288.21,1.0,India,Upi,Website,Cancelled,1288.21,2024-04,2,2024
ORD105592,CUST846,2024-05-10,Books,Self-Help Guide,262.72,1.0,United States,Upi,Website,Delivered,262.72,2024-05,2,2024
ORD104950,CUST1767,2024-02-01,Books,Cookbook,686.91,2.0,Germany,Cod,Mobile App,Delivered,1373.82,2024-02,1,2024
ORD102036,CUST32,2024-03-11,Electronics,Bluetooth Speaker,3775.05,1.0,India,Upi,Website,Returned,3775.05,2024-03,1,2024
ORD104857,CUST301,2024-07-20,Electronics,Power Bank,3814.07,1.0,,Credit Card,Mobile App,Delivered,3814.07,2024-07,3,2024
ORD104042,UNKNOWN,2024-07-29,Fashion,Sunglasses,2098.06,1.0,United States,Upi,Website,Delivered,2098.06,2024-07,3,2024
ORD101210,CUST1666,2024-09-09,Books,Self-Help Guide,104.47,1.0,India,Upi,Mobile App,Delivered,104.47,2024-09,3,2024
ORD104162,CUST1778,2024-06-11,Fashion,Cotton T-Shirt,2300.64,1.0,,Upi,Marketplace,Delivered,2300.64,2024-06,2,2024
ORD101669,CUST37,2024-02-01,Fashion,Running Shoes,1312.65,1.0,Germany,Upi,Website,Delivered,1312.65,2024-02,1,2024
ORD102821,CUST1313,2024-06-16,Electronics,Smartwatch,4054.2,3.0,India,Credit Card,Mobile App,Cancelled,12162.599999999999,2024-06,2,2024
ORD102864,CUST253,2024-03-02,Electronics,Smartwatch,2241.5,5.0,United Kingdom,Upi,Website,Delivered,11207.5,2024-03,1,2024
ORD101965,CUST1266,2024-07-16,Books,Cookbook,239.72,1.0,India,Net Banking,Marketplace,Delivered,239.72,2024-07,3,2024
ORD103797,CUST1477,2024-04-20,Electronics,USB-C Cable,4438.84,1.0,Germany,Upi,Website,Delivered,4438.84,2024-04,2,2024
ORD102638,CUST623,2024-04-13,Sports,Dumbbell Set,1309.69,1.0,United States,Net Banking,Marketplace,Delivered,1309.69,2024-04,2,2024
ORD102172,CUST627,2024-04-05,Beauty,Face Serum,980.45,2.0,United States,Cod,Website,Delivered,1960.9,2024-04,2,2024
ORD103322,CUST124,2024-05-21,Fashion,Running Shoes,1083.62,1.0,India,Upi,Website,Cancelled,1083.62,2024-05,2,2024
ORD104318,CUST1482,2024-02-05,Fashion,Cotton T-Shirt,631.76,2.0,Germany,Cod,Website,Delivered,1263.52,2024-02,1,2024
ORD104300,CUST798,2024-06-10,Fashion,Cotton T-Shirt,1270.06,4.0,India,Credit Card,Marketplace,Delivered,5080.24,2024-06,2,2024
ORD103187,CUST717,2024-01-03,Beauty,Lip Balm Set,417.51,1.0,India,Upi,Website,Returned,417.51,2024-01,1,2024
ORD103366,CUST246,2024-05-14,Electronics,USB-C Cable,4544.69,5.0,India,Net Banking,Website,Delivered,22723.449999999997,2024-05,2,2024
ORD104786,UNKNOWN,2024-01-28,Electronics,Smartwatch,3769.28,3.0,United Kingdom,Unknown,Website,Delivered,11307.84,2024-01,1,2024
ORD101931,CUST1062,2024-09-22,Sports,Cycling Gloves,2217.97,1.0,India,Credit Card,Website,Cancelled,2217.97,2024-09,3,2024
ORD105871,CUST1563,2024-05-12,Books,Fiction Bestseller,566.62,1.0,United Kingdom,Upi,Website,Delivered,566.62,2024-05,2,2024
ORD105500,CUST1604,2024-08-21,Home & Kitchen,Air Fryer,2256.24,5.0,United States,Debit Card,Website,Delivered,11281.199999999999,2024-08,3,2024
ORD101328,CUST1397,2024-09-28,Electronics,USB-C Cable,2817.83,2.0,France,Upi,Marketplace,Delivered,5635.66,2024-09,3,2024
ORD103371,CUST96,2024-01-15,Home & Kitchen,Air Fryer,1890.01,2.0,United States,Upi,Marketplace,Delivered,3780.02,2024-01,1,2024
ORD104713,CUST1011,2024-06-21,Fashion,Sunglasses,2897.65,2.0,United States,Paypal,Marketplace,Delivered,5795.3,2024-06,2,2024
ORD102401,CUST130,2024-01-26,Beauty,Hair Dryer,342.84,1.0,,Credit Card,Mobile App,Delivered,342.84,2024-01,1,2024
ORD101039,CUST66,2024-02-07,Fashion,Running Shoes,1567.2,3.0,United States,Paypal,Mobile App,Delivered,4701.6,2024-02,1,2024
ORD100046,CUST6,2024-04-03,Fashion,Leather Wallet,1594.03,4.0,India,Upi,Website,Delivered,6376.12,2024-04,2,2024
ORD102859,CUST113,2024-09-06,Toys,Board Game,1021.41,2.0,United Kingdom,Upi,Marketplace,Delivered,2042.82,2024-09,3,2024
ORD104647,CUST606,2024-08-30,Home & Kitchen,Air Fryer,1179.15,1.0,India,Debit Card,Website,Delivered,1179.15,2024-08,3,2024
ORD105380,CUST40,2024-03-13,Beauty,Sunscreen SPF50,857.08,2.0,United Kingdom,Debit Card,Mobile App,Returned,1714.16,2024-03,1,2024
ORD105382,CUST646,2024-01-24,Electronics,Phone Case,598.82,1.0,United States,Cod,Mobile App,Cancelled,598.82,2024-01,1,2024
ORD104005,CUST765,2024-02-02,Fashion,Denim Jacket,1007.36,1.0,France,Paypal,Mobile App,Delivered,1007.36,2024-02,1,2024
ORD100271,CUST950,2024-08-08,Electronics,Power Bank,2017.9,1.0,India,Debit Card,Website,Delivered,2017.9,2024-08,3,2024
ORD102985,CUST834,2024-09-21,Toys,Board Game,1707.33,1.0,India,Credit Card,Website,Delivered,1707.33,2024-09,3,2024
ORD102905,CUST346,2024-05-01,Beauty,Lip Balm Set,782.19,1.0,United States,Credit Card,Mobile App,Delivered,782.19,2024-05,2,2024
ORD103234,CUST795,2024-03-31,Electronics,Smartwatch,4076.0,1.0,Germany,Net Banking,Mobile App,Delivered,4076.0,2024-03,1,2024
ORD104843,CUST852,2024-02-08,Fashion,Running Shoes,1998.32,2.0,Uae,Credit Card,Mobile App,Delivered,3996.64,2024-02,1,2024
ORD102740,CUST955,2024-04-21,Books,Kids Picture Book,586.23,1.0,India,Credit Card,Mobile App,Cancelled,586.23,2024-04,2,2024
ORD104860,CUST1169,2024-08-26,Home & Kitchen,LED Desk Lamp,1472.34,1.0,India,Credit Card,Mobile App,Delivered,1472.34,2024-08,3,2024
ORD103475,CUST168,2024-07-10,Books,Kids Picture Book,174.48,2.0,United Kingdom,Cod,Website,Delivered,348.96,2024-07,3,2024
ORD100623,CUST522,2024-06-22,Sports,Resistance Bands,2104.42,1.0,United States,Paypal,Mobile App,Delivered,2104.42,2024-06,2,2024
ORD105773,CUST551,2024-09-02,Home & Kitchen,Non-stick Pan Set,2553.6,1.0,United States,Credit Card,Marketplace,Delivered,2553.6,2024-09,3,2024
ORD100436,UNKNOWN,2024-04-13,Sports,Resistance Bands,654.87,5.0,India,Debit Card,Mobile App,Delivered,3274.35,2024-04,2,2024
ORD102227,CUST556,2024-04-15,Home & Kitchen,LED Desk Lamp,1526.78,2.0,India,Credit Card,Website,Delivered,3053.56,2024-04,2,2024
ORD105621,CUST1535,2024-06-04,Toys,Board Game,1815.77,1.0,Uae,Paypal,Website,Delivered,1815.77,2024-06,2,2024
ORD101304,CUST1149,2024-02-27,Sports,Water Bottle,518.58,3.0,India,Cod,Mobile App,Delivered,1555.7400000000002,2024-02,1,2024
ORD101289,CUST535,2024-05-18,Home & Kitchen,Blender,1947.67,1.0,India,Credit Card,Marketplace,Cancelled,1947.67,2024-05,2,2024
ORD102366,CUST582,2024-02-19,Electronics,Phone Case,555.51,1.0,United States,Credit Card,Website,Delivered,555.51,2024-02,1,2024
ORD102301,CUST32,2024-02-11,Beauty,Makeup Brush Kit,981.94,1.0,India,Net Banking,Website,Delivered,981.94,2024-02,1,2024
ORD101896,CUST102,2024-06-07,Home & Kitchen,Air Fryer,2281.0,3.0,United States,Debit Card,Website,Delivered,6843.0,2024-06,2,2024
ORD100287,CUST1239,2024-02-23,Sports,Dumbbell Set,1543.45,1.0,India,Credit Card,Website,Delivered,1543.45,2024-02,1,2024
ORD100733,CUST1151,2024-09-21,Electronics,Smartwatch,4826.5,2.0,United States,Cod,Mobile App,Delivered,9653.0,2024-09,3,2024
ORD104009,CUST81,2024-09-10,Electronics,Phone Case,824.27,1.0,France,Net Banking,Website,Delivered,824.27,2024-09,3,2024
ORD104735,CUST545,2024-01-27,Beauty,Sunscreen SPF50,226.37,1.0,India,Credit Card,Marketplace,Delivered,226.37,2024-01,1,2024
ORD100117,CUST1255,2024-01-07,Sports,Cycling Gloves,2238.19,1.0,United States,Upi,Website,Delivered,2238.19,2024-01,1,2024
ORD104342,CUST199,2024-08-09,Electronics,Power Bank,1937.64,1.0,India,Upi,Marketplace,Delivered,1937.64,2024-08,3,2024
ORD104186,CUST1758,2024-04-19,Electronics,USB-C Cable,657.43,1.0,India,Credit Card,Marketplace,Delivered,657.43,2024-04,2,2024
ORD102221,CUST1550,2024-08-21,Home & Kitchen,Blender,1947.67,4.0,India,Debit Card,Marketplace,Delivered,7790.68,2024-08,3,2024
ORD103369,CUST1118,2024-09-04,Electronics,USB-C Cable,2980.88,1.0,Germany,Credit Card,Mobile App,Cancelled,2980.88,2024-09,3,2024
ORD103054,CUST531,2024-01-09,Electronics,Phone Case,2663.29,1.0,India,Cod,Mobile App,Delivered,2663.29,2024-01,1,2024
ORD100147,CUST931,2024-06-04,Electronics,Power Bank,3541.8,2.0,United Kingdom,Credit Card,Mobile App,Delivered,7083.6,2024-06,2,2024
ORD105218,CUST505,2024-07-09,Fashion,Denim Jacket,2044.15,1.0,India,Credit Card,Mobile App,Delivered,2044.15,2024-07,3,2024
ORD104733,CUST479,2024-04-16,Toys,Board Game,333.82,1.0,,Debit Card,Mobile App,Delivered,333.82,2024-04,2,2024
ORD104768,CUST926,2024-01-17,Sports,Dumbbell Set,671.95,1.0,Uae,Upi,Mobile App,Returned,671.95,2024-01,1,2024
ORD101641,CUST707,2024-01-14,Beauty,Lip Balm Set,744.72,2.0,United States,Paypal,Mobile App,Returned,1489.44,2024-01,1,2024
ORD103930,CUST412,2024-02-17,Sports,Cycling Gloves,417.53,1.0,India,Upi,Marketplace,Delivered,417.53,2024-02,1,2024
ORD105035,CUST69,2024-05-20,Fashion,Sunglasses,1988.92,1.0,United Kingdom,Debit Card,Mobile App,Delivered,1988.92,2024-05,2,2024
ORD104160,CUST740,2024-08-22,Electronics,Bluetooth Speaker,3742.96,2.0,United States,Paypal,Marketplace,Delivered,7485.92,2024-08,3,2024
ORD102514,CUST875,2024-01-27,Toys,Building Blocks Set,1299.13,1.0,India,Debit Card,Mobile App,Delivered,1299.13,2024-01,1,2024
ORD101733,CUST737,2024-04-16,Electronics,USB-C Cable,775.52,3.0,United States,Credit Card,Mobile App,Delivered,2326.56,2024-04,2,2024
ORD103690,CUST1628,2024-01-04,Fashion,Sunglasses,2763.26,1.0,United States,Cod,Marketplace,Delivered,2763.26,2024-01,1,2024
ORD100108,CUST1006,2024-03-10,Home & Kitchen,LED Desk Lamp,3160.41,1.0,India,Credit Card,Mobile App,Delivered,3160.41,2024-03,1,2024
ORD104225,CUST1252,2024-02-28,Beauty,Hair Dryer,381.45,1.0,United Kingdom,Cod,Marketplace,Cancelled,381.45,2024-02,1,2024
ORD101942,CUST1188,2024-03-28,Toys,Board Game,383.69,1.0,United States,Net Banking,Website,Delivered,383.69,2024-03,1,2024
ORD105943,CUST4,2024-02-22,Home & Kitchen,Blender,3106.65,3.0,Germany,Cod,Mobile App,Delivered,9319.95,2024-02,1,2024
ORD102430,CUST272,2024-04-28,Fashion,Leather Wallet,2012.26,4.0,United States,Paypal,Website,Delivered,8049.04,2024-04,2,2024
ORD104148,CUST1165,2024-05-03,Fashion,Denim Jacket,699.06,1.0,,Credit Card,Mobile App,Delivered,699.06,2024-05,2,2024
ORD104058,CUST1328,2024-04-03,Beauty,Makeup Brush Kit,608.74,1.0,India,Debit Card,Mobile App,Delivered,608.74,2024-04,2,2024
ORD102829,CUST590,2024-07-06,Toys,Board Game,462.26,1.0,United States,Credit Card,Mobile App,Cancelled,462.26,2024-07,3,2024
ORD104519,CUST525,2024-08-29,Beauty,Sunscreen SPF50,407.13,1.0,India,Debit Card,Mobile App,Delivered,407.13,2024-08,3,2024
ORD102584,CUST1042,2024-02-19,Beauty,Sunscreen SPF50,842.11,1.0,France,Credit Card,Mobile App,Delivered,842.11,2024-02,1,2024
ORD102987,CUST497,2024-08-12,Electronics,Smartwatch,2629.07,1.0,India,Cod,Website,Cancelled,2629.07,2024-08,3,2024
ORD104368,CUST1413,2024-05-02,Toys,Board Game,1764.73,2.0,United Kingdom,Upi,Mobile App,Delivered,3529.46,2024-05,2,2024
ORD102624,CUST144,2024-06-17,Electronics,Power Bank,1929.11,1.0,France,Unknown,Mobile App,Delivered,1929.11,2024-06,2,2024
ORD105774,CUST988,2024-05-12,Electronics,Phone Case,4160.97,2.0,United Kingdom,Upi,Marketplace,Delivered,8321.94,2024-05,2,2024
ORD103723,CUST1436,2024-01-14,Fashion,Sunglasses,2292.16,1.0,India,Cod,Website,Returned,2292.16,2024-01,1,2024
ORD105505,UNKNOWN,2024-07-17,Beauty,Lip Balm Set,485.34,1.0,Germany,Credit Card,Website,Delivered,485.34,2024-07,3,2024
ORD100087,CUST801,2024-07-12,Toys,RC Car,307.11,1.0,Uae,Credit Card,Mobile App,Returned,307.11,2024-07,3,2024
ORD101801,CUST1405,2024-03-23,Sports,Dumbbell Set,1886.24,1.0,India,Upi,Marketplace,Delivered,1886.24,2024-03,1,2024
ORD104280,CUST557,2024-09-28,Sports,Cycling Gloves,474.99,3.0,United Kingdom,Credit Card,Website,Delivered,1424.97,2024-09,3,2024
ORD102769,CUST816,2024-07-20,Electronics,Bluetooth Speaker,4471.78,2.0,United States,Debit Card,Website,Delivered,8943.56,2024-07,3,2024
ORD105177,CUST1005,2024-05-14,Beauty,Lip Balm Set,1003.82,2.0,,Credit Card,Website,Delivered,2007.64,2024-05,2,2024
ORD101401,CUST570,2024-01-04,Electronics,Smartwatch,3409.96,1.0,India,Credit Card,Mobile App,Delivered,3409.96,2024-01,1,2024
ORD105069,CUST488,2024-06-05,Electronics,Smartwatch,2974.03,1.0,Uae,Debit Card,Mobile App,Delivered,2974.03,2024-06,2,2024
ORD105707,CUST1269,2024-09-23,Sports,Resistance Bands,1373.83,2.0,Germany,Debit Card,Mobile App,Delivered,2747.66,2024-09,3,2024
ORD104064,CUST787,2024-09-03,Fashion,Denim Jacket,591.45,3.0,United States,Credit Card,Marketplace,Delivered,1774.3500000000001,2024-09,3,2024
ORD100288,CUST622,2024-09-02,Toys,Puzzle 1000pc,249.33,1.0,United States,Credit Card,Marketplace,Cancelled,249.33,2024-09,3,2024
ORD101477,CUST1100,2024-09-24,Books,Self-Help Guide,583.09,5.0,India,Unknown,Marketplace,Delivered,2915.4500000000003,2024-09,3,2024
ORD101439,CUST1186,2024-05-02,Fashion,Cotton T-Shirt,452.46,2.0,India,Debit Card,Mobile App,Delivered,904.92,2024-05,2,2024
ORD104011,CUST996,2024-08-22,Books,Self-Help Guide,586.43,1.0,India,Cod,Website,Delivered,586.43,2024-08,3,2024
ORD104167,CUST1581,2024-06-02,Fashion,Sunglasses,1655.93,1.0,United Kingdom,Upi,Website,Delivered,1655.93,2024-06,2,2024
ORD104359,CUST1634,2024-04-11,Electronics,Bluetooth Speaker,1190.5,1.0,Germany,Debit Card,Marketplace,Delivered,1190.5,2024-04,2,2024
ORD100094,CUST66,2024-01-10,Toys,Building Blocks Set,818.08,1.0,India,Credit Card,Mobile App,Delivered,818.08,2024-01,1,2024
ORD104559,CUST163,2024-07-28,Sports,Water Bottle,1872.56,3.0,United Kingdom,Net Banking,Marketplace,Delivered,5617.68,2024-07,3,2024
ORD103189,CUST1680,2024-06-01,Home & Kitchen,LED Desk Lamp,3205.68,2.0,India,Credit Card,Mobile App,Delivered,6411.36,2024-06,2,2024
ORD101992,CUST285,2024-01-25,Home & Kitchen,Non-stick Pan Set,1947.31,5.0,India,Upi,Mobile App,Delivered,9736.55,2024-01,1,2024
ORD102818,CUST1775,2024-07-07,Beauty,Lip Balm Set,1385.55,1.0,India,Upi,Website,Delivered,1385.55,2024-07,3,2024
ORD101907,CUST702,2024-03-01,Home & Kitchen,Air Fryer,1917.71,2.0,India,Upi,Website,Delivered,3835.42,2024-03,1,2024
ORD105643,CUST1630,2024-03-22,Electronics,Wireless Earbuds,4068.49,1.0,India,Upi,Website,Delivered,4068.49,2024-03,1,2024
ORD103569,CUST238,2024-04-30,Fashion,Cotton T-Shirt,1718.13,2.0,United States,Net Banking,Mobile App,Delivered,3436.26,2024-04,2,2024
ORD101496,CUST245,2024-09-13,Sports,Water Bottle,2045.52,2.0,India,Cod,Website,Delivered,4091.04,2024-09,3,2024
ORD103564,CUST963,2024-05-21,Home & Kitchen,LED Desk Lamp,927.59,1.0,United States,Cod,Marketplace,Delivered,927.59,2024-05,2,2024
ORD105293,CUST420,2024-02-24,Fashion,Cotton T-Shirt,713.94,1.0,United Kingdom,Net Banking,Website,Delivered,713.94,2024-02,1,2024
ORD104646,CUST1679,2024-03-03,Fashion,Sunglasses,558.51,2.0,Uae,Debit Card,Mobile App,Returned,1117.02,2024-03,1,2024
ORD102162,CUST996,2024-04-23,Electronics,Power Bank,2030.07,4.0,United States,Net Banking,Mobile App,Delivered,8120.28,2024-04,2,2024
ORD104968,CUST1154,2024-07-31,Sports,Cycling Gloves,1894.47,1.0,India,Credit Card,Mobile App,Delivered,1894.47,2024-07,3,2024
ORD102115,CUST954,2024-05-10,Electronics,Wireless Earbuds,4186.8,1.0,India,Upi,Marketplace,Delivered,4186.8,2024-05,2,2024
ORD101041,CUST1308,2024-03-31,Books,Cookbook,689.37,2.0,United Kingdom,Credit Card,Mobile App,Delivered,1378.74,2024-03,1,2024
ORD105504,CUST682,2024-04-28,Electronics,Smartwatch,4287.3,3.0,France,Net Banking,Website,Delivered,12861.900000000001,2024-04,2,2024
ORD102459,UNKNOWN,2024-06-30,Sports,Water Bottle,392.82,1.0,United States,Debit Card,Website,Delivered,392.82,2024-06,2,2024
ORD103246,CUST1769,2024-04-03,Electronics,Wireless Earbuds,4534.52,4.0,India,Credit Card,Website,Delivered,18138.08,2024-04,2,2024
ORD103578,CUST1405,2024-05-18,Beauty,Face Serum,327.06,2.0,United States,Upi,Website,Delivered,654.12,2024-05,2,2024
ORD101842,UNKNOWN,2024-05-07,Electronics,USB-C Cable,4469.31,1.0,United Kingdom,Debit Card,Mobile App,Delivered,4469.31,2024-05,2,2024
ORD103606,CUST1675,2024-08-31,Electronics,Bluetooth Speaker,2329.37,2.0,United Kingdom,Debit Card,Marketplace,Delivered,4658.74,2024-08,3,2024
ORD102388,CUST1212,2024-02-25,Toys,Board Game,1269.39,4.0,India,Credit Card,Website,Delivered,5077.56,2024-02,1,2024
ORD102834,CUST940,2024-03-29,Sports,Dumbbell Set,2043.29,3.0,United States,Debit Card,Website,Delivered,6129.87,2024-03,1,2024
ORD101406,CUST554,2024-07-30,Fashion,Sunglasses,1754.31,3.0,United Kingdom,Debit Card,Mobile App,Delivered,5262.93,2024-07,3,2024
ORD104366,CUST1089,2024-03-29,Electronics,Phone Case,4250.34,1.0,India,Cod,Mobile App,Delivered,4250.34,2024-03,1,2024
ORD105604,CUST1749,2024-03-10,Home & Kitchen,Storage Containers,2566.09,1.0,United States,Credit Card,Mobile App,Delivered,2566.09,2024-03,1,2024
ORD102237,CUST1098,2024-01-14,Beauty,Sunscreen SPF50,818.24,1.0,India,Upi,Mobile App,Cancelled,818.24,2024-01,1,2024
ORD100173,CUST322,2024-08-02,Electronics,Power Bank,3499.84,2.0,France,Debit Card,Website,Delivered,6999.68,2024-08,3,2024
ORD100516,CUST1765,2024-09-15,Books,Fiction Bestseller,231.64,1.0,United Kingdom,Upi,Mobile App,Cancelled,231.64,2024-09,3,2024
ORD103301,CUST1292,2024-08-07,Fashion,Sunglasses,916.22,1.0,India,Cod,Website,Delivered,916.22,2024-08,3,2024
ORD105008,CUST1535,2024-06-26,Fashion,Denim Jacket,346.47,1.0,Uae,Cod,Mobile App,Delivered,346.47,2024-06,2,2024
ORD104612,CUST1010,2024-07-15,Home & Kitchen,Storage Containers,2774.48,4.0,United Kingdom,Upi,Marketplace,Delivered,11097.92,2024-07,3,2024
ORD100227,CUST195,2024-04-19,Books,Self-Help Guide,256.53,2.0,India,Upi,Website,Delivered,513.06,2024-04,2,2024
ORD102588,CUST1389,2024-06-29,Fashion,Denim Jacket,2497.5,1.0,,Cod,Website,Cancelled,2497.5,2024-06,2,2024
ORD102643,CUST741,2024-04-05,Electronics,Bluetooth Speaker,2549.95,1.0,India,Credit Card,Website,Delivered,2549.95,2024-04,2,2024
ORD103894,CUST1760,2024-04-21,Fashion,Leather Wallet,2575.7,1.0,India,Debit Card,Mobile App,Delivered,2575.7,2024-04,2,2024
ORD101612,CUST445,2024-03-22,Sports,Cycling Gloves,1136.5,1.0,India,Upi,Marketplace,Delivered,1136.5,2024-03,1,2024
ORD104816,CUST997,2024-07-10,Electronics,Power Bank,1557.79,2.0,,Debit Card,Website,Delivered,3115.58,2024-07,3,2024
ORD100319,CUST306,2024-05-11,Beauty,Face Serum,334.44,1.0,United States,Debit Card,Mobile App,Delivered,334.44,2024-05,2,2024
ORD104010,CUST487,2024-05-07,Toys,Board Game,1644.47,2.0,United States,Credit Card,Mobile App,Delivered,3288.94,2024-05,2,2024
ORD100203,CUST1015,2024-01-12,Toys,RC Car,682.14,1.0,India,Debit Card,Mobile App,Delivered,682.14,2024-01,1,2024
ORD105479,CUST1464,2024-09-18,Home & Kitchen,Blender,1087.6,1.0,India,Paypal,Mobile App,Returned,1087.6,2024-09,3,2024
ORD101197,CUST1173,2024-03-15,Beauty,Lip Balm Set,439.0,4.0,India,Debit Card,Marketplace,Cancelled,1756.0,2024-03,1,2024
ORD104779,CUST1344,2024-02-04,Toys,Building Blocks Set,1389.7,1.0,Germany,Upi,Website,Delivered,1389.7,2024-02,1,2024
ORD100114,CUST833,2024-05-20,Beauty,Makeup Brush Kit,577.67,2.0,India,Credit Card,Website,Delivered,1155.34,2024-05,2,2024
ORD105416,CUST579,2024-07-25,Sports,Resistance Bands,1643.2,1.0,India,Credit Card,Website,Delivered,1643.2,2024-07,3,2024
ORD105587,CUST1196,2024-08-17,Home & Kitchen,Storage Containers,2889.05,1.0,United States,Credit Card,Marketplace,Delivered,2889.05,2024-08,3,2024
ORD103713,CUST1293,2024-08-05,Home & Kitchen,Blender,2025.89,1.0,United States,Cod,Marketplace,Delivered,2025.89,2024-08,3,2024
ORD104650,CUST1712,2024-08-03,Electronics,USB-C Cable,3387.28,5.0,India,Credit Card,Website,Delivered,16936.4,2024-08,3,2024
ORD105089,CUST193,2024-01-04,Toys,Puzzle 1000pc,692.69,2.0,India,Debit Card,Mobile App,Delivered,1385.38,2024-01,1,2024
ORD100966,CUST420,2024-06-27,Sports,Resistance Bands,680.69,1.0,India,Credit Card,Mobile App,Delivered,680.69,2024-06,2,2024
ORD101899,CUST1582,2024-04-26,Books,Self-Help Guide,556.9,1.0,India,Upi,Website,Delivered,556.9,2024-04,2,2024
ORD104677,CUST820,2024-04-03,Toys,RC Car,1729.62,1.0,United States,Credit Card,Marketplace,Delivered,1729.62,2024-04,2,2024
ORD105493,CUST1475,2024-03-25,Fashion,Leather Wallet,1229.0,2.0,France,Cod,Mobile App,Delivered,2458.0,2024-03,1,2024
ORD105530,CUST1303,2024-09-25,Electronics,Power Bank,963.77,1.0,Uae,Debit Card,Website,Delivered,963.77,2024-09,3,2024
ORD100829,CUST484,2024-05-08,Electronics,Wireless Earbuds,1099.28,1.0,India,Credit Card,Mobile App,Delivered,1099.28,2024-05,2,2024
ORD101358,CUST528,2024-06-09,Toys,RC Car,355.43,5.0,Germany,Debit Card,Website,Cancelled,1777.15,2024-06,2,2024
ORD103403,CUST853,2024-07-23,Fashion,Cotton T-Shirt,2108.94,2.0,Uae,Credit Card,Website,Delivered,4217.88,2024-07,3,2024
ORD101106,CUST358,2024-06-19,Home & Kitchen,Air Fryer,405.55,2.0,India,Upi,Website,Delivered,811.1,2024-06,2,2024
ORD104699,CUST1179,2024-07-31,Home & Kitchen,Storage Containers,1859.42,3.0,France,Paypal,Mobile App,Cancelled,5578.26,2024-07,3,2024
ORD103425,CUST1168,2024-06-14,Sports,Water Bottle,1547.72,1.0,Uae,Debit Card,Website,Delivered,1547.72,2024-06,2,2024
ORD104656,CUST1696,2024-05-11,Beauty,Sunscreen SPF50,248.4,2.0,United States,Upi,Mobile App,Delivered,496.8,2024-05,2,2024
ORD104752,CUST992,2024-04-24,Fashion,Running Shoes,1087.15,1.0,United States,Upi,Website,Delivered,1087.15,2024-04,2,2024
ORD103468,CUST552,2024-04-30,Fashion,Leather Wallet,634.22,2.0,India,Net Banking,Website,Delivered,1268.44,2024-04,2,2024
ORD104143,CUST40,2024-01-27,Beauty,Sunscreen SPF50,1329.07,1.0,United States,Credit Card,Website,Delivered,1329.07,2024-01,1,2024
ORD103464,CUST372,2024-05-26,Home & Kitchen,Air Fryer,612.47,2.0,Germany,Credit Card,Website,Delivered,1224.94,2024-05,2,2024
ORD101426,CUST1515,2024-06-03,Fashion,Sunglasses,657.17,1.0,India,Net Banking,Marketplace,Delivered,657.17,2024-06,2,2024
ORD101844,CUST1466,2024-01-31,Home & Kitchen,Storage Containers,2059.85,1.0,India,Credit Card,Mobile App,Delivered,2059.85,2024-01,1,2024
ORD105094,CUST1337,2024-08-14,Sports,Dumbbell Set,1163.34,2.0,India,Cod,Mobile App,Cancelled,2326.68,2024-08,3,2024
ORD102148,CUST704,2024-05-13,Books,Self-Help Guide,365.57,1.0,France,Net Banking,Marketplace,Delivered,365.57,2024-05,2,2024
ORD103020,CUST1292,2024-01-31,Beauty,Makeup Brush Kit,715.89,1.0,India,Credit Card,Marketplace,Delivered,715.89,2024-01,1,2024
ORD103899,CUST1471,2024-08-12,Electronics,Bluetooth Speaker,665.6,1.0,India,Credit Card,Website,Delivered,665.6,2024-08,3,2024
ORD103716,CUST1569,2024-06-07,Toys,Building Blocks Set,1092.02,1.0,United States,Credit Card,Mobile App,Delivered,1092.02,2024-06,2,2024
ORD101558,CUST106,2024-07-28,Toys,Board Game,357.64,1.0,India,Credit Card,Website,Delivered,357.64,2024-07,3,2024
ORD104823,CUST1384,2024-06-22,Electronics,USB-C Cable,2426.26,2.0,Germany,Net Banking,Website,Delivered,4852.52,2024-06,2,2024
ORD105284,CUST391,2024-02-17,Books,Fiction Bestseller,193.59,1.0,United States,Net Banking,Mobile App,Cancelled,193.59,2024-02,1,2024
ORD103944,CUST548,2024-05-13,Electronics,Smartwatch,1554.53,1.0,India,Credit Card,Mobile App,Delivered,1554.53,2024-05,2,2024
ORD104765,CUST1471,2024-03-29,Fashion,Cotton T-Shirt,1472.0,2.0,United Kingdom,Paypal,Website,Delivered,2944.0,2024-03,1,2024
ORD105803,CUST573,2024-03-01,Fashion,Denim Jacket,435.57,1.0,France,Upi,Website,Delivered,435.57,2024-03,1,2024
ORD104500,CUST978,2024-01-14,Electronics,Power Bank,2963.14,1.0,Uae,Credit Card,Website,Cancelled,2963.14,2024-01,1,2024
ORD100698,CUST1132,2024-03-18,Electronics,Wireless Earbuds,1357.64,1.0,India,Cod,Mobile App,Delivered,1357.64,2024-03,1,2024
ORD104244,CUST729,2024-02-02,Fashion,Running Shoes,1394.38,3.0,India,Debit Card,Mobile App,Delivered,4183.14,2024-02,1,2024
ORD101461,CUST208,2024-06-04,Fashion,Sunglasses,2771.54,2.0,,Upi,Website,Delivered,5543.08,2024-06,2,2024
ORD103280,CUST1023,2024-04-05,Beauty,Sunscreen SPF50,812.17,1.0,India,Upi,Marketplace,Delivered,812.17,2024-04,2,2024
ORD102770,CUST750,2024-04-25,Electronics,Phone Case,1275.7,2.0,India,Paypal,Mobile App,Delivered,2551.4,2024-04,2,2024
ORD100603,CUST898,2024-03-18,Toys,Puzzle 1000pc,284.9,1.0,United States,Upi,Mobile App,Delivered,284.9,2024-03,1,2024
ORD101088,CUST892,2024-07-05,Home & Kitchen,Non-stick Pan Set,1346.28,1.0,India,Upi,Mobile App,Delivered,1346.28,2024-07,3,2024
ORD104348,CUST316,2024-01-05,Fashion,Running Shoes,1301.27,1.0,United States,Credit Card,Website,Delivered,1301.27,2024-01,1,2024
ORD102711,CUST670,2024-01-01,Electronics,Power Bank,1847.7,2.0,India,Credit Card,Mobile App,Delivered,3695.4,2024-01,1,2024
ORD102918,CUST1443,2024-02-04,Home & Kitchen,Blender,1534.63,1.0,Uae,Debit Card,Marketplace,Delivered,1534.63,2024-02,1,2024
ORD103632,CUST336,2024-06-20,Home & Kitchen,LED Desk Lamp,1907.2,1.0,India,Upi,Website,Cancelled,1907.2,2024-06,2,2024
ORD105122,CUST645,2024-02-25,Home & Kitchen,Blender,819.47,1.0,United Kingdom,Credit Card,Website,Returned,819.47,2024-02,1,2024
ORD104398,CUST1531,2024-01-27,Electronics,USB-C Cable,605.33,1.0,United States,Upi,Website,Delivered,605.33,2024-01,1,2024
ORD105568,CUST1248,2024-01-08,Electronics,Phone Case,3068.93,1.0,United Kingdom,Paypal,Mobile App,Cancelled,3068.93,2024-01,1,2024
ORD103253,CUST174,2024-03-23,Electronics,Wireless Earbuds,2729.34,1.0,Germany,Credit Card,Mobile App,Delivered,2729.34,2024-03,1,2024
ORD103748,CUST1434,2024-08-29,Sports,Water Bottle,2465.88,1.0,Germany,Upi,Website,Delivered,2465.88,2024-08,3,2024
ORD104133,CUST1085,2024-06-17,Electronics,Power Bank,4987.29,3.0,India,Upi,Marketplace,Delivered,14961.869999999999,2024-06,2,2024
ORD102048,CUST1221,2024-07-18,Beauty,Sunscreen SPF50,1104.52,1.0,India,Upi,Website,Delivered,1104.52,2024-07,3,2024
ORD102018,CUST616,2024-06-28,Fashion,Denim Jacket,2561.79,1.0,Germany,Paypal,Website,Returned,2561.79,2024-06,2,2024
ORD101674,CUST1013,2024-04-28,Home & Kitchen,Blender,3405.95,2.0,India,Unknown,Marketplace,Delivered,6811.9,2024-04,2,2024
ORD104864,CUST1794,2024-02-21,Electronics,Smartwatch,2526.32,1.0,India,Unknown,Website,Cancelled,2526.32,2024-02,1,2024
ORD104909,CUST1685,2024-03-31,Toys,Puzzle 1000pc,1204.24,2.0,India,Upi,Website,Delivered,2408.48,2024-03,1,2024
ORD100798,CUST525,2024-04-17,Fashion,Leather Wallet,2171.34,1.0,France,Upi,Mobile App,Delivered,2171.34,2024-04,2,2024
ORD105545,CUST1452,2024-06-05,Books,Kids Picture Book,495.49,1.0,United States,Cod,Website,Delivered,495.49,2024-06,2,2024
ORD105659,CUST415,2024-03-02,Home & Kitchen,LED Desk Lamp,423.97,1.0,United Kingdom,Credit Card,Website,Cancelled,423.97,2024-03,1,2024
ORD100685,CUST807,2024-08-26,Beauty,Lip Balm Set,276.18,1.0,United States,Cod,Mobile App,Delivered,276.18,2024-08,3,2024
ORD105156,CUST794,2024-01-16,Toys,RC Car,687.48,2.0,India,Debit Card,Website,Cancelled,1374.96,2024-01,1,2024
ORD105842,CUST844,2024-03-14,Sports,Cycling Gloves,1379.65,2.0,United States,Credit Card,Mobile App,Cancelled,2759.3,2024-03,1,2024
ORD105876,CUST611,2024-01-11,Beauty,Sunscreen SPF50,469.38,1.0,France,Upi,Website,Cancelled,469.38,2024-01,1,2024
ORD103731,CUST1649,2024-08-13,Toys,Building Blocks Set,636.56,4.0,India,Debit Card,Website,Delivered,2546.24,2024-08,3,2024
ORD100647,CUST1239,2024-05-25,Fashion,Running Shoes,1515.7,1.0,India,Paypal,Website,Delivered,1515.7,2024-05,2,2024
ORD105905,CUST1540,2024-03-10,Fashion,Sunglasses,753.32,1.0,United States,Credit Card,Mobile App,Delivered,753.32,2024-03,1,2024
ORD104538,CUST606,2024-08-16,Beauty,Sunscreen SPF50,418.73,1.0,United States,Debit Card,Mobile App,Returned,418.73,2024-08,3,2024
ORD104561,CUST1148,2024-06-22,Fashion,Sunglasses,1594.03,1.0,India,Paypal,Mobile App,Delivered,1594.03,2024-06,2,2024
ORD104224,UNKNOWN,2024-01-18,Electronics,Wireless Earbuds,4319.56,2.0,India,Paypal,Marketplace,Delivered,8639.12,2024-01,1,2024
ORD102799,CUST214,2024-01-18,Fashion,Running Shoes,1751.43,1.0,Germany,Upi,Mobile App,Returned,1751.43,2024-01,1,2024
ORD101237,CUST1477,2024-08-24,Fashion,Sunglasses,1043.49,3.0,United States,Upi,Website,Delivered,3130.4700000000003,2024-08,3,2024
ORD102062,CUST255,2024-03-13,Home & Kitchen,LED Desk Lamp,1211.19,2.0,France,Credit Card,Marketplace,Delivered,2422.38,2024-03,1,2024
ORD104737,CUST1484,2024-07-06,Fashion,Denim Jacket,922.45,1.0,United Kingdom,Paypal,Marketplace,Delivered,922.45,2024-07,3,2024
ORD104025,CUST527,2024-03-19,Sports,Water Bottle,1546.46,1.0,India,Upi,Mobile App,Returned,1546.46,2024-03,1,2024
ORD104715,CUST255,2024-06-20,Sports,Dumbbell Set,1910.91,3.0,India,Cod,Website,Delivered,5732.7300000000005,2024-06,2,2024
ORD103064,CUST200,2024-03-29,Electronics,Wireless Earbuds,2874.07,1.0,India,Net Banking,Mobile App,Delivered,2874.07,2024-03,1,2024
ORD104578,CUST939,2024-02-02,Beauty,Hair Dryer,812.17,1.0,India,Upi,Mobile App,Returned,812.17,2024-02,1,2024
ORD104165,CUST121,2024-04-09,Books,Self-Help Guide,300.99,1.0,India,Cod,Mobile App,Delivered,300.99,2024-04,2,2024
ORD105983,CUST749,2024-07-23,Toys,Puzzle 1000pc,830.56,1.0,India,Cod,Marketplace,Delivered,830.56,2024-07,3,2024
ORD104719,CUST820,2024-05-19,Sports,Dumbbell Set,1403.22,1.0,India,Credit Card,Website,Delivered,1403.22,2024-05,2,2024
ORD102475,CUST233,2024-07-07,Electronics,Bluetooth Speaker,4610.24,1.0,France,Net Banking,Mobile App,Delivered,4610.24,2024-07,3,2024
ORD103487,CUST960,2024-06-30,Toys,Puzzle 1000pc,1658.13,2.0,France,Cod,Mobile App,Cancelled,3316.26,2024-06,2,2024
ORD104181,CUST1618,2024-01-25,Fashion,Cotton T-Shirt,659.74,1.0,Germany,Debit Card,Mobile App,Delivered,659.74,2024-01,1,2024
ORD104571,CUST808,2024-08-14,Toys,Board Game,838.79,1.0,Germany,Cod,Mobile App,Delivered,838.79,2024-08,3,2024
ORD101921,CUST1249,2024-04-07,Fashion,Leather Wallet,2663.96,1.0,India,Upi,Marketplace,Delivered,2663.96,2024-04,2,2024
ORD104557,CUST266,2024-04-25,Beauty,Sunscreen SPF50,1273.02,1.0,India,Debit Card,Mobile App,Delivered,1273.02,2024-04,2,2024
ORD100681,CUST1402,2024-07-01,Fashion,Running Shoes,2760.31,2.0,United States,Credit Card,Website,Delivered,5520.62,2024-07,3,2024
ORD101102,CUST107,2024-02-10,Beauty,Lip Balm Set,1096.05,1.0,United States,Upi,Website,Delivered,1096.05,2024-02,1,2024
ORD100761,CUST988,2024-02-15,Electronics,Power Bank,2874.07,1.0,Germany,Upi,Marketplace,Cancelled,2874.07,2024-02,1,2024
ORD100575,CUST347,2024-03-01,Sports,Cycling Gloves,240.49,1.0,India,Upi,Website,Delivered,240.49,2024-03,1,2024
ORD102233,CUST1729,2024-03-02,Fashion,Sunglasses,550.04,1.0,United States,Debit Card,Mobile App,Delivered,550.04,2024-03,1,2024
ORD100289,CUST381,2024-01-04,Electronics,Smartwatch,2020.38,1.0,United Kingdom,Credit Card,Website,Delivered,2020.38,2024-01,1,2024
ORD101986,CUST772,2024-02-25,Fashion,Running Shoes,2753.66,1.0,United States,Credit Card,Mobile App,Delivered,2753.66,2024-02,1,2024
ORD103450,CUST247,2024-07-22,Electronics,Phone Case,2717.98,1.0,India,Debit Card,Mobile App,Delivered,2717.98,2024-07,3,2024
ORD102393,CUST1116,2024-03-24,Fashion,Sunglasses,1422.71,2.0,India,Net Banking,Marketplace,Delivered,2845.42,2024-03,1,2024
ORD104066,CUST1761,2024-07-11,Toys,RC Car,1497.83,1.0,India,Upi,Website,Delivered,1497.83,2024-07,3,2024
ORD101245,CUST1263,2024-01-12,Books,Cookbook,511.28,1.0,United States,Credit Card,Mobile App,Delivered,511.28,2024-01,1,2024
ORD105851,CUST1618,2024-05-06,Home & Kitchen,LED Desk Lamp,2316.59,2.0,,Upi,Website,Returned,4633.18,2024-05,2,2024
ORD101423,CUST972,2024-05-21,Home & Kitchen,LED Desk Lamp,778.54,1.0,India,Net Banking,Mobile App,Delivered,778.54,2024-05,2,2024
ORD101777,CUST115,2024-06-30,Home & Kitchen,Non-stick Pan Set,1640.1,1.0,United Kingdom,Debit Card,Website,Delivered,1640.1,2024-06,2,2024
ORD103972,CUST1495,2024-02-28,Home & Kitchen,LED Desk Lamp,2623.71,2.0,Germany,Cod,Website,Delivered,5247.42,2024-02,1,2024
ORD105071,CUST948,2024-06-16,Fashion,Denim Jacket,2951.53,1.0,United Kingdom,Debit Card,Website,Delivered,2951.53,2024-06,2,2024
ORD100443,CUST798,2024-01-10,Fashion,Denim Jacket,2148.81,1.0,India,Debit Card,Mobile App,Delivered,2148.81,2024-01,1,2024
ORD101239,CUST261,2024-07-17,Fashion,Sunglasses,2729.45,2.0,India,Net Banking,Mobile App,Delivered,5458.9,2024-07,3,2024
ORD100901,CUST1725,2024-07-31,Home & Kitchen,Storage Containers,2030.3,3.0,India,Upi,Website,Delivered,6090.9,2024-07,3,2024
ORD103146,CUST1777,2024-04-12,Home & Kitchen,Blender,807.69,1.0,United Kingdom,Paypal,Website,Delivered,807.69,2024-04,2,2024
ORD101792,CUST1032,2024-03-27,Beauty,Face Serum,1010.09,1.0,United States,Debit Card,Mobile App,Cancelled,1010.09,2024-03,1,2024
ORD101303,CUST848,2024-03-29,Fashion,Sunglasses,776.26,2.0,India,Credit Card,Mobile App,Delivered,1552.52,2024-03,1,2024
ORD103831,CUST1479,2024-07-23,Fashion,Running Shoes,447.01,1.0,United States,Credit Card,Website,Delivered,447.01,2024-07,3,2024
ORD105200,CUST1616,2024-09-15,Home & Kitchen,LED Desk Lamp,2815.81,1.0,India,Debit Card,Mobile App,Delivered,2815.81,2024-09,3,2024
ORD101603,CUST1193,2024-04-10,Home & Kitchen,Storage Containers,2746.62,1.0,United States,Net Banking,Mobile App,Delivered,2746.62,2024-04,2,2024
ORD104889,CUST204,2024-04-02,Fashion,Sunglasses,2634.7,1.0,United Kingdom,Credit Card,Website,Delivered,2634.7,2024-04,2,2024
ORD105609,CUST1432,2024-05-20,Sports,Resistance Bands,1637.64,2.0,India,Debit Card,Mobile App,Delivered,3275.28,2024-05,2,2024
ORD103244,CUST1688,2024-05-30,Home & Kitchen,Non-stick Pan Set,1034.7,4.0,United States,Paypal,Website,Delivered,4138.8,2024-05,2,2024
ORD100225,CUST583,2024-03-04,Beauty,Hair Dryer,676.52,1.0,United Kingdom,Cod,Mobile App,Delivered,676.52,2024-03,1,2024
ORD104489,CUST286,2024-06-13,Home & Kitchen,LED Desk Lamp,1548.39,1.0,France,Upi,Marketplace,Delivered,1548.39,2024-06,2,2024
ORD104306,UNKNOWN,2024-07-05,Home & Kitchen,Non-stick Pan Set,1115.38,1.0,India,Credit Card,Website,Delivered,1115.38,2024-07,3,2024
ORD103084,CUST1093,2024-08-16,Toys,Puzzle 1000pc,1718.61,1.0,France,Paypal,Marketplace,Delivered,1718.61,2024-08,3,2024
ORD103856,CUST210,2024-03-11,Electronics,Phone Case,1533.1,2.0,India,Debit Card,Mobile App,Delivered,3066.2,2024-03,1,2024
ORD104648,CUST1443,2024-06-03,Home & Kitchen,Storage Containers,3153.77,2.0,United Kingdom,Credit Card,Mobile App,Delivered,6307.54,2024-06,2,2024
ORD104283,CUST1451,2024-03-30,Books,Self-Help Guide,99.78,2.0,India,Cod,Website,Delivered,199.56,2024-03,1,2024
ORD100495,CUST844,2024-06-26,Electronics,Bluetooth Speaker,4247.47,2.0,India,Debit Card,Marketplace,Delivered,8494.94,2024-06,2,2024
ORD103567,CUST1773,2024-01-01,Beauty,Sunscreen SPF50,177.79,1.0,India,Upi,Marketplace,Delivered,177.79,2024-01,1,2024
ORD103415,CUST992,2024-08-18,Electronics,Power Bank,3397.93,1.0,Germany,Upi,Mobile App,Delivered,3397.93,2024-08,3,2024
ORD102382,CUST7,2024-09-06,Fashion,Denim Jacket,2454.64,2.0,Germany,Paypal,Website,Delivered,4909.28,2024-09,3,2024
ORD102863,CUST1537,2024-04-20,Sports,Water Bottle,1740.63,1.0,India,Unknown,Mobile App,Delivered,1740.63,2024-04,2,2024
ORD105390,CUST876,2024-06-27,Toys,RC Car,479.73,1.0,Uae,Cod,Website,Delivered,479.73,2024-06,2,2024
ORD100757,CUST246,2024-07-19,Fashion,Cotton T-Shirt,452.85,1.0,United Kingdom,Cod,Mobile App,Delivered,452.85,2024-07,3,2024
ORD101711,CUST1631,2024-07-13,Fashion,Denim Jacket,1008.3,1.0,United States,Cod,Marketplace,Delivered,1008.3,2024-07,3,2024
ORD104218,CUST699,2024-06-13,Electronics,Smartwatch,3158.42,1.0,United Kingdom,Credit Card,Website,Delivered,3158.42,2024-06,2,2024
ORD100014,CUST1649,2024-04-08,Electronics,USB-C Cable,2874.07,1.0,Uae,Debit Card,Website,Delivered,2874.07,2024-04,2,2024
ORD105265,CUST234,2024-06-07,Electronics,Power Bank,4344.63,1.0,United Kingdom,Debit Card,Website,Returned,4344.63,2024-06,2,2024
ORD104895,CUST1340,2024-09-21,Sports,Water Bottle,1367.35,1.0,France,Upi,Marketplace,Delivered,1367.35,2024-09,3,2024
ORD100452,CUST321,2024-02-23,Home & Kitchen,Non-stick Pan Set,355.46,1.0,India,Debit Card,Mobile App,Delivered,355.46,2024-02,1,2024
ORD104288,CUST280,2024-07-04,Home & Kitchen,LED Desk Lamp,2038.64,3.0,United States,Debit Card,Website,Delivered,6115.92,2024-07,3,2024
ORD101866,CUST673,2024-08-27,Sports,Cycling Gloves,1575.96,2.0,India,Debit Card,Website,Cancelled,3151.92,2024-08,3,2024
ORD101887,CUST419,2024-06-21,Toys,Puzzle 1000pc,1120.57,1.0,India,Credit Card,Website,Delivered,1120.57,2024-06,2,2024
ORD101163,CUST1469,2024-05-13,Beauty,Face Serum,1272.86,1.0,Uae,Debit Card,Website,Delivered,1272.86,2024-05,2,2024
ORD103531,CUST812,2024-03-05,Sports,Yoga Mat,468.92,1.0,India,Credit Card,Website,Delivered,468.92,2024-03,1,2024
ORD102491,CUST15,2024-08-20,Electronics,Power Bank,3781.45,1.0,United States,Credit Card,Website,Delivered,3781.45,2024-08,3,2024
ORD102041,CUST5,2024-06-11,Toys,Board Game,379.87,2.0,India,Cod,Website,Delivered,759.74,2024-06,2,2024
ORD100359,CUST1320,2024-04-06,Fashion,Cotton T-Shirt,2392.8,2.0,United States,Cod,Mobile App,Delivered,4785.6,2024-04,2,2024
ORD100034,CUST1372,2024-08-15,Beauty,Sunscreen SPF50,458.68,1.0,United Kingdom,Upi,Website,Returned,458.68,2024-08,3,2024
ORD104106,CUST1607,2024-01-19,Books,Fiction Bestseller,193.93,1.0,United Kingdom,Debit Card,Marketplace,Delivered,193.93,2024-01,1,2024
ORD102715,CUST1402,2024-09-08,Books,Cookbook,755.35,1.0,India,Debit Card,Website,Delivered,755.35,2024-09,3,2024
ORD102763,CUST749,2024-09-21,Electronics,Bluetooth Speaker,1849.9,1.0,Uae,Upi,Website,Delivered,1849.9,2024-09,3,2024
ORD104303,CUST1706,2024-05-23,Toys,Puzzle 1000pc,789.03,1.0,India,Debit Card,Website,Cancelled,789.03,2024-05,2,2024
ORD100387,CUST1136,2024-03-05,Sports,Water Bottle,529.9,1.0,India,Debit Card,Mobile App,Delivered,529.9,2024-03,1,2024
ORD100683,CUST1718,2024-02-08,Beauty,Face Serum,711.61,1.0,India,Debit Card,Marketplace,Returned,711.61,2024-02,1,2024
ORD103907,CUST1248,2024-02-09,Sports,Resistance Bands,1121.52,1.0,India,Paypal,Mobile App,Delivered,1121.52,2024-02,1,2024
ORD101132,CUST27,2024-03-19,Fashion,Denim Jacket,2766.55,1.0,United States,Upi,Website,Returned,2766.55,2024-03,1,2024
ORD103236,CUST923,2024-06-02,Beauty,Sunscreen SPF50,1173.36,1.0,,Upi,Website,Delivered,1173.36,2024-06,2,2024
ORD102348,CUST1697,2024-03-09,Electronics,Phone Case,3847.59,1.0,India,Credit Card,Website,Delivered,3847.59,2024-03,1,2024
ORD105635,CUST1370,2024-09-24,Home & Kitchen,Storage Containers,1947.67,1.0,India,Upi,Mobile App,Delivered,1947.67,2024-09,3,2024
ORD100895,CUST85,2024-08-12,Books,Self-Help Guide,443.155,1.0,India,Net Banking,Website,Delivered,443.155,2024-08,3,2024
ORD105938,UNKNOWN,2024-04-14,Home & Kitchen,Non-stick Pan Set,815.03,1.0,United States,Paypal,Marketplace,Delivered,815.03,2024-04,2,2024
ORD104315,CUST1201,2024-01-02,Home & Kitchen,LED Desk Lamp,2774.0,1.0,India,Debit Card,Marketplace,Delivered,2774.0,2024-01,1,2024
ORD101609,CUST1298,2024-04-15,Sports,Water Bottle,657.54,4.0,United Kingdom,Cod,Website,Returned,2630.16,2024-04,2,2024
ORD102708,CUST207,2024-05-19,Books,Kids Picture Book,403.77,2.0,India,Cod,Website,Delivered,807.54,2024-05,2,2024
ORD100508,CUST1506,2024-07-18,Home & Kitchen,Air Fryer,1626.99,1.0,Germany,Unknown,Website,Delivered,1626.99,2024-07,3,2024
ORD104788,CUST983,2024-02-29,Books,Cookbook,218.37,1.0,India,Upi,Mobile App,Delivered,218.37,2024-02,1,2024
ORD100139,CUST1705,2024-03-05,Sports,Yoga Mat,1449.14,1.0,India,Credit Card,Mobile App,Delivered,1449.14,2024-03,1,2024
ORD102199,CUST193,2024-02-20,Home & Kitchen,LED Desk Lamp,3151.03,1.0,India,Cod,Mobile App,Returned,3151.03,2024-02,1,2024
ORD100717,CUST570,2024-02-19,Fashion,Sunglasses,788.77,1.0,India,Credit Card,Mobile App,Returned,788.77,2024-02,1,2024
ORD102165,CUST679,2024-09-19,Beauty,Sunscreen SPF50,1144.81,5.0,United States,Unknown,Marketplace,Delivered,5724.049999999999,2024-09,3,2024
ORD102239,CUST74,2024-01-16,Fashion,Sunglasses,2132.11,1.0,,Credit Card,Website,Delivered,2132.11,2024-01,1,2024
ORD103763,CUST1215,2024-04-10,Beauty,Face Serum,776.49,1.0,Germany,Upi,Marketplace,Delivered,776.49,2024-04,2,2024
ORD105275,CUST1162,2024-08-16,Sports,Water Bottle,848.63,2.0,India,Upi,Mobile App,Delivered,1697.26,2024-08,3,2024
ORD105072,CUST575,2024-05-26,Home & Kitchen,Non-stick Pan Set,456.36,2.0,United States,Upi,Mobile App,Delivered,912.72,2024-05,2,2024
ORD105084,CUST999,2024-02-20,Books,Cookbook,147.2,1.0,United Kingdom,Credit Card,Marketplace,Cancelled,147.2,2024-02,1,2024
ORD100378,CUST1533,2024-01-10,Fashion,Sunglasses,2602.33,2.0,India,Debit Card,Website,Delivered,5204.66,2024-01,1,2024
ORD105091,CUST1260,2024-03-23,Books,Cookbook,623.53,5.0,India,Upi,Website,Delivered,3117.6499999999996,2024-03,1,2024
ORD101707,CUST385,2024-07-05,Beauty,Lip Balm Set,776.04,1.0,India,Upi,Mobile App,Returned,776.04,2024-07,3,2024
ORD101336,CUST78,2024-03-16,Beauty,Hair Dryer,959.01,1.0,India,Credit Card,Mobile App,Delivered,959.01,2024-03,1,2024
ORD105240,CUST1398,2024-01-27,Beauty,Sunscreen SPF50,1194.45,1.0,India,Debit Card,Website,Delivered,1194.45,2024-01,1,2024
ORD105829,CUST744,2024-08-04,Toys,RC Car,1876.66,4.0,India,Upi,Mobile App,Delivered,7506.64,2024-08,3,2024
ORD102596,CUST627,2024-07-12,Fashion,Leather Wallet,2727.48,1.0,India,Net Banking,Mobile App,Delivered,2727.48,2024-07,3,2024
ORD100673,CUST444,2024-02-14,Home & Kitchen,Blender,1811.94,2.0,United Kingdom,Credit Card,Website,Returned,3623.88,2024-02,1,2024
ORD101046,CUST345,2024-09-03,Home & Kitchen,LED Desk Lamp,2052.5,2.0,France,Cod,Marketplace,Delivered,4105.0,2024-09,3,2024
ORD102633,CUST1580,2024-02-26,Fashion,Leather Wallet,916.49,1.0,United States,Net Banking,Website,Delivered,916.49,2024-02,1,2024
ORD102201,CUST891,2024-07-28,Home & Kitchen,Storage Containers,2793.22,1.0,India,Credit Card,Mobile App,Returned,2793.22,2024-07,3,2024
ORD101225,CUST1064,2024-04-22,Toys,Building Blocks Set,1857.77,1.0,India,Upi,Mobile App,Cancelled,1857.77,2024-04,2,2024
ORD100502,CUST935,2024-06-19,Fashion,Sunglasses,910.61,1.0,India,Credit Card,Website,Delivered,910.61,2024-06,2,2024
ORD101894,CUST73,2024-07-01,Home & Kitchen,Non-stick Pan Set,2001.16,1.0,United States,Cod,Website,Returned,2001.16,2024-07,3,2024
ORD103478,CUST399,2024-09-26,Beauty,Face Serum,1365.26,3.0,Uae,Net Banking,Marketplace,Delivered,4095.7799999999997,2024-09,3,2024
ORD104323,CUST1389,2024-04-02,Fashion,Denim Jacket,420.66,1.0,India,Credit Card,Marketplace,Delivered,420.66,2024-04,2,2024
ORD100251,CUST968,2024-07-02,Books,Self-Help Guide,749.04,1.0,United States,Credit Card,Mobile App,Delivered,749.04,2024-07,3,2024
ORD102174,CUST499,2024-07-17,Electronics,USB-C Cable,1535.44,1.0,India,Upi,Website,Delivered,1535.44,2024-07,3,2024
ORD101257,CUST1094,2024-01-03,Electronics,Power Bank,724.76,2.0,India,Debit Card,Website,Delivered,1449.52,2024-01,1,2024
ORD103916,CUST1344,2024-06-19,Home & Kitchen,Blender,2793.4,2.0,,Upi,Mobile App,Cancelled,5586.8,2024-06,2,2024
ORD105033,CUST1341,2024-04-10,Fashion,Cotton T-Shirt,1819.42,2.0,United States,Credit Card,Mobile App,Delivered,3638.84,2024-04,2,2024
ORD102262,CUST1592,2024-09-02,Electronics,Bluetooth Speaker,3470.47,1.0,United States,Debit Card,Marketplace,Delivered,3470.47,2024-09,3,2024
ORD105618,CUST680,2024-03-12,Fashion,Running Shoes,1594.03,1.0,,Debit Card,Website,Delivered,1594.03,2024-03,1,2024
ORD101062,CUST888,2024-06-24,Fashion,Cotton T-Shirt,2152.06,3.0,India,Debit Card,Mobile App,Delivered,6456.18,2024-06,2,2024
ORD102183,CUST408,2024-09-14,Beauty,Makeup Brush Kit,383.73,4.0,India,Debit Card,Mobile App,Delivered,1534.92,2024-09,3,2024
ORD103524,CUST1525,2024-07-24,Beauty,Hair Dryer,1152.7,2.0,United Kingdom,Debit Card,Mobile App,Delivered,2305.4,2024-07,3,2024
ORD105132,CUST60,2024-07-11,Beauty,Hair Dryer,1165.73,1.0,India,Debit Card,Mobile App,Delivered,1165.73,2024-07,3,2024
ORD102215,CUST45,2024-03-24,Beauty,Hair Dryer,967.43,1.0,United Kingdom,Upi,Marketplace,Delivered,967.43,2024-03,1,2024
ORD101827,CUST1520,2024-01-22,Toys,Puzzle 1000pc,900.95,1.0,United Kingdom,Upi,Website,Delivered,900.95,2024-01,1,2024
ORD104649,CUST1673,2024-08-20,Sports,Dumbbell Set,887.94,1.0,Uae,Paypal,Website,Delivered,887.94,2024-08,3,2024
ORD103083,UNKNOWN,2024-04-18,Fashion,Leather Wallet,1594.03,2.0,Uae,Upi,Marketplace,Delivered,3188.06,2024-04,2,2024
ORD103429,CUST1454,2024-05-27,Electronics,Smartwatch,1986.68,1.0,United Kingdom,Credit Card,Marketplace,Cancelled,1986.68,2024-05,2,2024
ORD104546,CUST1566,2024-08-10,Home & Kitchen,Non-stick Pan Set,768.61,3.0,United States,Credit Card,Mobile App,Delivered,2305.83,2024-08,3,2024
ORD103535,CUST1380,2024-07-12,Toys,Building Blocks Set,1862.95,1.0,United States,Debit Card,Mobile App,Delivered,1862.95,2024-07,3,2024
ORD105022,CUST1549,2024-04-19,Sports,Cycling Gloves,1587.63,1.0,India,Debit Card,Marketplace,Delivered,1587.63,2024-04,2,2024
ORD102599,CUST1279,2024-04-28,Books,Self-Help Guide,774.03,1.0,India,Credit Card,Mobile App,Delivered,774.03,2024-04,2,2024
ORD101594,CUST264,2024-03-06,Toys,RC Car,1367.28,1.0,India,Credit Card,Mobile App,Returned,1367.28,2024-03,1,2024
ORD101076,CUST988,2024-08-10,Home & Kitchen,Storage Containers,1776.67,1.0,Germany,Debit Card,Website,Delivered,1776.67,2024-08,3,2024
ORD101795,CUST1496,2024-05-28,Beauty,Lip Balm Set,410.32,1.0,United States,Upi,Mobile App,Delivered,410.32,2024-05,2,2024
ORD100308,CUST1093,2024-09-16,Fashion,Leather Wallet,2460.61,2.0,United Kingdom,Debit Card,Marketplace,Delivered,4921.22,2024-09,3,2024
ORD101933,CUST1599,2024-05-13,Electronics,Power Bank,4310.87,1.0,United States,Upi,Marketplace,Cancelled,4310.87,2024-05,2,2024
ORD104913,CUST1484,2024-01-29,Fashion,Cotton T-Shirt,1792.98,1.0,India,Credit Card,Mobile App,Delivered,1792.98,2024-01,1,2024
ORD104556,CUST1762,2024-01-11,Books,Fiction Bestseller,431.63,1.0,Uae,Credit Card,Marketplace,Delivered,431.63,2024-01,1,2024
ORD100517,CUST226,2024-08-24,Toys,Building Blocks Set,1416.86,1.0,India,Upi,Marketplace,Delivered,1416.86,2024-08,3,2024
ORD103837,CUST1352,2024-04-21,Fashion,Denim Jacket,2818.75,1.0,India,Debit Card,Marketplace,Delivered,2818.75,2024-04,2,2024
ORD100503,CUST1284,2024-05-08,Fashion,Leather Wallet,1065.97,2.0,India,Credit Card,Website,Delivered,2131.94,2024-05,2,2024
ORD101595,CUST525,2024-04-28,Toys,Puzzle 1000pc,1019.85,2.0,United Kingdom,Cod,Website,Delivered,2039.7,2024-04,2,2024
ORD100189,CUST274,2024-02-28,Beauty,Sunscreen SPF50,1473.59,2.0,India,Upi,Mobile App,Cancelled,2947.18,2024-02,1,2024
ORD105271,CUST1503,2024-07-04,Electronics,Power Bank,2433.4,1.0,France,Debit Card,Website,Delivered,2433.4,2024-07,3,2024
ORD100711,CUST1493,2024-01-26,Fashion,Sunglasses,2195.49,1.0,India,Upi,Marketplace,Delivered,2195.49,2024-01,1,2024
ORD105154,CUST1093,2024-04-19,Sports,Water Bottle,286.21,4.0,India,Credit Card,Marketplace,Cancelled,1144.84,2024-04,2,2024
ORD105495,CUST1711,2024-05-17,Fashion,Running Shoes,534.4,1.0,United States,Credit Card,Mobile App,Delivered,534.4,2024-05,2,2024
ORD102139,CUST778,2024-09-19,Toys,RC Car,1846.58,1.0,United Kingdom,Credit Card,Website,Delivered,1846.58,2024-09,3,2024
ORD100784,CUST1470,2024-03-09,Beauty,Lip Balm Set,296.11,3.0,United States,Upi,Mobile App,Delivered,888.33,2024-03,1,2024
ORD104793,CUST1626,2024-04-16,Electronics,Phone Case,3815.01,2.0,United Kingdom,Upi,Website,Delivered,7630.02,2024-04,2,2024
ORD102655,CUST1609,2024-07-08,Electronics,Smartwatch,3255.7,1.0,,Cod,Marketplace,Delivered,3255.7,2024-07,3,2024
ORD103512,CUST732,2024-03-25,Electronics,Phone Case,4274.82,1.0,India,Unknown,Website,Delivered,4274.82,2024-03,1,2024
ORD103793,CUST1282,2024-09-15,Toys,Puzzle 1000pc,346.71,1.0,Germany,Upi,Website,Delivered,346.71,2024-09,3,2024
ORD101509,CUST1455,2024-01-21,Fashion,Cotton T-Shirt,324.31,2.0,United States,Cod,Website,Returned,648.62,2024-01,1,2024
ORD101516,CUST1318,2024-06-16,Home & Kitchen,Storage Containers,1695.59,1.0,India,Debit Card,Mobile App,Delivered,1695.59,2024-06,2,2024
ORD104414,CUST1564,2024-09-27,Fashion,Sunglasses,804.66,1.0,United Kingdom,Debit Card,Mobile App,Delivered,804.66,2024-09,3,2024
ORD100900,CUST705,2024-07-24,Home & Kitchen,Blender,3322.8,1.0,India,Credit Card,Mobile App,Delivered,3322.8,2024-07,3,2024
ORD102331,CUST1777,2024-09-06,Toys,Board Game,929.13,3.0,United Kingdom,Upi,Website,Returned,2787.39,2024-09,3,2024
ORD102423,CUST1242,2024-04-26,Fashion,Running Shoes,2843.08,1.0,Germany,Unknown,Mobile App,Delivered,2843.08,2024-04,2,2024
ORD105311,CUST1214,2024-05-05,Electronics,USB-C Cable,2328.67,1.0,,Upi,Mobile App,Delivered,2328.67,2024-05,2,2024
ORD103089,CUST1571,2024-03-01,Sports,Cycling Gloves,1563.15,3.0,United States,Credit Card,Marketplace,Delivered,4689.450000000001,2024-03,1,2024
ORD103909,CUST1666,2024-03-31,Toys,Puzzle 1000pc,1120.57,2.0,United Kingdom,Net Banking,Website,Cancelled,2241.14,2024-03,1,2024
ORD105144,CUST1466,2024-03-16,Sports,Resistance Bands,2162.29,1.0,United Kingdom,Debit Card,Mobile App,Delivered,2162.29,2024-03,1,2024
ORD104156,CUST364,2024-01-25,Fashion,Denim Jacket,2690.24,3.0,United Kingdom,Upi,Mobile App,Delivered,8070.719999999999,2024-01,1,2024
ORD102901,CUST728,2024-06-04,Sports,Water Bottle,267.23,1.0,India,Credit Card,Website,Delivered,267.23,2024-06,2,2024
ORD103845,CUST680,2024-01-15,Electronics,Power Bank,1871.95,2.0,India,Credit Card,Mobile App,Delivered,3743.9,2024-01,1,2024
ORD103178,CUST309,2024-06-11,Beauty,Sunscreen SPF50,818.83,1.0,India,Debit Card,Marketplace,Delivered,818.83,2024-06,2,2024
ORD105187,CUST872,2024-06-29,Electronics,Power Bank,3648.27,1.0,India,Credit Card,Mobile App,Delivered,3648.27,2024-06,2,2024
ORD104390,CUST533,2024-04-27,Electronics,Wireless Earbuds,4318.54,1.0,United States,Credit Card,Website,Delivered,4318.54,2024-04,2,2024
ORD103208,CUST1376,2024-09-13,Toys,RC Car,949.18,1.0,Germany,Credit Card,Mobile App,Delivered,949.18,2024-09,3,2024
ORD102253,CUST807,2024-03-16,Books,Fiction Bestseller,587.4,1.0,United Kingdom,Upi,Website,Delivered,587.4,2024-03,1,2024
ORD100565,UNKNOWN,2024-08-22,Toys,RC Car,1208.7,1.0,France,Upi,Mobile App,Delivered,1208.7,2024-08,3,2024
ORD101873,CUST629,2024-09-06,Toys,RC Car,1819.44,2.0,India,Credit Card,Website,Delivered,3638.88,2024-09,3,2024
ORD102311,CUST404,2024-04-14,Home & Kitchen,LED Desk Lamp,2071.7,2.0,India,Credit Card,Mobile App,Delivered,4143.4,2024-04,2,2024
ORD104212,CUST50,2024-06-07,Electronics,Bluetooth Speaker,2256.93,2.0,United Kingdom,Credit Card,Mobile App,Delivered,4513.86,2024-06,2,2024
ORD102332,CUST658,2024-01-30,Toys,Puzzle 1000pc,572.11,2.0,United States,Upi,Marketplace,Delivered,1144.22,2024-01,1,2024
ORD101465,CUST1446,2024-09-24,Toys,RC Car,1383.85,1.0,United States,Credit Card,Marketplace,Delivered,1383.85,2024-09,3,2024
ORD100286,CUST652,2024-09-25,Home & Kitchen,LED Desk Lamp,1994.08,3.0,United Kingdom,Net Banking,Website,Delivered,5982.24,2024-09,3,2024
ORD100732,CUST715,2024-01-04,Beauty,Makeup Brush Kit,1124.04,2.0,India,Paypal,Website,Delivered,2248.08,2024-01,1,2024
ORD101067,CUST1566,2024-01-14,Books,Fiction Bestseller,170.44,1.0,,Credit Card,Mobile App,Delivered,170.44,2024-01,1,2024
ORD105921,CUST755,2024-03-02,Fashion,Sunglasses,765.99,1.0,United Kingdom,Unknown,Marketplace,Delivered,765.99,2024-03,1,2024
ORD105895,UNKNOWN,2024-09-05,Electronics,Bluetooth Speaker,2745.84,2.0,India,Debit Card,Marketplace,Delivered,5491.68,2024-09,3,2024
ORD105751,CUST1040,2024-03-03,Fashion,Denim Jacket,367.31,2.0,India,Upi,Mobile App,Delivered,734.62,2024-03,1,2024
ORD102726,CUST1278,2024-08-19,Toys,RC Car,1435.72,2.0,India,Debit Card,Website,Delivered,2871.44,2024-08,3,2024
ORD104450,CUST1151,2024-04-18,Home & Kitchen,Non-stick Pan Set,492.82,1.0,India,Cod,Mobile App,Delivered,492.82,2024-04,2,2024
ORD102677,CUST122,2024-04-24,Toys,Board Game,1669.26,1.0,United Kingdom,Credit Card,Mobile App,Delivered,1669.26,2024-04,2,2024
ORD105126,CUST905,2024-07-15,Beauty,Lip Balm Set,215.44,1.0,India,Net Banking,Mobile App,Cancelled,215.44,2024-07,3,2024
ORD101721,CUST680,2024-08-12,Home & Kitchen,Non-stick Pan Set,2468.18,1.0,United Kingdom,Cod,Mobile App,Returned,2468.18,2024-08,3,2024
ORD105966,CUST827,2024-02-15,Fashion,Cotton T-Shirt,212.97,1.0,India,Credit Card,Website,Delivered,212.97,2024-02,1,2024
ORD104910,CUST632,2024-05-17,Sports,Resistance Bands,1347.41,2.0,India,Credit Card,Mobile App,Returned,2694.82,2024-05,2,2024
ORD100893,CUST841,2024-01-15,Home & Kitchen,Storage Containers,2927.93,1.0,United States,Debit Card,Website,Delivered,2927.93,2024-01,1,2024
ORD104192,CUST1090,2024-05-12,Electronics,Smartwatch,850.43,2.0,United States,Paypal,Marketplace,Delivered,1700.86,2024-05,2,2024
ORD104929,CUST632,2024-07-19,Electronics,Power Bank,686.18,1.0,United States,Credit Card,Marketplace,Delivered,686.18,2024-07,3,2024
ORD103540,CUST661,2024-03-07,Electronics,USB-C Cable,2911.54,1.0,India,Net Banking,Marketplace,Delivered,2911.54,2024-03,1,2024
ORD102406,CUST1040,2024-05-19,Fashion,Running Shoes,388.19,2.0,India,Credit Card,Marketplace,Delivered,776.38,2024-05,2,2024
ORD100868,CUST224,2024-07-04,Fashion,Denim Jacket,1015.03,5.0,India,Cod,Mobile App,Delivered,5075.15,2024-07,3,2024
ORD102830,CUST279,2024-08-05,Toys,Board Game,408.65,4.0,United States,Credit Card,Website,Delivered,1634.6,2024-08,3,2024
ORD101572,CUST1183,2024-02-11,Beauty,Hair Dryer,756.32,1.0,Germany,Upi,Mobile App,Delivered,756.32,2024-02,1,2024
ORD104618,CUST529,2024-08-31,Electronics,Wireless Earbuds,3450.17,3.0,United Kingdom,Debit Card,Mobile App,Delivered,10350.51,2024-08,3,2024
ORD103770,CUST171,2024-05-17,Electronics,Phone Case,2874.07,1.0,,Cod,Mobile App,Returned,2874.07,2024-05,2,2024
ORD103736,CUST1482,2024-07-19,Home & Kitchen,Air Fryer,1947.67,1.0,India,Debit Card,Website,Delivered,1947.67,2024-07,3,2024
ORD101518,CUST438,2024-04-14,Fashion,Cotton T-Shirt,462.66,1.0,India,Debit Card,Website,Delivered,462.66,2024-04,2,2024
ORD102637,CUST1447,2024-08-14,Home & Kitchen,Storage Containers,694.39,1.0,Uae,Paypal,Website,Returned,694.39,2024-08,3,2024
ORD105456,CUST410,2024-07-06,Beauty,Sunscreen SPF50,330.66,1.0,,Credit Card,Website,Delivered,330.66,2024-07,3,2024
ORD101788,CUST961,2024-09-21,Sports,Cycling Gloves,577.31,1.0,Uae,Paypal,Website,Delivered,577.31,2024-09,3,2024
ORD103051,CUST45,2024-03-31,Beauty,Hair Dryer,609.48,1.0,India,Credit Card,Website,Delivered,609.48,2024-03,1,2024
ORD102827,CUST268,2024-06-05,Fashion,Cotton T-Shirt,417.18,3.0,India,Upi,Marketplace,Returned,1251.54,2024-06,2,2024
ORD103203,CUST218,2024-05-04,Toys,Building Blocks Set,1128.44,1.0,India,Credit Card,Website,Cancelled,1128.44,2024-05,2,2024
ORD100820,CUST1657,2024-05-02,Home & Kitchen,Blender,1812.71,2.0,France,Debit Card,Marketplace,Delivered,3625.42,2024-05,2,2024
ORD101748,CUST1345,2024-07-13,Beauty,Sunscreen SPF50,973.19,1.0,India,Credit Card,Website,Delivered,973.19,2024-07,3,2024
ORD103469,CUST968,2024-02-22,Beauty,Hair Dryer,770.85,1.0,United Kingdom,Cod,Website,Delivered,770.85,2024-02,1,2024
ORD101769,CUST343,2024-02-18,Electronics,Smartwatch,1160.09,1.0,United States,Paypal,Website,Delivered,1160.09,2024-02,1,2024
