order_id,customer_id,order_date,category,product_name,unit_price,quantity,country,payment_method,channel,order_status
ORD103060,CUST1288,02-16-2024,Home & Kitchen,Air Fryer,3360.0,1.0,United Kingdom,UPI,Mobile App,Delivered
ORD102675,CUST363,04-23-2024,Books,Fiction Bestseller,686.71,2.0,India,COD,Mobile App,Delivered
ORD103653,CUST875,2024-08-12,Fashion,Denim Jacket,603.78,1.0,India,Net Banking,MOBILE APP,Delivered
ORD104328,CUST415,2024-01-16,Electronics,Bluetooth Speaker,,1.0,Germany,credit card,Website,Cancelled
ORD101222,CUST764,2024-05-05,Home & Kitchen,Blender,1108.87,4.0,Germany,UPI,Mobile App,Delivered
ORD105822,CUST394,2024-07-03,Fashion,Running Shoes,1918.95,1.0,India,credit card,Mobile App,Delivered
ORD101479,CUST542,2024-05-13,Toys,Puzzle 1000pc,540.91,,UK,Debit Card,Mobile App,Delivered
ORD100841,CUST34,2024-01-05,Fashion,Denim Jacket,2132.51,2.0,India,UPI,Mobile App,Returned
ORD100998,CUST1204,2024-06-08,Fashion,Running Shoes,501.47,1.0,UAE,UPI,Website,Delivered
ORD102822,CUST713,2024-04-29,Toys,Board Game,1225.72,1.0,UK,Credit Card,Website,Delivered
ORD104956,CUST1435,09-28-2024,Home & Kitchen,Air Fryer,2968.64,1.0,Germany,UPI,Marketplace,Delivered
ORD103067,CUST1247,02-04-2024,Electronics,Phone Case,3322.03,2.0,France,UPI,Mobile App,Delivered
ORD101459,CUST357,01-24-2024,Toys,Puzzle 1000pc,596.53,2.0,India,COD,Mobile App,Delivered
ORD102713,CUST945,10/03/2024,Fashion,Cotton T-Shirt,2172.39,1.0,United Kingdom,Credit Card,Marketplace,Delivered
ORD100615,CUST677,2024-05-30,Electronics,Smartwatch,2163.99,2.0,India,PayPal,Marketplace,Delivered
ORD102277,CUST974,09-22-2024,Electronics,Power Bank,3064.68,3.0,India,credit card,Marketplace,Delivered
ORD100629,CUST1657,2024-02-11,Books,Fiction Bestseller,611.61,,USA,COD,MOBILE APP,Delivered
ORD103743,CUST214,06-09-2024,Fashion,Leather Wallet,1322.8,1.0,India,UPI,Mobile App,Delivered
ORD100469,CUST436,03-17-2024,Fashion,Leather Wallet,1737.4,1.0,UK,COD,Mobile App,Delivered
ORD102424,CUST1198,2024-08-12,Books,Fiction Bestseller,538.32,1.0,India,UPI,Mobile App,Returned
ORD100293,CUST274,2024-04-04,Beauty,Lip Balm Set,769.1,3.0,Germany,COD,Mobile App,Delivered
ORD105810,CUST234,2024-04-30,Fashion,Denim Jacket,1746.67,2.0,USA,,Marketplace,Returned
ORD104311,CUST1734,2024-05-01,Toys,Puzzle 1000pc,1829.26,1.0,India,Debit Card,Website,Delivered
ORD104478,CUST1568,24/02/2024,Fashion,Running Shoes,1040.9,3.0,India,Debit Card,Mobile App,delivered
ORD105561,CUST1381,2024-02-17,Home & Kitchen,Storage Containers,1991.35,1.0,India,Credit Card,Mobile App,Delivered
ORD104815,CUST934,2024-04-06,Fashion,Cotton T-Shirt,970.12,2.0,India,UPI,Mobile App,Delivered
ORD105226,CUST88,2024-04-17,Sports,Cycling Gloves,2414.91,2.0,India,credit card,Website,Delivered
ORD105062,CUST349,2024-01-31,Fashion,Leather Wallet,1995.4,1.0,India,Net Banking,Website,Cancelled
ORD103895,CUST1692,02/07/2024,Home & Kitchen,Blender,2021.24,2.0,USA,UPI,Website,Delivered
ORD100035,CUST256,2024-01-05,Beauty,Face Serum,713.63,2.0,India,Debit Card,Marketplace,delivered
ORD102939,CUST1345,2024-03-20,Beauty,Face Serum,219.79,1.0,India,PayPal,Marketplace,Cancelled
ORD104385,CUST1722,2024-05-17,Sports,Resistance Bands,606.87,5.0,Germany,Credit Card,Website,Delivered
ORD103876,CUST371,2024-03-15,Home & Kitchen,LED Desk Lamp,1456.5,2.0,India,Debit Card,Website,Delivered
ORD100038,CUST1758,2024-03-06,Sports,Yoga Mat,507.24,2.0,Germany,PayPal,Mobile App,delivered
ORD103417,CUST620,2024-08-27,Fashion,Running Shoes,2629.81,4.0,UAE,COD,Mobile App,Delivered
ORD104954,CUST57,08-30-2024,Beauty,Sunscreen SPF50,1156.96,2.0,UAE,Net Banking,Marketplace,Delivered
ORD100120,CUST1460,2024-01-17,Toys,RC Car,1622.78,4.0,United States,PayPal,Marketplace,Delivered
ORD100921,CUST1546,2024-03-23,Books,Self-Help Guide,498.08,3.0,India,Credit Card,Mobile App,Delivered
ORD103996,CUST68,2024-01-03,Fashion,Sunglasses,1133.18,4.0,USA,Credit Card,Marketplace,Delivered
ORD105183,CUST446,03-19-2024,Home & Kitchen,Air Fryer,1413.74,2.0,USA,COD,Website,Returned
ORD100592,CUST841,2024-04-20,Books,Kids Picture Book,412.6,1.0,USA,Debit Card,Mobile App,Delivered
ORD105603,CUST1781,05-16-2024,Beauty,Lip Balm Set,1497.34,2.0,Germany,Net Banking,Website,Delivered
ORD105274,CUST1334,2024-04-02,Electronics,Smartwatch,3265.37,1.0,India,Credit Card,Marketplace,Returned
ORD101493,CUST1653,2024-03-06,Sports,Resistance Bands,195766.0,1.0,UAE,UPI,Mobile App,Delivered 
ORD103701,,2024-06-22,Fashion,Sunglasses,1511.97,1.0,India,Debit Card,Mobile App,Delivered
ORD105232,CUST535,03-09-2024,Fashion,Running Shoes,221.63,1.0,UAE,Credit Card,Website,Delivered
ORD104109,CUST1528,2024-05-08,Home & Kitchen,LED Desk Lamp,653.13,1.0,India,UPI,Mobile App,Cancelled
ORD102847,,2024-03-10,Fashion,Denim Jacket,498.23,1.0,UK,Credit Card,Website,Delivered
ORD100285,CUST780,08-17-2024,Fashion,Cotton T-Shirt,1984.77,1.0,India,PayPal,Mobile App,Delivered
ORD100828,CUST1407,2024-04-24,Fashion,Leather Wallet,429.59,1.0,India,Credit Card,Mobile App,Delivered 
ORD102097,CUST1252,2024-09-28,Home & Kitchen,Blender,763.95,2.0,india,Credit Card,Mobile App,Delivered
ORD105396,CUST1145,09-08-2024,Home & Kitchen,LED Desk Lamp,3092.45,2.0,India,Credit Card,Mobile App,Returned
ORD103594,CUST810,01-17-2024,Electronics,USB-C Cable,3330.61,2.0,UK,COD,Mobile App,Delivered
ORD100019,CUST1501,2024-02-05,Home & Kitchen,Blender,2891.36,3.0,Germany,UPI,Marketplace,Returned
ORD105626,CUST1377,2024-09-19,Sports,Cycling Gloves,630.05,5.0,india,PayPal,Mobile App,Delivered
ORD101301,CUST1126,2024-05-20,Fashion,Cotton T-Shirt,2194.71,1.0,United States,UPI,Mobile App,Delivered
ORD105654,CUST121,2024-08-06,Fashion,Running Shoes,2033.85,2.0,USA,UPI,Website,Cancelled
ORD103268,CUST1039,03/02/2024,Fashion,Cotton T-Shirt,1425.65,1.0,UK,credit card,Mobile App,Returned
ORD101878,CUST1186,2024-04-17,Home & Kitchen,LED Desk Lamp,651.14,1.0,India,Debit Card,Website,Delivered
ORD104963,CUST160,2024-06-03,Electronics,Wireless Earbuds,2133.59,1.0,India,Credit Card,Website,Delivered
ORD102276,CUST1095,05-20-2024,Toys,Puzzle 1000pc,881.37,1.0,india,credit card,MOBILE APP,Delivered
ORD101880,CUST1427,07/04/2024,Electronics,Smartwatch,2875.48,1.0,Germany,Credit Card,Website,Delivered
ORD102659,CUST919,2024-03-09,Beauty,Face Serum,199.04,1.0,USA,UPI,Mobile App,Returned
ORD101274,CUST568,2024-01-18,Sports,Cycling Gloves,403.26,1.0,France,COD,MOBILE APP,Delivered
ORD105402,CUST338,2024-02-20,Fashion,Denim Jacket,561.97,2.0,india,credit card,website,Delivered
ORD105961,CUST1613,06-09-2024,Toys,Board Game,292.37,1.0,UK,UPI,Mobile App,Delivered
ORD103854,CUST174,2024-05-03,Electronics,Smartwatch,2901.44,1.0,USA,UPI,Marketplace,Returned
ORD100724,CUST757,2024-02-05,Electronics,Phone Case,3849.51,1.0,india,Credit Card,MOBILE APP,Delivered
ORD101352,CUST1220,2024-03-23,Home & Kitchen,LED Desk Lamp,820.81,1.0,UK,Credit Card,Mobile App,Returned
ORD102356,CUST1503,2024-03-07,Fashion,Leather Wallet,553.45,2.0,USA,,MOBILE APP,Delivered
ORD102783,CUST942,08/03/2024,Sports,Cycling Gloves,225563.0,2.0,India,Credit Card,Website,Returned
ORD103039,CUST774,04-05-2024,Beauty,Lip Balm Set,685.05,1.0,UK,Debit Card,Marketplace,Delivered
ORD100713,CUST1169,2024-07-21,Electronics,Bluetooth Speaker,3030.94,1.0,India,Credit Card,Website,Delivered
ORD105883,CUST665,2024-01-14,Fashion,Running Shoes,2568.07,1.0,India,COD,Marketplace,Delivered
ORD101212,CUST1014,02/05/2024,Beauty,Makeup Brush Kit,1368.33,1.0,India,PayPal,MOBILE APP,Delivered
ORD103697,CUST793,2024-05-17,Toys,Board Game,1951.16,3.0,India,COD,Marketplace,Delivered
ORD101360,CUST1237,2024-09-17,Fashion,Sunglasses,1770.76,3.0,India,Credit Card,Website,Delivered
ORD103081,CUST195,29/02/2024,Electronics,Bluetooth Speaker,967.4,1.0,Germany,Credit Card,Mobile App,Cancelled
ORD101617,CUST1727,01-20-2024,Beauty,Lip Balm Set,1177.75,1.0,Germany,Debit Card,Marketplace,Cancelled
ORD103593,CUST850,2024-06-13,Fashion,Leather Wallet,521.11,1.0,India,Credit Card,Website,Delivered
ORD102835,CUST1361,2024-04-15,Beauty,Face Serum,1216.46,1.0,USA,UPI,Marketplace,Delivered
ORD102169,CUST728,2024-05-26,Fashion,Sunglasses,386.5,2.0,UAE,COD,Mobile App,Delivered
ORD105184,CUST700,2024-07-15,Home & Kitchen,Non-stick Pan Set,581.6,2.0,USA,Credit Card,Mobile App,Delivered
ORD100760,CUST1687,07-13-2024,Fashion,Running Shoes,1034.47,2.0,India,UPI,Mobile App,Delivered
ORD102100,CUST730,2024-09-04,Beauty,Lip Balm Set,525.95,1.0,India,Debit Card,Mobile App,Cancelled
ORD102069,CUST506,06-28-2024,Home & Kitchen,Storage Containers,3216.3,4.0,India,COD,Mobile App,Delivered
ORD101408,CUST1465,09/05/2024,Home & Kitchen,Storage Containers,1425.77,1.0,India,PayPal,Marketplace,Delivered
ORD101224,CUST1355,2024-03-25,Home & Kitchen,Blender,3080.39,1.0,UK,COD,Mobile App,Delivered
ORD103961,CUST1601,05-24-2024,Electronics,USB-C Cable,3054.76,1.0,India,UPI,Mobile App,Delivered
ORD101579,CUST1155,26/07/2024,Fashion,Running Shoes,2571.41,1.0,india,Credit Card,Marketplace,Delivered
ORD103143,CUST257,2024-01-18,Electronics,USB-C Cable,559.13,1.0,India,PayPal,Mobile App,Delivered
ORD101812,CUST1797,06-11-2024,Sports,Water Bottle,931.79,2.0,UAE,UPI,Mobile App,Delivered
ORD103482,CUST61,2024-05-31,Electronics,Bluetooth Speaker,4717.37,1.0,United States,PayPal,Website,Delivered
ORD104312,CUST466,2024-01-02,Sports,Water Bottle,416.94,1.0,United Kingdom,Net Banking,website,Delivered
ORD104163,CUST1594,06/09/2024,Fashion,Sunglasses,1502.91,1.0,india,COD,Mobile App,Delivered
ORD100634,CUST699,2024-05-31,Electronics,Bluetooth Speaker,3589.46,2.0,India,Credit Card,Marketplace,Returned
ORD104897,CUST1159,05/01/2024,Fashion,Cotton T-Shirt,911.08,1.0,India,UPI,Mobile App,Delivered
ORD100291,CUST1302,09-11-2024,Fashion,Leather Wallet,2763.21,1.0,India,COD,MOBILE APP,Delivered
ORD100206,CUST1228,2024-05-03,Electronics,Smartwatch,1423.0,1.0,USA,UPI,Website,Delivered
ORD102175,CUST1202,2024-08-18,Electronics,Power Bank,1928.69,3.0,India,Credit Card,Mobile App,Delivered
ORD102910,CUST354,2024-02-18,Electronics,USB-C Cable,3249.62,1.0,India,PayPal,Mobile App,Delivered 
ORD102478,CUST1255,10/04/2024,Fashion,Sunglasses,,5.0,India,Credit Card,Website,Delivered
ORD105270,CUST785,09-27-2024,Electronics,USB-C Cable,2725.72,2.0,India,Net Banking,Website,Delivered
ORD103195,CUST368,2024-07-30,Sports,Resistance Bands,493.49,1.0,India,Net Banking,Marketplace,Delivered
ORD105428,CUST1290,07-02-2024,Fashion,Cotton T-Shirt,693.54,2.0,India,COD,Marketplace,Delivered
ORD103402,CUST1763,2024-05-21,Sports,Water Bottle,2333.44,5.0,India,credit card,Website,Delivered
ORD105236,,2024-06-13,Toys,Building Blocks Set,1715.07,1.0,United States,UPI,Website,Delivered
ORD101472,CUST489,27/09/2024,Electronics,Wireless Earbuds,3831.67,1.0,India,Net Banking,Mobile App,Delivered
ORD100630,CUST67,2024-03-12,Books,Kids Picture Book,117.47,1.0,India,Credit Card,Marketplace,Delivered
ORD102321,CUST801,2024-07-11,Beauty,Sunscreen SPF50,1361.58,1.0,India,UPI,Marketplace,Delivered
ORD100023,CUST1459,2024-04-03,Sports,Yoga Mat,985.32,1.0,Germany,Net Banking,Mobile App,Delivered
ORD104664,CUST485,2024-09-11,Home & Kitchen,Storage Containers,2457.86,1.0,Germany,Net Banking,website,Delivered
ORD105946,CUST743,2024-02-24,Books,Kids Picture Book,588.16,1.0,UK,UPI,Marketplace,Delivered
ORD100772,CUST329,2024-03-18,Fashion,Leather Wallet,1030.45,1.0,India,Debit Card,Website,Cancelled
ORD105371,CUST223,2024-07-22,Books,Self-Help Guide,229.03,2.0,India,Credit Card,Mobile App,Returned
ORD102889,CUST547,2024-05-17,Books,Fiction Bestseller,248.55,1.0,Germany,Debit Card,Mobile App,Delivered
ORD101928,CUST1768,2024-05-17,Fashion,Sunglasses,2132.05,1.0,Germany,Net Banking,Website,Delivered
ORD103125,CUST610,2024-02-11,Home & Kitchen,Air Fryer,2623.89,1.0,INDIA,COD,Marketplace,Delivered
ORD101054,CUST1404,02/08/2024,Sports,Dumbbell Set,2294.45,1.0,India,Credit Card,Mobile App,Delivered
ORD101425,CUST945,2024-03-27,Beauty,Sunscreen SPF50,195.03,1.0,India,Debit Card,Mobile App,Returned
ORD104999,CUST349,2024-06-07,Fashion,Denim Jacket,1361.52,1.0,USA,Net Banking,Website,Delivered
ORD101598,CUST724,2024-08-20,Books,Self-Help Guide,54770.00000000001,4.0,UAE,Credit Card,Website,Delivered
ORD101010,CUST1364,2024-05-22,Books,Cookbook,616.69,1.0,India,UPI,Website,Delivered
ORD103296,CUST333,08/09/2024,Fashion,Sunglasses,2330.26,1.0,UAE,Credit Card,Marketplace,Delivered
ORD104044,,03/01/2024,Sports,Dumbbell Set,1892.09,2.0,India,PayPal,Mobile App,Cancelled
ORD101419,CUST528,2024-07-24,Toys,Board Game,,1.0,United Kingdom,UPI,Mobile App,Delivered
ORD103902,CUST689,2024-06-29,Fashion,Denim Jacket,1125.14,2.0,USA,Debit Card,Marketplace,Delivered
ORD103431,CUST1598,18/01/2024,Sports,Yoga Mat,1690.23,1.0,india,,Website,Delivered
ORD102853,CUST231,2024-04-06,Home & Kitchen,LED Desk Lamp,,1.0,India,Credit Card,website,Delivered
ORD101229,CUST967,2024-06-22,Electronics,Phone Case,4740.25,1.0,India,Net Banking,Website,Delivered
ORD100833,CUST490,2024-05-31,Home & Kitchen,Blender,2545.25,1.0,India,Debit Card,Website,Delivered
ORD102412,CUST951,2024-09-06,Sports,Water Bottle,1321.31,1.0,USA,Credit Card,Website,Delivered
ORD104087,CUST488,05-18-2024,Home & Kitchen,Storage Containers,1037.0,1.0,India,Credit Card,Marketplace,Delivered
ORD102112,CUST64,2024-02-26,Beauty,Lip Balm Set,1084.67,1.0,France,UPI,Website,delivered
ORD100486,CUST299,2024-06-21,Toys,Puzzle 1000pc,1662.54,1.0,nan,Net Banking,Website,Delivered
ORD105463,CUST1613,2024-05-11,Fashion,Cotton T-Shirt,1630.16,1.0,nan,Credit Card,Website,Returned
ORD100512,CUST633,2024-04-19,Electronics,Power Bank,1547.7,2.0,United States,Credit Card,Marketplace,Delivered
ORD101184,CUST694,2024-03-27,Sports,Yoga Mat,2341.7,1.0,India,Credit Card,Mobile App,Returned
ORD102098,CUST1562,2024-01-01,Fashion,Denim Jacket,461.39,1.0,USA,UPI,Mobile App,Delivered
ORD105832,,2024-01-11,Fashion,Denim Jacket,1255.81,1.0,INDIA,Debit Card,Marketplace,Delivered
ORD103093,CUST228,2024-08-25,Fashion,Sunglasses,2772.07,1.0,INDIA,Debit Card,Mobile App,Delivered
ORD101071,CUST680,27/06/2024,Beauty,Lip Balm Set,912.47,1.0,USA,PayPal,Website,Delivered
ORD101473,CUST1578,02-04-2024,Home & Kitchen,Air Fryer,3050.24,1.0,United Kingdom,Debit Card,Marketplace,Delivered
ORD101541,CUST576,2024-08-28,Home & Kitchen,Non-stick Pan Set,3198.71,1.0,India,credit card,Website,Delivered
ORD104643,CUST1086,2024-01-11,Books,Cookbook,435.69,5.0,UAE,Credit Card,Website,Delivered
ORD100241,CUST1423,2024-08-06,Electronics,Power Bank,4951.53,1.0,USA,UPI,Mobile App,Delivered
ORD105859,CUST617,2024-02-04,Beauty,Sunscreen SPF50,359.79,1.0,United Kingdom,Credit Card,MOBILE APP,Delivered 
ORD104047,CUST1384,2024-05-01,Electronics,USB-C Cable,776.96,1.0,Germany,COD,Mobile App,Delivered
ORD101804,CUST1730,2024-04-10,Home & Kitchen,Storage Containers,,2.0,india,UPI,Marketplace,Delivered
ORD100210,CUST860,02-08-2024,Beauty,Face Serum,1054.41,1.0,India,COD,Marketplace,Delivered
ORD103542,CUST205,2024-02-01,Fashion,Denim Jacket,488.82,2.0,United States,COD,Mobile App,Delivered
ORD105911,CUST80,2024-05-25,Home & Kitchen,Blender,1236.7,1.0,UK,Credit Card,Website,Delivered
ORD104631,CUST138,05/02/2024,Fashion,Running Shoes,713.25,1.0,India,credit card,Marketplace,Returned
ORD104204,CUST1292,09-24-2024,Home & Kitchen,Storage Containers,2773.57,2.0,Germany,UPI,Website,Delivered
ORD105892,CUST712,2024-02-23,Home & Kitchen,Air Fryer,1401.9,1.0,India,UPI,Mobile App,Delivered
ORD102427,CUST189,07-03-2024,Sports,Dumbbell Set,983.54,1.0,UK,Debit Card,Mobile App,Cancelled
ORD104983,CUST21,2024-09-27,Fashion,Sunglasses,207.06,1.0,India,Debit Card,Website,Delivered
ORD101000,CUST1662,2024-05-05,Sports,Dumbbell Set,1863.62,1.0,India,Debit Card,website,Delivered
ORD104517,CUST1373,2024-07-02,Fashion,Cotton T-Shirt,1465.64,2.0,india,Net Banking,website,Delivered
ORD101428,,2024-07-11,Beauty,Face Serum,424.0,1.0,UAE,Debit Card,Website,Delivered
ORD105534,CUST1456,12/06/2024,Beauty,Sunscreen SPF50,913.77,1.0,India,UPI,Marketplace,Delivered
ORD105884,,2024-07-05,Electronics,Wireless Earbuds,1524.13,1.0,India,COD,Marketplace,Delivered
ORD104191,CUST571,04-09-2024,Electronics,Wireless Earbuds,1613.86,2.0,France,credit card,Mobile App,Cancelled
ORD103401,CUST1318,2024-07-20,Beauty,Sunscreen SPF50,512.62,2.0,INDIA,credit card,MOBILE APP,Delivered
ORD101089,CUST1054,2024-02-24,Fashion,Running Shoes,329.06,1.0,India,UPI,Mobile App,Delivered
ORD102439,CUST768,2024-09-16,Fashion,Cotton T-Shirt,1837.8,1.0,UAE,Credit Card,Marketplace,Delivered
ORD101108,CUST1483,2024-06-29,Beauty,Face Serum,1011.07,1.0,INDIA,Credit Card,Website,Delivered 
ORD100365,CUST1051,09-10-2024,Beauty,Lip Balm Set,337.26,2.0,India,Credit Card,Website,Delivered
ORD102396,CUST1131,2024-02-12,Sports,Cycling Gloves,1842.58,1.0,India,UPI,Mobile App,Delivered
ORD105233,CUST51,05-28-2024,Fashion,Leather Wallet,1055.22,4.0,India,Credit Card,Mobile App,Cancelled
ORD102489,CUST954,30/07/2024,Fashion,Cotton T-Shirt,2156.18,1.0,India,UPI,Mobile App,Delivered
ORD102078,CUST972,2024-07-03,Fashion,Running Shoes,2396.86,4.0,India,UPI,Mobile App,Delivered
ORD101150,CUST352,2024-02-19,Home & Kitchen,Blender,2414.81,1.0,USA,Debit Card,Website,Delivered
ORD105926,CUST976,2024-04-19,Sports,Water Bottle,1368.34,1.0,India,UPI,Website,Delivered
ORD103659,CUST1061,2024-06-09,Beauty,Face Serum,1129.4,2.0,India,Debit Card,Website,Cancelled
ORD102147,CUST687,2024-07-27,Home & Kitchen,LED Desk Lamp,1445.92,4.0,India,UPI,Mobile App,Delivered
ORD105182,CUST223,2024-06-02,Fashion,Leather Wallet,829.32,1.0,France,Credit Card,Website,Delivered
ORD103652,CUST1162,04-22-2024,Books,Fiction Bestseller,415.42,2.0,USA,COD,Mobile App,Delivered
ORD105547,CUST608,01-31-2024,Books,Cookbook,,1.0,India,UPI,Mobile App,Delivered
ORD100272,CUST148,03-15-2024,Beauty,Hair Dryer,291.55,2.0,India,UPI,Website,Delivered
ORD102001,CUST130,2024-08-06,Beauty,Lip Balm Set,585.44,3.0,USA,COD,Website,Delivered
ORD101947,CUST1359,2024-04-07,Electronics,Bluetooth Speaker,470822.0,,Germany,UPI,Mobile App,Delivered
ORD101514,,2024-03-20,Electronics,USB-C Cable,2061.13,1.0,india,UPI,Marketplace,Delivered
ORD100364,CUST1289,16/03/2024,Sports,Water Bottle,2025.23,1.0,UK,Credit Card,Marketplace,Delivered
ORD100697,CUST792,13/01/2024,Home & Kitchen,Blender,1126.47,3.0,India,PayPal,Website,Cancelled
ORD100743,CUST334,2024-04-04,Fashion,Denim Jacket,1770.14,1.0,India,Credit Card,Website,Returned
ORD102385,CUST1072,23/07/2024,Home & Kitchen,LED Desk Lamp,505.59,1.0,USA,Debit Card,Website,Cancelled
ORD102559,CUST659,01-05-2024,Electronics,Power Bank,3460.84,1.0,USA,COD,Website,Delivered
ORD100483,CUST839,2024-08-21,Toys,Board Game,1423.78,1.0,France,Credit Card,MOBILE APP,Delivered
ORD104205,CUST1185,2024-04-20,Toys,Building Blocks Set,728.64,1.0,United Kingdom,Credit Card,website,Delivered
ORD105713,CUST810,2024-07-08,Fashion,Running Shoes,1438.14,1.0,France,Debit Card,Mobile App,Delivered
ORD105175,CUST263,05-11-2024,Toys,RC Car,1586.99,1.0,UK,,website,Delivered
ORD101147,CUST1257,2024-09-27,Books,Cookbook,769.8,1.0,INDIA,Credit Card,Website,Cancelled
ORD101483,CUST1156,2024-02-21,Toys,Board Game,1548.44,1.0,India,Credit Card,Website,Delivered
ORD102434,CUST1729,2024-04-27,Fashion,Leather Wallet,2717.93,1.0,USA,UPI,Marketplace,Delivered
ORD104833,,04-01-2024,Books,Cookbook,,1.0,India,Net Banking,website,Delivered
ORD100996,CUST879,09-06-2024,Beauty,Makeup Brush Kit,532.45,3.0,USA,Debit Card,Mobile App,Delivered
ORD104499,CUST832,2024-07-15,Fashion,Leather Wallet,2076.98,5.0,UK,UPI,website,Delivered
ORD101127,CUST1735,2024-09-06,Fashion,Leather Wallet,1465.58,1.0,USA,Net Banking,Mobile App,Delivered
ORD103712,,05-03-2024,Fashion,Denim Jacket,2124.43,1.0,USA,Credit Card,Mobile App,Delivered
ORD104851,CUST1642,2024-06-30,Home & Kitchen,Blender,2835.07,1.0,UK,Debit Card,Website,Delivered
ORD101756,CUST193,08-01-2024,Electronics,Smartwatch,4989.13,1.0,nan,COD,Website,Delivered
ORD102025,CUST1513,2024-07-30,Home & Kitchen,LED Desk Lamp,623.62,1.0,India,UPI,Website,Delivered
ORD105206,CUST828,2024-07-19,Home & Kitchen,Non-stick Pan Set,3121.44,1.0,india,UPI,website,Delivered
ORD105196,,2024-03-23,Fashion,Running Shoes,2463.49,1.0,UK,Credit Card,Marketplace,Delivered
ORD103046,CUST1682,2024-05-30,Fashion,Sunglasses,2799.73,1.0,Germany,PayPal,Website,Delivered
ORD100614,CUST1598,20/03/2024,Home & Kitchen,Non-stick Pan Set,3251.0,2.0,USA,UPI,Website,Delivered
ORD105748,CUST1337,2024-02-25,Beauty,Makeup Brush Kit,784.97,2.0,USA,Credit Card,Mobile App,Delivered
ORD105057,CUST374,06-29-2024,Electronics,Bluetooth Speaker,616.08,2.0,USA,Debit Card,Marketplace,Delivered
ORD105882,CUST276,2024-08-16,Beauty,Face Serum,1483.86,4.0,UK,COD,Marketplace,Delivered
ORD103552,CUST1057,28/06/2024,Toys,Building Blocks Set,1166.02,2.0,UK,Credit Card,Website,Delivered
ORD103207,CUST849,2024-05-31,Electronics,Power Bank,3456.6,1.0,India,PayPal,Mobile App,Delivered
ORD105457,CUST655,2024-09-24,Electronics,Smartwatch,2851.13,1.0,India,Debit Card,Mobile App,Returned
ORD100331,CUST13,03-14-2024,Home & Kitchen,Storage Containers,380.12,1.0,UK,Debit Card,Website,Delivered
ORD105765,CUST1292,2024-07-18,Fashion,Running Shoes,,1.0,India,Debit Card,Website,Delivered
ORD102111,CUST169,01-01-2024,Sports,Water Bottle,,1.0,UK,Debit Card,Marketplace,Delivered 
ORD101506,CUST1440,31/05/2024,Fashion,Running Shoes,2421.28,1.0,India,credit card,Website,Delivered
ORD101334,,2024-05-08,Home & Kitchen,LED Desk Lamp,2525.86,1.0,India,Credit Card,Marketplace,Delivered
ORD101440,CUST1083,2024-06-17,Fashion,Running Shoes,1045.08,2.0,UK,UPI,Website,Delivered
ORD105760,CUST756,2024-03-31,Electronics,Smartwatch,2035.36,1.0,UK,COD,Website,Delivered
ORD103849,CUST1784,2024-01-27,Sports,Dumbbell Set,1272.01,4.0,India,UPI,website,Delivered
ORD101819,CUST1222,08-09-2024,Beauty,Lip Balm Set,424.57,1.0,India,Debit Card,Mobile App,Delivered
ORD105357,CUST955,2024-07-13,Fashion,Leather Wallet,2531.26,2.0,India,Debit Card,Mobile App,Delivered
ORD101295,CUST1648,2024-06-14,Books,Kids Picture Book,420.73,1.0,nan,UPI,Mobile App,Delivered
ORD102055,CUST505,2024-02-21,Fashion,Denim Jacket,422.16,1.0,India,Credit Card,Marketplace,Delivered
ORD104797,CUST777,26/07/2024,Electronics,Power Bank,,1.0,India,Credit Card,Mobile App,Returned
ORD100472,CUST1761,2024-08-17,Toys,Puzzle 1000pc,1072.93,1.0,United States,COD,Website,Delivered
ORD105349,CUST383,05-21-2024,Electronics,Phone Case,3539.95,2.0,India,Credit Card,Marketplace,Delivered
ORD102550,CUST136,06-11-2024,Toys,RC Car,786.58,4.0,India,COD,MOBILE APP,Delivered
ORD104636,CUST991,04-28-2024,Toys,Board Game,856.83,2.0,India,UPI,Marketplace,Delivered
ORD102749,CUST341,20/05/2024,Beauty,Sunscreen SPF50,209.62,3.0,USA,PayPal,Mobile App,Cancelled
ORD105854,CUST1114,2024-01-13,Home & Kitchen,LED Desk Lamp,2835.01,1.0,India,Debit Card,Website,Delivered
ORD101856,CUST1527,2024-05-29,Fashion,Sunglasses,2835.31,2.0,France,COD,Marketplace,Delivered
ORD104017,CUST1387,06-17-2024,Beauty,Makeup Brush Kit,885.33,3.0,India,COD,Mobile App,Delivered
ORD100212,CUST691,2024-06-30,Sports,Yoga Mat,2316.76,1.0,Germany,Credit Card,Marketplace,Delivered
ORD105032,CUST740,04/01/2024,Sports,Resistance Bands,2475.72,1.0,India,UPI,Website,Delivered
ORD100598,CUST1227,2024-07-02,Fashion,Sunglasses,1295.07,1.0,UK,UPI,website,Delivered
ORD100873,CUST498,2024-01-15,Fashion,Denim Jacket,2646.19,1.0,India,Credit Card,Marketplace,Returned
ORD101026,CUST847,2024-09-29,Beauty,Makeup Brush Kit,433.81,2.0,India,Debit Card,Mobile App,Delivered
ORD103163,CUST283,07-24-2024,Beauty,Sunscreen SPF50,572.9,1.0,India,Debit Card,Marketplace,Delivered
ORD103086,CUST425,02-09-2024,Electronics,Bluetooth Speaker,2500.41,1.0,Germany,credit card,Mobile App,Delivered
ORD102047,CUST468,2024-02-10,Home & Kitchen,Blender,1617.2,2.0,India,Credit Card,Website,Delivered
ORD101710,CUST1251,2024-06-28,Fashion,Running Shoes,2430.15,2.0,INDIA,Debit Card,Mobile App,Delivered
ORD102493,CUST188,2024-06-27,Fashion,Cotton T-Shirt,1867.83,2.0,Germany,Credit Card,Mobile App,Delivered
ORD101098,CUST1276,09-27-2024,Electronics,Bluetooth Speaker,3374.3,4.0,India,UPI,Marketplace,delivered
ORD105552,CUST635,2024-04-19,Home & Kitchen,Blender,697.13,1.0,USA,COD,Website,Delivered
ORD103408,CUST2,13/06/2024,Electronics,Phone Case,,5.0,India,UPI,Marketplace,Delivered
ORD105395,CUST803,2024-06-22,Toys,Puzzle 1000pc,506.96,4.0,India,UPI,Marketplace,Delivered
ORD104358,CUST665,2024-08-17,Electronics,Bluetooth Speaker,1042.74,2.0,USA,UPI,Mobile App,Delivered
ORD103880,CUST26,05-31-2024,Electronics,Power Bank,1361.29,1.0,India,UPI,Website,Delivered
ORD105124,CUST14,2024-05-11,Fashion,Cotton T-Shirt,2927.6,1.0,India,Debit Card,Mobile App,Delivered
ORD100941,CUST428,2024-08-19,Electronics,Bluetooth Speaker,3282.69,1.0,USA,UPI,Mobile App,Delivered
ORD100390,CUST1130,2024-04-09,Fashion,Cotton T-Shirt,688.39,2.0,France,Debit Card,Website,Delivered
ORD101868,CUST1142,2024-06-01,Beauty,Makeup Brush Kit,661.63,2.0,INDIA,UPI,Website,Delivered
ORD100450,CUST911,2024-02-12,Toys,Board Game,964.3,1.0,India,Debit Card,Website,Delivered
ORD102177,CUST488,2024-06-17,Fashion,Running Shoes,1481.3,1.0,India,COD,Mobile App,Delivered
ORD100935,CUST1712,2024-01-04,Electronics,Smartwatch,1283.85,1.0,INDIA,UPI,Website,Delivered
ORD105619,CUST1736,2024-04-25,Electronics,Bluetooth Speaker,1164.64,1.0,India,Net Banking,Mobile App,Delivered
ORD102962,CUST461,2024-03-30,Electronics,USB-C Cable,2964.39,1.0,India,UPI,Marketplace,Delivered
ORD100651,CUST1587,2024-04-16,Home & Kitchen,Blender,3048.4,1.0,UAE,COD,Marketplace,Delivered
ORD103901,CUST28,2024-09-05,Electronics,USB-C Cable,528.9,1.0,UAE,UPI,Marketplace,Delivered
ORD102467,CUST527,2024-03-30,Fashion,Denim Jacket,2197.11,1.0,India,PayPal,Website,Delivered
ORD103120,CUST468,2024-08-26,Books,Self-Help Guide,720.27,1.0,nan,Net Banking,Website,Delivered
ORD104384,CUST280,2024-07-03,Electronics,Bluetooth Speaker,3889.8,2.0,Germany,Debit Card,Website,Delivered
ORD101664,CUST1737,27/03/2024,Books,Cookbook,148.83,1.0,United States,COD,MOBILE APP,Delivered
ORD104255,CUST612,05-07-2024,Home & Kitchen,Storage Containers,1747.46,1.0,India,Debit Card,Marketplace,Delivered
ORD104395,CUST890,2024-09-22,Electronics,Phone Case,3153.2,1.0,India,UPI,Marketplace,Delivered
ORD105907,CUST875,09-09-2024,Sports,Dumbbell Set,2249.24,3.0,Germany,COD,Mobile App,Delivered
ORD100098,CUST86,23/04/2024,Home & Kitchen,Air Fryer,2980.97,2.0,India,COD,Marketplace,Delivered
ORD103836,CUST1477,2024-01-05,Beauty,Hair Dryer,941.69,2.0,India,UPI,Marketplace,Delivered
ORD101832,CUST1683,2024-08-16,Electronics,Power Bank,798.02,1.0,India,UPI,Mobile App,Cancelled
ORD104751,CUST496,2024-03-04,Electronics,Phone Case,4413.91,1.0,india,UPI,Website,Delivered
ORD103050,CUST227,2024-01-21,Home & Kitchen,Storage Containers,621.81,1.0,France,Net Banking,Website,Delivered
ORD103581,CUST130,2024-02-09,Fashion,Running Shoes,2450.35,2.0,India,Credit Card,Mobile App,Delivered
ORD105544,CUST1215,2024-06-27,Electronics,Smartwatch,2216.8,1.0,UK,Credit Card,Marketplace,Delivered
ORD104796,CUST353,2024-04-22,Fashion,Denim Jacket,1775.97,1.0,India,UPI,Mobile App,Delivered
ORD103851,CUST411,01-05-2024,Fashion,Sunglasses,641.79,1.0,India,PayPal,Website,Delivered
ORD105512,CUST1524,11/03/2024,Electronics,Phone Case,3691.84,2.0,Germany,Net Banking,Mobile App,Delivered
ORD100549,CUST1422,2024-08-15,Fashion,Cotton T-Shirt,2442.28,1.0,United Kingdom,UPI,Website,Delivered 
ORD104844,CUST883,21/03/2024,Home & Kitchen,Non-stick Pan Set,2897.98,4.0,India,UPI,MOBILE APP,Delivered
ORD100131,CUST273,07-04-2024,Beauty,Hair Dryer,837.65,1.0,USA,UPI,Mobile App,Delivered
ORD102057,CUST559,2024-06-12,Electronics,Wireless Earbuds,748.84,1.0,USA,Net Banking,Mobile App,Delivered
ORD101988,CUST450,2024-06-23,Books,Self-Help Guide,133.83,1.0,USA,UPI,Mobile App,Delivered
ORD103789,CUST1554,03-05-2024,Sports,Yoga Mat,,5.0,India,UPI,Marketplace,Returned
ORD100383,CUST1623,2024-02-22,Beauty,Hair Dryer,612.46,1.0,United Kingdom,Net Banking,Marketplace,Delivered
ORD103939,CUST567,2024-06-07,Beauty,Makeup Brush Kit,1032.62,1.0,India,Credit Card,Mobile App,Delivered
ORD102595,CUST802,30/07/2024,Home & Kitchen,Blender,841.41,1.0,India,Credit Card,Mobile App,Delivered
ORD100723,CUST1001,04-07-2024,Books,Cookbook,199.14,1.0,india,Credit Card,Marketplace,Delivered
ORD103275,CUST905,2024-07-10,Sports,Resistance Bands,1159.62,1.0,UK,Net Banking,Website,Delivered
ORD102082,CUST1363,2024-06-19,Home & Kitchen,LED Desk Lamp,1972.34,1.0,India,UPI,Website,Delivered
ORD100982,CUST692,2024-04-19,Beauty,Makeup Brush Kit,696.05,2.0,India,Credit Card,Mobile App,Delivered
ORD104925,CUST770,30/07/2024,Toys,Building Blocks Set,1148.16,2.0,Germany,Debit Card,Mobile App,Delivered
ORD101376,CUST627,2024-03-27,Home & Kitchen,Air Fryer,2536.68,5.0,India,UPI,Mobile App,Delivered
ORD105279,CUST705,05-22-2024,Electronics,Bluetooth Speaker,4067.47,1.0,india,Credit Card,Website,Delivered
ORD102059,,2024-06-06,Beauty,Makeup Brush Kit,1081.42,2.0,india,UPI,Mobile App,Returned
ORD102776,CUST1651,2024-05-13,Books,Cookbook,225.43,2.0,UK,Debit Card,Website,Cancelled
ORD101825,CUST1783,2024-08-25,Home & Kitchen,Storage Containers,1065.28,1.0,India,COD,Marketplace,Returned
ORD101645,CUST662,03-08-2024,Home & Kitchen,Blender,938.51,1.0,Germany,Net Banking,Website,Delivered
ORD102704,CUST1667,09/07/2024,Fashion,Denim Jacket,1708.62,1.0,India,Credit Card,Mobile App,Returned
ORD100541,CUST8,09-20-2024,Home & Kitchen,Blender,1332.83,1.0,Germany,UPI,Website,Delivered
ORD101095,CUST125,01-01-2024,Electronics,Power Bank,4953.76,3.0,India,UPI,Marketplace,Delivered
ORD105948,CUST815,08-24-2024,Electronics,Wireless Earbuds,3736.92,1.0,India,Net Banking,Mobile App,Delivered
ORD101524,,2024-02-09,Toys,Puzzle 1000pc,1598.9,1.0,India,Credit Card,Mobile App,Delivered
ORD103722,CUST871,2024-01-18,Sports,Cycling Gloves,1785.77,3.0,Germany,Credit Card,Mobile App,Delivered 
ORD102630,CUST592,13/04/2024,Toys,Puzzle 1000pc,424.26,1.0,UAE,,MOBILE APP,Delivered
ORD101087,CUST1339,10/01/2024,Beauty,Face Serum,1199.93,1.0,India,COD,MOBILE APP,Delivered
ORD103753,CUST908,2024-07-21,Fashion,Sunglasses,304.04,1.0,USA,COD,Mobile App,Delivered
ORD104157,CUST365,2024-07-05,Home & Kitchen,Air Fryer,819.19,1.0,India,Credit Card,Mobile App,Delivered
ORD105169,CUST1194,2024-07-08,Beauty,Hair Dryer,329.49,5.0,USA,Debit Card,Website,Delivered
ORD102999,CUST1577,02-09-2024,Fashion,Denim Jacket,862.49,1.0,India,Credit Card,Website,Delivered
ORD100552,CUST1021,03/02/2024,Electronics,Smartwatch,4742.59,1.0,India,Debit Card,Marketplace,Delivered 
ORD104239,CUST609,2024-05-04,Sports,Cycling Gloves,1219.59,3.0,India,UPI,Website,Delivered
ORD103273,CUST1376,2024-07-03,Fashion,Sunglasses,453.45,2.0,India,Credit Card,website,Returned
ORD105409,CUST336,2024-01-04,Fashion,Denim Jacket,2816.04,1.0,India,Debit Card,MOBILE APP,Delivered
ORD101355,CUST141,06-01-2024,Sports,Resistance Bands,2146.64,1.0,India,Debit Card,Mobile App,Delivered
ORD101367,CUST1539,2024-01-20,Electronics,Smartwatch,2949.31,1.0,UAE,UPI,Website,Delivered
ORD105796,CUST1494,2024-01-20,Books,Kids Picture Book,111.84,1.0,Germany,Debit Card,Mobile App,Returned
ORD104623,CUST277,2024-07-01,Sports,Cycling Gloves,46273.0,1.0,United States,Credit Card,Mobile App,Delivered
ORD103152,CUST618,2024-03-26,Fashion,Running Shoes,2355.58,1.0,India,Debit Card,Mobile App,Delivered
ORD101338,CUST688,07/07/2024,Fashion,Denim Jacket,2136.33,1.0,India,Credit Card,Mobile App,Returned
ORD100942,,06-07-2024,Sports,Water Bottle,968.71,3.0,India,Credit Card,Website,Delivered
ORD104093,CUST1120,2024-02-15,Electronics,USB-C Cable,4375.16,1.0,USA,Credit Card,Mobile App,Delivered
ORD102446,,2024-09-11,Home & Kitchen,Blender,931.06,2.0,Germany,COD,Mobile App,Delivered
ORD100520,CUST1546,2024-03-07,Sports,Cycling Gloves,869.65,3.0,USA,UPI,Mobile App,Delivered
ORD105792,CUST1459,2024-08-21,Fashion,Running Shoes,1791.92,5.0,India,PayPal,Mobile App,delivered
ORD103238,CUST1294,2024-09-28,Fashion,Leather Wallet,1338.79,1.0,UAE,Credit Card,website,Delivered
ORD101073,CUST1540,2024-09-07,Electronics,Phone Case,,1.0,India,Credit Card,Mobile App,Delivered
ORD101100,CUST1216,2024-01-25,Beauty,Makeup Brush Kit,604.59,2.0,UAE,Debit Card,Marketplace,Delivered
ORD105098,CUST22,2024-06-04,Electronics,Wireless Earbuds,1141.15,1.0,India,UPI,Website,Delivered
ORD102685,CUST596,2024-06-06,Home & Kitchen,Blender,1426.61,1.0,India,COD,Marketplace,Delivered
ORD102461,CUST1078,2024-04-09,Sports,Dumbbell Set,1468.41,1.0,USA,Debit Card,MOBILE APP,Delivered
ORD102179,CUST1453,2024-02-07,Home & Kitchen,Storage Containers,1462.14,1.0,India,Debit Card,Marketplace,Delivered
ORD105630,CUST1102,2024-02-14,Books,Self-Help Guide,429.88,1.0,Germany,UPI,Marketplace,Returned
ORD102477,CUST454,2024-07-28,Fashion,Cotton T-Shirt,1458.62,1.0,UK,Debit Card,Mobile App,Delivered
ORD103953,CUST1057,02-19-2024,Home & Kitchen,Non-stick Pan Set,443.31,1.0,INDIA,UPI,Website,Delivered
ORD101174,CUST1777,2024-07-11,Beauty,Makeup Brush Kit,1038.8,2.0,USA,UPI,Website,Delivered
ORD104690,CUST1108,02-07-2024,Electronics,Smartwatch,2620.41,4.0,INDIA,Credit Card,Mobile App,Delivered
ORD101998,CUST534,2024-04-19,Fashion,Cotton T-Shirt,1555.56,2.0,Germany,Credit Card,Mobile App,Delivered
ORD102698,CUST694,08-06-2024,Toys,Board Game,1400.92,3.0,India,COD,Mobile App,Delivered
ORD100164,,03-27-2024,Electronics,Bluetooth Speaker,1021.63,1.0,india,,Mobile App,Delivered
ORD103609,CUST492,13/03/2024,Books,Cookbook,673.22,1.0,india,UPI,Website,Delivered
ORD104305,CUST1740,2024-05-19,Electronics,USB-C Cable,3818.07,2.0,India,Credit Card,Website,Delivered
ORD101133,CUST649,2024-03-19,Toys,Building Blocks Set,1663.21,1.0,India,credit card,MOBILE APP,Delivered
ORD100845,CUST1147,2024-02-24,Home & Kitchen,Blender,1540.56,1.0,USA,COD,Mobile App,Delivered
ORD105473,CUST23,2024-01-22,Sports,Yoga Mat,2415.66,1.0,Germany,UPI,Mobile App,Delivered
ORD104164,CUST1268,2024-08-23,Fashion,Running Shoes,463.3,2.0,India,COD,Website,Returned
ORD103603,CUST1264,31/05/2024,Home & Kitchen,LED Desk Lamp,2501.94,1.0,India,Net Banking,Website,Delivered
ORD103832,CUST853,07-29-2024,Electronics,Wireless Earbuds,2709.1,1.0,India,UPI,Mobile App,Delivered 
ORD104296,CUST629,05-17-2024,Electronics,Wireless Earbuds,4676.19,1.0,India,Credit Card,Mobile App,Delivered
ORD104015,CUST373,30/03/2024,Fashion,Denim Jacket,1690.86,1.0,India,COD,Website,Delivered
ORD100952,CUST1551,2024-02-29,Fashion,Denim Jacket,1335.84,2.0,USA,UPI,Marketplace,Cancelled
ORD105170,CUST897,2024-03-03,Electronics,Wireless Earbuds,4403.03,1.0,UAE,PayPal,Marketplace,Delivered
ORD104784,CUST1763,2024-06-24,Toys,Puzzle 1000pc,654.51,3.0,France,Credit Card,Marketplace,Delivered
ORD102986,CUST16,2024-07-09,Fashion,Running Shoes,2970.84,2.0,United States,UPI,Website,Delivered
ORD105993,CUST327,2024-06-26,Electronics,Bluetooth Speaker,4320.35,2.0,UK,UPI,Marketplace,delivered
ORD104902,CUST1022,2024-07-23,Fashion,Leather Wallet,732.84,1.0,India,Credit Card,Website,delivered
ORD101840,CUST422,2024-09-25,Toys,Puzzle 1000pc,1305.75,2.0,USA,COD,Mobile App,Delivered
ORD104331,CUST1584,2024-06-26,Sports,Cycling Gloves,1932.11,2.0,Germany,UPI,Marketplace,Delivered
ORD101175,CUST928,03-21-2024,Sports,Cycling Gloves,1499.59,,Germany,PayPal,Marketplace,delivered
ORD103563,CUST551,2024-04-18,Home & Kitchen,LED Desk Lamp,535.48,1.0,Germany,credit card,Website,Delivered
ORD105120,CUST1085,21/08/2024,Home & Kitchen,Air Fryer,373.14,2.0,United States,Debit Card,Mobile App,Delivered
ORD100692,CUST369,2024-03-12,Sports,Cycling Gloves,1155.19,1.0,Germany,UPI,Marketplace,Delivered
ORD100910,CUST1768,03-31-2024,Books,Fiction Bestseller,,1.0,USA,Debit Card,Marketplace,Delivered
ORD104740,CUST72,2024-09-25,Home & Kitchen,LED Desk Lamp,2854.15,1.0,Germany,COD,Website,Delivered
ORD102432,CUST862,13/09/2024,Electronics,Bluetooth Speaker,2818.52,1.0,nan,Net Banking,Marketplace,Delivered
ORD102196,CUST1039,09-11-2024,Toys,RC Car,,1.0,India,COD,Mobile App,Returned
ORD100297,CUST306,19/06/2024,Electronics,Wireless Earbuds,4083.18,2.0,UK,Net Banking,Website,Cancelled
ORD100853,CUST1000,2024-02-12,Fashion,Denim Jacket,2706.46,3.0,India,Credit Card,Marketplace,Delivered
ORD101004,CUST562,2024-02-18,Electronics,Phone Case,2741.46,2.0,India,Credit Card,Mobile App,Delivered
ORD100462,CUST1,2024-02-15,Fashion,Running Shoes,448.23,3.0,India,Debit Card,Website,Delivered
ORD105316,CUST237,13/03/2024,Electronics,Power Bank,3630.62,1.0,USA,UPI,Website,Delivered
ORD102666,CUST552,07-21-2024,Electronics,Phone Case,2763.05,1.0,India,Credit Card,Website,Delivered
ORD105668,CUST234,23/04/2024,Electronics,Wireless Earbuds,3790.46,1.0,India,Debit Card,Marketplace,Delivered
ORD105054,CUST1405,2024-01-28,Beauty,Face Serum,1388.04,3.0,India,UPI,Website,Cancelled
ORD102516,CUST365,2024-07-03,Sports,Resistance Bands,1682.57,2.0,India,Debit Card,Marketplace,Delivered
ORD102881,CUST161,2024-09-03,Books,Cookbook,367.05,1.0,UK,Credit Card,Marketplace,Delivered
ORD103913,CUST1798,2024-05-04,Home & Kitchen,Blender,1190.94,1.0,United Kingdom,Net Banking,Mobile App,delivered
ORD105077,CUST1298,2024-01-22,Fashion,Denim Jacket,798.89,1.0,India,Credit Card,Mobile App,Delivered
ORD103486,CUST336,2024-04-20,Electronics,Smartwatch,1066.78,1.0,India,Net Banking,Mobile App,Delivered
ORD102035,CUST1009,2024-07-14,Electronics,USB-C Cable,3952.94,2.0,India,Net Banking,Mobile App,Cancelled
ORD105173,CUST1055,2024-04-08,Beauty,Makeup Brush Kit,79997.0,2.0,UK,Credit Card,Marketplace,Delivered
ORD101259,CUST771,2024-02-21,Fashion,Sunglasses,1080.44,2.0,Germany,Net Banking,Website,Delivered
ORD103599,CUST183,02-24-2024,Beauty,Hair Dryer,1299.36,1.0,India,COD,MOBILE APP,Delivered
ORD100932,CUST1681,05-14-2024,Home & Kitchen,Blender,1867.36,1.0,India,UPI,Marketplace,Delivered
ORD101916,CUST974,01-28-2024,Home & Kitchen,Non-stick Pan Set,668.18,1.0,France,Credit Card,Marketplace,Delivered
ORD104669,CUST1392,01-04-2024,Books,Self-Help Guide,475.08,1.0,India,Net Banking,MOBILE APP,Delivered
ORD100028,CUST729,03-16-2024,Home & Kitchen,Non-stick Pan Set,618.95,4.0,India,PayPal,Mobile App,Delivered
ORD102190,CUST448,2024-07-10,Beauty,Makeup Brush Kit,350.2,2.0,india,Credit Card,Website,Delivered
ORD101463,CUST1469,08-11-2024,Home & Kitchen,LED Desk Lamp,1328.96,1.0,India,PayPal,Website,Delivered
ORD104014,CUST219,2024-02-29,Home & Kitchen,Non-stick Pan Set,1262.22,1.0,India,UPI,Marketplace,Delivered
ORD102592,CUST898,2024-06-09,Fashion,Denim Jacket,2639.91,3.0,United Kingdom,credit card,website,Delivered
ORD101292,CUST1021,27/09/2024,Electronics,Bluetooth Speaker,1512.05,1.0,France,Debit Card,Website,Delivered
ORD105199,CUST693,2024-02-18,Electronics,Phone Case,2487.08,4.0,United States,PayPal,Website,Delivered
ORD105427,CUST194,2024-07-07,Electronics,Smartwatch,4992.23,5.0,USA,UPI,Website,Returned
ORD105704,,21/02/2024,Electronics,Smartwatch,3873.4,1.0,nan,Debit Card,Website,Delivered
ORD102846,CUST814,2024-09-10,Sports,Yoga Mat,,1.0,USA,COD,Website,Delivered
ORD102923,CUST1409,08/05/2024,Toys,Board Game,1757.92,1.0,India,UPI,Marketplace,Returned
ORD100344,CUST1322,25/01/2024,Electronics,USB-C Cable,4224.89,5.0,India,Credit Card,Website,Returned
ORD101717,CUST1688,03-23-2024,Electronics,USB-C Cable,3587.07,1.0,India,credit card,Marketplace,Delivered
ORD104243,CUST506,2024-06-04,Beauty,Face Serum,1277.18,1.0,Germany,Debit Card,MOBILE APP,Delivered
ORD104100,CUST1313,05-06-2024,Beauty,Makeup Brush Kit,1415.0,1.0,France,Credit Card,Mobile App,Delivered
ORD105537,CUST1247,06-07-2024,Beauty,Makeup Brush Kit,1461.46,2.0,United States,Credit Card,Website,Cancelled
ORD101166,,03-19-2024,Beauty,Makeup Brush Kit,333.21,2.0,France,Debit Card,Marketplace,Returned
ORD104817,CUST1060,2024-05-14,Toys,Board Game,632.99,1.0,UK,Debit Card,Marketplace,Delivered
ORD105638,CUST28,22/07/2024,Electronics,Power Bank,2065.19,2.0,India,Credit Card,Mobile App,Delivered
ORD105629,CUST1630,03-04-2024,Electronics,Phone Case,4996.28,4.0,USA,Credit Card,Website,Delivered
ORD101791,CUST803,22/03/2024,Fashion,Cotton T-Shirt,2362.81,2.0,India,Credit Card,Mobile App,Delivered
ORD103036,CUST1758,05-01-2024,Sports,Cycling Gloves,1139.23,4.0,UK,COD,Website,Returned
ORD101273,CUST1179,04-14-2024,Sports,Water Bottle,2089.93,1.0,India,Credit Card,Mobile App,Returned
ORD100059,CUST778,2024-06-26,Home & Kitchen,Blender,1606.95,1.0,Germany,Debit Card,Mobile App,Delivered
ORD102948,CUST1031,09-13-2024,Electronics,Bluetooth Speaker,2810.62,1.0,Germany,PayPal,Website,Delivered
ORD105653,CUST852,18/01/2024,Fashion,Leather Wallet,481.09,1.0,India,Debit Card,Website,Delivered 
ORD104905,,02-22-2024,Electronics,Phone Case,651.56,3.0,India,Net Banking,Mobile App,Delivered
ORD100221,CUST668,2024-04-27,Beauty,Face Serum,776.82,1.0,Germany,UPI,Website,Returned
ORD104175,CUST257,2024-06-28,Home & Kitchen,Storage Containers,3411.12,1.0,UK,UPI,Website,Delivered
ORD100490,CUST208,2024-09-05,Electronics,Phone Case,1780.09,1.0,USA,COD,Mobile App,Delivered
ORD105930,CUST757,06-19-2024,Toys,Building Blocks Set,1923.1,5.0,USA,Debit Card,Marketplace,Cancelled
ORD104944,CUST879,23/01/2024,Home & Kitchen,LED Desk Lamp,971.18,1.0,India,UPI,Website,Returned
ORD102577,CUST850,2024-04-21,Sports,Dumbbell Set,779.18,1.0,india,Credit Card,Mobile App,Delivered 
ORD102585,CUST1641,2024-02-09,Beauty,Sunscreen SPF50,251.59,1.0,USA,Debit Card,Mobile App,Delivered
ORD102927,CUST871,05-06-2024,Electronics,Bluetooth Speaker,1346.68,4.0,India,Debit Card,Website,Cancelled
ORD101620,CUST553,2024-08-18,Electronics,Smartwatch,3760.16,1.0,India,Debit Card,Website,Delivered
ORD101235,CUST1189,2024-09-12,Home & Kitchen,Storage Containers,2670.47,1.0,India,Credit Card,Marketplace,Delivered
ORD102302,CUST1122,2024-04-14,Electronics,Phone Case,3917.74,1.0,UK,,Mobile App,Delivered
ORD103074,CUST1244,2024-04-01,Home & Kitchen,Air Fryer,1894.59,1.0,india,Net Banking,Website,Delivered
ORD102935,CUST150,09-15-2024,Sports,Yoga Mat,2133.25,2.0,USA,UPI,Website,Delivered
ORD103457,CUST435,2024-08-07,Electronics,Phone Case,4960.36,2.0,UK,UPI,Mobile App,Delivered
ORD100589,CUST455,2024-03-26,Beauty,Hair Dryer,710.17,1.0,India,credit card,Website,Delivered
ORD103324,CUST1620,2024-02-03,Books,Fiction Bestseller,379.79,2.0,INDIA,COD,Marketplace,Delivered 
ORD100025,,05/03/2024,Fashion,Denim Jacket,1482.11,4.0,UAE,PayPal,Website,Delivered
ORD105999,CUST1641,12/01/2024,Fashion,Cotton T-Shirt,1938.82,1.0,India,Debit Card,Website,Delivered
ORD105241,CUST1093,2024-04-25,Fashion,Leather Wallet,1394.88,2.0,UAE,Debit Card,Website,Delivered
ORD102695,CUST752,20/04/2024,Electronics,USB-C Cable,2706.42,1.0,UK,UPI,Mobile App,Delivered
ORD103887,CUST1325,25/09/2024,Electronics,Phone Case,,4.0,Germany,UPI,website,Delivered
ORD104610,CUST653,2024-02-15,Home & Kitchen,Air Fryer,2768.7,1.0,India,Debit Card,Website,Delivered
ORD100026,CUST849,14/04/2024,Beauty,Makeup Brush Kit,1289.58,2.0,USA,UPI,Website,Cancelled
ORD100010,CUST1137,04-22-2024,Electronics,Bluetooth Speaker,4830.01,1.0,India,,Website,Delivered 
ORD100090,CUST307,28/02/2024,Electronics,USB-C Cable,3735.41,5.0,United States,Credit Card,Mobile App,Delivered
ORD101951,CUST203,2024-03-29,Fashion,Sunglasses,1345.07,1.0,USA,PayPal,Mobile App,Delivered
ORD101020,CUST442,06-08-2024,Electronics,Smartwatch,,1.0,India,UPI,Website,Cancelled
ORD102533,CUST492,2024-06-01,Fashion,Cotton T-Shirt,235.41,1.0,India,COD,Mobile App,Delivered
ORD104121,CUST25,05-24-2024,Fashion,Denim Jacket,2264.41,1.0,India,Debit Card,Marketplace,Delivered
ORD101064,CUST1326,2024-07-03,Electronics,Bluetooth Speaker,1326.6,1.0,USA,UPI,Website,Delivered
ORD102480,CUST1614,15/05/2024,Beauty,Lip Balm Set,892.35,2.0,India,PayPal,Marketplace,Delivered
ORD101817,CUST465,2024-09-01,Toys,Puzzle 1000pc,1166.74,1.0,India,Debit Card,Mobile App,Delivered
ORD103341,CUST556,2024-08-08,Home & Kitchen,LED Desk Lamp,868.72,1.0,United Kingdom,Credit Card,Mobile App,Delivered
ORD105452,CUST1796,2024-08-23,Electronics,Bluetooth Speaker,1831.34,2.0,india,PayPal,Mobile App,Delivered
ORD104471,CUST620,22/09/2024,Home & Kitchen,Blender,2831.58,1.0,USA,credit card,Website,Returned
ORD103508,CUST289,2024-05-14,Sports,Dumbbell Set,2153.86,2.0,Germany,PayPal,Mobile App,Delivered
ORD102458,CUST1194,09/03/2024,Home & Kitchen,Storage Containers,1309.79,2.0,India,UPI,Website,Cancelled
ORD105097,CUST639,2024-05-20,Toys,Board Game,675.82,1.0,Germany,Net Banking,Mobile App,Delivered
ORD100916,CUST614,2024-03-04,Books,Fiction Bestseller,489.79,2.0,USA,Credit Card,website,Delivered
ORD104630,CUST1257,03-28-2024,Toys,RC Car,1091.09,1.0,UK,Credit Card,Marketplace,Delivered
ORD105913,CUST622,2024-08-23,Home & Kitchen,LED Desk Lamp,2565.15,1.0,USA,Credit Card,Mobile App,Returned
ORD101134,CUST1622,2024-01-19,Sports,Dumbbell Set,1411.96,2.0,Germany,COD,Mobile App,Delivered
ORD101024,CUST1382,2024-02-04,Electronics,Bluetooth Speaker,3241.84,1.0,India,Net Banking,Marketplace,Delivered
ORD103559,CUST1453,2024-07-31,Fashion,Leather Wallet,1357.15,3.0,United Kingdom,PayPal,website,Delivered
ORD105300,CUST96,2024-08-21,Fashion,Leather Wallet,1715.97,2.0,USA,UPI,Mobile App,Delivered
ORD105129,CUST973,09-16-2024,Electronics,Wireless Earbuds,1198.35,1.0,India,Debit Card,Mobile App,Delivered
ORD101288,CUST1797,06-21-2024,Fashion,Cotton T-Shirt,1293.24,2.0,India,Net Banking,Mobile App,Delivered
ORD104848,CUST228,2024-09-13,Home & Kitchen,Non-stick Pan Set,3486.02,1.0,UAE,Debit Card,Mobile App,Delivered
ORD101704,CUST1653,2024-05-27,Fashion,Denim Jacket,2479.84,5.0,india,Credit Card,Mobile App,Cancelled
ORD101395,CUST1261,2024-01-10,Electronics,Smartwatch,2011.59,1.0,UK,Credit Card,Mobile App,Delivered
ORD104169,CUST651,2024-06-01,Electronics,Power Bank,1489.98,1.0,India,Debit Card,Marketplace,Cancelled
ORD102873,CUST633,2024-04-01,Books,Self-Help Guide,530.15,4.0,UK,Credit Card,Mobile App,Returned
ORD104168,CUST175,06-14-2024,Fashion,Running Shoes,332.26,1.0,India,Debit Card,Marketplace,Delivered
ORD104780,CUST791,08-04-2024,Home & Kitchen,Storage Containers,501.06,3.0,India,UPI,Website,Delivered
ORD101927,CUST1016,2024-03-22,Beauty,Hair Dryer,1016.64,1.0,USA,COD,Mobile App,Delivered
ORD102839,CUST453,2024-05-02,Fashion,Cotton T-Shirt,1281.9,2.0,UK,COD,Website,Delivered
ORD100969,CUST1104,13/03/2024,Electronics,USB-C Cable,1419.01,1.0,United States,Debit Card,Marketplace,Delivered
ORD101914,CUST516,2024-06-24,Beauty,Sunscreen SPF50,534.71,1.0,India,Credit Card,Marketplace,Delivered
ORD105559,CUST1278,2024-07-13,Electronics,Wireless Earbuds,4816.75,1.0,India,credit card,Mobile App,Delivered 
ORD102571,CUST21,2024-05-31,Home & Kitchen,Storage Containers,1822.72,1.0,USA,Debit Card,website,Delivered
ORD104138,CUST1771,2024-06-15,Electronics,Phone Case,528.49,2.0,United Kingdom,UPI,Website,Delivered
ORD100964,CUST917,09-22-2024,Beauty,Lip Balm Set,574.35,2.0,France,UPI,Website,Cancelled
ORD101238,CUST611,2024-09-13,Electronics,Smartwatch,1598.64,4.0,USA,Credit Card,Website,Delivered
ORD105977,CUST1300,2024-09-25,Electronics,Bluetooth Speaker,4362.52,2.0,India,credit card,Mobile App,Cancelled
ORD101601,,2024-02-07,Home & Kitchen,Storage Containers,1749.03,3.0,India,COD,Website,Delivered
ORD103491,CUST1619,2024-09-05,Sports,Water Bottle,728.0,1.0,India,Credit Card,Website,Delivered
ORD100361,CUST1347,2024-04-18,Sports,Cycling Gloves,1373.06,1.0,Germany,UPI,Marketplace,Delivered
ORD103316,CUST83,2024-07-14,Electronics,Phone Case,4017.85,2.0,UAE,credit card,Mobile App,delivered
ORD104236,CUST1470,2024-06-08,Toys,Puzzle 1000pc,1893.6,2.0,India,COD,Website,Returned
ORD103833,CUST813,2024-04-07,Toys,RC Car,787.65,2.0,India,Credit Card,MOBILE APP,Delivered
ORD103918,CUST233,2024-03-19,Fashion,Cotton T-Shirt,387.1,1.0,India,PayPal,MOBILE APP,Delivered
ORD104041,CUST725,2024-05-01,Electronics,Bluetooth Speaker,708.8,1.0,india,Credit Card,Website,Delivered
ORD102163,CUST1771,2024-04-10,Sports,Cycling Gloves,1483.96,1.0,Germany,Debit Card,Mobile App,Delivered
ORD105551,CUST1118,2024-01-08,Sports,Resistance Bands,1109.45,1.0,UK,,Marketplace,Returned
ORD104657,CUST920,05-09-2024,Electronics,Power Bank,1913.0,1.0,USA,Debit Card,Mobile App,Delivered
ORD102928,CUST1361,2024-01-09,Electronics,Power Bank,2981.98,2.0,USA,Debit Card,Website,Delivered
ORD100730,,03-01-2024,Electronics,Phone Case,4537.67,1.0,India,Net Banking,Mobile App,Delivered
ORD101751,CUST1101,2024-07-17,Electronics,Wireless Earbuds,2738.92,2.0,India,Net Banking,Website,Delivered
ORD105202,,12/06/2024,Electronics,Wireless Earbuds,1265.43,1.0,USA,Credit Card,MOBILE APP,Delivered
ORD105085,CUST592,2024-04-13,Fashion,Cotton T-Shirt,1467.45,2.0,United Kingdom,,MOBILE APP,Delivered
ORD102006,CUST996,2024-01-07,Fashion,Denim Jacket,1207.44,1.0,France,UPI,Marketplace,delivered
ORD105065,CUST743,06-24-2024,Toys,Puzzle 1000pc,694.74,2.0,United States,Credit Card,Marketplace,Delivered
ORD102234,CUST34,2024-01-18,Beauty,Face Serum,759.96,1.0,USA,credit card,Mobile App,Delivered
ORD105527,CUST1358,06-11-2024,Electronics,Phone Case,1513.7,1.0,Germany,Credit Card,Website,Delivered
ORD104580,CUST47,2024-09-18,Electronics,Power Bank,2970.86,1.0,France,Debit Card,Marketplace,Delivered
ORD101548,CUST1203,2024-03-16,Beauty,Face Serum,828.31,1.0,India,Credit Card,Website,Cancelled
ORD103848,CUST1583,22/06/2024,Beauty,Face Serum,1052.31,1.0,USA,credit card,Marketplace,Delivered
ORD101976,CUST516,2024-09-29,Home & Kitchen,Blender,2075.01,1.0,India,Credit Card,Marketplace,Delivered
ORD101221,CUST229,2024-06-03,Fashion,Denim Jacket,1026.59,1.0,UK,PayPal,Mobile App,Cancelled
ORD104045,CUST485,2024-03-12,Electronics,Wireless Earbuds,1555.48,2.0,INDIA,Net Banking,Marketplace,Delivered
ORD102189,CUST766,2024-02-08,Electronics,Bluetooth Speaker,3750.47,1.0,USA,Debit Card,website,Delivered
ORD100382,CUST1097,2024-08-07,Home & Kitchen,Non-stick Pan Set,1176.48,2.0,UK,UPI,Marketplace,Delivered
ORD100386,CUST967,2024-06-24,Home & Kitchen,Non-stick Pan Set,1127.68,1.0,United States,PayPal,Website,Delivered 
ORD105103,CUST1242,01-08-2024,Beauty,Lip Balm Set,151.53,1.0,India,Credit Card,Website,Cancelled
ORD104314,CUST1289,07-21-2024,Fashion,Leather Wallet,2146.99,1.0,India,Debit Card,Marketplace,Delivered
ORD102360,CUST275,2024-07-11,Electronics,Smartwatch,2119.65,1.0,UAE,Credit Card,Marketplace,Delivered
ORD101213,CUST1173,2024-04-05,Electronics,Phone Case,3619.87,1.0,France,Credit Card,website,Delivered
ORD101716,CUST477,2024-01-08,Home & Kitchen,Blender,975.71,2.0,United States,Debit Card,Website,Returned
ORD102568,CUST1740,2024-07-01,Home & Kitchen,Air Fryer,1687.46,4.0,UAE,Credit Card,Website,Returned
ORD104150,CUST175,15/08/2024,Toys,RC Car,1064.24,,India,Credit Card,Website,Returned
ORD103839,CUST1404,03-24-2024,Electronics,Smartwatch,3449.03,1.0,nan,Net Banking,Mobile App,Delivered
ORD105088,CUST986,2024-07-28,Sports,Dumbbell Set,1754.51,1.0,India,,Website,Delivered
ORD101084,,2024-03-10,Electronics,Phone Case,3875.41,1.0,India,Credit Card,Website,Delivered
ORD104858,CUST430,2024-09-26,Electronics,Power Bank,3662.97,1.0,United States,Debit Card,Website,Delivered
ORD102694,CUST1282,2024-09-07,Fashion,Cotton T-Shirt,1562.49,3.0,India,,Website,Returned
ORD101168,CUST192,2024-04-05,Home & Kitchen,Blender,2643.77,1.0,India,UPI,Marketplace,Delivered
ORD101290,CUST1284,2024-03-20,Beauty,Lip Balm Set,,4.0,France,Debit Card,Website,Delivered
ORD103124,CUST440,2024-04-08,Home & Kitchen,Non-stick Pan Set,1086.06,2.0,India,PayPal,Marketplace,Cancelled
ORD104416,CUST1495,2024-02-26,Fashion,Cotton T-Shirt,1939.17,1.0,India,Credit Card,Website,Delivered
ORD102784,CUST1552,04-01-2024,Fashion,Leather Wallet,1929.66,1.0,UK,Credit Card,Website,Cancelled
ORD104136,CUST575,2024-06-20,Fashion,Sunglasses,611.83,2.0,United States,UPI,MOBILE APP,Returned
ORD100564,CUST584,06-21-2024,Electronics,Wireless Earbuds,2580.79,2.0,India,UPI,MOBILE APP,Delivered
ORD103193,CUST1147,2024-08-30,Beauty,Lip Balm Set,248.45,1.0,USA,Debit Card,Website,Delivered
ORD101178,CUST416,01-26-2024,Fashion,Running Shoes,2079.96,1.0,USA,UPI,Mobile App,Delivered
ORD103226,CUST1726,2024-01-21,Fashion,Sunglasses,479.87,3.0,Germany,UPI,Mobile App,delivered
ORD101268,CUST1505,2024-06-30,Electronics,Smartwatch,2043.54,4.0,Germany,Credit Card,Website,Delivered
ORD101537,CUST269,02-23-2024,Beauty,Makeup Brush Kit,1418.01,3.0,Germany,Net Banking,Website,Delivered
ORD100175,CUST703,04/09/2024,Electronics,Smartwatch,3988.06,1.0,USA,Credit Card,Marketplace,Delivered
ORD102476,CUST731,2024-06-04,Sports,Yoga Mat,1989.2,1.0,India,Net Banking,Website,Delivered
ORD101427,CUST765,2024-06-05,Home & Kitchen,Air Fryer,,3.0,India,UPI,Website,Delivered
ORD105605,CUST619,2024-03-20,Toys,Puzzle 1000pc,767.43,1.0,UAE,Credit Card,Website,Delivered
ORD104350,CUST662,2024-05-08,Home & Kitchen,Air Fryer,2308.77,4.0,UAE,Debit Card,Website,Delivered
ORD100250,CUST1700,07-06-2024,Books,Kids Picture Book,573.68,1.0,nan,Debit Card,Website,Delivered
ORD101511,CUST497,2024-06-02,Sports,Water Bottle,1549.99,1.0,Germany,credit card,Marketplace,Returned
ORD102851,CUST1155,07-29-2024,Beauty,Face Serum,1209.14,4.0,India,Credit Card,Mobile App,Delivered
ORD102416,CUST291,2024-02-20,Electronics,Smartwatch,1793.4,4.0,UK,UPI,Website,Delivered
ORD104880,CUST1235,2024-05-14,Sports,Dumbbell Set,1353.73,1.0,India,Debit Card,Marketplace,Delivered
ORD102554,CUST1480,07-07-2024,Toys,Board Game,304.02,1.0,India,UPI,Website,Delivered
ORD103977,CUST130,09/06/2024,Toys,Puzzle 1000pc,749.76,1.0,nan,Credit Card,Mobile App,Delivered
ORD105136,CUST1450,2024-06-09,Sports,Cycling Gloves,259.05,2.0,india,COD,Website,Delivered
ORD101663,CUST627,01-26-2024,Books,Self-Help Guide,700.63,1.0,USA,UPI,Marketplace,Cancelled
ORD100793,CUST1668,04/06/2024,Books,Cookbook,278.12,1.0,UK,Debit Card,Website,Delivered
ORD101444,,2024-06-13,Beauty,Lip Balm Set,508.96,1.0,USA,COD,Marketplace,Delivered
ORD101176,CUST615,2024-06-26,Toys,RC Car,1675.57,1.0,India,Net Banking,Marketplace,Delivered
ORD102782,CUST466,04-19-2024,Electronics,Power Bank,2334.18,1.0,India,Credit Card,Marketplace,Delivered
ORD104639,CUST86,2024-01-16,Electronics,Phone Case,3246.85,2.0,UAE,Credit Card,Mobile App,Delivered
ORD105041,CUST27,07-17-2024,Sports,Yoga Mat,753.87,2.0,India,UPI,Website,Delivered
ORD101454,CUST287,2024-04-20,Electronics,Wireless Earbuds,823.51,1.0,India,COD,Website,Returned
ORD103370,CUST857,2024-08-21,Fashion,Cotton T-Shirt,2827.63,1.0,India,UPI,Mobile App,Delivered
ORD100974,CUST107,06/02/2024,Sports,Dumbbell Set,2096.59,2.0,India,PayPal,Mobile App,Delivered
ORD104688,CUST1028,09-17-2024,Beauty,Face Serum,1290.36,4.0,india,Credit Card,Mobile App,Delivered
ORD104000,CUST557,2024-05-08,Beauty,Hair Dryer,927.98,2.0,India,Debit Card,Mobile App,Delivered
ORD103220,CUST1188,04-04-2024,Home & Kitchen,LED Desk Lamp,3306.75,2.0,Germany,Debit Card,Website,Cancelled
ORD102657,CUST627,2024-05-09,Electronics,Phone Case,1819.35,2.0,India,UPI,Marketplace,Delivered
ORD103754,CUST1565,2024-04-25,Books,Fiction Bestseller,204.69,1.0,India,Credit Card,Website,Returned
ORD105405,CUST835,01-18-2024,Home & Kitchen,Blender,491.46,2.0,UK,COD,MOBILE APP,Delivered 
ORD105211,CUST222,07-13-2024,Electronics,Bluetooth Speaker,1969.05,1.0,india,COD,Mobile App,Delivered
ORD105936,CUST1582,2024-05-30,Beauty,Makeup Brush Kit,1267.35,2.0,india,Net Banking,Mobile App,Delivered
ORD105969,,07-17-2024,Beauty,Face Serum,891.77,2.0,India,Credit Card,Website,Delivered
ORD105198,CUST223,2024-01-15,Beauty,Face Serum,1410.41,2.0,France,credit card,Website,Returned
ORD105513,CUST455,2024-08-17,Home & Kitchen,Non-stick Pan Set,2117.11,1.0,USA,UPI,Marketplace,Delivered
ORD101905,,2024-03-29,Electronics,Bluetooth Speaker,2947.01,1.0,USA,Credit Card,MOBILE APP,Delivered
ORD100930,CUST593,2024-07-12,Sports,Cycling Gloves,1175.67,1.0,United States,COD,Mobile App,Delivered
ORD100245,CUST911,2024-09-20,Electronics,Bluetooth Speaker,1565.88,4.0,France,COD,Mobile App,Delivered
ORD100779,CUST438,2024-06-19,Home & Kitchen,Blender,3125.78,1.0,India,PayPal,Mobile App,Delivered
ORD105009,CUST1493,08-26-2024,Fashion,Denim Jacket,710.43,2.0,India,UPI,Website,Returned
ORD101829,CUST1209,07-30-2024,Fashion,Leather Wallet,1690.96,1.0,UAE,COD,Website,Delivered
ORD105962,CUST1632,2024-01-06,Fashion,Sunglasses,2919.15,1.0,India,Debit Card,Website,Delivered
ORD105853,CUST1169,2024-02-05,Electronics,Wireless Earbuds,4357.49,1.0,India,,Mobile App,Delivered
ORD101653,CUST1446,2024-08-19,Sports,Resistance Bands,596.28,2.0,India,UPI,Marketplace,Delivered
ORD102089,CUST1366,09-20-2024,Sports,Resistance Bands,1522.88,1.0,India,UPI,Mobile App,Delivered
ORD100213,CUST1643,2024-07-04,Books,Kids Picture Book,392.57,2.0,India,Debit Card,Mobile App,Delivered
ORD100791,CUST187,01-09-2024,Beauty,Sunscreen SPF50,640.78,3.0,UK,Debit Card,Marketplace,Delivered
ORD105298,CUST1110,05-04-2024,Fashion,Denim Jacket,1292.78,1.0,France,UPI,Website,Delivered
ORD102108,CUST1474,07-24-2024,Books,Fiction Bestseller,,2.0,USA,UPI,Website,Delivered
ORD103981,CUST93,2024-01-15,Electronics,Bluetooth Speaker,1563.76,4.0,India,UPI,MOBILE APP,Delivered
ORD105687,CUST445,2024-02-13,Fashion,Leather Wallet,811.81,1.0,india,Net Banking,Mobile App,Cancelled
ORD101822,CUST1178,2024-09-28,Sports,Resistance Bands,878.69,1.0,USA,credit card,Website,Returned
ORD103343,CUST286,2024-03-07,Fashion,Running Shoes,2633.68,1.0,India,COD,Marketplace,Delivered
ORD104091,CUST634,22/07/2024,Electronics,Wireless Earbuds,3322.49,,nan,PayPal,Marketplace,Delivered
ORD102956,CUST1503,2024-02-07,Home & Kitchen,Blender,531.83,1.0,USA,COD,Marketplace,Delivered
ORD104059,CUST274,01-03-2024,Books,Self-Help Guide,618.09,1.0,India,COD,Marketplace,Returned
ORD102444,CUST2,2024-01-17,Books,Kids Picture Book,160.36,1.0,Germany,Debit Card,Marketplace,Delivered
ORD104470,CUST1484,06-30-2024,Electronics,Smartwatch,4236.66,1.0,India,Net Banking,Website,Delivered
ORD101534,CUST1700,2024-02-03,Fashion,Sunglasses,2994.87,1.0,USA,Net Banking,Mobile App,Delivered
ORD104673,CUST1260,07-16-2024,Fashion,Leather Wallet,482.12,1.0,India,UPI,Website,Delivered
ORD100097,CUST1209,05-05-2024,Beauty,Lip Balm Set,808.94,1.0,India,Net Banking,Website,Delivered
ORD103956,CUST1615,04-05-2024,Electronics,Power Bank,525.8,1.0,France,Credit Card,Mobile App,Delivered
ORD104020,CUST1509,07-05-2024,Electronics,USB-C Cable,3196.31,2.0,UK,Debit Card,Marketplace,Returned
ORD102604,CUST748,2024-08-13,Books,Fiction Bestseller,105.9,1.0,India,credit card,Mobile App,Delivered
ORD102545,,2024-03-23,Books,Cookbook,524.98,1.0,USA,UPI,Website,Returned
ORD100140,CUST588,2024-02-18,Electronics,USB-C Cable,4127.82,1.0,India,credit card,Website,Delivered
ORD104158,CUST1792,10/03/2024,Electronics,Wireless Earbuds,1754.66,1.0,India,PayPal,Mobile App,Delivered
ORD102965,CUST807,2024-04-13,Books,Kids Picture Book,176.82,4.0,India,PayPal,Marketplace,Delivered
ORD105914,CUST1065,2024-05-04,Home & Kitchen,LED Desk Lamp,2521.07,1.0,France,UPI,Website,Cancelled
ORD101219,CUST1312,2024-08-14,Toys,Board Game,406.15,1.0,India,UPI,Marketplace,Delivered
ORD105782,CUST119,08-20-2024,Books,Kids Picture Book,179.25,1.0,India,COD,Mobile App,Delivered
ORD102187,CUST938,2024-04-05,Fashion,Running Shoes,1945.22,2.0,India,Credit Card,Website,Delivered
ORD101502,CUST870,2024-04-20,Home & Kitchen,Non-stick Pan Set,971.24,1.0,USA,Debit Card,Website,Returned
ORD101726,,09-16-2024,Electronics,Wireless Earbuds,1583.37,2.0,France,PayPal,Marketplace,Delivered
ORD102144,CUST420,2024-04-15,Home & Kitchen,Storage Containers,750.23,1.0,United Kingdom,Debit Card,Website,Delivered
ORD104974,CUST591,2024-04-19,Fashion,Cotton T-Shirt,1916.04,4.0,France,Credit Card,Mobile App,Delivered
ORD100600,CUST1416,2024-09-07,Electronics,Smartwatch,3234.81,1.0,Germany,COD,Mobile App,Delivered
ORD101254,CUST1788,2024-04-28,Electronics,Smartwatch,4177.13,2.0,UK,UPI,Mobile App,Delivered
ORD105238,CUST1,2024-09-23,Books,Kids Picture Book,17333.0,2.0,India,UPI,Website,Returned
ORD105648,CUST88,07-19-2024,Home & Kitchen,Blender,2009.16,2.0,Germany,credit card,Mobile App,Cancelled
ORD100640,CUST703,29/08/2024,Home & Kitchen,Storage Containers,344.69,1.0,India,Debit Card,Mobile App,Delivered
ORD100870,CUST1121,2024-09-27,Sports,Water Bottle,490.31,1.0,India,Credit Card,Mobile App,Returned
ORD104574,CUST878,2024-08-09,Sports,Cycling Gloves,1625.65,1.0,USA,credit card,Marketplace,Delivered
ORD104884,CUST435,2024-02-09,Sports,Cycling Gloves,936.6,1.0,Germany,UPI,Marketplace,Delivered
ORD102594,CUST1202,2024-04-06,Beauty,Makeup Brush Kit,480.02,5.0,india,UPI,Website,Delivered
ORD105333,CUST575,02/01/2024,Sports,Dumbbell Set,1425.98,1.0,USA,COD,Mobile App,Delivered
ORD100917,CUST1135,2024-09-13,Fashion,Running Shoes,324.19,1.0,France,Net Banking,Website,Cancelled
ORD101103,,09-08-2024,Fashion,Sunglasses,1100.55,1.0,France,PayPal,Marketplace,Cancelled
ORD101527,CUST107,2024-01-16,Books,Self-Help Guide,633.42,1.0,India,UPI,Mobile App,Returned
ORD103037,CUST808,01/04/2024,Fashion,Sunglasses,540.31,2.0,India,Debit Card,Mobile App,Delivered
ORD102684,CUST761,2024-05-17,Fashion,Running Shoes,2319.75,1.0,India,UPI,Website,Delivered
ORD100345,CUST530,2024-09-02,Electronics,Power Bank,678.65,1.0,United States,Debit Card,Mobile App,Cancelled
ORD101630,CUST944,2024-02-02,Sports,Water Bottle,226.03,1.0,India,Credit Card,Mobile App,Delivered
ORD102394,,05-09-2024,Sports,Resistance Bands,1518.14,1.0,nan,UPI,Marketplace,Delivered
ORD101141,CUST415,08-03-2024,Home & Kitchen,Air Fryer,1297.69,1.0,France,UPI,Marketplace,Delivered
ORD101125,CUST1206,01-30-2024,Electronics,Wireless Earbuds,4382.81,1.0,INDIA,Credit Card,Mobile App,Delivered
ORD104670,CUST1038,16/04/2024,Fashion,Cotton T-Shirt,353.5,1.0,UK,UPI,Website,Delivered
ORD101101,CUST469,03-15-2024,Beauty,Sunscreen SPF50,1003.53,4.0,India,Debit Card,Website,Returned
ORD101285,CUST1162,03-30-2024,Fashion,Sunglasses,1836.98,1.0,India,COD,Mobile App,Delivered
ORD104079,CUST744,06-10-2024,Sports,Water Bottle,976.68,1.0,USA,credit card,Website,Returned
ORD101258,,2024-04-05,Electronics,Power Bank,2778.56,2.0,India,COD,Mobile App,Returned
ORD102484,CUST861,05-24-2024,Electronics,Wireless Earbuds,4501.1,1.0,nan,Credit Card,Mobile App,Delivered
ORD104917,CUST554,2024-07-13,Home & Kitchen,Air Fryer,2341.63,1.0,UK,Debit Card,Mobile App,Delivered
ORD103022,CUST3,2024-01-22,Sports,Resistance Bands,943.58,1.0,India,Credit Card,Mobile App,Delivered
ORD104585,CUST1563,01/06/2024,Fashion,Denim Jacket,1157.83,1.0,USA,UPI,Mobile App,Returned
ORD100022,CUST1013,2024-02-17,Electronics,Bluetooth Speaker,1202.97,1.0,India,PayPal,Mobile App,Delivered
ORD100842,CUST1650,08-19-2024,Electronics,Power Bank,3029.27,4.0,UAE,Debit Card,Website,Delivered
ORD103726,CUST1604,07/04/2024,Home & Kitchen,Non-stick Pan Set,2725.56,2.0,India,Net Banking,Website,Delivered
ORD100885,CUST888,2024-02-03,Toys,Board Game,1901.77,1.0,India,UPI,Website,Delivered
ORD102947,CUST1414,01-13-2024,Books,Cookbook,170.25,1.0,UK,Net Banking,Mobile App,Delivered
ORD103218,CUST1711,04-17-2024,Beauty,Hair Dryer,405.93,4.0,India,Debit Card,Mobile App,Delivered
ORD102474,CUST554,2024-07-27,Beauty,Hair Dryer,574.6,1.0,Germany,Credit Card,Marketplace,Delivered
ORD101335,CUST1064,2024-09-05,Fashion,Sunglasses,2843.64,4.0,UK,credit card,Mobile App,Delivered
ORD103161,CUST377,2024-09-09,Fashion,Cotton T-Shirt,616.32,1.0,USA,Net Banking,Mobile App,Delivered
ORD101803,CUST1614,2024-06-15,Electronics,Phone Case,663.71,3.0,USA,UPI,Mobile App,Delivered
ORD104682,CUST1625,2024-02-29,Fashion,Leather Wallet,2223.11,1.0,Germany,PayPal,Mobile App,Delivered
ORD100693,CUST925,07-20-2024,Fashion,Cotton T-Shirt,1089.89,,United Kingdom,,Website,Delivered
ORD102557,CUST1522,06-16-2024,Toys,Building Blocks Set,1711.8,1.0,United Kingdom,Net Banking,Website,Cancelled
ORD101975,CUST12,2024-02-29,Fashion,Running Shoes,2797.27,1.0,India,Credit Card,Mobile App,Delivered
ORD104388,CUST1367,2024-04-29,Electronics,Power Bank,3708.53,2.0,USA,COD,Mobile App,Delivered
ORD104567,,2024-02-20,Beauty,Sunscreen SPF50,760.88,1.0,India,Credit Card,Website,Delivered
ORD103777,CUST84,2024-07-26,Electronics,Wireless Earbuds,4942.51,1.0,India,Debit Card,Website,Delivered
ORD103318,CUST285,2024-07-22,Home & Kitchen,Non-stick Pan Set,1087.34,2.0,USA,Credit Card,Mobile App,Delivered
ORD100096,,2024-02-28,Books,Fiction Bestseller,547.0,1.0,India,UPI,Website,Delivered
ORD105137,CUST1535,2024-03-30,Home & Kitchen,Storage Containers,906.97,,United States,Debit Card,Marketplace,Delivered
ORD105818,CUST709,2024-01-10,Books,Cookbook,248.4,5.0,india,UPI,Website,Delivered
ORD105174,CUST870,2024-05-30,Fashion,Cotton T-Shirt,547.31,5.0,USA,Credit Card,Marketplace,Cancelled
ORD104415,CUST1377,2024-04-05,Home & Kitchen,Non-stick Pan Set,1704.8,1.0,india,Debit Card,Mobile App,Delivered
ORD101138,CUST339,25/03/2024,Home & Kitchen,Storage Containers,1968.99,1.0,United Kingdom,UPI,MOBILE APP,Delivered
ORD101715,CUST1215,01-09-2024,Home & Kitchen,Air Fryer,3268.45,2.0,India,Credit Card,Mobile App,Delivered
ORD100115,CUST846,09-10-2024,Toys,Building Blocks Set,433.91,1.0,USA,Debit Card,Mobile App,Delivered
ORD100163,,03-07-2024,Electronics,Phone Case,3017.6,1.0,UAE,Debit Card,Website,Delivered
ORD105697,CUST378,05-20-2024,Beauty,Sunscreen SPF50,432.08,1.0,UK,Credit Card,Website,Delivered
ORD104369,CUST43,2024-09-29,Sports,Resistance Bands,1833.75,2.0,India,PayPal,Website,Delivered
ORD102052,CUST796,03-15-2024,Sports,Yoga Mat,1060.29,,USA,PayPal,Mobile App,Delivered
ORD104267,CUST114,2024-03-05,Fashion,Running Shoes,1563.36,3.0,India,COD,MOBILE APP,Delivered
ORD105444,,2024-05-20,Electronics,Phone Case,3699.44,4.0,UK,Credit Card,Website,Delivered
ORD100667,CUST1642,01/07/2024,Sports,Water Bottle,2015.94,1.0,USA,UPI,Mobile App,Delivered 
ORD104655,CUST460,06-03-2024,Fashion,Running Shoes,625.09,3.0,UK,Debit Card,Website,Delivered
ORD103997,CUST1178,2024-06-30,Home & Kitchen,Blender,2543.14,2.0,india,credit card,MOBILE APP,Delivered 
ORD101475,CUST1220,19/03/2024,Sports,Water Bottle,1279.25,1.0,india,PayPal,Marketplace,Delivered
ORD100572,CUST1781,21/05/2024,Electronics,Phone Case,2371.98,2.0,Germany,Credit Card,Marketplace,Delivered
ORD103965,CUST1232,2024-02-17,Sports,Water Bottle,1238.02,1.0,India,COD,Mobile App,Delivered
ORD104698,CUST457,2024-01-04,Electronics,Smartwatch,4447.84,1.0,India,Credit Card,Website,Delivered
ORD103788,CUST821,09-16-2024,Electronics,Wireless Earbuds,2401.53,1.0,USA,COD,Mobile App,Delivered
ORD104996,CUST1777,2024-07-03,Electronics,Wireless Earbuds,4422.09,1.0,United States,Credit Card,Mobile App,Returned
ORD102284,CUST707,2024-04-09,Electronics,USB-C Cable,4530.66,1.0,USA,Net Banking,Website,Delivered
ORD103335,CUST870,2024-01-31,Electronics,Power Bank,1613.42,1.0,India,PayPal,Marketplace,Delivered
ORD100551,CUST253,2024-03-01,Books,Self-Help Guide,381.9,1.0,United States,Debit Card,MOBILE APP,Delivered
ORD104577,CUST748,2024-02-19,Home & Kitchen,Air Fryer,3112.11,1.0,India,Debit Card,Website,Delivered
ORD103607,CUST1342,03-08-2024,Fashion,Sunglasses,1826.03,2.0,India,Credit Card,Website,Returned
ORD105155,CUST1451,03-22-2024,Electronics,Smartwatch,1637.32,1.0,India,Net Banking,Mobile App,Delivered
ORD104553,CUST1796,04-06-2024,Beauty,Sunscreen SPF50,603.32,1.0,India,,Website,Delivered
ORD103500,CUST701,2024-04-21,Electronics,Power Bank,,2.0,UAE,Debit Card,Mobile App,Delivered
ORD104354,CUST1321,05-15-2024,Beauty,Hair Dryer,751.15,1.0,INDIA,Debit Card,Website,Delivered
ORD105739,CUST1106,02-04-2024,Sports,Resistance Bands,1255.42,2.0,India,Net Banking,Mobile App,delivered
ORD103951,CUST1018,2024-02-29,Beauty,Hair Dryer,1316.6,1.0,India,UPI,Mobile App,Delivered
ORD103498,CUST375,2024-04-04,Books,Cookbook,718.52,2.0,UK,PayPal,website,Delivered
ORD101809,CUST1629,04-17-2024,Fashion,Leather Wallet,2039.09,1.0,india,UPI,Mobile App,delivered
ORD103719,CUST875,08-03-2024,Beauty,Makeup Brush Kit,274.11,4.0,UAE,Debit Card,Mobile App,Delivered
ORD104197,CUST1002,02-04-2024,Sports,Water Bottle,418.76,1.0,India,Credit Card,Website,Delivered 
ORD103889,CUST1095,2024-01-25,Toys,RC Car,1067.2,1.0,France,Debit Card,Website,Delivered
ORD103336,CUST1562,2024-09-29,Electronics,Wireless Earbuds,2052.16,1.0,France,UPI,Mobile App,Delivered
ORD102257,CUST11,2024-07-08,Electronics,USB-C Cable,1155.84,1.0,India,credit card,Mobile App,Delivered
ORD105588,CUST1629,2024-03-23,Home & Kitchen,Air Fryer,2039.41,1.0,India,Credit Card,Mobile App,Delivered
ORD102621,CUST1408,2024-01-13,Sports,Dumbbell Set,1151.95,1.0,India,Debit Card,Website,Delivered
ORD103021,CUST696,2024-04-03,Fashion,Cotton T-Shirt,1646.15,1.0,India,Credit Card,Mobile App,Delivered
ORD104154,CUST455,2024-03-19,Toys,RC Car,858.02,1.0,INDIA,Debit Card,Marketplace,Delivered
ORD100205,CUST404,2024-03-02,Home & Kitchen,Blender,3311.07,1.0,USA,Credit Card,MOBILE APP,Delivered
ORD102094,CUST261,2024-07-12,Sports,Resistance Bands,1969.94,2.0,Germany,UPI,Mobile App,Delivered
ORD100792,CUST332,2024-05-27,Toys,Board Game,705.97,1.0,India,PayPal,Mobile App,Delivered
ORD103011,CUST897,23/04/2024,Electronics,Power Bank,3850.74,3.0,USA,Credit Card,Website,Delivered
ORD103627,CUST513,2024-05-20,Electronics,Phone Case,521.26,1.0,Germany,COD,Marketplace,Cancelled
ORD103988,CUST231,2024-06-29,Sports,Dumbbell Set,1129.17,1.0,Germany,Debit Card,website,Delivered
ORD105269,CUST1329,2024-08-23,Home & Kitchen,LED Desk Lamp,2627.99,1.0,India,Debit Card,Mobile App,Delivered
ORD100468,CUST702,23/06/2024,Toys,Board Game,1960.24,1.0,India,Net Banking,Mobile App,Delivered
ORD101643,CUST443,2024-03-08,Books,Cookbook,,2.0,Germany,PayPal,MOBILE APP,Delivered
ORD101077,CUST870,24/02/2024,Fashion,Sunglasses,2661.1,2.0,nan,Credit Card,Website,Delivered
ORD105784,CUST1210,03-27-2024,Beauty,Sunscreen SPF50,971.28,1.0,India,UPI,Website,Returned
ORD100033,CUST1556,2024-02-23,Electronics,Wireless Earbuds,1474.64,5.0,USA,PayPal,Website,Delivered
ORD103333,CUST795,04/06/2024,Toys,Building Blocks Set,1525.27,1.0,India,Credit Card,Mobile App,Delivered
ORD105321,CUST262,28/07/2024,Beauty,Makeup Brush Kit,458.96,2.0,India,,Mobile App,Delivered
ORD103385,CUST712,2024-05-17,Toys,Board Game,1058.15,2.0,France,Debit Card,Mobile App,Delivered
ORD102076,CUST490,18/05/2024,Fashion,Denim Jacket,1803.34,1.0,India,Debit Card,Website,Delivered
ORD105830,CUST1728,2024-04-29,Sports,Water Bottle,846.42,1.0,India,Debit Card,Website,Delivered
ORD100767,CUST112,2024-01-18,Toys,Building Blocks Set,843.7,1.0,Germany,Debit Card,Mobile App,Delivered
ORD101117,CUST1217,2024-02-28,Electronics,Power Bank,1941.64,1.0,USA,Debit Card,Mobile App,Delivered
ORD105141,CUST1758,2024-05-12,Electronics,Wireless Earbuds,2483.22,2.0,UK,COD,Marketplace,Delivered
ORD100554,CUST1719,2024-04-29,Home & Kitchen,Non-stick Pan Set,519.77,1.0,India,PayPal,Mobile App,Delivered
ORD103692,CUST668,03/03/2024,Home & Kitchen,Air Fryer,2798.24,1.0,USA,UPI,Website,Returned
ORD104001,CUST1420,14/06/2024,Sports,Dumbbell Set,1579.38,1.0,USA,PayPal,Mobile App,Delivered
ORD101100,CUST1216,2024-01-25,Beauty,Makeup Brush Kit,604.59,2.0,UAE,Debit Card,Marketplace,Delivered
ORD104340,CUST724,2024-06-06,Books,Self-Help Guide,225.48,2.0,USA,PayPal,Marketplace,Cancelled
ORD102767,,2024-08-29,Home & Kitchen,Blender,2360.22,,nan,PayPal,website,Delivered
ORD103835,CUST1305,2024-02-18,Books,Kids Picture Book,194.44,1.0,France,Debit Card,Website,Returned
ORD100810,CUST325,2024-04-17,Toys,Puzzle 1000pc,1279.95,2.0,India,credit card,Marketplace,Delivered
ORD102689,CUST722,2024-02-25,Electronics,USB-C Cable,1656.56,2.0,India,Debit Card,Mobile App,Delivered
ORD104445,CUST1016,2024-07-30,Sports,Resistance Bands,1065.31,1.0,India,credit card,Website,Returned
ORD102725,CUST1068,07-02-2024,Beauty,Hair Dryer,1489.39,1.0,India,UPI,Website,Returned
ORD105064,CUST967,2024-01-21,Beauty,Lip Balm Set,914.26,1.0,India,PayPal,Mobile App,Delivered
ORD105855,CUST479,2024-05-13,Beauty,Makeup Brush Kit,1189.83,1.0,UAE,COD,Marketplace,Cancelled
ORD100497,CUST1763,09-03-2024,Fashion,Sunglasses,854.36,1.0,India,UPI,Marketplace,Delivered
ORD101437,CUST1181,2024-05-11,Books,Kids Picture Book,310.13,,India,Credit Card,Marketplace,Delivered
ORD105101,CUST1539,08-10-2024,Toys,Building Blocks Set,1863.91,2.0,UK,Credit Card,Website,Cancelled
ORD105112,CUST1318,2024-03-16,Toys,Board Game,1557.01,2.0,nan,Credit Card,Mobile App,Cancelled
ORD100642,,07-26-2024,Electronics,Wireless Earbuds,1430.44,2.0,India,Credit Card,Mobile App,Delivered
ORD103946,,2024-03-19,Toys,Board Game,891.82,2.0,India,Debit Card,MOBILE APP,Delivered
ORD103722,CUST871,2024-01-18,Sports,Cycling Gloves,1785.77,3.0,Germany,Credit Card,Mobile App,Delivered 
ORD101415,CUST1409,2024-02-14,Books,Kids Picture Book,526.67,4.0,nan,Debit Card,website,Delivered
ORD101159,CUST948,2024-05-27,Sports,Dumbbell Set,1820.6,1.0,Germany,Net Banking,Website,Delivered
ORD102940,CUST1015,2024-09-07,Electronics,Wireless Earbuds,1737.2,1.0,India,Debit Card,Mobile App,Delivered
ORD103747,CUST1148,31/03/2024,Home & Kitchen,Non-stick Pan Set,3428.62,4.0,India,UPI,Marketplace,Returned
ORD102034,CUST1567,06-28-2024,Electronics,Wireless Earbuds,811.28,1.0,UK,Credit Card,Website,Returned
ORD100152,,2024-09-11,Home & Kitchen,Storage Containers,2163.98,2.0,United States,credit card,Website,Delivered
ORD103156,CUST152,2024-06-29,Fashion,Cotton T-Shirt,1949.45,1.0,Germany,UPI,Marketplace,Delivered
ORD104483,CUST996,2024-07-25,Sports,Cycling Gloves,2142.12,2.0,USA,Debit Card,Website,Delivered
ORD103306,,2024-06-28,Books,Self-Help Guide,124.9,1.0,UK,Debit Card,Mobile App,Delivered
ORD103799,CUST30,2024-06-30,Home & Kitchen,Non-stick Pan Set,2327.73,1.0,India,Net Banking,Marketplace,Delivered
ORD105909,CUST1548,2024-03-26,Sports,Water Bottle,313.96,4.0,UK,PayPal,Mobile App,Delivered
ORD102930,CUST620,08-30-2024,Electronics,Power Bank,1783.71,3.0,India,Debit Card,Website,Delivered
ORD100872,CUST1540,2024-05-06,Fashion,Denim Jacket,2424.24,1.0,India,Debit Card,MOBILE APP,Returned
ORD100016,CUST453,20/06/2024,Home & Kitchen,Non-stick Pan Set,2129.41,1.0,UAE,PayPal,website,Delivered
ORD100150,CUST1299,2024-05-03,Sports,Water Bottle,2457.14,,Germany,Debit Card,Marketplace,Delivered
ORD104978,CUST728,2024-09-09,Beauty,Hair Dryer,686.4,1.0,India,Credit Card,Mobile App,Delivered
ORD102897,CUST160,2024-02-13,Electronics,Wireless Earbuds,1411.25,2.0,India,Credit Card,MOBILE APP,Delivered
ORD105788,CUST1701,02-23-2024,Home & Kitchen,LED Desk Lamp,1820.69,,India,Credit Card,Website,Returned
ORD103150,CUST678,2024-05-19,Books,Fiction Bestseller,175.92,1.0,USA,COD,Website,Delivered
ORD100464,CUST1128,06-17-2024,Beauty,Sunscreen SPF50,454.3,2.0,India,Net Banking,Website,Delivered
ORD103733,CUST519,18/06/2024,Electronics,Power Bank,3602.11,3.0,India,Credit Card,Mobile App,Delivered
ORD104927,CUST1377,2024-05-14,Home & Kitchen,Storage Containers,1232.05,2.0,USA,PayPal,Marketplace,Delivered
ORD105899,CUST1364,2024-05-18,Home & Kitchen,Non-stick Pan Set,2963.51,1.0,India,COD,Website,Delivered
ORD101814,CUST394,2024-07-05,Sports,Cycling Gloves,1621.31,2.0,UAE,Credit Card,Mobile App,Delivered
ORD105117,CUST1690,2024-08-20,Home & Kitchen,Blender,2559.06,1.0,Germany,Credit Card,Website,Returned
ORD104061,CUST40,09-28-2024,Fashion,Denim Jacket,2272.69,1.0,USA,PayPal,Website,delivered
ORD104756,CUST1561,2024-06-26,Home & Kitchen,LED Desk Lamp,2289.03,1.0,India,UPI,Website,Delivered
ORD104853,CUST1771,2024-08-18,Books,Self-Help Guide,120.08,1.0,USA,UPI,Website,Delivered
ORD102768,CUST530,08-09-2024,Electronics,Phone Case,,2.0,India,UPI,Mobile App,Delivered
ORD100134,CUST254,2024-02-04,Beauty,Face Serum,1403.98,1.0,india,COD,Marketplace,Delivered
ORD103087,CUST1775,23/09/2024,Books,Kids Picture Book,580.11,1.0,USA,Debit Card,Marketplace,Delivered
ORD105439,CUST28,11/05/2024,Home & Kitchen,Non-stick Pan Set,1227.43,1.0,Germany,Net Banking,Website,Delivered
ORD102791,CUST1203,2024-09-28,Sports,Yoga Mat,2087.94,2.0,USA,UPI,Website,Cancelled
ORD100335,CUST912,2024-05-23,Electronics,USB-C Cable,2276.74,1.0,india,Net Banking,Mobile App,Delivered
ORD101051,CUST1573,2024-04-29,Electronics,USB-C Cable,1181.57,3.0,USA,Debit Card,Website,Delivered
ORD103454,CUST1478,08-27-2024,Electronics,Smartwatch,786.39,3.0,UK,COD,Marketplace,Delivered
ORD102225,CUST1362,2024-09-24,Electronics,Wireless Earbuds,2290.87,1.0,India,COD,Website,Returned
ORD105392,CUST1100,2024-04-01,Beauty,Sunscreen SPF50,1000.05,1.0,France,UPI,Mobile App,Delivered
ORD104901,CUST1229,04-12-2024,Home & Kitchen,Blender,3090.4,2.0,India,UPI,Marketplace,Delivered
ORD101637,CUST1763,03-13-2024,Toys,Puzzle 1000pc,1062.13,1.0,India,PayPal,Mobile App,Returned
ORD103636,CUST239,2024-01-26,Electronics,Power Bank,2184.04,1.0,india,Net Banking,Website,Delivered
ORD103551,CUST1295,24/08/2024,Sports,Cycling Gloves,2226.62,1.0,United States,UPI,Marketplace,Delivered
ORD104659,CUST74,2024-07-12,Beauty,Lip Balm Set,883.27,5.0,France,PayPal,Website,Delivered
ORD103589,CUST1669,2024-08-03,Fashion,Running Shoes,1357.45,1.0,India,PayPal,Website,delivered
ORD103456,CUST702,2024-07-03,Beauty,Lip Balm Set,500.09,2.0,USA,Credit Card,Website,Delivered
ORD105051,CUST949,01-24-2024,Fashion,Cotton T-Shirt,2537.35,1.0,USA,Debit Card,Website,Delivered
ORD102346,CUST234,2024-08-17,Home & Kitchen,Non-stick Pan Set,2053.24,1.0,India,UPI,Marketplace,Delivered
ORD104813,CUST447,2024-01-04,Sports,Yoga Mat,1336.7,2.0,India,Credit Card,website,Delivered
ORD102625,CUST1192,12/09/2024,Fashion,Leather Wallet,1874.49,2.0,USA,UPI,Mobile App,Cancelled
ORD105844,CUST731,16/01/2024,Beauty,Sunscreen SPF50,1325.03,2.0,India,Net Banking,Marketplace,Delivered
ORD103507,CUST799,2024-09-05,Toys,Board Game,995.46,1.0,India,Debit Card,Marketplace,Delivered
ORD101826,CUST1577,17/02/2024,Home & Kitchen,Air Fryer,2889.66,2.0,France,Net Banking,Marketplace,Delivered
ORD104920,CUST92,07-06-2024,Home & Kitchen,Air Fryer,2208.42,1.0,France,,MOBILE APP,Delivered
ORD103418,CUST1362,25/04/2024,Beauty,Makeup Brush Kit,1350.31,1.0,UK,Net Banking,Website,Returned
ORD105795,CUST1759,2024-04-03,Beauty,Makeup Brush Kit,815.31,1.0,USA,credit card,Website,Delivered
ORD103694,CUST1020,07-12-2024,Electronics,Bluetooth Speaker,1578.31,1.0,India,Credit Card,Mobile App,Delivered
ORD103356,CUST674,2024-09-05,Home & Kitchen,LED Desk Lamp,1243.19,4.0,India,COD,Mobile App,Delivered
ORD101621,CUST1480,2024-03-03,Electronics,USB-C Cable,1387.43,1.0,UK,Debit Card,Marketplace,Delivered
ORD105266,CUST1249,01-31-2024,Electronics,USB-C Cable,148452.0,1.0,India,Net Banking,Mobile App,Cancelled
ORD105483,CUST1587,23/09/2024,Toys,Puzzle 1000pc,364.5,2.0,Germany,UPI,Mobile App,Delivered
ORD105688,CUST533,2024-01-25,Fashion,Leather Wallet,2892.33,1.0,India,Debit Card,Website,Cancelled
ORD101351,CUST1701,01-06-2024,Books,Cookbook,220.85,1.0,India,Net Banking,Marketplace,Delivered
ORD104658,CUST269,10/02/2024,Books,Fiction Bestseller,321.97,2.0,India,Debit Card,Mobile App,Returned
ORD104247,,2024-05-17,Home & Kitchen,Storage Containers,1219.38,3.0,Germany,UPI,Website,Delivered
ORD103233,CUST1039,2024-04-15,Toys,Board Game,1757.99,2.0,France,,Mobile App,Delivered
ORD101755,CUST876,2024-01-16,Fashion,Denim Jacket,1342.98,2.0,INDIA,UPI,Website,Cancelled
ORD104341,CUST543,2024-01-06,Electronics,Smartwatch,4015.49,1.0,USA,Debit Card,Mobile App,Cancelled
ORD102722,CUST529,2024-08-28,Home & Kitchen,LED Desk Lamp,2090.1,1.0,India,Credit Card,Mobile App,Delivered
ORD100668,CUST910,09-18-2024,Fashion,Sunglasses,631.58,1.0,UK,Credit Card,Mobile App,Delivered
ORD100712,CUST1670,2024-07-08,Books,Kids Picture Book,401.59,2.0,India,COD,Website,Delivered
ORD102326,CUST1331,21/05/2024,Fashion,Running Shoes,987.91,1.0,india,Debit Card,Website,Delivered
ORD101529,CUST1748,2024-08-23,Beauty,Lip Balm Set,941.59,1.0,nan,,Mobile App,Delivered
ORD100394,CUST1646,2024-06-10,Fashion,Running Shoes,2183.03,1.0,USA,Credit Card,Mobile App,Delivered
ORD105366,CUST271,2024-06-11,Toys,Puzzle 1000pc,424.59,5.0,USA,UPI,Website,Delivered
ORD101569,,05-11-2024,Electronics,Power Bank,3565.88,2.0,UK,UPI,Marketplace,Delivered
ORD102064,CUST1654,08-18-2024,Home & Kitchen,Storage Containers,1529.28,1.0,india,UPI,Website,Delivered
ORD100975,CUST945,08/09/2024,Home & Kitchen,Non-stick Pan Set,127202.0,2.0,USA,UPI,Mobile App,Cancelled
ORD105328,,07-18-2024,Books,Fiction Bestseller,253.93,3.0,UK,credit card,Mobile App,Returned
ORD105220,CUST236,08-20-2024,Sports,Cycling Gloves,2113.81,2.0,india,UPI,MOBILE APP,Delivered
ORD103847,CUST256,09-09-2024,Beauty,Sunscreen SPF50,1204.32,3.0,United States,Debit Card,Mobile App,Cancelled
ORD104086,CUST235,2024-05-12,Fashion,Denim Jacket,1850.04,2.0,India,Credit Card,Mobile App,Delivered
ORD105253,CUST1209,2024-06-01,Beauty,Sunscreen SPF50,589.66,1.0,UK,COD,MOBILE APP,Delivered
ORD101850,CUST142,09/01/2024,Toys,Puzzle 1000pc,389.98,,USA,COD,Website,Delivered
ORD103474,CUST835,2024-01-12,Home & Kitchen,Blender,3442.08,2.0,India,UPI,Mobile App,Delivered
ORD105081,CUST86,07/03/2024,Electronics,Power Bank,4430.45,1.0,INDIA,Debit Card,Marketplace,Returned
ORD102544,CUST1632,2024-01-26,Sports,Dumbbell Set,941.77,2.0,Germany,COD,Website,Delivered
ORD104142,CUST463,2024-04-18,Fashion,Denim Jacket,2781.1,1.0,UK,COD,MOBILE APP,Returned
ORD100080,CUST1479,2024-07-14,Fashion,Running Shoes,1156.24,3.0,India,Net Banking,website,Delivered
ORD100129,CUST1034,2024-03-26,Sports,Resistance Bands,631.46,2.0,Germany,COD,Marketplace,Delivered
ORD101699,CUST716,2024-02-09,Electronics,Smartwatch,4587.27,1.0,India,Credit Card,Mobile App,Delivered
ORD100537,CUST641,15/07/2024,Electronics,Power Bank,3975.35,2.0,India,PayPal,Website,Delivered
ORD101092,CUST576,05-26-2024,Books,Fiction Bestseller,347.27,4.0,India,PayPal,Marketplace,Delivered
ORD100265,CUST1294,05-04-2024,Beauty,Face Serum,560.06,1.0,India,Debit Card,Mobile App,Delivered
ORD102166,CUST1358,06-13-2024,Fashion,Running Shoes,2548.99,1.0,USA,Debit Card,Website,Delivered
ORD102022,CUST925,22/08/2024,Home & Kitchen,Air Fryer,676.24,,India,PayPal,Mobile App,Delivered
ORD101952,CUST441,2024-07-11,Electronics,Phone Case,3161.36,1.0,UK,PayPal,Mobile App,Delivered
ORD102904,,06-15-2024,Fashion,Denim Jacket,964.46,1.0,India,Credit Card,Website,Delivered
ORD100884,CUST1050,07-09-2024,Home & Kitchen,Storage Containers,1177.63,2.0,India,Net Banking,MOBILE APP,Delivered
ORD105928,CUST1091,2024-05-08,Sports,Cycling Gloves,2267.7,1.0,USA,COD,Website,Delivered
ORD102421,CUST1256,2024-06-25,Fashion,Running Shoes,205.39,1.0,India,UPI,website,Delivered
ORD102734,CUST1510,2024-06-02,Beauty,Face Serum,513.7,1.0,India,Net Banking,Website,Delivered
ORD104935,CUST67,08-06-2024,Sports,Yoga Mat,1277.53,3.0,UK,Credit Card,Mobile App,Delivered
ORD100866,CUST818,2024-05-08,Home & Kitchen,LED Desk Lamp,856.94,4.0,India,Debit Card,Mobile App,Delivered
ORD101075,CUST645,03-13-2024,Home & Kitchen,Blender,2475.85,1.0,India,,Mobile App,Delivered
ORD104440,CUST1058,02-06-2024,Home & Kitchen,Blender,2592.49,1.0,France,UPI,Mobile App,Returned
ORD100153,CUST480,2024-06-22,Fashion,Sunglasses,2143.46,3.0,United Kingdom,UPI,Marketplace,Delivered
ORD103242,CUST955,08-31-2024,Books,Cookbook,422.76,1.0,India,UPI,MOBILE APP,Returned
ORD101286,CUST555,05/04/2024,Toys,Board Game,1091.73,1.0,France,UPI,Marketplace,Delivered
ORD100626,CUST1776,2024-05-25,Electronics,USB-C Cable,3642.86,1.0,india,Credit Card,Website,Delivered
ORD101794,CUST240,03-18-2024,Electronics,USB-C Cable,2337.19,1.0,UAE,credit card,Marketplace,Delivered
ORD100557,CUST537,2024-05-28,Home & Kitchen,Non-stick Pan Set,2735.67,,USA,Debit Card,Website,Delivered
ORD105945,CUST1051,2024-01-26,Home & Kitchen,Storage Containers,1027.76,1.0,USA,UPI,Website,Returned
ORD105468,CUST438,11/04/2024,Fashion,Denim Jacket,1742.27,1.0,India,UPI,Mobile App,Delivered
ORD100193,CUST1290,2024-08-24,Toys,Building Blocks Set,317.13,1.0,India,Debit Card,Marketplace,Delivered
ORD105273,CUST666,01-09-2024,Home & Kitchen,Blender,3453.54,2.0,India,Net Banking,Website,Returned
ORD102375,CUST772,07-11-2024,Home & Kitchen,Blender,479.41,1.0,INDIA,Net Banking,Marketplace,Delivered
ORD102127,CUST1726,2024-08-12,Electronics,Wireless Earbuds,3734.07,1.0,India,UPI,Website,Delivered 
ORD103114,CUST590,05-27-2024,Fashion,Cotton T-Shirt,2904.1,1.0,UK,PayPal,Mobile App,Delivered
ORD101443,CUST122,17/03/2024,Beauty,Face Serum,1092.59,2.0,India,Net Banking,Marketplace,Delivered
ORD105278,CUST421,2024-03-14,Toys,RC Car,1340.11,1.0,India,COD,Website,Delivered
ORD102723,CUST530,2024-02-20,Beauty,Lip Balm Set,265.21,1.0,UAE,,Mobile App,Delivered
ORD101495,CUST1249,10/03/2024,Books,Kids Picture Book,432.08,1.0,UAE,Debit Card,Marketplace,Delivered
ORD101515,CUST999,2024-02-05,Electronics,USB-C Cable,4909.42,1.0,USA,UPI,Mobile App,Delivered
ORD103190,CUST475,04-04-2024,Beauty,Hair Dryer,1223.06,2.0,India,UPI,Website,Returned
ORD105148,CUST1378,2024-08-28,Books,Cookbook,745.02,1.0,India,Debit Card,MOBILE APP,Delivered
ORD103338,CUST806,23/09/2024,Fashion,Running Shoes,1047.57,1.0,India,UPI,Website,Delivered
ORD100809,CUST699,23/05/2024,Home & Kitchen,Storage Containers,734.64,2.0,India,COD,Marketplace,Delivered
ORD105248,,2024-06-25,Beauty,Hair Dryer,540.27,2.0,UK,COD,Mobile App,Delivered
ORD100822,CUST1003,05-12-2024,Home & Kitchen,Storage Containers,2244.51,2.0,USA,UPI,Marketplace,Delivered
ORD104090,CUST13,2024-05-06,Electronics,Bluetooth Speaker,3742.57,2.0,nan,UPI,Mobile App,Delivered
ORD104029,CUST1534,08-16-2024,Electronics,Wireless Earbuds,4484.03,1.0,India,UPI,Website,Delivered
ORD105296,CUST493,2024-04-03,Toys,Puzzle 1000pc,279.76,1.0,India,Debit Card,Website,Returned
ORD100000,CUST1127,02/08/2024,Sports,Resistance Bands,1992.29,1.0,India,COD,Mobile App,Delivered
ORD105052,CUST1482,2024-09-10,Electronics,Smartwatch,3133.84,2.0,USA,UPI,Website,Delivered 
ORD100888,CUST1225,2024-03-06,Electronics,Bluetooth Speaker,4813.6,2.0,France,UPI,Mobile App,Delivered
ORD104145,CUST914,06-03-2024,Books,Kids Picture Book,128.2,1.0,India,Debit Card,Website,Returned
ORD101698,CUST1434,25/01/2024,Electronics,Wireless Earbuds,3217.86,1.0,USA,Debit Card,Marketplace,Delivered
ORD105166,CUST904,01-02-2024,Electronics,USB-C Cable,955.66,1.0,France,UPI,Mobile App,Delivered
ORD104874,CUST686,01-10-2024,Sports,Yoga Mat,1732.33,2.0,India,Credit Card,Mobile App,Delivered
ORD100898,CUST952,2024-07-03,Electronics,Wireless Earbuds,3859.47,2.0,India,credit card,Mobile App,Delivered
ORD104082,CUST246,18/08/2024,Toys,Puzzle 1000pc,739.4,2.0,India,COD,Marketplace,Delivered
ORD100439,CUST83,2024-06-25,Books,Kids Picture Book,442.93,1.0,India,Credit Card,Marketplace,Delivered
ORD101193,CUST970,2024-03-17,Sports,Resistance Bands,2109.06,1.0,USA,PayPal,MOBILE APP,Delivered
ORD104828,CUST803,2024-01-21,Fashion,Running Shoes,2484.38,1.0,USA,COD,Mobile App,Delivered
ORD101956,CUST1202,2024-04-18,Home & Kitchen,Blender,2402.25,1.0,India,,Mobile App,Returned
ORD101964,CUST13,2024-09-22,Home & Kitchen,LED Desk Lamp,3074.47,1.0,India,Debit Card,Website,Delivered
ORD104274,CUST1151,06-09-2024,Home & Kitchen,Blender,693.32,4.0,India,credit card,MOBILE APP,Delivered
ORD104448,CUST984,09-03-2024,Fashion,Running Shoes,2204.72,2.0,India,Credit Card,Website,Delivered
ORD100931,,2024-02-12,Electronics,Bluetooth Speaker,3096.76,2.0,India,UPI,Website,Returned
ORD104457,CUST1337,09-29-2024,Electronics,USB-C Cable,1812.49,1.0,Germany,UPI,Marketplace,Cancelled
ORD105757,CUST1692,2024-09-26,Fashion,Cotton T-Shirt,909.21,1.0,USA,Debit Card,Mobile App,Delivered
ORD103185,CUST28,20/07/2024,Fashion,Leather Wallet,2726.11,2.0,Germany,Credit Card,Mobile App,Delivered
ORD105562,CUST1455,02-11-2024,Toys,RC Car,1486.73,1.0,India,PayPal,Mobile App,Delivered
ORD104030,CUST1746,09-10-2024,Sports,Water Bottle,415.49,1.0,India,Net Banking,Mobile App,Delivered
ORD101523,CUST306,2024-07-03,Home & Kitchen,Storage Containers,2110.48,1.0,UK,PayPal,Website,Delivered
ORD103688,CUST1375,2024-09-04,Home & Kitchen,Storage Containers,877.45,2.0,India,UPI,Marketplace,Delivered
ORD103610,CUST1316,19/05/2024,Fashion,Cotton T-Shirt,916.07,1.0,India,UPI,Website,Delivered
ORD103393,CUST255,2024-02-25,Beauty,Hair Dryer,760.87,1.0,UAE,UPI,Marketplace,Delivered
ORD104892,CUST920,2024-01-12,Fashion,Sunglasses,1348.78,4.0,India,UPI,Marketplace,Delivered
ORD100405,CUST1701,2024-04-14,Books,Kids Picture Book,130.21,1.0,India,Credit Card,Mobile App,Delivered
ORD102777,CUST1498,2024-02-04,Toys,Building Blocks Set,1949.78,1.0,United Kingdom,Credit Card,Mobile App,delivered
ORD102130,CUST1602,2024-09-17,Toys,RC Car,,1.0,India,Net Banking,Mobile App,Delivered
ORD100959,CUST1599,2024-02-12,Beauty,Makeup Brush Kit,1111.02,1.0,India,Debit Card,Website,Delivered
ORD101186,CUST773,2024-03-22,Fashion,Cotton T-Shirt,2810.33,1.0,India,COD,Website,Delivered
ORD101578,CUST1262,08-13-2024,Beauty,Face Serum,1169.14,3.0,USA,Debit Card,Website,Cancelled
ORD104250,CUST1160,2024-03-24,Fashion,Cotton T-Shirt,782.67,1.0,India,credit card,Mobile App,Delivered
ORD104403,CUST955,01-03-2024,Home & Kitchen,Non-stick Pan Set,968.87,2.0,india,COD,Mobile App,Delivered
ORD100666,CUST1040,04-15-2024,Home & Kitchen,Blender,1608.9,1.0,France,Credit Card,Website,Returned
ORD100217,CUST1263,02-14-2024,Beauty,Makeup Brush Kit,,1.0,India,Credit Card,Marketplace,Delivered
ORD101298,CUST399,08-27-2024,Fashion,Leather Wallet,2783.04,2.0,India,Credit Card,Mobile App,Delivered
ORD101190,CUST1226,2024-07-31,Sports,Yoga Mat,1880.38,1.0,UK,UPI,Marketplace,Delivered
ORD103646,CUST962,2024-05-25,Fashion,Running Shoes,2388.6,3.0,India,UPI,Website,Delivered
ORD103523,CUST1014,2024-01-31,Electronics,Bluetooth Speaker,3794.44,1.0,UK,UPI,Marketplace,Delivered
ORD103345,CUST1145,26/05/2024,Beauty,Face Serum,210.42,1.0,USA,UPI,Marketplace,Delivered
ORD100579,CUST550,2024-02-18,Sports,Water Bottle,464.69,4.0,India,Debit Card,Mobile App,Delivered
ORD103212,CUST1141,08-16-2024,Electronics,Smartwatch,2917.83,1.0,India,UPI,Website,Delivered
ORD102868,CUST356,09/03/2024,Fashion,Running Shoes,2442.81,1.0,India,Credit Card,website,Delivered
ORD104964,CUST129,2024-03-11,Books,Fiction Bestseller,383.24,1.0,France,COD,Marketplace,Delivered
ORD102540,CUST216,2024-04-13,Home & Kitchen,Air Fryer,1442.45,2.0,India,,Website,Delivered
ORD103526,CUST496,2024-04-19,Electronics,USB-C Cable,259117.99999999997,1.0,India,UPI,Mobile App,Delivered
ORD101871,CUST576,2024-05-18,Sports,Yoga Mat,2345.44,2.0,UK,UPI,Mobile App,Delivered
ORD102466,CUST1122,2024-08-26,Electronics,USB-C Cable,2571.88,1.0,India,credit card,Website,Delivered
ORD102837,CUST1712,05-17-2024,Home & Kitchen,LED Desk Lamp,1113.77,1.0,India,COD,Marketplace,Delivered
ORD103397,CUST541,19/05/2024,Toys,Puzzle 1000pc,699.36,1.0,Germany,Debit Card,Marketplace,Delivered
ORD103413,CUST506,16/05/2024,Electronics,Bluetooth Speaker,3887.44,1.0,India,Debit Card,Mobile App,Delivered
ORD101767,CUST1363,2024-05-21,Fashion,Running Shoes,2380.86,1.0,India,Debit Card,Website,Delivered
ORD103941,CUST88,2024-01-06,Fashion,Denim Jacket,2340.1,1.0,India,credit card,website,Delivered
ORD103866,CUST1358,27/01/2024,Home & Kitchen,Storage Containers,3464.56,1.0,UK,Net Banking,Website,Delivered
ORD105700,CUST27,2024-06-30,Beauty,Makeup Brush Kit,1335.0,1.0,France,UPI,Mobile App,Delivered
ORD103351,CUST1355,2024-07-14,Electronics,Wireless Earbuds,332394.0,2.0,USA,UPI,Mobile App,Delivered
ORD104962,CUST465,2024-04-30,Home & Kitchen,Non-stick Pan Set,674.4,1.0,India,,Mobile App,Delivered
ORD105778,CUST1373,09/09/2024,Toys,RC Car,576.88,2.0,India,COD,Website,Cancelled
ORD100445,CUST1703,2024-08-25,Electronics,USB-C Cable,1261.4,4.0,France,Debit Card,Mobile App,Delivered
ORD100770,CUST780,2024-03-23,Home & Kitchen,Storage Containers,1526.08,1.0,UK,Debit Card,Website,Delivered
ORD102631,CUST680,2024-01-02,Sports,Water Bottle,538.93,1.0,USA,UPI,Mobile App,Delivered
ORD101531,CUST1381,2024-05-28,Books,Kids Picture Book,718.94,1.0,Germany,UPI,Mobile App,Delivered
ORD100548,CUST1350,2024-08-08,Electronics,Phone Case,1577.69,1.0,UAE,UPI,website,Delivered
ORD105951,CUST1270,06-02-2024,Home & Kitchen,LED Desk Lamp,960.45,1.0,India,Debit Card,Mobile App,Returned
ORD103148,CUST931,06/02/2024,Fashion,Running Shoes,2071.06,3.0,India,Debit Card,Website,Delivered
ORD101169,CUST1558,2024-02-17,Home & Kitchen,Non-stick Pan Set,2996.41,1.0,USA,Net Banking,Website,Delivered
ORD105828,CUST329,2024-02-25,Toys,Building Blocks Set,579.49,1.0,India,UPI,website,Delivered
ORD100280,CUST1425,2024-04-13,Toys,Puzzle 1000pc,1122.2,3.0,India,Debit Card,Marketplace,Delivered
ORD105152,CUST665,2024-05-21,Books,Cookbook,420.83,2.0,India,Credit Card,Website,Delivered
ORD100586,CUST1722,2024-05-23,Home & Kitchen,Blender,,1.0,UAE,UPI,MOBILE APP,Delivered
ORD104969,CUST967,04-23-2024,Fashion,Denim Jacket,270432.0,3.0,India,credit card,MOBILE APP,Delivered
ORD103278,CUST439,24/09/2024,Toys,RC Car,1505.43,1.0,Germany,Debit Card,website,Delivered
ORD105330,CUST55,2024-06-03,Beauty,Sunscreen SPF50,526.05,4.0,France,UPI,Marketplace,Delivered
ORD104387,CUST131,01-10-2024,Electronics,Bluetooth Speaker,1472.76,1.0,United States,Debit Card,Mobile App,Delivered
ORD101699,CUST716,2024-02-09,Electronics,Smartwatch,4587.27,1.0,India,Credit Card,Mobile App,Delivered
ORD105038,CUST1265,2024-03-14,Home & Kitchen,LED Desk Lamp,1038.16,1.0,Germany,Debit Card,Mobile App,Delivered
ORD100040,CUST111,07-02-2024,Electronics,Smartwatch,1123.72,1.0,India,COD,Mobile App,Delivered 
ORD100336,CUST538,01-02-2024,Electronics,Phone Case,1471.14,2.0,india,UPI,Marketplace,Delivered
ORD101725,CUST1596,02-11-2024,Books,Kids Picture Book,458.39,1.0,India,UPI,Website,Delivered
ORD105459,CUST324,06-29-2024,Electronics,Wireless Earbuds,2561.88,2.0,United States,Debit Card,Website,Delivered
ORD100031,CUST1439,2024-02-08,Fashion,Leather Wallet,1762.53,3.0,india,credit card,Mobile App,Delivered
ORD102843,CUST1130,27/05/2024,Home & Kitchen,Air Fryer,2571.31,1.0,France,Credit Card,Mobile App,Delivered
ORD104185,CUST900,2024-01-23,Fashion,Running Shoes,2414.85,1.0,India,COD,website,Delivered
ORD105462,CUST664,01-24-2024,Fashion,Denim Jacket,2372.83,1.0,India,Debit Card,Website,Cancelled
ORD102874,CUST117,19/04/2024,Electronics,Smartwatch,4921.6,1.0,India,UPI,Mobile App,Delivered
ORD100799,CUST928,07/08/2024,Home & Kitchen,Blender,2453.11,2.0,India,Debit Card,MOBILE APP,delivered
ORD105403,CUST193,09/05/2024,Toys,Board Game,839.0,1.0,United Kingdom,UPI,Mobile App,Delivered
ORD105817,CUST472,2024-05-06,Electronics,Power Bank,4548.05,3.0,United States,Net Banking,Marketplace,Delivered
ORD102296,CUST59,2024-03-25,Sports,Resistance Bands,2376.43,1.0,India,UPI,Marketplace,Delivered
ORD102229,CUST1468,2024-04-29,Toys,Building Blocks Set,1633.13,1.0,UK,PayPal,MOBILE APP,Delivered
ORD101582,CUST76,30/08/2024,Home & Kitchen,Air Fryer,553.45,2.0,USA,Credit Card,Website,Delivered
ORD102058,CUST557,01-17-2024,Electronics,USB-C Cable,1307.84,1.0,India,COD,MOBILE APP,Delivered
ORD102523,CUST1564,2024-01-23,Fashion,Leather Wallet,1970.78,1.0,USA,Credit Card,Marketplace,Delivered
ORD104092,CUST71,2024-05-21,Toys,RC Car,1364.13,1.0,India,UPI,Mobile App,Delivered
ORD102988,CUST1313,23/08/2024,Beauty,Lip Balm Set,1482.06,1.0,India,Credit Card,Mobile App,Delivered
ORD100456,CUST545,2024-02-11,Sports,Yoga Mat,1510.43,,UK,Credit Card,MOBILE APP,Delivered
ORD105675,CUST426,04-05-2024,Beauty,Sunscreen SPF50,1317.05,4.0,INDIA,UPI,Mobile App,Delivered
ORD101860,CUST960,03/06/2024,Beauty,Makeup Brush Kit,1187.78,1.0,Germany,Debit Card,Website,Delivered
ORD105738,CUST104,2024-08-26,Fashion,Cotton T-Shirt,740.34,1.0,India,UPI,Website,Delivered
ORD103249,CUST1022,2024-07-24,Books,Fiction Bestseller,767.57,1.0,India,PayPal,website,Cancelled
ORD105607,CUST197,2024-07-18,Toys,Board Game,1997.23,4.0,Germany,Debit Card,Marketplace,Delivered
ORD105422,CUST1742,01-13-2024,Beauty,Face Serum,478.24,4.0,India,Debit Card,Marketplace,Cancelled
ORD102191,CUST689,03-31-2024,Books,Kids Picture Book,790.1,3.0,India,UPI,Mobile App,Delivered
ORD105223,CUST138,09/08/2024,Books,Self-Help Guide,168.89,2.0,UK,UPI,Marketplace,Delivered
ORD105646,CUST1757,01-04-2024,Electronics,Smartwatch,790.48,2.0,UK,Credit Card,Website,Delivered
ORD104406,CUST380,05/08/2024,Books,Fiction Bestseller,160.63,2.0,UK,Credit Card,Website,Delivered
ORD101327,CUST1412,16/09/2024,Fashion,Running Shoes,2914.36,1.0,india,Net Banking,Website,Delivered
ORD103388,CUST355,09-13-2024,Sports,Cycling Gloves,2025.17,1.0,India,Debit Card,Mobile App,Delivered
ORD100675,CUST792,04-23-2024,Fashion,Leather Wallet,2264.29,1.0,India,PayPal,MOBILE APP,Delivered
ORD101909,CUST1365,06-16-2024,Home & Kitchen,LED Desk Lamp,2375.49,2.0,UK,credit card,Website,Delivered
ORD101281,CUST954,2024-05-08,Fashion,Running Shoes,1496.31,1.0,India,UPI,Mobile App,Delivered
ORD104287,CUST764,06-18-2024,Sports,Water Bottle,939.2,1.0,India,UPI,Marketplace,Delivered 
ORD100558,CUST1650,2024-06-28,Beauty,Sunscreen SPF50,704.86,2.0,Germany,COD,Marketplace,Delivered
ORD105400,CUST1517,2024-09-01,Fashion,Denim Jacket,451.65,2.0,INDIA,PayPal,Marketplace,Delivered
ORD104034,CUST877,15/09/2024,Beauty,Face Serum,469.32,1.0,UK,Credit Card,Mobile App,Delivered
ORD101639,CUST704,2024-01-11,Beauty,Makeup Brush Kit,1403.62,2.0,India,,Mobile App,Cancelled
ORD105636,CUST1190,2024-07-23,Toys,Puzzle 1000pc,324.5,2.0,india,PayPal,Marketplace,Delivered
ORD102053,CUST1273,06-01-2024,Home & Kitchen,LED Desk Lamp,3497.07,1.0,USA,Debit Card,website,Delivered
ORD102433,CUST1030,09-23-2024,Books,Self-Help Guide,205.98,2.0,UAE,Credit Card,Mobile App,Cancelled
ORD101793,CUST359,09-21-2024,Fashion,Leather Wallet,293.11,1.0,India,credit card,Website,Delivered
ORD105538,CUST765,2024-09-21,Electronics,Phone Case,1436.05,1.0,United States,UPI,Website,Returned
ORD100518,CUST1745,2024-06-26,Fashion,Leather Wallet,1552.86,2.0,India,Credit Card,Marketplace,Delivered
ORD101189,CUST526,01-03-2024,Electronics,Phone Case,1176.96,1.0,United Kingdom,COD,website,delivered
ORD102243,CUST812,2024-09-26,Home & Kitchen,Storage Containers,1450.04,1.0,Germany,credit card,Marketplace,Delivered
ORD100247,CUST1716,2024-08-14,Home & Kitchen,Air Fryer,1701.17,1.0,UK,Credit Card,Website,Delivered
ORD102564,CUST1260,09-06-2024,Home & Kitchen,Air Fryer,1099.5,1.0,UAE,COD,Website,Delivered
ORD102264,CUST1642,02-25-2024,Beauty,Lip Balm Set,1063.41,1.0,India,Credit Card,Mobile App,Delivered
ORD101172,CUST316,2024-04-02,Fashion,Denim Jacket,1836.5,2.0,India,Credit Card,Mobile App,Delivered
ORD102860,CUST308,01-30-2024,Books,Cookbook,718.39,2.0,France,UPI,Mobile App,Cancelled
ORD102011,CUST554,2024-04-16,Beauty,Face Serum,1016.54,2.0,USA,COD,Website,Cancelled
ORD101009,CUST352,2024-02-29,Electronics,Phone Case,2917.23,1.0,India,Credit Card,Website,Delivered
ORD105734,CUST1009,2024-03-15,Beauty,Lip Balm Set,861.62,1.0,India,UPI,Marketplace,Delivered
ORD105362,CUST183,2024-02-06,Home & Kitchen,Air Fryer,1340.18,1.0,UAE,UPI,Mobile App,Delivered
ORD105661,CUST370,2024-04-21,Fashion,Cotton T-Shirt,2147.82,1.0,India,Debit Card,Mobile App,Delivered
ORD104861,CUST589,2024-06-06,Sports,Yoga Mat,1242.42,1.0,India,Credit Card,website,Delivered
ORD105019,CUST1065,09/07/2024,Fashion,Leather Wallet,2670.4,1.0,USA,Debit Card,Mobile App,Returned
ORD104529,CUST1342,2024-07-11,Sports,Cycling Gloves,845.3,1.0,India,COD,Website,Delivered
ORD100435,CUST210,2024-07-02,Fashion,Denim Jacket,950.2,2.0,USA,Credit Card,Mobile App,Delivered
ORD102560,CUST1760,2024-01-29,Electronics,Wireless Earbuds,1781.85,1.0,India,UPI,Website,Delivered
ORD101329,CUST991,02-25-2024,Fashion,Sunglasses,2232.48,1.0,USA,credit card,Mobile App,delivered
ORD100539,,17/07/2024,Toys,Puzzle 1000pc,1704.25,1.0,USA,credit card,MOBILE APP,Cancelled
ORD102211,CUST1437,07-02-2024,Toys,Board Game,631.83,1.0,India,Credit Card,MOBILE APP,delivered
ORD103300,CUST53,05/09/2024,Home & Kitchen,Storage Containers,,1.0,nan,UPI,Website,Delivered
ORD105406,,24/04/2024,Fashion,Leather Wallet,2390.69,1.0,USA,Credit Card,Marketplace,Delivered
ORD104836,CUST312,2024-05-07,Books,Kids Picture Book,145.6,2.0,India,Net Banking,Marketplace,Delivered
ORD100953,CUST130,2024-07-29,Beauty,Sunscreen SPF50,1236.39,1.0,USA,Debit Card,Mobile App,Delivered
ORD100474,CUST1385,04-22-2024,Fashion,Running Shoes,1166.74,,India,UPI,Mobile App,Delivered
ORD101910,CUST1044,03-08-2024,Electronics,Wireless Earbuds,,1.0,UAE,,Website,Delivered
ORD104882,CUST854,2024-06-04,Electronics,USB-C Cable,1624.95,1.0,Germany,COD,Marketplace,Delivered
ORD103570,CUST151,2024-07-26,Beauty,Sunscreen SPF50,1355.17,1.0,India,Credit Card,Mobile App,Cancelled
ORD105252,CUST1659,10/07/2024,Beauty,Sunscreen SPF50,710.85,1.0,India,,Website,Delivered
ORD102844,,2024-06-01,Toys,Puzzle 1000pc,1458.94,1.0,India,Credit Card,Mobile App,Delivered
ORD103381,CUST806,01-21-2024,Books,Fiction Bestseller,657.55,1.0,USA,,Mobile App,Delivered
ORD105503,CUST1411,2024-01-14,Home & Kitchen,Air Fryer,787.01,3.0,India,Credit Card,Marketplace,Delivered
ORD102892,CUST507,07-27-2024,Fashion,Running Shoes,2516.34,1.0,United States,Debit Card,Mobile App,Delivered
ORD101623,CUST1551,02-14-2024,Books,Kids Picture Book,,2.0,USA,Credit Card,MOBILE APP,Delivered
ORD102289,CUST746,2024-08-21,Books,Cookbook,609.72,2.0,USA,Credit Card,Mobile App,Delivered
ORD101731,CUST523,05-02-2024,Fashion,Sunglasses,232.58,1.0,Germany,UPI,Mobile App,Delivered
ORD102345,CUST1469,2024-09-11,Sports,Cycling Gloves,1780.04,3.0,Germany,Credit Card,Website,Returned
ORD104601,CUST1493,2024-09-20,Toys,Building Blocks Set,435.29,2.0,USA,Debit Card,Website,Delivered
ORD102154,CUST1044,2024-06-01,Beauty,Lip Balm Set,403.74,1.0,UAE,UPI,Website,Delivered
ORD104624,CUST1388,2024-07-07,Toys,RC Car,1285.53,2.0,UAE,UPI,Mobile App,Returned
ORD105491,CUST1211,2024-01-02,Beauty,Makeup Brush Kit,840.3,1.0,India,Debit Card,Marketplace,Cancelled
ORD105308,CUST1632,2024-01-28,Beauty,Hair Dryer,388.47,1.0,India,UPI,Marketplace,Returned
ORD105718,CUST1183,05-06-2024,Toys,Board Game,1005.45,2.0,India,credit card,Marketplace,Delivered
ORD101640,CUST26,01-10-2024,Sports,Yoga Mat,728.7,2.0,USA,COD,Website,Cancelled
ORD103411,CUST1253,2024-08-19,Electronics,Bluetooth Speaker,2722.55,1.0,USA,Net Banking,Website,Delivered
ORD103030,CUST1666,01-09-2024,Electronics,Bluetooth Speaker,4496.19,1.0,Germany,Net Banking,Website,Delivered
ORD104060,,2024-09-18,Fashion,Leather Wallet,2133.92,1.0,Germany,Debit Card,Website,Delivered
ORD102087,CUST1235,2024-08-11,Books,Cookbook,682.81,1.0,India,Credit Card,Mobile App,Delivered
ORD101800,CUST628,2024-02-04,Electronics,Wireless Earbuds,3130.16,3.0,India,Debit Card,Website,Cancelled
ORD103053,CUST1091,2024-08-22,Home & Kitchen,Blender,2278.16,1.0,india,Credit Card,Website,Delivered
ORD104625,CUST1243,21/04/2024,Home & Kitchen,Air Fryer,878.9,1.0,USA,UPI,Website,Delivered
ORD105042,CUST1566,2024-03-31,Sports,Water Bottle,558.87,1.0,USA,COD,Website,Delivered
ORD101904,CUST926,30/05/2024,Books,Kids Picture Book,499.13,1.0,France,Credit Card,Mobile App,Cancelled
ORD104596,CUST781,02-14-2024,Toys,Puzzle 1000pc,1329.69,1.0,USA,UPI,Marketplace,Delivered
ORD104589,CUST444,2024-07-04,Books,Self-Help Guide,149.06,1.0,India,Credit Card,Website,Returned
ORD104073,CUST1439,2024-04-19,Home & Kitchen,Non-stick Pan Set,1878.62,1.0,Germany,Debit Card,Marketplace,Delivered
ORD104807,CUST37,2024-04-17,Electronics,Power Bank,1304.68,3.0,India,Credit Card,Mobile App,Delivered
ORD104104,CUST776,03-03-2024,Toys,Building Blocks Set,1777.1,1.0,India,UPI,Mobile App,Delivered
ORD104749,CUST705,2024-05-14,Fashion,Sunglasses,2764.2,1.0,Germany,UPI,Mobile App,Cancelled
ORD103131,CUST120,01-31-2024,Sports,Water Bottle,,1.0,USA,UPI,Marketplace,Cancelled
ORD104074,CUST79,05-01-2024,Beauty,Face Serum,1465.35,1.0,Germany,credit card,Mobile App,Delivered
ORD105430,CUST272,2024-05-30,Sports,Water Bottle,1763.68,1.0,India,Net Banking,MOBILE APP,Cancelled
ORD105581,CUST1613,2024-06-06,Electronics,Smartwatch,3022.77,4.0,Germany,UPI,Mobile App,Delivered
ORD100322,CUST189,2024-07-14,Fashion,Running Shoes,262390.0,2.0,nan,UPI,MOBILE APP,Delivered
ORD105209,CUST277,2024-04-28,Electronics,USB-C Cable,1300.8,1.0,India,Credit Card,Website,Delivered
ORD101037,CUST334,08-10-2024,Sports,Yoga Mat,1314.75,1.0,France,,Website,Delivered
ORD100201,CUST1443,03/08/2024,Electronics,Bluetooth Speaker,3270.6,1.0,UK,COD,Mobile App,Delivered 
ORD104127,CUST1484,2024-03-31,Sports,Dumbbell Set,1758.71,2.0,India,Debit Card,Mobile App,Delivered
ORD104118,CUST1706,05-06-2024,Books,Self-Help Guide,443.38,2.0,India,Credit Card,Marketplace,Returned
ORD102305,CUST1059,27/06/2024,Fashion,Leather Wallet,2170.14,2.0,India,Credit Card,Mobile App,Cancelled
ORD104460,CUST990,2024-03-19,Beauty,Lip Balm Set,420.52,1.0,India,UPI,Mobile App,Delivered
ORD100702,CUST1181,2024-08-01,Home & Kitchen,Non-stick Pan Set,2784.95,2.0,Germany,COD,Website,Delivered
ORD102101,CUST694,2024-05-18,Beauty,Face Serum,1379.88,1.0,india,Net Banking,Marketplace,Delivered
ORD104914,CUST1402,2024-03-28,Home & Kitchen,LED Desk Lamp,397.32,3.0,India,,Website,Delivered
ORD102996,,06-17-2024,Fashion,Denim Jacket,388.34,1.0,India,Debit Card,Website,Returned
ORD103738,,16/04/2024,Sports,Yoga Mat,757.73,1.0,India,UPI,Mobile App,Delivered
ORD100907,CUST444,2024-07-17,Electronics,Smartwatch,,1.0,India,COD,Website,Delivered
ORD101014,CUST705,2024-08-23,Toys,Building Blocks Set,613.87,1.0,India,UPI,Marketplace,Delivered
ORD103265,CUST1088,2024-05-24,Electronics,Smartwatch,4803.39,1.0,India,Debit Card,Website,Delivered
ORD105243,CUST1519,2024-02-27,Electronics,USB-C Cable,1518.45,1.0,India,UPI,Mobile App,Delivered
ORD104510,CUST1701,2024-08-31,Electronics,Phone Case,1814.81,1.0,India,credit card,Mobile App,Delivered
ORD103321,CUST228,2024-02-15,Toys,Puzzle 1000pc,1688.18,2.0,Germany,UPI,Website,Delivered
ORD103176,CUST1142,2024-01-29,Sports,Yoga Mat,968.74,1.0,india,Credit Card,website,Delivered
ORD101478,CUST1020,06-11-2024,Home & Kitchen,Air Fryer,1434.05,5.0,UK,credit card,website,Delivered
ORD100961,CUST1713,2024-04-06,Fashion,Leather Wallet,2476.36,1.0,UK,UPI,Mobile App,Cancelled
ORD105488,CUST1634,06-02-2024,Beauty,Sunscreen SPF50,943.82,1.0,Germany,PayPal,Mobile App,Delivered
ORD100625,CUST1003,09-15-2024,Books,Kids Picture Book,463.58,1.0,India,PayPal,Mobile App,Delivered
ORD104278,CUST136,2024-02-16,Beauty,Makeup Brush Kit,1398.24,1.0,India,Credit Card,Mobile App,Delivered
ORD101001,CUST1678,2024-01-28,Books,Cookbook,458.95,2.0,United States,Net Banking,website,Cancelled
ORD103617,CUST383,2024-08-03,Home & Kitchen,Blender,3063.64,1.0,india,Net Banking,Mobile App,Cancelled
ORD101097,CUST632,2024-08-13,Home & Kitchen,Air Fryer,873.53,1.0,India,UPI,website,Returned
ORD103359,CUST16,2024-04-03,Sports,Dumbbell Set,,1.0,India,PayPal,Mobile App,Returned
ORD101566,CUST1423,2024-01-24,Fashion,Cotton T-Shirt,597.01,1.0,UK,UPI,Marketplace,Delivered
ORD100696,CUST774,2024-09-23,Electronics,USB-C Cable,3504.0,2.0,India,UPI,Mobile App,Delivered 
ORD104239,CUST609,2024-05-04,Sports,Cycling Gloves,1219.59,3.0,India,UPI,Website,Delivered
ORD104132,CUST1661,20/03/2024,Electronics,Bluetooth Speaker,2306.07,2.0,nan,,Mobile App,Delivered
ORD104769,CUST360,2024-09-10,Home & Kitchen,Air Fryer,2956.93,1.0,India,Credit Card,Website,Cancelled
ORD105919,CUST550,2024-05-07,Books,Fiction Bestseller,699.88,1.0,India,Debit Card,Marketplace,Delivered
ORD102707,CUST1209,2024-05-14,Electronics,Smartwatch,1844.1,1.0,India,COD,Mobile App,Delivered
ORD103994,CUST1238,03-25-2024,Electronics,Phone Case,4038.17,1.0,India,Net Banking,Mobile App,Delivered
ORD104931,CUST203,2024-09-04,Toys,Board Game,1125.39,1.0,United Kingdom,credit card,Marketplace,Delivered
ORD103295,CUST1490,09-10-2024,Home & Kitchen,Storage Containers,1957.99,1.0,France,Net Banking,Mobile App,Delivered
ORD101345,CUST1463,25/08/2024,Books,Self-Help Guide,430.45,1.0,UAE,Debit Card,Marketplace,Delivered
ORD103135,CUST134,05-14-2024,Sports,Resistance Bands,400.21,4.0,United States,UPI,Marketplace,Delivered
ORD102415,CUST1451,04-08-2024,Home & Kitchen,Air Fryer,2834.14,1.0,India,UPI,Marketplace,Delivered
ORD104870,CUST31,2024-07-07,Fashion,Sunglasses,2924.02,1.0,india,Debit Card,Website,Delivered
ORD100936,CUST380,09/06/2024,Electronics,Smartwatch,655.34,1.0,USA,UPI,Mobile App,Delivered
ORD101319,CUST1516,2024-02-09,Fashion,Denim Jacket,267.36,1.0,United Kingdom,Net Banking,Mobile App,Returned
ORD103354,CUST925,2024-01-14,Home & Kitchen,Non-stick Pan Set,1808.28,1.0,India,Net Banking,Mobile App,Returned
ORD104838,CUST817,2024-04-20,Electronics,Phone Case,1378.97,1.0,India,Credit Card,Website,Delivered
ORD105342,CUST1623,04-09-2024,Beauty,Hair Dryer,798.33,1.0,United Kingdom,Credit Card,Mobile App,Delivered
ORD104562,CUST990,2024-03-04,Home & Kitchen,Storage Containers,871.63,2.0,UK,Credit Card,Website,Delivered 
ORD100105,CUST1050,2024-05-31,Electronics,Bluetooth Speaker,1285.48,3.0,India,credit card,Marketplace,Delivered
ORD104084,CUST934,2024-04-28,Fashion,Running Shoes,137082.0,1.0,USA,Credit Card,Website,Delivered
ORD101960,CUST1503,06-21-2024,Fashion,Leather Wallet,2301.83,1.0,UAE,Credit Card,Website,Delivered
ORD102727,CUST314,27/06/2024,Toys,Building Blocks Set,723.57,1.0,india,UPI,Mobile App,Delivered
ORD104016,CUST1034,2024-09-15,Electronics,Bluetooth Speaker,4686.13,2.0,USA,UPI,Mobile App,Delivered
ORD105904,CUST1413,14/01/2024,Electronics,Smartwatch,4848.11,,UK,UPI,Website,Delivered
ORD105599,CUST53,07-20-2024,Books,Cookbook,700.77,1.0,USA,UPI,Website,Delivered
ORD101226,CUST320,19/07/2024,Sports,Cycling Gloves,1519.01,1.0,USA,Credit Card,MOBILE APP,Delivered
ORD101735,CUST546,27/01/2024,Toys,RC Car,1135.49,1.0,India,Net Banking,Mobile App,Returned
ORD105482,CUST1309,2024-08-23,Home & Kitchen,Non-stick Pan Set,1584.12,1.0,India,UPI,Marketplace,Delivered
ORD103406,CUST1724,2024-06-17,Home & Kitchen,LED Desk Lamp,2813.18,1.0,India,Credit Card,MOBILE APP,Delivered
ORD101040,CUST782,2024-08-19,Home & Kitchen,LED Desk Lamp,311.88,1.0,UK,UPI,Website,Delivered
ORD103968,CUST1717,2024-08-13,Toys,Puzzle 1000pc,1903.25,1.0,UAE,COD,Mobile App,Cancelled
ORD102959,CUST1346,04-04-2024,Electronics,Bluetooth Speaker,1002.55,2.0,UK,UPI,Website,Delivered
ORD101618,CUST1092,2024-07-23,Home & Kitchen,Storage Containers,1305.39,1.0,India,UPI,Website,Delivered
ORD105579,CUST109,11/01/2024,Electronics,Phone Case,3430.68,1.0,France,Credit Card,Marketplace,Delivered
ORD103800,CUST445,08-10-2024,Fashion,Running Shoes,1690.43,2.0,India,Debit Card,Website,Delivered
ORD104352,,2024-09-20,Books,Self-Help Guide,308.14,4.0,India,credit card,Marketplace,Delivered 
ORD104381,CUST617,2024-02-23,Toys,Board Game,1782.99,2.0,Germany,Credit Card,Mobile App,delivered
ORD101363,CUST509,2024-06-17,Fashion,Cotton T-Shirt,2373.29,1.0,UAE,PayPal,Mobile App,Delivered
ORD103516,CUST217,07-25-2024,Toys,Building Blocks Set,1842.22,3.0,India,Debit Card,Marketplace,Delivered 
ORD101973,CUST478,2024-02-03,Fashion,Running Shoes,2516.0,3.0,India,UPI,Mobile App,Delivered
ORD102908,CUST735,04-02-2024,Electronics,Phone Case,3923.02,1.0,India,Debit Card,Marketplace,Delivered
ORD102017,CUST943,2024-09-04,Home & Kitchen,LED Desk Lamp,1765.15,2.0,UK,UPI,website,Delivered
ORD103938,CUST654,2024-08-31,Beauty,Hair Dryer,,3.0,India,PayPal,Website,Returned
ORD102925,CUST1024,2024-01-02,Beauty,Sunscreen SPF50,1093.22,1.0,nan,PayPal,Mobile App,Cancelled
ORD101337,CUST882,2024-03-24,Beauty,Hair Dryer,815.33,1.0,UAE,Credit Card,Website,Delivered
ORD103947,CUST516,04-24-2024,Sports,Resistance Bands,1921.09,2.0,France,Debit Card,Marketplace,Cancelled
ORD103842,CUST1017,2024-01-04,Sports,Water Bottle,1727.4,2.0,USA,Net Banking,Mobile App,delivered
ORD103342,CUST1602,2024-04-03,Electronics,USB-C Cable,2995.76,2.0,India,Credit Card,Marketplace,Delivered
ORD103547,CUST548,2024-08-23,Books,Kids Picture Book,307.83,2.0,india,PayPal,Marketplace,Delivered
ORD102142,CUST1284,23/03/2024,Sports,Cycling Gloves,1738.65,1.0,UK,UPI,Mobile App,Delivered
ORD104477,CUST743,08-13-2024,Beauty,Lip Balm Set,285.87,4.0,India,UPI,Mobile App,Returned
ORD101464,CUST1246,2024-04-26,Electronics,USB-C Cable,3432.98,4.0,INDIA,Debit Card,Mobile App,Delivered
ORD104762,CUST190,2024-01-10,Home & Kitchen,LED Desk Lamp,1784.67,1.0,India,Credit Card,Mobile App,Delivered
ORD100006,,2024-05-10,Beauty,Lip Balm Set,906.68,4.0,UK,UPI,Marketplace,Delivered
ORD102007,CUST557,2024-01-18,Beauty,Makeup Brush Kit,1454.01,1.0,India,Net Banking,Website,Delivered
ORD101240,CUST901,2024-05-03,Fashion,Running Shoes,1216.47,1.0,UK,Debit Card,Mobile App,Delivered
ORD101859,CUST228,2024-09-27,Fashion,Running Shoes,2292.68,2.0,USA,UPI,Website,Delivered
ORD104608,CUST299,2024-05-20,Fashion,Sunglasses,1660.44,1.0,USA,UPI,Marketplace,Delivered
ORD101865,CUST995,2024-03-27,Electronics,USB-C Cable,3006.05,1.0,India,Debit Card,Website,Delivered
ORD101342,,2024-03-02,Beauty,Makeup Brush Kit,611.43,1.0,USA,credit card,Mobile App,Delivered
ORD102499,CUST515,04-13-2024,Electronics,Power Bank,2970.09,2.0,USA,Credit Card,Website,Delivered
ORD104701,CUST845,2024-03-30,Electronics,Smartwatch,2462.95,1.0,India,Net Banking,Mobile App,Delivered
ORD105550,CUST215,15/03/2024,Fashion,Cotton T-Shirt,1831.16,4.0,UAE,,Website,Delivered
ORD105239,CUST1393,09/01/2024,Electronics,Power Bank,4857.3,1.0,USA,UPI,Marketplace,Delivered
ORD103948,CUST83,01-31-2024,Fashion,Cotton T-Shirt,2285.45,1.0,UAE,COD,Marketplace,Delivered
ORD101262,CUST1653,04-09-2024,Fashion,Cotton T-Shirt,2854.31,1.0,USA,Debit Card,Mobile App,Cancelled
ORD103979,CUST1672,2024-07-08,Electronics,Power Bank,4843.62,1.0,Germany,credit card,Website,Delivered
ORD101564,CUST1653,2024-03-25,Sports,Cycling Gloves,990.92,2.0,India,Net Banking,Marketplace,Delivered
ORD103600,CUST479,2024-07-31,Books,Kids Picture Book,501.49,1.0,india,COD,Mobile App,Delivered
ORD101991,CUST882,2024-08-09,Sports,Yoga Mat,1758.52,2.0,India,UPI,Mobile App,Delivered
ORD101874,CUST835,07-25-2024,Books,Fiction Bestseller,105.49,1.0,USA,PayPal,Website,Delivered
ORD105563,CUST925,2024-09-12,Fashion,Cotton T-Shirt,412.28,1.0,USA,Credit Card,MOBILE APP,Delivered
ORD103787,CUST1545,2024-03-23,Sports,Cycling Gloves,89036.0,1.0,nan,Debit Card,Mobile App,Delivered
ORD102718,CUST1090,2024-03-20,Fashion,Cotton T-Shirt,571.35,2.0,USA,Debit Card,website,Delivered
ORD103635,CUST1107,2024-03-12,Toys,Building Blocks Set,1435.29,1.0,India,UPI,Marketplace,Delivered
ORD104675,CUST249,2024-04-15,Sports,Yoga Mat,733.9,1.0,India,COD,Mobile App,Delivered
ORD103311,CUST1022,2024-09-09,Sports,Resistance Bands,1368.96,2.0,United States,Net Banking,Mobile App,Delivered
ORD102506,CUST102,2024-01-19,Sports,Water Bottle,2052.98,1.0,nan,Credit Card,Marketplace,Delivered
ORD103678,CUST1062,2024-01-31,Electronics,USB-C Cable,1874.65,1.0,USA,Debit Card,Website,Delivered
ORD101854,CUST1791,01/09/2024,Books,Self-Help Guide,491.18,1.0,India,UPI,Marketplace,Cancelled
ORD102330,CUST1389,2024-03-10,Fashion,Cotton T-Shirt,1105.37,1.0,India,Credit Card,Mobile App,Delivered
ORD100851,CUST331,08-27-2024,Electronics,Smartwatch,3072.31,1.0,France,Net Banking,Marketplace,Delivered
ORD100154,,2024-07-12,Electronics,Phone Case,2229.3,2.0,India,UPI,MOBILE APP,Delivered
ORD100887,CUST1730,04-11-2024,Sports,Cycling Gloves,1979.8,1.0,France,PayPal,Website,Delivered
ORD100808,CUST217,02-11-2024,Fashion,Sunglasses,1285.54,2.0,UK,COD,website,Delivered
ORD100812,CUST907,2024-08-18,Electronics,Bluetooth Speaker,669.03,1.0,USA,Credit Card,Mobile App,Cancelled
ORD102351,CUST1281,2024-09-27,Books,Cookbook,,1.0,India,COD,Website,Delivered
ORD103759,CUST375,17/03/2024,Home & Kitchen,LED Desk Lamp,833.5,1.0,USA,Net Banking,Marketplace,Delivered
ORD105093,CUST797,2024-06-24,Toys,RC Car,1348.81,1.0,UK,Credit Card,Mobile App,Cancelled
ORD101963,CUST550,2024-01-19,Beauty,Lip Balm Set,1440.05,2.0,Germany,Credit Card,Website,Delivered
ORD102603,CUST231,17/09/2024,Toys,RC Car,,3.0,USA,UPI,Marketplace,Delivered
ORD104083,CUST1339,01-23-2024,Electronics,USB-C Cable,1410.2,1.0,India,Credit Card,website,Delivered
ORD105189,CUST1277,2024-08-27,Home & Kitchen,Air Fryer,2824.14,1.0,India,UPI,Mobile App,Delivered
ORD104055,CUST154,02-27-2024,Toys,Board Game,665.94,2.0,United States,credit card,Website,Cancelled
ORD102110,CUST41,19/05/2024,Beauty,Makeup Brush Kit,206.55,3.0,India,,Mobile App,Delivered
ORD103214,CUST998,08-04-2024,Home & Kitchen,Non-stick Pan Set,1530.54,3.0,India,COD,Website,Delivered
ORD101457,CUST1323,2024-03-23,Electronics,Phone Case,2421.2,1.0,USA,Debit Card,Website,Delivered
ORD101806,CUST587,02-01-2024,Beauty,Sunscreen SPF50,1470.15,1.0,Germany,Credit Card,Marketplace,Delivered
ORD104672,CUST833,2024-06-15,Books,Self-Help Guide,687.33,4.0,India,COD,Mobile App,Delivered
ORD103642,CUST385,2024-03-29,Fashion,Denim Jacket,872.18,,india,COD,Website,Delivered
ORD103870,CUST340,2024-06-15,Fashion,Leather Wallet,595.22,2.0,USA,Debit Card,Website,Delivered
ORD103489,CUST926,2024-03-10,Electronics,Power Bank,,1.0,India,COD,Mobile App,Delivered
ORD102314,CUST1416,2024-06-27,Home & Kitchen,Non-stick Pan Set,1409.75,2.0,INDIA,PayPal,Mobile App,delivered
ORD104259,CUST1113,2024-08-11,Electronics,Phone Case,3406.43,1.0,India,Credit Card,Website,Delivered
ORD100072,CUST1713,06-01-2024,Electronics,USB-C Cable,1835.51,2.0,India,PayPal,Website,Delivered
ORD104722,CUST1660,07/09/2024,Electronics,Phone Case,2569.84,2.0,USA,UPI,Website,Delivered
ORD100680,CUST81,2024-07-18,Electronics,Smartwatch,1847.17,1.0,India,Credit Card,Mobile App,Cancelled
ORD105326,CUST91,25/02/2024,Fashion,Denim Jacket,721.26,3.0,India,COD,Website,Returned
ORD103441,CUST1275,2024-05-07,Beauty,Makeup Brush Kit,1027.98,3.0,USA,Credit Card,Mobile App,Returned
ORD101241,CUST797,2024-03-24,Home & Kitchen,Non-stick Pan Set,3139.03,1.0,UK,Net Banking,Mobile App,Delivered
ORD101554,CUST730,2024-04-27,Books,Cookbook,577.79,1.0,UAE,,Mobile App,Delivered
ORD104865,CUST1577,2024-02-12,Sports,Yoga Mat,690.99,1.0,USA,Debit Card,Mobile App,Delivered
ORD100249,CUST1395,2024-06-04,Home & Kitchen,Air Fryer,1362.06,1.0,USA,UPI,Website,Delivered
ORD100606,CUST1203,2024-09-19,Sports,Cycling Gloves,764.23,1.0,United Kingdom,COD,Website,Delivered
ORD104051,CUST1302,2024-05-06,Toys,Board Game,718.38,1.0,UK,Debit Card,Website,Cancelled
ORD101759,CUST1784,2024-02-21,Books,Kids Picture Book,15907.0,1.0,india,Credit Card,Mobile App,Delivered
ORD100237,CUST494,2024-02-19,Fashion,Running Shoes,1364.41,1.0,India,Credit Card,Website,Delivered
ORD103141,CUST1737,2024-06-12,Fashion,Leather Wallet,1749.52,1.0,India,Credit Card,Website,Delivered
ORD102411,CUST724,2024-01-21,Sports,Cycling Gloves,2320.62,1.0,UAE,UPI,Website,Delivered
ORD103728,CUST1243,2024-02-26,Electronics,Power Bank,4632.7,2.0,India,Credit Card,Website,Delivered
ORD101701,CUST1464,03/05/2024,Home & Kitchen,Storage Containers,474.23,1.0,India,Net Banking,Website,Returned
ORD104046,CUST1701,15/01/2024,Fashion,Running Shoes,941.19,1.0,India,Credit Card,Website,Delivered
ORD101136,CUST1094,09/04/2024,Home & Kitchen,Air Fryer,2054.84,1.0,India,PayPal,Marketplace,Delivered
ORD100199,CUST1215,09-27-2024,Fashion,Leather Wallet,2921.78,1.0,india,PayPal,Mobile App,Delivered
ORD102206,CUST1199,2024-05-09,Toys,RC Car,1804.55,2.0,India,Debit Card,website,Delivered
ORD102495,CUST1134,2024-03-30,Electronics,Bluetooth Speaker,4023.8,4.0,USA,Credit Card,Mobile App,Delivered
ORD101332,,03-18-2024,Fashion,Cotton T-Shirt,513.16,1.0,india,Debit Card,MOBILE APP,Delivered
ORD101961,CUST952,09-06-2024,Books,Kids Picture Book,212.25,1.0,USA,UPI,Mobile App,Delivered
ORD104904,CUST291,2024-03-12,Electronics,Smartwatch,1222.21,1.0,India,Net Banking,Marketplace,Delivered
ORD103638,CUST741,2024-09-14,Electronics,Phone Case,1363.44,1.0,UK,Credit Card,Marketplace,Delivered
ORD105971,CUST1273,2024-03-22,Home & Kitchen,Non-stick Pan Set,2402.62,1.0,USA,Debit Card,Marketplace,Delivered
ORD102426,CUST343,22/03/2024,Home & Kitchen,LED Desk Lamp,3448.4,1.0,United Kingdom,UPI,Website,Delivered
ORD100024,CUST522,04-05-2024,Books,Kids Picture Book,130.71,1.0,Germany,UPI,Website,Delivered
ORD100612,CUST1086,2024-01-19,Books,Fiction Bestseller,128.05,1.0,Germany,UPI,Marketplace,Delivered
ORD103784,CUST252,04-07-2024,Electronics,Phone Case,2610.5,1.0,Germany,Net Banking,Mobile App,Delivered
ORD102817,CUST28,2024-01-15,Home & Kitchen,Air Fryer,1711.83,2.0,India,UPI,Mobile App,Delivered
ORD105264,CUST72,2024-03-20,Home & Kitchen,Non-stick Pan Set,410.11,1.0,India,UPI,Website,Delivered
ORD100214,CUST1778,01-21-2024,Fashion,Sunglasses,648.3,1.0,UK,Net Banking,Marketplace,Delivered
ORD103227,CUST847,05-21-2024,Sports,Dumbbell Set,1385.0,1.0,France,Credit Card,MOBILE APP,Returned
ORD102386,CUST435,07-11-2024,Home & Kitchen,LED Desk Lamp,816.05,2.0,India,UPI,Mobile App,Delivered
ORD101312,CUST347,2024-07-19,Toys,Puzzle 1000pc,383.8,2.0,France,Debit Card,Website,Delivered
ORD102752,CUST1655,2024-03-27,Beauty,Lip Balm Set,645.22,1.0,USA,Debit Card,website,Cancelled
ORD100256,CUST717,12/04/2024,Fashion,Sunglasses,888.48,2.0,UAE,Debit Card,Website,Delivered
ORD102519,CUST741,2024-07-17,Books,Kids Picture Book,391.67,1.0,USA,PayPal,Marketplace,Delivered
ORD102546,CUST1292,09-22-2024,Home & Kitchen,Air Fryer,2658.93,1.0,Germany,UPI,Mobile App,Delivered
ORD102307,CUST1715,2024-08-21,Fashion,Running Shoes,2009.62,1.0,india,UPI,Marketplace,Cancelled
ORD100454,CUST557,2024-06-15,Electronics,Wireless Earbuds,2473.0,1.0,India,Credit Card,Mobile App,Delivered
ORD105023,CUST1727,2024-01-21,Beauty,Sunscreen SPF50,660.05,1.0,Germany,UPI,Mobile App,Returned
ORD105289,CUST984,2024-03-20,Beauty,Makeup Brush Kit,594.31,1.0,Germany,Debit Card,MOBILE APP,Delivered
ORD104291,CUST856,2024-08-08,Electronics,Power Bank,4149.7,1.0,India,Debit Card,Website,Delivered
ORD103254,CUST1568,2024-06-04,Electronics,Phone Case,4992.46,2.0,India,Credit Card,website,Returned
ORD104746,,04/08/2024,Electronics,Power Bank,4024.21,2.0,France,UPI,Website,Delivered
ORD101375,CUST1518,2024-02-04,Electronics,Power Bank,4946.06,3.0,UK,Debit Card,Website,Delivered
ORD101744,CUST201,02-09-2024,Fashion,Sunglasses,637.68,1.0,India,,Marketplace,Delivered
ORD101256,CUST1166,2024-07-26,Electronics,Bluetooth Speaker,1493.8,1.0,nan,Debit Card,Website,Cancelled
ORD105369,CUST300,16/06/2024,Toys,RC Car,381.4,1.0,india,Credit Card,Marketplace,Delivered
ORD104135,CUST1657,01-12-2024,Home & Kitchen,Non-stick Pan Set,2707.83,1.0,USA,UPI,Marketplace,Delivered
ORD105027,CUST1766,2024-09-19,Beauty,Sunscreen SPF50,571.16,2.0,UK,PayPal,Mobile App,Returned
ORD102813,CUST1534,2024-02-29,Beauty,Face Serum,1245.33,2.0,India,Net Banking,Mobile App,Delivered
ORD105680,CUST827,04/06/2024,Electronics,Bluetooth Speaker,2474.43,1.0,India,UPI,Mobile App,Returned
ORD104579,CUST989,04-11-2024,Electronics,USB-C Cable,4739.53,1.0,Germany,UPI,Website,Returned
ORD101079,CUST924,2024-08-07,Electronics,Bluetooth Speaker,877.77,1.0,India,UPI,Marketplace,Delivered
ORD104839,CUST483,2024-08-22,Electronics,Bluetooth Speaker,1447.05,,USA,UPI,Marketplace,Delivered
ORD102270,CUST100,06-27-2024,Sports,Water Bottle,1749.41,1.0,India,Net Banking,MOBILE APP,Delivered
ORD103548,CUST1001,01-22-2024,Fashion,Leather Wallet,2247.97,2.0,USA,UPI,Marketplace,Cancelled
ORD103388,CUST355,09-13-2024,Sports,Cycling Gloves,2025.17,1.0,India,Debit Card,Mobile App,Delivered
ORD100209,CUST46,2024-02-23,Electronics,USB-C Cable,4895.53,1.0,India,COD,Website,Returned
ORD105213,CUST914,26/07/2024,Fashion,Cotton T-Shirt,1519.32,1.0,USA,UPI,MOBILE APP,Delivered
ORD104539,,2024-06-23,Toys,RC Car,,1.0,India,Credit Card,Website,Delivered
ORD104952,CUST209,30/06/2024,Electronics,Bluetooth Speaker,3085.9,2.0,India,Credit Card,Marketplace,Delivered
ORD102417,CUST1397,2024-03-12,Fashion,Cotton T-Shirt,1728.73,3.0,India,Debit Card,Mobile App,Delivered
ORD101244,CUST1789,2024-06-13,Beauty,Hair Dryer,1381.22,1.0,UAE,Debit Card,Website,Returned
ORD101403,CUST1756,2024-01-04,Sports,Water Bottle,2458.95,1.0,USA,PayPal,Website,Delivered
ORD104723,CUST238,2024-03-24,Home & Kitchen,Non-stick Pan Set,3121.15,1.0,India,UPI,Website,Delivered
ORD102350,CUST959,2024-05-16,Home & Kitchen,LED Desk Lamp,2657.42,2.0,India,credit card,Mobile App,Delivered
ORD101174,CUST1777,2024-07-11,Beauty,Makeup Brush Kit,1038.8,2.0,USA,UPI,Website,Delivered
ORD105917,CUST609,2024-02-26,Beauty,Face Serum,474.31,1.0,UK,COD,Marketplace,Delivered
ORD101354,CUST1316,2024-04-14,Electronics,Power Bank,814.49,1.0,india,COD,Website,Delivered
ORD105291,CUST100,2024-01-25,Home & Kitchen,Storage Containers,860.57,1.0,India,Debit Card,Website,Delivered
ORD100441,CUST1695,2024-03-15,Toys,RC Car,1728.33,5.0,UK,UPI,Mobile App,Cancelled
ORD104651,CUST1061,01-29-2024,Fashion,Denim Jacket,1848.07,1.0,UK,COD,Website,Delivered
ORD105872,CUST70,2024-09-07,Electronics,Power Bank,2817.29,2.0,India,Credit Card,Website,Delivered
ORD103108,CUST1571,2024-08-19,Books,Self-Help Guide,471.86,4.0,India,Net Banking,Mobile App,Returned
ORD104953,CUST1402,04-17-2024,Fashion,Cotton T-Shirt,1567.02,1.0,United Kingdom,COD,Mobile App,Delivered
ORD105501,CUST592,2024-01-25,Electronics,Phone Case,1464.67,1.0,India,UPI,Website,Delivered
ORD104627,CUST1510,2024-08-02,Sports,Cycling Gloves,375.75,1.0,UK,COD,Website,Delivered
ORD105048,CUST111,14/04/2024,Electronics,Bluetooth Speaker,3050.1,2.0,India,PayPal,Marketplace,Delivered
ORD103978,CUST1217,2024-08-27,Fashion,Running Shoes,1803.64,2.0,France,Credit Card,Website,Delivered
ORD104485,CUST515,11/08/2024,Fashion,Denim Jacket,2698.81,3.0,India,credit card,Website,Delivered
ORD100476,CUST1324,05-27-2024,Books,Fiction Bestseller,10104.0,2.0,USA,UPI,Marketplace,Cancelled
ORD105283,CUST336,2024-05-26,Fashion,Sunglasses,1431.63,1.0,UK,UPI,Website,Returned
ORD104355,CUST399,2024-01-02,Toys,Board Game,,1.0,india,UPI,Marketplace,Delivered
ORD104523,CUST934,2024-01-21,Fashion,Cotton T-Shirt,2946.8,1.0,India,Credit Card,Marketplace,Delivered
ORD100020,CUST854,06-28-2024,Home & Kitchen,Blender,2035.46,1.0,India,Debit Card,Mobile App,Delivered
ORD100157,CUST1683,04-18-2024,Fashion,Sunglasses,1303.81,1.0,USA,Debit Card,Marketplace,Cancelled
ORD101810,CUST595,13/04/2024,Fashion,Sunglasses,467.14,1.0,France,COD,Mobile App,delivered
ORD104563,CUST932,2024-08-03,Sports,Dumbbell Set,600.22,4.0,india,Net Banking,Website,Delivered
ORD102964,CUST245,2024-02-05,Fashion,Running Shoes,1820.22,1.0,UAE,UPI,Website,Delivered
ORD100571,CUST680,2024-01-11,Electronics,Power Bank,506.11,1.0,India,credit card,Mobile App,Delivered
ORD101213,CUST1173,2024-04-05,Electronics,Phone Case,3619.87,1.0,France,Credit Card,website,Delivered
ORD101987,CUST1177,2024-04-20,Books,Kids Picture Book,716.2,2.0,india,credit card,Mobile App,Delivered
ORD105978,CUST856,03-05-2024,Beauty,Sunscreen SPF50,1040.7,2.0,India,Debit Card,Mobile App,Delivered
ORD105249,CUST1088,2024-06-01,Toys,Board Game,1196.17,3.0,india,PayPal,Website,Cancelled
ORD104867,CUST1061,2024-02-26,Fashion,Cotton T-Shirt,877.85,1.0,France,Debit Card,Marketplace,Delivered
ORD103721,CUST775,01-04-2024,Beauty,Face Serum,1149.1,1.0,United States,COD,Website,Delivered
ORD105755,,06-23-2024,Electronics,Phone Case,2619.0,2.0,UK,Credit Card,website,Delivered
ORD102612,CUST175,18/02/2024,Electronics,Bluetooth Speaker,1921.23,1.0,India,Debit Card,Website,Delivered
ORD102942,CUST45,2024-09-27,Home & Kitchen,Storage Containers,2003.37,1.0,India,UPI,Marketplace,Returned
ORD103527,CUST975,2024-02-04,Sports,Cycling Gloves,2188.03,1.0,United Kingdom,Debit Card,Mobile App,Delivered
ORD100553,CUST1639,01-28-2024,Electronics,Smartwatch,985.76,1.0,Germany,UPI,Website,Delivered
ORD100158,CUST727,2024-05-06,Electronics,Phone Case,3588.65,1.0,United States,Credit Card,Mobile App,Delivered
ORD100169,,04-25-2024,Fashion,Leather Wallet,2457.45,5.0,India,UPI,Website,Delivered
ORD104319,CUST322,2024-04-18,Sports,Water Bottle,385.16,1.0,India,Debit Card,Marketplace,Cancelled
ORD101818,CUST457,2024-09-21,Home & Kitchen,LED Desk Lamp,1868.5,1.0,United Kingdom,COD,MOBILE APP,Delivered
ORD104856,CUST615,2024-06-03,Electronics,Wireless Earbuds,4934.75,1.0,INDIA,UPI,Website,Delivered
ORD105304,CUST590,2024-03-30,Home & Kitchen,LED Desk Lamp,2238.29,3.0,India,credit card,Website,Delivered
ORD104805,,2024-07-10,Fashion,Leather Wallet,2909.96,1.0,UK,PayPal,Mobile App,Delivered
ORD103600,CUST479,2024-07-31,Books,Kids Picture Book,501.49,1.0,india,COD,Mobile App,Delivered
ORD102373,CUST1277,2024-01-14,Electronics,Bluetooth Speaker,569.25,1.0,UK,COD,Website,Delivered
ORD103506,CUST716,06/02/2024,Toys,Building Blocks Set,654.94,1.0,USA,COD,Website,Delivered
ORD102975,CUST1771,2024-05-28,Beauty,Makeup Brush Kit,1417.9,2.0,USA,UPI,MOBILE APP,Returned
ORD101885,CUST1602,06-03-2024,Electronics,Phone Case,3258.83,2.0,Germany,Net Banking,Website,Delivered
ORD102004,CUST1532,2024-03-29,Books,Self-Help Guide,775.54,2.0,India,UPI,Website,Delivered
ORD103297,CUST597,2024-04-10,Beauty,Sunscreen SPF50,1253.61,1.0,USA,UPI,Website,Delivered
ORD103497,CUST1106,03-30-2024,Fashion,Cotton T-Shirt,1001.67,2.0,UK,UPI,Website,Delivered
ORD103095,CUST800,2024-06-05,Fashion,Cotton T-Shirt,2270.31,1.0,India,Debit Card,Website,Returned
ORD104289,CUST723,2024-05-17,Beauty,Lip Balm Set,363.46,1.0,india,Debit Card,MOBILE APP,Delivered
ORD101080,CUST752,04-17-2024,Sports,Dumbbell Set,1542.7,1.0,UK,COD,Mobile App,Returned
ORD101588,CUST1151,2024-09-22,Toys,Puzzle 1000pc,1384.81,1.0,Germany,PayPal,Marketplace,Delivered
ORD101703,CUST1632,15/08/2024,Fashion,Leather Wallet,2958.85,1.0,India,Debit Card,Website,Cancelled
ORD102497,CUST218,04-25-2024,Home & Kitchen,Air Fryer,322.48,1.0,india,Debit Card,Website,Delivered
ORD100723,CUST1001,04-07-2024,Books,Cookbook,199.14,1.0,india,Credit Card,Marketplace,Delivered
ORD105887,CUST984,2024-04-11,Sports,Resistance Bands,2149.03,1.0,India,Debit Card,MOBILE APP,Returned
ORD101128,CUST594,06-10-2024,Books,Cookbook,457.9,1.0,India,Credit Card,Mobile App,Cancelled
ORD104223,CUST258,2024-04-07,Toys,Board Game,1065.49,1.0,USA,UPI,Website,Delivered
ORD101662,CUST1048,2024-06-22,Beauty,Face Serum,432.95,1.0,India,PayPal,Mobile App,Delivered
ORD101604,CUST129,2024-09-25,Electronics,Smartwatch,2573.96,2.0,india,PayPal,Mobile App,Delivered
ORD101781,CUST1050,2024-06-11,Electronics,USB-C Cable,4805.95,1.0,USA,credit card,Marketplace,Cancelled
ORD101042,CUST923,09-14-2024,Home & Kitchen,Air Fryer,1993.35,1.0,Germany,Credit Card,website,Delivered
ORD103958,CUST536,06/04/2024,Electronics,USB-C Cable,2505.0,1.0,India,Credit Card,Mobile App,Delivered
ORD101081,CUST1201,2024-02-16,Sports,Cycling Gloves,1910.63,1.0,USA,COD,website,Delivered
ORD100973,CUST1349,2024-04-21,Beauty,Hair Dryer,1332.18,4.0,USA,PayPal,Website,Delivered
ORD104514,CUST880,2024-09-23,Sports,Yoga Mat,345.19,1.0,India,Net Banking,Mobile App,Returned
ORD100686,CUST260,2024-05-15,Beauty,Hair Dryer,1065.18,1.0,France,Debit Card,Mobile App,Delivered
ORD103462,CUST1217,02/01/2024,Sports,Resistance Bands,2313.25,2.0,Germany,UPI,Website,Delivered
ORD105285,CUST312,2024-01-29,Home & Kitchen,Non-stick Pan Set,1977.72,1.0,USA,Credit Card,Marketplace,Delivered
ORD102081,CUST773,2024-05-25,Electronics,Bluetooth Speaker,926.51,1.0,India,Net Banking,Mobile App,Returned
ORD103633,CUST1102,01-10-2024,Sports,Yoga Mat,1735.23,2.0,USA,COD,Website,Delivered
ORD100844,CUST1464,2024-07-29,Beauty,Lip Balm Set,548.51,1.0,India,Net Banking,Mobile App,Delivered
ORD100395,CUST698,05-25-2024,Toys,Board Game,968.15,1.0,India,Credit Card,Website,Returned
ORD105933,CUST1295,2024-05-10,Electronics,Wireless Earbuds,3419.45,1.0,India,PayPal,Mobile App,Returned
ORD102173,CUST1234,21/04/2024,Beauty,Hair Dryer,554.68,1.0,India,,Website,Delivered
ORD105548,CUST1682,01-15-2024,Electronics,Smartwatch,4343.19,1.0,India,COD,Mobile App,delivered
ORD102121,CUST93,01-01-2024,Fashion,Running Shoes,2446.72,1.0,India,UPI,website,Delivered
ORD100906,CUST514,07-12-2024,Electronics,Bluetooth Speaker,4355.94,2.0,Germany,PayPal,Website,Delivered
ORD102482,CUST1363,2024-06-06,Fashion,Denim Jacket,2545.16,1.0,UK,Credit Card,Mobile App,Delivered
ORD101835,CUST972,2024-07-07,Fashion,Leather Wallet,2573.0,2.0,India,UPI,Mobile App,Delivered
ORD104878,CUST1734,06-11-2024,Home & Kitchen,Blender,3494.59,1.0,India,Net Banking,Mobile App,Delivered
ORD103859,CUST1182,2024-08-12,Fashion,Sunglasses,1458.78,2.0,United Kingdom,Debit Card,website,Delivered
ORD102450,CUST1761,2024-01-23,Fashion,Leather Wallet,744.47,1.0,France,UPI,Mobile App,Delivered
ORD101330,CUST1286,2024-06-17,Home & Kitchen,Air Fryer,1838.77,1.0,India,UPI,Marketplace,Delivered
ORD103191,CUST1400,16/05/2024,Sports,Cycling Gloves,521.27,2.0,India,Debit Card,Mobile App,Delivered
ORD104263,CUST671,22/07/2024,Electronics,USB-C Cable,,1.0,India,Debit Card,Mobile App,Returned
ORD104994,CUST989,07-28-2024,Fashion,Leather Wallet,591.85,1.0,India,,Mobile App,Delivered
ORD102795,CUST386,2024-09-19,Home & Kitchen,Blender,3029.8,5.0,USA,UPI,Mobile App,Delivered
ORD102269,CUST1016,2024-02-14,Fashion,Sunglasses,2203.94,1.0,Germany,UPI,Website,Returned
ORD102709,CUST1395,07/03/2024,Books,Cookbook,365.45,2.0,India,Debit Card,Website,Delivered
ORD104962,CUST465,2024-04-30,Home & Kitchen,Non-stick Pan Set,674.4,1.0,India,,Mobile App,Delivered
ORD103392,CUST1551,2024-02-06,Beauty,Face Serum,633.95,1.0,USA,Credit Card,Mobile App,Cancelled
ORD103875,CUST1359,06-02-2024,Beauty,Lip Balm Set,959.51,2.0,India,UPI,Mobile App,Delivered
ORD102667,CUST1473,03-16-2024,Fashion,Leather Wallet,2064.14,1.0,India,UPI,Marketplace,Cancelled
ORD104114,CUST1476,2024-01-05,Toys,RC Car,899.32,1.0,United States,credit card,Marketplace,Delivered
ORD102238,CUST1493,06-11-2024,Toys,RC Car,1084.27,1.0,USA,,Marketplace,Returned
ORD103623,CUST428,31/05/2024,Beauty,Makeup Brush Kit,403.49,1.0,India,Credit Card,Mobile App,Delivered
ORD101149,CUST10,2024-06-04,Electronics,Phone Case,4792.62,1.0,India,Credit Card,Website,Delivered
ORD105856,CUST258,02-28-2024,Electronics,Smartwatch,2316.05,2.0,UK,UPI,website,Delivered
ORD103157,CUST1742,2024-04-01,Fashion,Running Shoes,1019.03,1.0,UK,UPI,Mobile App,Delivered
ORD102825,,2024-04-10,Sports,Water Bottle,2367.05,,Germany,Credit Card,Website,Delivered
ORD103782,CUST1257,2024-09-24,Books,Kids Picture Book,481.67,1.0,UAE,Debit Card,Marketplace,Delivered
ORD102405,CUST767,2024-09-08,Home & Kitchen,Air Fryer,855.38,1.0,USA,UPI,Mobile App,Delivered
ORD102570,CUST695,11/04/2024,Fashion,Leather Wallet,490.91,1.0,France,Credit Card,Mobile App,Delivered
ORD101851,CUST1168,2024-09-03,Sports,Cycling Gloves,1864.95,2.0,Germany,,Mobile App,Delivered
ORD103470,CUST334,2024-06-09,Fashion,Running Shoes,2041.65,5.0,India,PayPal,Mobile App,Cancelled
ORD101736,CUST1351,06/08/2024,Toys,Board Game,1026.67,2.0,United States,Credit Card,Website,Delivered
ORD102775,CUST1622,2024-02-28,Beauty,Face Serum,1379.43,1.0,India,COD,Website,Delivered
ORD102917,CUST721,02-02-2024,Electronics,Wireless Earbuds,1224.44,1.0,UAE,PayPal,Marketplace,Delivered
ORD105554,CUST25,2024-08-30,Sports,Yoga Mat,2425.52,1.0,nan,COD,Website,Cancelled
ORD104863,CUST1541,08/03/2024,Fashion,Running Shoes,615.14,5.0,nan,UPI,Mobile App,Delivered
ORD104246,CUST984,06-12-2024,Home & Kitchen,Storage Containers,1252.89,1.0,United States,PayPal,Mobile App,Delivered
ORD102970,CUST1724,28/01/2024,Sports,Yoga Mat,2422.96,5.0,India,COD,Mobile App,Delivered
ORD101950,CUST792,2024-08-18,Home & Kitchen,Non-stick Pan Set,1292.87,1.0,India,Debit Card,Website,Delivered
ORD100875,CUST1683,2024-03-02,Fashion,Sunglasses,2637.49,1.0,india,Debit Card,Mobile App,Delivered
ORD102031,CUST1403,09-04-2024,Home & Kitchen,Air Fryer,3040.35,1.0,India,UPI,Website,Delivered
ORD101702,CUST542,08-09-2024,Fashion,Sunglasses,2554.83,2.0,India,Debit Card,website,Returned
ORD100027,CUST457,2024-04-05,Fashion,Cotton T-Shirt,2972.41,1.0,India,PayPal,Marketplace,Delivered
ORD102602,CUST1669,2024-01-04,Fashion,Leather Wallet,284.04,1.0,USA,UPI,website,Delivered
ORD100862,CUST1596,01-06-2024,Fashion,Sunglasses,,2.0,USA,Net Banking,Mobile App,Delivered
ORD103112,CUST924,2024-07-07,Sports,Dumbbell Set,220.97,1.0,UAE,Credit Card,Mobile App,Delivered
ORD105952,CUST1026,2024-06-18,Sports,Dumbbell Set,2228.52,1.0,india,Credit Card,Mobile App,Delivered
ORD102337,CUST1796,25/05/2024,Fashion,Leather Wallet,2129.79,2.0,USA,UPI,Marketplace,Delivered
ORD102103,CUST1664,2024-04-25,Fashion,Sunglasses,1907.19,1.0,UAE,,Website,Returned
ORD100326,CUST1704,2024-07-05,Electronics,Phone Case,3961.49,3.0,France,Credit Card,Website,Delivered
ORD101234,CUST722,2024-04-16,Fashion,Denim Jacket,666.47,1.0,India,UPI,Marketplace,Returned
ORD100202,CUST525,2024-03-29,Books,Self-Help Guide,485.89,1.0,India,Debit Card,Website,Returned
ORD101310,CUST106,09-19-2024,Books,Self-Help Guide,694.25,1.0,UAE,Credit Card,Mobile App,Delivered
ORD101432,CUST955,2024-05-27,Sports,Water Bottle,331.31,1.0,USA,COD,Mobile App,Delivered
ORD104103,CUST1786,05-15-2024,Electronics,USB-C Cable,1381.37,1.0,India,UPI,Website,Delivered
ORD100889,CUST1096,16/04/2024,Beauty,Sunscreen SPF50,504.35,2.0,India,PayPal,Website,Delivered
ORD105997,CUST611,2024-04-24,Fashion,Leather Wallet,1222.39,1.0,India,Credit Card,Website,Delivered
ORD101593,CUST632,07-08-2024,Home & Kitchen,Non-stick Pan Set,2532.02,1.0,Germany,credit card,Website,Delivered
ORD100316,CUST415,2024-07-24,Electronics,Phone Case,3763.17,1.0,India,Credit Card,Website,Returned
ORD100883,CUST1057,2024-03-16,Fashion,Cotton T-Shirt,1994.13,2.0,United States,Credit Card,Mobile App,delivered
ORD100283,CUST1097,05-20-2024,Sports,Resistance Bands,1348.91,1.0,UK,Net Banking,Website,Delivered
ORD103530,,2024-02-28,Electronics,Power Bank,4830.7,1.0,India,Credit Card,Website,Returned
ORD103912,CUST806,2024-06-16,Home & Kitchen,Air Fryer,2150.72,3.0,UK,credit card,Mobile App,Delivered 
ORD105560,CUST179,2024-01-28,Beauty,Hair Dryer,861.41,1.0,UAE,Credit Card,Mobile App,Delivered
ORD103553,CUST1202,2024-06-08,Beauty,Lip Balm Set,722.04,2.0,USA,Debit Card,Website,Delivered
ORD103934,CUST1428,2024-06-07,Home & Kitchen,Air Fryer,438.65,1.0,India,Credit Card,Marketplace,Delivered
ORD103159,CUST1619,2024-09-25,Electronics,Power Bank,2349.79,1.0,india,COD,Website,Delivered
ORD104108,CUST246,2024-02-07,Home & Kitchen,Air Fryer,1500.25,1.0,India,Credit Card,MOBILE APP,Delivered
ORD105721,CUST1169,2024-05-09,Electronics,Bluetooth Speaker,3905.23,1.0,USA,UPI,Marketplace,Cancelled
ORD101297,CUST1778,2024-02-27,Beauty,Lip Balm Set,846.64,1.0,France,COD,MOBILE APP,Delivered
ORD100260,CUST903,2024-04-09,Fashion,Cotton T-Shirt,2365.0,2.0,UK,PayPal,Website,Delivered
ORD103914,CUST1094,2024-01-25,Electronics,USB-C Cable,2988.23,1.0,United Kingdom,COD,Marketplace,Delivered
ORD101906,CUST1579,2024-05-07,Home & Kitchen,Blender,1506.78,1.0,France,Credit Card,website,Delivered
ORD103305,CUST131,09-03-2024,Electronics,Phone Case,4802.25,1.0,USA,UPI,Mobile App,Delivered
ORD104949,CUST610,2024-02-05,Electronics,Smartwatch,1363.36,2.0,USA,COD,Website,Returned
ORD105988,CUST263,08-24-2024,Sports,Water Bottle,1549.43,1.0,India,,Mobile App,Returned
ORD105506,CUST1004,02-16-2024,Electronics,Bluetooth Speaker,3451.02,1.0,India,Debit Card,Website,Delivered 
ORD105102,CUST1732,2024-05-08,Fashion,Cotton T-Shirt,1582.04,2.0,United Kingdom,credit card,Website,Delivered
ORD104845,CUST471,06-15-2024,Home & Kitchen,Blender,2765.65,5.0,UAE,Credit Card,website,Delivered
ORD102828,CUST876,2024-07-04,Books,Kids Picture Book,48204.0,2.0,India,UPI,Mobile App,Delivered
ORD105066,CUST447,2024-08-18,Books,Kids Picture Book,717.36,1.0,France,Debit Card,Mobile App,Delivered
ORD104099,CUST315,08-29-2024,Fashion,Sunglasses,1895.22,2.0,USA,Credit Card,Mobile App,Delivered
ORD101706,CUST1780,01-31-2024,Home & Kitchen,Blender,1700.5,1.0,USA,COD,website,Delivered
ORD102716,CUST1742,2024-01-25,Home & Kitchen,Storage Containers,1394.35,1.0,UK,Credit Card,Marketplace,Delivered
ORD102800,CUST58,03-06-2024,Sports,Resistance Bands,2092.59,1.0,Germany,Credit Card,Mobile App,Delivered
ORD104309,CUST609,25/04/2024,Fashion,Running Shoes,467.86,2.0,nan,COD,Mobile App,Delivered
ORD104180,CUST1734,05-16-2024,Electronics,Phone Case,2480.38,2.0,India,Credit Card,Marketplace,Delivered
ORD101616,CUST1285,03-08-2024,Sports,Resistance Bands,2494.44,1.0,India,Net Banking,Mobile App,Delivered
ORD101948,CUST987,2024-06-17,Books,Self-Help Guide,345.12,2.0,India,UPI,Mobile App,Delivered
ORD100635,CUST104,2024-07-28,Toys,Board Game,1111.8,2.0,India,Credit Card,Website,delivered
ORD102606,CUST1565,2024-08-13,Sports,Resistance Bands,2170.36,1.0,USA,Debit Card,Mobile App,Cancelled
ORD100726,CUST216,03-11-2024,Fashion,Leather Wallet,2246.79,5.0,India,COD,Marketplace,Delivered
ORD101113,CUST116,2024-09-10,Electronics,Smartwatch,693.49,1.0,India,COD,Marketplace,Delivered
ORD100194,CUST327,08-29-2024,Toys,Building Blocks Set,983.03,1.0,India,UPI,Website,Delivered
ORD105159,CUST276,2024-07-05,Electronics,Wireless Earbuds,3855.44,1.0,UK,PayPal,Marketplace,Delivered
ORD100089,CUST410,2024-01-12,Fashion,Denim Jacket,658.2,2.0,India,Credit Card,Marketplace,Delivered
ORD102600,CUST1218,02-15-2024,Beauty,Hair Dryer,1273.54,1.0,USA,COD,Website,Delivered
ORD102651,CUST1658,2024-07-11,Fashion,Sunglasses,1643.72,1.0,India,COD,MOBILE APP,Delivered
ORD104196,CUST329,05/03/2024,Books,Kids Picture Book,427.25,2.0,UK,Credit Card,Website,Returned
ORD100694,CUST1336,2024-01-16,Toys,RC Car,1777.42,2.0,United States,PayPal,Marketplace,Delivered
ORD103755,CUST149,2024-07-24,Fashion,Cotton T-Shirt,223.76,2.0,Germany,Debit Card,Mobile App,Delivered
ORD105847,CUST446,02-25-2024,Beauty,Lip Balm Set,1391.2,1.0,India,UPI,Website,Delivered
ORD100392,CUST1486,09/03/2024,Beauty,Hair Dryer,1385.35,2.0,UAE,PayPal,Website,Delivered
ORD104069,CUST964,22/06/2024,Sports,Yoga Mat,610.91,1.0,Germany,Debit Card,Marketplace,Delivered
ORD101661,CUST1428,2024-01-04,Sports,Yoga Mat,1128.47,1.0,USA,Debit Card,Marketplace,Delivered
ORD103172,CUST1542,2024-06-10,Beauty,Sunscreen SPF50,669.71,2.0,USA,UPI,Mobile App,Cancelled
ORD103767,CUST45,05-22-2024,Beauty,Hair Dryer,1405.28,1.0,India,Credit Card,Mobile App,Returned
ORD103004,CUST699,2024-09-17,Electronics,Smartwatch,2281.72,5.0,india,UPI,Mobile App,Returned
ORD100305,CUST834,2024-08-28,Books,Cookbook,500.7,1.0,India,Credit Card,Website,Delivered
ORD105564,CUST107,2024-06-17,Fashion,Cotton T-Shirt,1850.13,1.0,India,Credit Card,Marketplace,Delivered
ORD104941,CUST887,2024-04-04,Books,Cookbook,333.86,1.0,India,UPI,Mobile App,Returned
ORD100413,,2024-08-19,Sports,Resistance Bands,2282.6,1.0,India,Credit Card,Website,Delivered
ORD102000,CUST1393,2024-02-22,Electronics,Phone Case,2781.66,1.0,Germany,UPI,Website,Delivered
ORD100401,CUST1599,01-24-2024,Fashion,Leather Wallet,419.15,,India,Net Banking,Mobile App,Delivered
ORD100802,CUST530,2024-06-24,Home & Kitchen,Blender,2198.69,2.0,India,UPI,Website,Delivered 
ORD101438,,13/07/2024,Toys,Board Game,792.43,1.0,India,COD,Marketplace,Delivered
ORD101119,CUST1273,2024-03-27,Home & Kitchen,Storage Containers,2383.72,5.0,USA,Credit Card,Website,Delivered
ORD104782,CUST1744,2024-02-04,Electronics,USB-C Cable,434955.0,1.0,India,UPI,Mobile App,Returned
ORD105258,CUST1626,31/08/2024,Toys,RC Car,300.63,1.0,UAE,Debit Card,Mobile App,Cancelled
ORD105021,CUST448,07-13-2024,Home & Kitchen,Non-stick Pan Set,566.49,1.0,india,COD,Mobile App,Delivered
ORD105614,CUST1032,2024-01-20,Fashion,Denim Jacket,2841.34,1.0,India,credit card,Mobile App,Delivered
ORD104407,CUST271,02-13-2024,Fashion,Sunglasses,2524.91,1.0,India,PayPal,Website,Returned
ORD100313,CUST686,2024-03-15,Beauty,Sunscreen SPF50,477.82,1.0,Germany,Credit Card,MOBILE APP,Delivered
ORD103240,CUST1788,08/04/2024,Home & Kitchen,Storage Containers,1370.85,2.0,nan,Credit Card,Mobile App,Delivered
ORD101034,CUST98,01-10-2024,Home & Kitchen,Air Fryer,1601.67,1.0,India,UPI,Mobile App,Delivered
ORD101739,CUST601,2024-08-02,Sports,Resistance Bands,2316.16,2.0,India,Debit Card,Mobile App,Delivered
ORD100481,CUST1077,02-27-2024,Books,Cookbook,528.38,1.0,United States,UPI,MOBILE APP,Delivered
ORD103136,CUST1656,2024-06-27,Beauty,Lip Balm Set,1197.87,2.0,USA,Net Banking,Mobile App,Delivered
ORD101066,CUST1587,08-01-2024,Toys,Puzzle 1000pc,436.27,1.0,France,Debit Card,Mobile App,Delivered
ORD101779,CUST1533,04/04/2024,Sports,Dumbbell Set,1001.7,1.0,UK,COD,Mobile App,Delivered
ORD103625,CUST850,2024-04-29,Fashion,Leather Wallet,225.07,1.0,nan,Debit Card,Mobile App,Delivered
ORD105227,CUST47,2024-08-17,Electronics,Bluetooth Speaker,3955.8,1.0,India,Debit Card,Mobile App,Returned
ORD105469,CUST471,2024-01-11,Fashion,Denim Jacket,1382.42,3.0,India,UPI,website,Delivered
ORD104741,CUST1019,17/02/2024,Toys,Board Game,1625.87,1.0,USA,Credit Card,Marketplace,Delivered
ORD100255,CUST573,2024-08-24,Sports,Dumbbell Set,1525.77,1.0,USA,credit card,Marketplace,Returned
ORD103302,CUST1220,06-08-2024,Beauty,Lip Balm Set,662.75,2.0,Germany,Credit Card,Website,Delivered
ORD101307,CUST518,2024-08-31,Electronics,Wireless Earbuds,3359.43,2.0,Germany,PayPal,Marketplace,Delivered
ORD102576,CUST1496,2024-03-28,Home & Kitchen,Air Fryer,1061.71,3.0,INDIA,Net Banking,Mobile App,Returned
ORD100144,CUST1548,25/09/2024,Sports,Yoga Mat,1159.85,2.0,India,,MOBILE APP,Delivered
ORD104511,CUST219,09-05-2024,Electronics,Bluetooth Speaker,4979.65,3.0,USA,PayPal,Mobile App,Delivered
ORD104928,CUST1648,05-06-2024,Home & Kitchen,Storage Containers,2353.08,1.0,United Kingdom,Debit Card,Mobile App,Delivered
ORD104934,CUST197,09/04/2024,Fashion,Cotton T-Shirt,236.61,1.0,India,COD,Mobile App,Delivered
ORD104855,CUST1278,2024-06-26,Electronics,USB-C Cable,1008.7,1.0,USA,Credit Card,website,Delivered
ORD103879,CUST481,2024-09-25,Fashion,Denim Jacket,2113.53,2.0,UK,UPI,Marketplace,Delivered 
ORD101605,CUST7,2024-03-23,Books,Cookbook,480.38,1.0,Germany,COD,website,Delivered
ORD104573,CUST699,2024-06-30,Home & Kitchen,Non-stick Pan Set,1116.49,2.0,United Kingdom,PayPal,Website,Delivered
ORD100535,CUST381,2024-02-24,Books,Kids Picture Book,279.39,1.0,UK,UPI,Website,Delivered
ORD105219,CUST1291,2024-06-18,Fashion,Running Shoes,1950.4,1.0,India,Credit Card,MOBILE APP,Delivered
ORD101019,CUST291,02-24-2024,Beauty,Sunscreen SPF50,750.3,1.0,USA,UPI,Website,Delivered
ORD103769,CUST1590,26/07/2024,Home & Kitchen,Air Fryer,3292.26,2.0,Germany,UPI,website,Delivered
ORD103194,CUST394,2024-01-04,Beauty,Lip Balm Set,683.89,4.0,India,UPI,Website,Returned
ORD104653,CUST990,11/02/2024,Home & Kitchen,LED Desk Lamp,1807.78,1.0,United Kingdom,credit card,Marketplace,Cancelled
ORD104265,CUST1628,2024-01-21,Sports,Dumbbell Set,814.03,1.0,USA,Debit Card,MOBILE APP,Delivered
ORD105125,CUST1623,05-27-2024,Beauty,Face Serum,1097.68,2.0,India,COD,Mobile App,Delivered
ORD101252,CUST281,2024-07-26,Electronics,Wireless Earbuds,2827.59,1.0,UK,Credit Card,MOBILE APP,Delivered
ORD100121,CUST759,21/06/2024,Beauty,Lip Balm Set,756.67,3.0,India,Net Banking,Mobile App,Delivered
ORD105029,CUST213,04-11-2024,Books,Self-Help Guide,169.19,1.0,India,UPI,Website,Returned
ORD104566,CUST892,2024-07-25,Sports,Cycling Gloves,,1.0,UAE,Credit Card,Marketplace,Delivered
ORD105216,CUST678,2024-03-27,Electronics,Smartwatch,2978.82,1.0,India,Credit Card,Website,Delivered
ORD104266,CUST1642,02-15-2024,Fashion,Running Shoes,2652.12,1.0,India,COD,Website,Delivered
ORD105336,CUST1024,2024-04-08,Electronics,Power Bank,4715.67,2.0,France,Net Banking,Marketplace,Delivered
ORD104433,CUST1403,05-30-2024,Toys,Board Game,1303.38,1.0,Germany,PayPal,Website,Delivered 
ORD104077,CUST298,2024-02-10,Electronics,Phone Case,640.02,5.0,India,credit card,Mobile App,Delivered
ORD102888,CUST1055,01-20-2024,Fashion,Leather Wallet,774.49,1.0,India,UPI,Mobile App,Delivered 
ORD103204,CUST1705,15/05/2024,Beauty,Hair Dryer,150.73,1.0,India,credit card,Mobile App,Delivered
ORD105797,CUST1631,2024-01-25,Electronics,USB-C Cable,2062.59,1.0,India,Debit Card,Mobile App,Delivered
ORD102963,CUST488,18/09/2024,Home & Kitchen,Blender,1863.21,2.0,USA,Debit Card,Mobile App,Delivered
ORD101315,CUST543,27/02/2024,Electronics,Wireless Earbuds,2075.43,2.0,USA,Net Banking,Marketplace,Delivered
ORD105791,CUST639,03-23-2024,Home & Kitchen,Blender,2431.92,1.0,India,Debit Card,Mobile App,Cancelled
ORD103605,CUST34,02-13-2024,Fashion,Denim Jacket,1411.92,1.0,India,UPI,MOBILE APP,Delivered
ORD104691,CUST941,2024-04-28,Home & Kitchen,Air Fryer,535.72,2.0,India,Net Banking,Marketplace,Delivered
ORD105107,CUST1605,2024-08-09,Electronics,Wireless Earbuds,2135.02,1.0,India,UPI,website,Delivered
ORD105662,CUST1397,09-05-2024,Fashion,Leather Wallet,2139.27,4.0,India,UPI,Website,Returned
ORD102072,CUST636,2024-06-10,Sports,Cycling Gloves,736.59,2.0,USA,COD,Website,Delivered
ORD103853,CUST1654,2024-01-23,Electronics,Smartwatch,852.92,2.0,USA,Net Banking,Website,Delivered
ORD104062,CUST601,02-26-2024,Home & Kitchen,LED Desk Lamp,3432.5,4.0,India,UPI,Website,Delivered 
ORD102628,CUST996,06-18-2024,Home & Kitchen,Storage Containers,513.5,1.0,India,UPI,Website,Cancelled
ORD100301,CUST439,2024-09-09,Home & Kitchen,Storage Containers,2149.75,2.0,India,PayPal,Marketplace,Delivered
ORD101915,CUST1204,02-18-2024,Home & Kitchen,Blender,3156.73,3.0,Germany,COD,Website,Cancelled
ORD103123,CUST881,2024-07-25,Sports,Cycling Gloves,342.15,1.0,India,UPI,Marketplace,delivered
ORD103423,CUST1663,2024-01-26,Books,Cookbook,732.04,2.0,UK,UPI,Website,Delivered
ORD105729,CUST1028,2024-07-02,Fashion,Cotton T-Shirt,2294.27,3.0,India,UPI,Website,Delivered
ORD104777,CUST456,2024-09-07,Beauty,Makeup Brush Kit,1414.08,1.0,India,Credit Card,Marketplace,Delivered
ORD103781,CUST88,04-21-2024,Electronics,Phone Case,1720.72,1.0,India,Debit Card,Mobile App,Delivered
ORD102344,CUST866,09-16-2024,Home & Kitchen,LED Desk Lamp,1797.47,2.0,India,UPI,Marketplace,Cancelled
ORD103092,CUST1070,2024-05-21,Sports,Cycling Gloves,1429.89,1.0,United States,Debit Card,website,Delivered
ORD103843,CUST161,02-05-2024,Fashion,Sunglasses,1686.86,1.0,nan,Credit Card,Website,Delivered
ORD103621,CUST826,2024-06-22,Beauty,Hair Dryer,462.06,2.0,india,Net Banking,Mobile App,Delivered
ORD105104,CUST1327,2024-01-14,Beauty,Sunscreen SPF50,200.09,1.0,India,Credit Card,Mobile App,Cancelled
ORD102214,CUST103,2024-01-27,Electronics,Power Bank,1641.78,1.0,India,UPI,Website,Delivered
ORD104738,CUST793,22/01/2024,Toys,RC Car,600.26,1.0,India,Debit Card,Mobile App,Delivered
ORD101022,CUST919,2024-02-01,Beauty,Sunscreen SPF50,689.2,1.0,UAE,COD,Marketplace,Delivered
ORD103085,CUST296,30/05/2024,Electronics,Phone Case,3130.98,2.0,India,Debit Card,Website,Delivered
ORD100509,CUST643,13/08/2024,Home & Kitchen,Blender,1917.59,2.0,USA,UPI,Mobile App,Delivered
ORD102306,CUST1192,2024-06-09,Home & Kitchen,LED Desk Lamp,,3.0,UK,UPI,Website,Delivered
ORD103717,CUST781,2024-09-29,Home & Kitchen,Blender,1211.36,2.0,India,Debit Card,Website,Delivered
ORD105125,CUST1623,05-27-2024,Beauty,Face Serum,1097.68,2.0,India,COD,Mobile App,Delivered
ORD104481,CUST1660,2024-05-29,Electronics,Bluetooth Speaker,1576.52,1.0,india,Debit Card,Mobile App,Delivered
ORD104572,CUST598,2024-09-28,Toys,Puzzle 1000pc,1261.88,2.0,India,PayPal,Website,Delivered
ORD104680,CUST40,2024-01-23,Beauty,Sunscreen SPF50,1210.61,3.0,United States,Credit Card,Website,Returned
ORD101481,CUST29,2024-09-08,Sports,Cycling Gloves,879.76,1.0,UK,credit card,Website,Delivered
ORD102778,CUST987,2024-08-14,Sports,Yoga Mat,2169.0,3.0,India,PayPal,website,Delivered
ORD100039,CUST249,2024-05-17,Fashion,Leather Wallet,1033.29,2.0,France,UPI,Website,Delivered
ORD105212,CUST1730,2024-06-01,Fashion,Denim Jacket,2797.41,2.0,india,Credit Card,Website,Delivered
ORD102511,CUST1143,2024-06-20,Toys,Building Blocks Set,1263.55,2.0,UK,,website,Delivered
ORD103795,CUST750,03-11-2024,Fashion,Sunglasses,770.85,1.0,USA,COD,Marketplace,Delivered
ORD103669,CUST362,2024-06-06,Electronics,USB-C Cable,2617.88,3.0,India,Credit Card,Website,Delivered
ORD103514,CUST307,2024-09-02,Sports,Resistance Bands,456.88,1.0,United Kingdom,Net Banking,Mobile App,Delivered
ORD104600,CUST1158,2024-06-14,Books,Cookbook,104.27,1.0,india,Credit Card,Mobile App,Delivered
ORD103375,CUST149,30/07/2024,Sports,Water Bottle,454.96,1.0,India,PayPal,Mobile App,Delivered
ORD100530,CUST874,30/04/2024,Fashion,Cotton T-Shirt,2597.84,1.0,India,Debit Card,Website,Returned
ORD102774,CUST1022,2024-02-21,Electronics,Bluetooth Speaker,530.39,1.0,India,credit card,Mobile App,Delivered
ORD100980,CUST982,2024-07-31,Home & Kitchen,Air Fryer,1077.73,5.0,Germany,UPI,website,Delivered
ORD101762,CUST587,2024-01-13,Home & Kitchen,Storage Containers,2173.34,2.0,India,PayPal,Website,Delivered
ORD103206,CUST1677,2024-04-16,Sports,Yoga Mat,1724.68,2.0,India,UPI,Marketplace,Delivered
ORD103197,CUST1463,2024-03-22,Electronics,Bluetooth Speaker,3777.55,1.0,USA,Net Banking,Website,Delivered
ORD104336,CUST1013,2024-08-05,Fashion,Running Shoes,571.59,1.0,India,Credit Card,Mobile App,Delivered
ORD100734,CUST916,2024-07-07,Electronics,Bluetooth Speaker,3536.71,2.0,India,UPI,Marketplace,Delivered
ORD100372,CUST1571,04-25-2024,Fashion,Sunglasses,1650.18,1.0,USA,Credit Card,Website,Delivered
ORD103299,CUST1340,02-04-2024,Home & Kitchen,LED Desk Lamp,3461.87,1.0,India,UPI,Marketplace,Delivered
ORD101049,CUST1427,2024-01-23,Beauty,Sunscreen SPF50,641.4,1.0,INDIA,Credit Card,Website,Delivered
ORD103662,CUST1104,2024-04-19,Books,Fiction Bestseller,552.35,1.0,UK,Debit Card,Marketplace,Delivered
ORD104480,CUST1450,2024-01-31,Home & Kitchen,Blender,977.18,1.0,USA,credit card,Website,Returned
ORD102991,CUST1679,2024-07-06,Beauty,Face Serum,1126.34,1.0,India,Debit Card,Marketplace,Delivered
ORD104129,CUST1604,02-12-2024,Toys,Building Blocks Set,1817.26,1.0,USA,Net Banking,Mobile App,Delivered
ORD100854,,2024-02-05,Sports,Dumbbell Set,1498.78,1.0,India,Debit Card,website,Delivered
ORD102641,CUST1063,2024-06-15,Home & Kitchen,Blender,3221.78,3.0,India,UPI,Marketplace,Delivered
ORD102285,CUST1502,03-25-2024,Sports,Cycling Gloves,1433.03,1.0,France,Debit Card,Website,delivered
ORD100766,CUST959,10/07/2024,Home & Kitchen,Air Fryer,,1.0,India,PayPal,Website,Delivered
ORD100754,CUST90,2024-01-30,Beauty,Sunscreen SPF50,,1.0,United Kingdom,Credit Card,Mobile App,Delivered
ORD100422,CUST1495,01-09-2024,Toys,Building Blocks Set,626.15,2.0,UK,UPI,Website,Returned
ORD104568,CUST1356,01-15-2024,Beauty,Hair Dryer,987.66,2.0,India,Debit Card,Mobile App,Cancelled
ORD101202,CUST1596,2024-09-21,Toys,RC Car,976.23,1.0,India,UPI,Website,Delivered
ORD100500,CUST979,01-31-2024,Fashion,Running Shoes,2554.75,1.0,India,PayPal,Website,Delivered
ORD103090,CUST641,2024-04-24,Books,Self-Help Guide,441.84,1.0,india,UPI,website,Delivered
ORD102014,CUST1360,2024-08-11,Beauty,Hair Dryer,853.54,2.0,Germany,UPI,Mobile App,Returned
ORD105711,CUST402,03-19-2024,Sports,Cycling Gloves,943.1,2.0,india,UPI,Website,Delivered
ORD104795,CUST620,06-28-2024,Electronics,Smartwatch,2693.31,1.0,USA,,Marketplace,Cancelled
ORD105623,CUST845,06/06/2024,Home & Kitchen,Air Fryer,3189.8,1.0,India,UPI,Website,Delivered
ORD102468,CUST1063,2024-06-24,Home & Kitchen,Blender,1082.38,3.0,India,Credit Card,Marketplace,Delivered
ORD102773,CUST157,2024-04-09,Electronics,Wireless Earbuds,4842.86,1.0,Germany,Debit Card,Mobile App,Delivered
ORD103243,CUST82,12/05/2024,Home & Kitchen,Air Fryer,2655.83,2.0,Germany,Debit Card,Website,Delivered
ORD100234,CUST375,2024-06-04,Electronics,Phone Case,2545.93,3.0,INDIA,Debit Card,Website,Delivered
ORD100832,CUST1400,2024-06-15,Fashion,Cotton T-Shirt,803.76,1.0,India,UPI,Marketplace,Delivered
ORD104642,CUST5,2024-03-19,Electronics,Phone Case,4356.61,1.0,USA,Credit Card,Website,delivered
ORD101815,CUST223,12/02/2024,Books,Self-Help Guide,343.37,2.0,USA,COD,Mobile App,Delivered 
ORD103730,CUST1600,05-10-2024,Electronics,Power Bank,1025.62,1.0,India,,Website,Delivered
ORD101499,CUST1493,02-16-2024,Books,Cookbook,651.48,1.0,India,COD,Marketplace,Returned
ORD103049,CUST1140,03/05/2024,Sports,Cycling Gloves,874.29,1.0,France,COD,Marketplace,Delivered
ORD100451,CUST88,2024-09-26,Electronics,Phone Case,3848.99,1.0,France,Credit Card,Marketplace,Delivered
ORD100397,CUST229,2024-06-25,Sports,Dumbbell Set,608.13,1.0,India,credit card,Marketplace,Delivered
ORD100653,CUST178,07-12-2024,Sports,Yoga Mat,1735.23,1.0,UK,COD,Mobile App,Delivered
ORD102882,CUST1744,06-03-2024,Home & Kitchen,Blender,2754.66,2.0,UK,Debit Card,MOBILE APP,Delivered
ORD102323,CUST890,2024-01-05,Electronics,Smartwatch,1165.22,1.0,India,Credit Card,Mobile App,Delivered
ORD102385,CUST1072,23/07/2024,Home & Kitchen,LED Desk Lamp,505.59,1.0,USA,Debit Card,Website,Cancelled
ORD100315,CUST1322,27/07/2024,Fashion,Running Shoes,1324.02,1.0,india,COD,Marketplace,Delivered
ORD103882,CUST873,2024-08-20,Electronics,Phone Case,4331.87,2.0,United States,Net Banking,Mobile App,Delivered
ORD103771,CUST698,2024-04-05,Beauty,Face Serum,165.99,1.0,France,Credit Card,Website,Returned
ORD100339,CUST1093,2024-09-27,Electronics,Smartwatch,1243.75,1.0,India,Debit Card,Mobile App,Delivered
ORD100777,CUST1741,2024-09-27,Home & Kitchen,LED Desk Lamp,3460.58,1.0,India,credit card,Website,Delivered
ORD100769,CUST644,04-26-2024,Sports,Resistance Bands,760.42,1.0,India,Credit Card,Mobile App,Delivered
ORD103656,CUST649,07-16-2024,Sports,Yoga Mat,222.08,4.0,France,Net Banking,Website,Delivered
ORD101953,CUST1190,2024-04-07,Sports,Cycling Gloves,2133.17,1.0,india,Debit Card,Marketplace,Delivered
ORD105710,CUST1537,2024-05-29,Books,Cookbook,455.85,1.0,India,,Mobile App,Cancelled
ORD105138,CUST589,07-13-2024,Toys,RC Car,1795.46,2.0,USA,Net Banking,Website,Delivered
ORD100538,CUST1304,08-23-2024,Home & Kitchen,Blender,2372.03,1.0,UAE,,Marketplace,Delivered
ORD102969,CUST810,06-01-2024,Sports,Resistance Bands,1763.14,1.0,UK,PayPal,Marketplace,Delivered
ORD104982,CUST1745,2024-06-15,Beauty,Face Serum,788.73,1.0,USA,credit card,Website,Returned
ORD105516,,2024-07-02,Home & Kitchen,Blender,3291.29,1.0,USA,COD,Mobile App,Returned
ORD100662,CUST935,2024-04-29,Electronics,Bluetooth Speaker,4200.86,1.0,Germany,UPI,Mobile App,delivered
ORD102020,CUST106,08/01/2024,Beauty,Makeup Brush Kit,539.1,1.0,France,Credit Card,MOBILE APP,Cancelled
ORD104798,,09-22-2024,Toys,Puzzle 1000pc,1020.43,1.0,India,COD,Website,Returned
ORD101816,CUST439,2024-09-03,Electronics,Bluetooth Speaker,123857.0,4.0,India,UPI,website,Delivered
ORD101924,CUST437,09/01/2024,Home & Kitchen,Storage Containers,1219.19,1.0,UAE,Credit Card,Website,Delivered
ORD105207,CUST575,2024-05-19,Home & Kitchen,Blender,1745.69,1.0,United States,Net Banking,website,Delivered
ORD101570,CUST1332,2024-08-24,Books,Fiction Bestseller,725.13,1.0,India,PayPal,Mobile App,Delivered
ORD105133,CUST1691,2024-09-17,Sports,Resistance Bands,,1.0,India,PayPal,Marketplace,Delivered
ORD102376,,2024-06-03,Home & Kitchen,Blender,1827.62,2.0,nan,Debit Card,Mobile App,Delivered
ORD104593,CUST1304,2024-04-02,Electronics,Phone Case,2111.68,2.0,India,UPI,Website,Delivered
ORD100075,CUST1777,2024-01-03,Electronics,Bluetooth Speaker,2817.62,5.0,Germany,credit card,Website,Delivered
ORD103293,CUST361,24/02/2024,Home & Kitchen,Storage Containers,937.97,2.0,UK,credit card,Mobile App,Delivered
ORD102832,CUST774,09-26-2024,Home & Kitchen,LED Desk Lamp,2486.08,2.0,India,Debit Card,Mobile App,Cancelled
ORD102670,CUST248,2024-07-15,Home & Kitchen,LED Desk Lamp,477.79,1.0,USA,UPI,Website,Delivered
ORD105860,CUST560,02-20-2024,Electronics,Smartwatch,1573.8,1.0,United Kingdom,COD,Website,Delivered 
ORD102394,,05-09-2024,Sports,Resistance Bands,1518.14,1.0,nan,UPI,Marketplace,Delivered
ORD105813,CUST733,08-25-2024,Fashion,Cotton T-Shirt,621.29,2.0,India,COD,Website,Returned
ORD100876,CUST178,07/08/2024,Electronics,Phone Case,3728.75,1.0,UK,COD,Mobile App,Delivered
ORD100465,CUST482,06-04-2024,Toys,Building Blocks Set,1086.0,1.0,India,Credit Card,Website,Delivered
ORD101845,CUST771,2024-09-06,Home & Kitchen,Non-stick Pan Set,2259.5,1.0,India,Net Banking,Website,Delivered
ORD100759,CUST663,08-10-2024,Home & Kitchen,Air Fryer,1682.13,,India,Debit Card,Website,Delivered
ORD104937,CUST1520,31/07/2024,Home & Kitchen,LED Desk Lamp,3291.54,2.0,France,Net Banking,Website,Delivered
ORD101173,CUST1138,17/04/2024,Fashion,Leather Wallet,1907.72,3.0,India,Net Banking,Website,Delivered
ORD103027,CUST770,2024-09-07,Sports,Dumbbell Set,598.93,1.0,India,credit card,Website,Returned
ORD101431,CUST1130,06-05-2024,Sports,Resistance Bands,1588.22,2.0,nan,COD,Mobile App,Delivered
ORD105671,CUST727,2024-07-07,Fashion,Sunglasses,2369.01,1.0,Germany,UPI,Marketplace,Delivered
ORD105885,CUST440,05-20-2024,Books,Fiction Bestseller,236.3,1.0,India,Net Banking,Mobile App,Delivered
ORD102797,CUST813,2024-02-22,Sports,Cycling Gloves,1298.3,1.0,nan,Credit Card,Mobile App,Delivered
ORD103451,CUST329,29/05/2024,Home & Kitchen,Non-stick Pan Set,958.71,2.0,nan,UPI,Mobile App,Delivered
ORD103714,CUST1301,2024-03-29,Fashion,Denim Jacket,2093.43,1.0,UAE,PayPal,Mobile App,Delivered
ORD104322,CUST697,2024-05-05,Home & Kitchen,Air Fryer,3072.69,1.0,USA,Credit Card,Marketplace,Delivered
ORD103010,CUST1612,2024-06-05,Sports,Water Bottle,1580.38,1.0,India,Net Banking,Website,Delivered
ORD105480,CUST1591,2024-01-07,Toys,Building Blocks Set,1452.65,1.0,India,Debit Card,Mobile App,Delivered
ORD103555,CUST1641,2024-02-01,Home & Kitchen,Blender,451.23,1.0,Germany,Debit Card,Mobile App,Delivered
ORD100111,CUST149,2024-09-28,Electronics,USB-C Cable,900.06,1.0,USA,Credit Card,Website,Delivered
ORD104814,CUST1679,07-03-2024,Fashion,Running Shoes,2144.0,1.0,India,PayPal,Website,Delivered
ORD105489,CUST1477,2024-06-13,Electronics,Smartwatch,4575.95,3.0,india,Debit Card,Mobile App,Cancelled
ORD100403,CUST1219,03-27-2024,Beauty,Face Serum,191.54,1.0,India,Credit Card,Marketplace,Delivered
ORD100604,CUST95,08-27-2024,Electronics,Power Bank,4230.32,1.0,Germany,COD,Mobile App,Delivered
ORD105950,CUST1782,06-04-2024,Electronics,Smartwatch,2245.07,2.0,USA,Credit Card,website,Delivered
ORD104774,CUST1458,04/02/2024,Fashion,Running Shoes,2025.47,3.0,INDIA,UPI,Marketplace,Delivered
ORD102619,CUST876,2024-04-29,Sports,Dumbbell Set,2316.93,1.0,India,PayPal,Mobile App,Delivered
ORD102129,CUST1357,02-07-2024,Sports,Resistance Bands,878.31,1.0,India,Net Banking,Mobile App,Delivered
ORD102872,CUST901,2024-05-23,Electronics,Wireless Earbuds,4708.51,3.0,India,Debit Card,Website,Delivered
ORD105780,,2024-03-04,Fashion,Denim Jacket,1706.68,1.0,india,UPI,Website,Delivered
ORD105837,CUST501,2024-09-14,Fashion,Sunglasses,1439.46,,USA,Debit Card,Website,Delivered
ORD100643,CUST1391,2024-08-26,Electronics,Phone Case,947.77,1.0,India,Credit Card,Mobile App,Delivered
ORD103174,CUST1030,2024-01-12,Fashion,Cotton T-Shirt,1439.57,1.0,India,COD,Mobile App,Delivered
ORD103025,CUST1066,2024-06-26,Home & Kitchen,LED Desk Lamp,2864.67,2.0,Germany,,Marketplace,Delivered
ORD101341,CUST1056,01-08-2024,Fashion,Cotton T-Shirt,1746.58,1.0,France,UPI,Website,Delivered
ORD103708,CUST280,2024-05-05,Books,Kids Picture Book,327.81,3.0,France,UPI,Mobile App,Delivered
ORD100588,CUST911,10/04/2024,Fashion,Running Shoes,,1.0,USA,UPI,Website,Returned
ORD105758,CUST1266,2024-01-16,Fashion,Leather Wallet,969.05,2.0,India,Credit Card,Mobile App,Delivered
ORD105611,CUST1285,2024-02-08,Home & Kitchen,Air Fryer,2276.79,1.0,India,Debit Card,Mobile App,Returned
ORD101374,CUST1665,2024-09-01,Electronics,Phone Case,4520.91,1.0,Germany,UPI,Mobile App,Delivered
ORD103347,CUST338,01-29-2024,Fashion,Running Shoes,2035.24,2.0,Germany,Credit Card,Website,Delivered
ORD102230,CUST1701,2024-03-25,Fashion,Running Shoes,2107.17,4.0,Germany,Net Banking,Mobile App,Delivered
ORD103798,CUST622,2024-03-22,Electronics,Wireless Earbuds,1266.64,1.0,India,UPI,Website,Cancelled
ORD102578,CUST1719,2024-05-11,Sports,Resistance Bands,1748.0,1.0,INDIA,Net Banking,Mobile App,Returned
ORD102392,CUST758,08-29-2024,Sports,Yoga Mat,314.36,2.0,UK,Debit Card,Mobile App,Delivered
ORD101177,CUST480,2024-08-30,Sports,Water Bottle,1932.33,2.0,India,,Mobile App,Delivered
ORD100478,CUST1410,06-20-2024,Home & Kitchen,Air Fryer,1591.72,,india,UPI,Mobile App,Delivered
ORD104222,CUST145,08-23-2024,Electronics,Wireless Earbuds,2559.15,,UK,Net Banking,Mobile App,Delivered
ORD103437,CUST901,2024-07-31,Books,Fiction Bestseller,231.95,1.0,USA,Net Banking,Marketplace,Delivered
ORD100488,CUST1363,09-17-2024,Home & Kitchen,Blender,3098.96,3.0,India,Debit Card,Mobile App,Returned
ORD105190,CUST526,2024-03-21,Fashion,Denim Jacket,2869.75,4.0,UK,PayPal,Marketplace,Delivered
ORD100781,CUST736,2024-08-03,Home & Kitchen,Blender,3199.01,1.0,India,UPI,Website,Delivered
ORD101216,CUST1234,22/04/2024,Sports,Yoga Mat,2069.48,1.0,India,PayPal,Website,Delivered
ORD101824,CUST1684,08-25-2024,Toys,RC Car,1183.66,1.0,UAE,Debit Card,Marketplace,Delivered
ORD105261,CUST1019,2024-07-11,Books,Cookbook,176.17,2.0,Germany,UPI,Mobile App,Delivered
ORD100997,CUST619,2024-04-21,Electronics,Smartwatch,2896.71,5.0,India,PayPal,Marketplace,Delivered
ORD105733,CUST437,2024-07-06,Electronics,Phone Case,608.73,1.0,France,COD,Website,Delivered
ORD101680,CUST1010,2024-09-12,Electronics,USB-C Cable,2928.64,1.0,India,credit card,Website,Delivered
ORD104991,CUST1085,02-16-2024,Sports,Dumbbell Set,416.11,1.0,United Kingdom,Credit Card,Mobile App,Delivered
ORD102974,CUST1137,2024-01-01,Toys,Building Blocks Set,1684.96,2.0,Germany,Net Banking,Mobile App,Delivered
ORD105127,CUST1663,31/05/2024,Sports,Resistance Bands,946.59,1.0,Germany,PayPal,website,Delivered
ORD104088,CUST679,02/06/2024,Fashion,Sunglasses,1203.22,1.0,india,UPI,Website,Delivered
ORD100801,CUST183,2024-01-22,Sports,Cycling Gloves,499.44,1.0,India,UPI,Marketplace,Delivered
ORD105040,CUST621,02/01/2024,Books,Fiction Bestseller,559.98,2.0,India,Debit Card,Website,Cancelled
ORD102530,CUST1160,04-25-2024,Electronics,USB-C Cable,3869.18,1.0,India,Credit Card,Marketplace,Delivered
ORD104449,CUST166,02-12-2024,Fashion,Denim Jacket,1087.59,1.0,India,Credit Card,Mobile App,Delivered
ORD100939,CUST86,2024-02-21,Fashion,Sunglasses,1999.9,1.0,USA,Debit Card,Mobile App,Cancelled
ORD100349,CUST366,2024-09-11,Home & Kitchen,Blender,1823.23,1.0,USA,Credit Card,Mobile App,Delivered
ORD102858,CUST952,03-26-2024,Electronics,USB-C Cable,3969.19,1.0,USA,Debit Card,MOBILE APP,Delivered
ORD102313,CUST1120,07-30-2024,Electronics,USB-C Cable,3647.26,1.0,india,Credit Card,Mobile App,Delivered
ORD104071,CUST1108,02-02-2024,Toys,RC Car,1710.09,1.0,Germany,COD,Website,Delivered
ORD103661,CUST882,2024-04-12,Fashion,Cotton T-Shirt,2985.6,1.0,France,PayPal,Marketplace,Returned
ORD105315,CUST596,2024-07-12,Home & Kitchen,Storage Containers,897.66,1.0,India,Net Banking,Website,Delivered
ORD105028,CUST1295,05-10-2024,Toys,Building Blocks Set,813.47,1.0,UAE,credit card,Website,Delivered
ORD100510,CUST416,2024-01-09,Fashion,Sunglasses,2408.31,1.0,India,COD,Marketplace,Delivered
ORD101387,CUST1174,18/05/2024,Electronics,Phone Case,1569.71,2.0,USA,Credit Card,Website,Returned
ORD103518,CUST77,2024-01-01,Books,Kids Picture Book,355.05,1.0,india,Credit Card,Website,Delivered
ORD105958,,2024-06-10,Fashion,Cotton T-Shirt,458.49,1.0,Germany,Credit Card,Marketplace,Delivered
ORD104462,CUST1503,2024-03-15,Fashion,Running Shoes,232.15,1.0,UAE,Debit Card,Marketplace,Delivered
ORD101476,CUST1777,2024-01-01,Electronics,USB-C Cable,3092.54,1.0,India,PayPal,Website,Delivered
ORD104339,CUST622,2024-07-11,Books,Fiction Bestseller,325.63,4.0,Germany,PayPal,Mobile App,Delivered
ORD101187,CUST955,2024-01-15,Home & Kitchen,Air Fryer,3199.05,3.0,India,UPI,Marketplace,Delivered
ORD105499,CUST1595,2024-04-19,Books,Cookbook,267.95,1.0,United States,Credit Card,Mobile App,Delivered
ORD101300,CUST1676,2024-09-10,Sports,Resistance Bands,1052.84,1.0,USA,COD,Website,Cancelled
ORD101003,CUST1670,09-19-2024,Beauty,Lip Balm Set,338.82,1.0,UK,PayPal,Website,Delivered
ORD103149,CUST90,2024-02-22,Beauty,Makeup Brush Kit,438.25,1.0,India,credit card,Website,Delivered
ORD104429,CUST911,2024-04-24,Fashion,Running Shoes,696.5,1.0,India,Debit Card,Marketplace,Delivered
ORD102494,CUST855,2024-01-05,Electronics,USB-C Cable,3737.47,1.0,India,COD,website,Delivered
ORD104585,CUST1563,01/06/2024,Fashion,Denim Jacket,1157.83,1.0,USA,UPI,Mobile App,Returned
ORD102504,CUST1505,2024-01-17,Sports,Resistance Bands,2036.35,,India,UPI,Marketplace,Delivered
ORD105912,CUST746,02-26-2024,Fashion,Running Shoes,2473.81,1.0,India,Credit Card,Website,Delivered
ORD100429,CUST1501,2024-01-07,Books,Fiction Bestseller,286.78,1.0,India,UPI,website,Delivered 
ORD102671,CUST988,13/07/2024,Sports,Resistance Bands,958.34,1.0,USA,UPI,Mobile App,Returned
ORD101264,CUST420,2024-04-04,Fashion,Sunglasses,1229.48,2.0,India,credit card,MOBILE APP,Delivered
ORD102065,CUST227,2024-07-16,Electronics,Phone Case,2582.5,2.0,nan,PayPal,website,Delivered
ORD103091,CUST304,2024-03-12,Beauty,Sunscreen SPF50,249.35,1.0,USA,Debit Card,website,Delivered
ORD104276,CUST964,22/01/2024,Toys,Building Blocks Set,1793.99,1.0,India,Credit Card,Marketplace,Delivered
ORD104402,CUST1513,2024-09-02,Fashion,Sunglasses,587.46,4.0,UK,PayPal,Mobile App,Delivered
ORD105386,CUST89,02-09-2024,Home & Kitchen,Air Fryer,2549.07,2.0,india,UPI,Mobile App,Delivered
ORD101115,CUST1211,2024-04-04,Books,Cookbook,151.24,4.0,USA,PayPal,Mobile App,Delivered
ORD105717,CUST1229,17/03/2024,Electronics,Phone Case,2708.3,1.0,India,Net Banking,Mobile App,Delivered
ORD100179,CUST1479,2024-05-16,Sports,Dumbbell Set,1468.76,2.0,United States,UPI,Marketplace,Delivered
ORD103522,CUST555,2024-03-11,Home & Kitchen,Blender,1744.28,2.0,USA,Credit Card,Mobile App,Delivered
ORD101971,CUST1707,2024-05-11,Fashion,Denim Jacket,2653.88,1.0,India,UPI,Marketplace,Returned
ORD100191,CUST1591,2024-05-20,Sports,Resistance Bands,782.79,1.0,India,PayPal,Website,delivered
ORD101597,CUST1448,16/04/2024,Electronics,Power Bank,2302.61,4.0,France,UPI,Marketplace,Cancelled
ORD100420,CUST379,04-09-2024,Home & Kitchen,Blender,2823.62,3.0,United Kingdom,COD,Website,Delivered
ORD101573,CUST877,2024-04-01,Home & Kitchen,Non-stick Pan Set,2293.79,1.0,India,Credit Card,Mobile App,Delivered
ORD103459,CUST1372,2024-08-08,Fashion,Sunglasses,914.33,1.0,USA,Debit Card,Mobile App,Delivered 
ORD100768,CUST1054,2024-07-10,Toys,Building Blocks Set,1758.68,1.0,India,UPI,Website,Delivered
ORD103164,CUST733,03-08-2024,Sports,Dumbbell Set,436.43,2.0,India,COD,Website,Returned
ORD103792,CUST1095,2024-04-24,Beauty,Lip Balm Set,1045.6,2.0,Germany,PayPal,Website,Delivered
ORD102384,CUST576,2024-08-13,Books,Fiction Bestseller,,2.0,UK,UPI,Marketplace,Delivered
ORD102973,CUST744,01-12-2024,Fashion,Cotton T-Shirt,1649.4,1.0,India,Credit Card,Mobile App,Delivered
ORD101852,CUST1276,09-28-2024,Toys,Building Blocks Set,1054.32,2.0,United States,Debit Card,Mobile App,Delivered
ORD103603,CUST1264,31/05/2024,Home & Kitchen,LED Desk Lamp,2501.94,1.0,India,Net Banking,Website,Delivered
ORD103196,CUST1164,25/02/2024,Home & Kitchen,Blender,1916.9,1.0,United Kingdom,UPI,Mobile App,Delivered
ORD102198,CUST308,07-18-2024,Toys,Puzzle 1000pc,814.14,2.0,INDIA,Net Banking,Website,Delivered
ORD102756,CUST275,21/06/2024,Books,Fiction Bestseller,566.51,1.0,USA,Debit Card,Website,Delivered
ORD102210,CUST1196,06-10-2024,Books,Cookbook,517.91,5.0,india,Credit Card,Website,Delivered
ORD101700,CUST1738,2024-04-16,Fashion,Cotton T-Shirt,2395.49,,USA,Credit Card,Mobile App,Delivered
ORD104208,CUST1039,2024-05-28,Electronics,Bluetooth Speaker,3246.46,1.0,India,COD,Mobile App,Delivered
ORD103348,CUST1337,07/09/2024,Home & Kitchen,Air Fryer,2707.59,2.0,UAE,COD,Website,Delivered
ORD100729,CUST1785,2024-09-18,Fashion,Sunglasses,1413.35,1.0,Germany,Credit Card,Mobile App,Delivered
ORD105332,CUST1413,18/01/2024,Sports,Cycling Gloves,1078.85,1.0,India,credit card,Website,Delivered
ORD100968,CUST167,09/03/2024,Home & Kitchen,Air Fryer,2795.73,2.0,UK,Net Banking,Website,Delivered
ORD105153,CUST229,08-14-2024,Home & Kitchen,LED Desk Lamp,538.29,1.0,Germany,Net Banking,Website,Delivered
ORD105698,CUST1782,2024-02-26,Sports,Dumbbell Set,2417.09,1.0,France,Net Banking,Website,Delivered
ORD102607,CUST160,03-18-2024,Beauty,Makeup Brush Kit,390.05,2.0,UK,Credit Card,Website,Returned
ORD100627,CUST542,2024-08-02,Home & Kitchen,Storage Containers,1441.2,1.0,United Kingdom,Debit Card,Website,Delivered
ORD103289,CUST185,2024-02-28,Toys,Board Game,1843.63,2.0,France,credit card,website,Delivered
ORD101357,CUST81,06-17-2024,Beauty,Lip Balm Set,301.12,1.0,India,UPI,Mobile App,Delivered
ORD103687,CUST988,02-28-2024,Fashion,Running Shoes,2100.21,1.0,USA,UPI,Marketplace,Delivered
ORD102241,CUST118,02-05-2024,Toys,Building Blocks Set,782.89,1.0,India,Credit Card,MOBILE APP,Delivered
ORD103698,CUST521,05-11-2024,Beauty,Makeup Brush Kit,711.71,2.0,India,COD,Website,Delivered
ORD101535,CUST708,09/07/2024,Home & Kitchen,LED Desk Lamp,389.06,2.0,USA,UPI,Website,Delivered
ORD104766,CUST1542,2024-02-18,Books,Self-Help Guide,211.15,1.0,UK,COD,MOBILE APP,Delivered
ORD100838,CUST1243,07-08-2024,Electronics,Power Bank,4780.59,1.0,Germany,UPI,Mobile App,Delivered
ORD102538,CUST1381,2024-02-06,Fashion,Sunglasses,1537.49,1.0,india,Debit Card,Website,Delivered
ORD104718,CUST893,08-01-2024,Fashion,Cotton T-Shirt,2151.08,2.0,UAE,Credit Card,website,Delivered
ORD105318,CUST1765,2024-02-05,Beauty,Makeup Brush Kit,906.53,1.0,INDIA,Debit Card,Website,Delivered
ORD100219,CUST137,05-20-2024,Fashion,Denim Jacket,1713.53,2.0,France,UPI,Mobile App,Delivered
ORD103231,CUST1138,2024-03-16,Electronics,USB-C Cable,3010.16,1.0,India,Credit Card,Marketplace,Delivered
ORD101094,CUST751,06-28-2024,Fashion,Leather Wallet,2962.21,1.0,India,COD,Marketplace,Delivered
ORD104879,CUST301,2024-04-29,Books,Fiction Bestseller,341.42,1.0,India,Credit Card,Mobile App,Delivered
ORD103449,CUST666,04-20-2024,Home & Kitchen,Blender,3179.87,2.0,india,UPI,Mobile App,Delivered
ORD105929,CUST1789,28/08/2024,Toys,Board Game,132010.0,2.0,India,Credit Card,Website,Delivered
ORD100121,CUST759,21/06/2024,Beauty,Lip Balm Set,756.67,3.0,India,Net Banking,Mobile App,Delivered
ORD103682,CUST559,03/08/2024,Home & Kitchen,Blender,905.95,1.0,India,COD,Mobile App,Returned
ORD105055,CUST1174,2024-04-14,Home & Kitchen,Storage Containers,2763.58,1.0,Germany,Debit Card,Website,Delivered
ORD103024,CUST1348,2024-07-07,Fashion,Leather Wallet,810.88,1.0,india,Credit Card,Mobile App,Delivered
ORD105922,CUST960,2024-05-23,Toys,RC Car,321.74,1.0,Germany,credit card,Website,Delivered
ORD104885,CUST1147,05-02-2024,Fashion,Leather Wallet,1562.52,1.0,USA,Net Banking,Marketplace,Delivered
ORD100044,CUST25,2024-02-03,Beauty,Lip Balm Set,1024.91,1.0,USA,UPI,Mobile App,Delivered
ORD101114,CUST1106,07-05-2024,Home & Kitchen,Blender,351.41,1.0,INDIA,PayPal,Mobile App,Delivered
ORD102581,CUST1497,04-25-2024,Electronics,USB-C Cable,3200.13,1.0,INDIA,credit card,Mobile App,Returned
ORD100170,CUST720,2024-05-05,Sports,Cycling Gloves,269.26,1.0,United States,COD,Website,Delivered
ORD101684,CUST6,2024-04-20,Toys,RC Car,416.04,2.0,USA,Net Banking,Mobile App,Delivered
ORD103247,CUST710,01-10-2024,Sports,Cycling Gloves,1744.1,1.0,India,Debit Card,Website,Delivered
ORD103409,CUST469,29/05/2024,Home & Kitchen,LED Desk Lamp,2211.19,1.0,United Kingdom,Credit Card,Marketplace,Returned
ORD101116,CUST1653,2024-06-15,Fashion,Sunglasses,2734.52,3.0,USA,UPI,Website,Delivered
ORD100116,CUST1487,2024-09-19,Books,Cookbook,218.47,2.0,UK,Credit Card,Mobile App,delivered
ORD101918,CUST113,04-06-2024,Books,Self-Help Guide,413.7,2.0,USA,Debit Card,Marketplace,Delivered
ORD103165,CUST601,04-03-2024,Sports,Yoga Mat,2044.21,1.0,India,Debit Card,Marketplace,Returned
ORD102700,CUST256,2024-09-21,Electronics,Smartwatch,3993.86,2.0,India,Credit Card,website,Delivered
ORD103585,CUST742,2024-05-13,Home & Kitchen,Non-stick Pan Set,213854.0,1.0,nan,credit card,Website,Delivered
ORD101208,CUST1490,2024-01-11,Fashion,Running Shoes,2990.11,1.0,INDIA,Debit Card,Mobile App,Returned
ORD104540,CUST1190,06-03-2024,Fashion,Running Shoes,1424.33,1.0,India,Credit Card,Marketplace,delivered
ORD100505,CUST451,2024-05-21,Fashion,Sunglasses,1096.36,2.0,France,UPI,Marketplace,Returned
ORD101287,CUST699,2024-01-13,Home & Kitchen,Storage Containers,2385.75,1.0,India,UPI,Website,Delivered
ORD100913,CUST518,2024-03-18,Electronics,USB-C Cable,362502.0,1.0,USA,Credit Card,Website,Delivered
ORD105841,CUST1055,2024-04-09,Electronics,Wireless Earbuds,2181.06,1.0,India,Debit Card,Marketplace,Delivered
ORD105631,CUST302,09-07-2024,Books,Fiction Bestseller,161.46,2.0,UK,PayPal,Website,Cancelled
ORD100840,CUST317,2024-08-30,Fashion,Denim Jacket,1049.79,,UK,Credit Card,Website,Delivered
ORD101388,CUST1660,03-20-2024,Electronics,Phone Case,3881.22,1.0,Germany,COD,Website,Returned
ORD104714,CUST880,07-08-2024,Books,Self-Help Guide,12012.0,3.0,India,Credit Card,Website,Cancelled
ORD102066,CUST1165,08-14-2024,Books,Fiction Bestseller,282.24,1.0,India,Credit Card,Website,Delivered
ORD101055,CUST1517,01-27-2024,Beauty,Lip Balm Set,541.96,2.0,India,Debit Card,MOBILE APP,Delivered
ORD105737,CUST1354,2024-04-02,Home & Kitchen,Blender,,1.0,India,credit card,Marketplace,Delivered
ORD104379,CUST555,2024-01-19,Electronics,Bluetooth Speaker,3601.13,1.0,India,PayPal,Website,Delivered
ORD102119,CUST1387,2024-03-16,Toys,RC Car,1326.0,1.0,India,credit card,Marketplace,Delivered
ORD100707,CUST1656,18/04/2024,Books,Cookbook,794.64,4.0,France,Debit Card,Website,Delivered
ORD103426,,06/01/2024,Electronics,Wireless Earbuds,2454.53,2.0,Germany,,website,Delivered 
ORD101269,CUST693,2024-05-09,Books,Cookbook,409.8,2.0,India,Credit Card,Website,Delivered
ORD101206,CUST1086,2024-02-29,Sports,Yoga Mat,347.1,1.0,United States,COD,Website,Delivered
ORD102061,CUST1521,02-10-2024,Electronics,Smartwatch,4771.52,2.0,UK,Credit Card,Website,Returned
ORD103443,CUST1621,2024-06-07,Sports,Yoga Mat,2082.13,1.0,USA,UPI,Website,Delivered
ORD103198,CUST1066,10/09/2024,Home & Kitchen,Storage Containers,2444.83,4.0,France,Credit Card,Marketplace,Delivered
ORD103002,CUST901,05-01-2024,Toys,Puzzle 1000pc,1978.38,1.0,USA,Debit Card,Website,Delivered
ORD102945,CUST1786,06-02-2024,Home & Kitchen,Non-stick Pan Set,1596.34,1.0,USA,PayPal,Website,Returned
ORD105637,CUST1365,2024-06-30,Home & Kitchen,Non-stick Pan Set,2774.48,2.0,INDIA,COD,Website,Delivered
ORD102583,CUST1331,08-31-2024,Beauty,Hair Dryer,1133.66,1.0,India,PayPal,Website,Delivered
ORD105005,CUST688,09-07-2024,Electronics,USB-C Cable,2722.25,5.0,UK,UPI,Website,Delivered
ORD103110,CUST614,2024-03-27,Electronics,Wireless Earbuds,2971.24,2.0,UK,Credit Card,MOBILE APP,Delivered
ORD100529,CUST155,2024-08-04,Electronics,Wireless Earbuds,2367.46,1.0,India,UPI,Website,Cancelled
ORD103598,CUST763,2024-06-18,Beauty,Face Serum,459.28,1.0,India,Debit Card,website,Returned
ORD103517,,05/05/2024,Sports,Water Bottle,1900.59,1.0,USA,COD,website,Delivered
ORD105596,CUST1381,2024-04-06,Sports,Cycling Gloves,525.26,2.0,France,PayPal,Mobile App,Delivered
ORD102920,CUST394,2024-09-29,Home & Kitchen,Non-stick Pan Set,1186.22,1.0,India,,Marketplace,Returned
ORD102738,CUST1663,2024-05-13,Fashion,Leather Wallet,680.99,3.0,india,Credit Card,Mobile App,Delivered
ORD102953,CUST122,2024-06-24,Books,Fiction Bestseller,706.82,1.0,India,Credit Card,Website,Delivered
ORD101424,CUST110,17/09/2024,Fashion,Leather Wallet,2224.05,2.0,Germany,Credit Card,Marketplace,Cancelled
ORD101761,CUST976,2024-02-16,Sports,Resistance Bands,2243.19,3.0,india,Net Banking,Mobile App,Delivered
ORD101052,CUST1474,2024-07-20,Home & Kitchen,Blender,1870.64,1.0,India,COD,website,Cancelled
ORD100404,CUST506,02/08/2024,Books,Kids Picture Book,668.6,1.0,Germany,Debit Card,MOBILE APP,Delivered
ORD105434,CUST12,2024-02-07,Fashion,Running Shoes,2966.99,1.0,India,Credit Card,Mobile App,Delivered
ORD103742,CUST716,01-12-2024,Electronics,Power Bank,2051.83,1.0,India,COD,Mobile App,Cancelled
ORD101016,CUST1005,2024-03-07,Electronics,Phone Case,873.86,1.0,India,UPI,MOBILE APP,Delivered
ORD100342,CUST1032,2024-05-28,Sports,Dumbbell Set,1202.37,1.0,India,Credit Card,Marketplace,Delivered
ORD100166,CUST1304,2024-09-29,Books,Fiction Bestseller,537.36,1.0,UK,Debit Card,Website,Returned
ORD101581,CUST964,2024-09-29,Electronics,Wireless Earbuds,1133.47,1.0,UAE,PayPal,Website,Delivered
ORD101025,CUST111,2024-08-26,Home & Kitchen,Blender,3286.98,1.0,UK,Debit Card,Mobile App,delivered
ORD105361,CUST1112,08-20-2024,Books,Cookbook,150.27,2.0,United Kingdom,COD,Mobile App,Delivered 
ORD100437,CUST1142,07/05/2024,Beauty,Lip Balm Set,460.03,5.0,UK,PayPal,Website,Returned
ORD104301,CUST1074,2024-07-11,Sports,Resistance Bands,1914.63,1.0,Germany,Credit Card,website,Cancelled
ORD105897,CUST1384,2024-04-16,Sports,Cycling Gloves,1086.67,1.0,Germany,Debit Card,website,Delivered
ORD100843,CUST367,2024-04-17,Books,Cookbook,392.82,2.0,Germany,Debit Card,Website,Delivered
ORD105840,,09-09-2024,Electronics,Phone Case,3076.1,1.0,UK,COD,website,Delivered
ORD100979,CUST869,2024-02-01,Books,Self-Help Guide,446.64,4.0,USA,UPI,Website,Returned
ORD104119,CUST1167,09-02-2024,Electronics,Phone Case,504.96,1.0,India,,Website,Delivered
ORD105679,,2024-04-26,Books,Cookbook,601.1,1.0,UK,Debit Card,Marketplace,Delivered
ORD102539,CUST309,06-04-2024,Books,Fiction Bestseller,524.93,1.0,USA,Debit Card,Website,Delivered
ORD102646,CUST615,2024-06-26,Beauty,Makeup Brush Kit,772.91,1.0,UK,UPI,Marketplace,Delivered
ORD100337,CUST996,2024-09-10,Electronics,Bluetooth Speaker,4896.78,2.0,India,Net Banking,Marketplace,Cancelled
ORD102993,CUST1680,05-13-2024,Electronics,Bluetooth Speaker,712.8,1.0,India,Net Banking,Website,Delivered
ORD105353,CUST1656,2024-04-17,Home & Kitchen,Blender,698.52,1.0,India,COD,Mobile App,Delivered
ORD105583,CUST281,05/01/2024,Beauty,Makeup Brush Kit,210.59,3.0,UK,PayPal,Website,Delivered
ORD104520,CUST329,16/07/2024,Home & Kitchen,Air Fryer,1256.91,1.0,India,PayPal,Marketplace,Delivered
ORD101227,CUST463,03-27-2024,Toys,RC Car,1338.83,1.0,India,UPI,Website,Delivered
ORD100827,CUST954,01/05/2024,Books,Cookbook,702.36,1.0,UK,Credit Card,Website,Delivered
ORD105012,CUST240,04/07/2024,Books,Fiction Bestseller,459.94,1.0,India,Net Banking,Website,Delivered
ORD102472,CUST1173,23/03/2024,Beauty,Makeup Brush Kit,1167.05,1.0,India,UPI,MOBILE APP,Delivered 
ORD104926,CUST749,08-17-2024,Fashion,Leather Wallet,1212.72,2.0,USA,credit card,Marketplace,Returned
ORD103239,CUST471,2024-01-24,Electronics,Power Bank,,1.0,United States,Debit Card,Website,Delivered
ORD102176,CUST209,2024-08-28,Toys,RC Car,1735.52,1.0,United Kingdom,Credit Card,Mobile App,Returned
ORD104220,CUST1214,2024-06-07,Beauty,Face Serum,459.64,2.0,France,COD,Website,Delivered
ORD100264,CUST1675,2024-08-01,Sports,Water Bottle,945.0,1.0,Germany,Debit Card,Website,Delivered
ORD103808,CUST146,2024-07-03,Fashion,Sunglasses,2323.05,1.0,India,UPI,MOBILE APP,Returned
ORD104098,CUST1263,25/01/2024,Fashion,Sunglasses,1204.81,2.0,France,Credit Card,Website,Delivered
ORD101993,,01-10-2024,Electronics,Smartwatch,1963.92,1.0,USA,UPI,Marketplace,Delivered
ORD100574,CUST311,2024-04-02,Home & Kitchen,Blender,477.4,3.0,UK,UPI,Marketplace,Delivered
ORD101109,CUST1558,2024-03-17,Fashion,Leather Wallet,1046.41,1.0,India,UPI,website,Delivered
ORD104410,CUST1113,2024-06-15,Electronics,Power Bank,,1.0,India,Debit Card,Mobile App,Delivered
ORD100043,CUST750,01-15-2024,Sports,Water Bottle,445.5,1.0,India,Net Banking,Website,Delivered
ORD102898,CUST1063,2024-04-04,Electronics,Phone Case,1039.06,1.0,USA,Debit Card,Mobile App,Delivered
ORD104128,CUST124,17/05/2024,Home & Kitchen,Air Fryer,3168.89,3.0,india,PayPal,Mobile App,Delivered
ORD105110,CUST472,06-24-2024,Toys,Board Game,1508.46,3.0,India,Debit Card,Mobile App,Delivered
ORD103906,CUST715,2024-02-01,Electronics,Phone Case,1273.19,1.0,UK,PayPal,Website,Delivered
ORD103840,CUST1067,2024-09-06,Home & Kitchen,LED Desk Lamp,2078.43,1.0,USA,UPI,Website,Delivered
ORD104383,CUST967,2024-03-03,Toys,Building Blocks Set,458.72,2.0,india,UPI,Mobile App,Delivered
ORD104583,CUST908,25/01/2024,Electronics,Bluetooth Speaker,1137.44,2.0,USA,Credit Card,Website,Returned
ORD104513,CUST1542,24/04/2024,Beauty,Lip Balm Set,465.44,1.0,India,PayPal,Marketplace,Cancelled
ORD105750,CUST921,2024-08-07,Electronics,Wireless Earbuds,1490.19,2.0,India,PayPal,Marketplace,Delivered
ORD105161,CUST314,04-29-2024,Electronics,Power Bank,884.45,1.0,India,COD,Mobile App,Delivered
ORD102521,CUST441,03-10-2024,Fashion,Running Shoes,1485.75,2.0,UAE,Debit Card,Website,Delivered
ORD100928,CUST1478,04-13-2024,Fashion,Running Shoes,1766.56,4.0,UAE,Credit Card,Marketplace,Delivered
ORD104115,CUST965,09-22-2024,Books,Kids Picture Book,402.77,2.0,UK,UPI,MOBILE APP,Delivered
ORD101945,CUST404,2024-02-16,Sports,Yoga Mat,1042.15,1.0,India,UPI,Mobile App,Delivered
ORD103841,CUST1694,2024-06-04,Books,Cookbook,538.35,1.0,India,PayPal,Website,Delivered
ORD105056,CUST1263,18/05/2024,Books,Cookbook,171.35,1.0,India,PayPal,Mobile App,Cancelled
ORD101846,CUST105,16/05/2024,Fashion,Leather Wallet,2978.19,1.0,India,Credit Card,Website,Delivered
ORD102013,CUST1191,2024-04-15,Home & Kitchen,Storage Containers,712.95,1.0,Germany,credit card,Marketplace,Delivered
ORD101182,CUST1365,09-09-2024,Electronics,Power Bank,791.08,1.0,USA,Credit Card,Mobile App,Delivered
ORD101146,CUST1225,2024-05-09,Electronics,Bluetooth Speaker,2186.69,1.0,France,UPI,Marketplace,Delivered
ORD103827,CUST814,07-28-2024,Books,Self-Help Guide,561.58,1.0,India,Debit Card,Mobile App,Delivered
ORD104056,CUST895,06-28-2024,Sports,Resistance Bands,1807.57,1.0,India,Net Banking,MOBILE APP,Delivered
ORD103312,CUST345,2024-03-06,Electronics,Smartwatch,1449.91,1.0,USA,Debit Card,Marketplace,Delivered
ORD100747,CUST512,2024-07-07,Fashion,Leather Wallet,,2.0,UK,Debit Card,Marketplace,Delivered
ORD104193,CUST1263,02-04-2024,Electronics,USB-C Cable,1620.93,1.0,Germany,Debit Card,MOBILE APP,Delivered
ORD104293,CUST1599,2024-08-16,Sports,Cycling Gloves,1994.65,2.0,UK,UPI,Mobile App,Delivered
ORD102728,CUST45,07-22-2024,Electronics,Smartwatch,3261.77,1.0,UAE,,Marketplace,delivered
ORD101608,CUST125,2024-04-28,Fashion,Leather Wallet,1001.87,2.0,USA,UPI,Marketplace,Delivered
ORD100746,CUST1137,2024-04-06,Fashion,Sunglasses,294.12,1.0,Germany,Credit Card,Website,Delivered
ORD105061,CUST185,11/09/2024,Sports,Resistance Bands,1797.18,1.0,France,COD,Website,Delivered
ORD103533,CUST1727,2024-04-22,Sports,Water Bottle,2217.26,1.0,UK,UPI,Mobile App,Delivered
ORD100534,CUST1419,2024-07-25,Electronics,Phone Case,3037.88,2.0,India,Debit Card,Mobile App,Delivered
ORD103528,CUST449,2024-01-09,Home & Kitchen,Non-stick Pan Set,2698.88,2.0,Germany,Credit Card,Mobile App,Delivered
ORD102669,CUST15,03/07/2024,Electronics,Phone Case,554.06,1.0,india,UPI,Website,Delivered
ORD103452,CUST387,2024-05-05,Toys,Building Blocks Set,873.3,1.0,France,Net Banking,Website,Returned
ORD104155,CUST1541,03-15-2024,Electronics,Wireless Earbuds,2517.14,1.0,India,Credit Card,MOBILE APP,Delivered
ORD104473,CUST380,2024-07-14,Fashion,Running Shoes,2636.62,1.0,India,Net Banking,Marketplace,Delivered
ORD103032,CUST963,04-10-2024,Books,Cookbook,644.79,2.0,USA,Credit Card,Marketplace,Returned
ORD104235,CUST1661,2024-01-25,Home & Kitchen,Air Fryer,1272.85,1.0,India,Debit Card,Mobile App,Cancelled
ORD104254,CUST905,2024-06-12,Beauty,Hair Dryer,293.76,2.0,United States,Credit Card,Mobile App,Cancelled
ORD103225,CUST1136,07-09-2024,Sports,Resistance Bands,1579.29,2.0,India,Credit Card,Marketplace,Delivered
ORD102977,CUST56,2024-02-18,Home & Kitchen,Blender,1860.19,1.0,INDIA,UPI,Mobile App,Cancelled
ORD101696,CUST1066,2024-03-27,Electronics,Phone Case,4264.36,3.0,India,Debit Card,Marketplace,Delivered
ORD103595,CUST1610,2024-03-29,Fashion,Running Shoes,2067.58,2.0,India,Debit Card,Marketplace,Delivered
ORD102295,CUST1127,2024-08-09,Sports,Water Bottle,1732.1,2.0,USA,credit card,MOBILE APP,Delivered
ORD101220,CUST1557,2024-03-17,Electronics,Smartwatch,,1.0,India,Credit Card,Mobile App,Delivered
ORD104872,CUST911,02-25-2024,Fashion,Running Shoes,374.35,1.0,UK,Credit Card,website,Delivered
ORD101693,CUST1403,2024-05-28,Home & Kitchen,Air Fryer,2086.88,1.0,UK,COD,Mobile App,Returned
ORD101823,,2024-08-05,Beauty,Makeup Brush Kit,942.3,1.0,USA,UPI,Mobile App,Delivered
ORD105752,CUST839,2024-05-28,Beauty,Face Serum,157.34,1.0,India,COD,Marketplace,Cancelled
ORD105779,,2024-05-03,Home & Kitchen,Storage Containers,2034.02,2.0,UK,PayPal,Website,Delivered
ORD105418,CUST1498,2024-05-15,Sports,Cycling Gloves,443.47,2.0,UK,UPI,Mobile App,Delivered
ORD102389,CUST1288,2024-09-29,Fashion,Cotton T-Shirt,,1.0,United Kingdom,COD,Mobile App,Delivered
ORD103256,,2024-01-09,Sports,Water Bottle,1962.16,1.0,India,UPI,Website,Delivered
ORD101490,CUST670,02-18-2024,Beauty,Face Serum,1077.92,1.0,USA,UPI,MOBILE APP,Delivered
ORD102787,CUST1185,02-20-2024,Sports,Water Bottle,1017.91,1.0,United Kingdom,credit card,Marketplace,Delivered
ORD105574,CUST391,2024-04-01,Toys,RC Car,989.54,1.0,UK,Credit Card,Website,Delivered
ORD100408,CUST880,2024-07-06,Toys,Building Blocks Set,427.31,1.0,India,COD,Website,Delivered
ORD102512,CUST1184,2024-06-03,Fashion,Leather Wallet,2640.53,2.0,USA,Debit Card,Mobile App,Delivered
ORD103133,CUST511,01-26-2024,Fashion,Running Shoes,1914.13,1.0,INDIA,UPI,Website,Delivered
ORD102865,CUST1541,13/01/2024,Toys,Board Game,1124.95,1.0,India,UPI,Marketplace,Delivered
ORD104724,CUST129,04-22-2024,Home & Kitchen,Storage Containers,1252.05,1.0,UAE,UPI,Marketplace,Delivered
ORD105475,CUST1680,2024-02-13,Electronics,Smartwatch,1302.69,3.0,France,Debit Card,Website,Delivered
ORD105845,CUST1517,2024-09-05,Home & Kitchen,Blender,641.78,2.0,India,Credit Card,Mobile App,Delivered
ORD102361,CUST1773,2024-02-06,Electronics,Phone Case,1056.67,1.0,UAE,UPI,Mobile App,Delivered
ORD102315,CUST1690,2024-07-23,Electronics,Phone Case,4697.93,3.0,India,Debit Card,Mobile App,Returned
ORD102068,CUST1114,2024-07-20,Sports,Resistance Bands,2291.85,1.0,INDIA,UPI,Website,Cancelled
ORD101939,CUST1205,2024-05-13,Books,Fiction Bestseller,664.21,1.0,India,Debit Card,Website,Delivered
ORD104383,CUST967,2024-03-03,Toys,Building Blocks Set,458.72,2.0,india,UPI,Mobile App,Delivered
ORD101250,CUST931,2024-07-14,Fashion,Sunglasses,737.25,1.0,United States,Credit Card,Marketplace,Delivered
ORD100181,CUST558,04-20-2024,Home & Kitchen,Blender,360.85,1.0,India,PayPal,Website,Delivered
ORD104497,CUST1665,2024-03-16,Electronics,USB-C Cable,2450.46,1.0,United Kingdom,UPI,Mobile App,Delivered
ORD100515,,2024-02-07,Sports,Yoga Mat,2302.22,2.0,Germany,UPI,Website,Cancelled
ORD103181,CUST378,02/05/2024,Toys,Board Game,395.49,1.0,India,PayPal,Website,Delivered
ORD103844,CUST1325,04-17-2024,Fashion,Sunglasses,258.9,1.0,INDIA,PayPal,Marketplace,Delivered
ORD105849,CUST365,01-21-2024,Sports,Water Bottle,2178.96,1.0,Germany,COD,Mobile App,Delivered
ORD101787,CUST220,2024-04-02,Sports,Yoga Mat,1825.06,2.0,Germany,Credit Card,Mobile App,Delivered
ORD105677,CUST880,2024-08-13,Beauty,Sunscreen SPF50,553.27,1.0,india,Net Banking,Marketplace,Delivered
ORD102520,CUST1528,08-14-2024,Electronics,Smartwatch,2606.77,1.0,India,UPI,Website,Delivered
ORD104683,CUST1354,2024-01-26,Electronics,USB-C Cable,2141.88,2.0,France,UPI,Marketplace,Cancelled
ORD102465,CUST1328,2024-01-01,Electronics,Wireless Earbuds,4270.93,5.0,INDIA,UPI,Marketplace,Delivered
ORD101056,CUST473,2024-06-17,Fashion,Leather Wallet,1777.02,1.0,nan,,Mobile App,Delivered
ORD100332,CUST1376,2024-04-03,Fashion,Denim Jacket,1158.95,1.0,India,Net Banking,Mobile App,Cancelled
ORD100899,CUST88,2024-09-25,Fashion,Cotton T-Shirt,,2.0,India,Debit Card,Mobile App,Delivered
ORD101035,CUST1273,2024-07-20,Books,Fiction Bestseller,552.75,3.0,India,COD,website,Delivered
ORD101877,CUST155,2024-01-27,Beauty,Sunscreen SPF50,568.49,1.0,India,Debit Card,Website,Returned
ORD104742,CUST1489,29/03/2024,Books,Kids Picture Book,765.83,2.0,France,Credit Card,Marketplace,Delivered
ORD103670,CUST1335,2024-03-28,Electronics,Bluetooth Speaker,,1.0,India,Credit Card,Marketplace,Delivered
ORD104551,CUST1374,29/05/2024,Sports,Water Bottle,1701.41,2.0,UAE,PayPal,Mobile App,Delivered
ORD103558,CUST274,2024-07-12,Home & Kitchen,Storage Containers,2300.43,1.0,India,Debit Card,Marketplace,Delivered
ORD105867,CUST376,2024-07-23,Toys,Building Blocks Set,1953.74,,Germany,Net Banking,Website,Cancelled
ORD100009,CUST1249,2024-07-16,Home & Kitchen,Non-stick Pan Set,1665.74,2.0,USA,Debit Card,Website,Delivered
ORD100074,CUST1684,2024-08-13,Toys,RC Car,1312.54,1.0,India,Credit Card,MOBILE APP,Returned
ORD103915,CUST176,2024-02-15,Electronics,Phone Case,2198.79,1.0,India,UPI,Website,Delivered
ORD100663,CUST1133,2024-09-13,Electronics,Bluetooth Speaker,3956.8,1.0,India,credit card,Mobile App,Delivered
ORD104237,CUST578,31/03/2024,Electronics,USB-C Cable,2738.3,1.0,France,Debit Card,Website,delivered
ORD100224,CUST671,07-19-2024,Sports,Cycling Gloves,437.46,1.0,USA,COD,Marketplace,Returned
ORD103000,CUST6,08-18-2024,Fashion,Cotton T-Shirt,1230.51,3.0,India,UPI,Marketplace,Delivered
ORD104850,CUST286,2024-03-04,Fashion,Sunglasses,1771.82,1.0,United States,PayPal,Website,Cancelled
ORD100236,CUST1097,2024-09-20,Books,Kids Picture Book,250.36,1.0,UAE,Net Banking,Website,Delivered
ORD104716,CUST1424,2024-05-14,Sports,Yoga Mat,2459.68,4.0,USA,COD,website,Delivered
ORD100834,CUST1402,2024-03-19,Beauty,Sunscreen SPF50,,1.0,India,Debit Card,Mobile App,Cancelled
ORD105528,CUST306,2024-07-03,Electronics,Wireless Earbuds,3424.45,1.0,UK,UPI,Mobile App,Delivered
ORD102605,CUST109,2024-01-01,Beauty,Sunscreen SPF50,850.63,4.0,USA,,Website,Delivered
ORD101760,CUST1025,06-17-2024,Books,Self-Help Guide,683.71,1.0,UK,UPI,Website,Delivered
ORD105086,CUST36,26/08/2024,Toys,Building Blocks Set,1506.35,1.0,France,UPI,Mobile App,Delivered
ORD101291,CUST741,2024-06-21,Books,Kids Picture Book,456.28,1.0,UAE,PayPal,Website,Delivered
ORD104775,CUST746,2024-06-27,Books,Fiction Bestseller,624.57,,India,Debit Card,Website,delivered
ORD101322,CUST1283,05-01-2024,Books,Cookbook,403.46,1.0,France,UPI,Mobile App,Delivered
ORD105776,CUST444,25/05/2024,Fashion,Leather Wallet,1742.42,1.0,India,Net Banking,Website,Delivered
ORD100146,CUST986,2024-06-28,Home & Kitchen,Storage Containers,2942.13,1.0,France,Net Banking,Website,Delivered
ORD105870,CUST964,2024-09-27,Electronics,Wireless Earbuds,930.83,2.0,United States,COD,Website,Cancelled
ORD100587,,03-07-2024,Home & Kitchen,Non-stick Pan Set,3329.95,1.0,India,Debit Card,Website,Delivered
ORD104466,CUST186,2024-05-29,Sports,Yoga Mat,2030.22,4.0,UK,Credit Card,Marketplace,Delivered
ORD102194,CUST1533,2024-04-28,Electronics,Wireless Earbuds,3100.77,1.0,United States,Debit Card,Website,delivered
ORD105706,CUST1358,2024-08-24,Home & Kitchen,Non-stick Pan Set,1978.61,2.0,India,Credit Card,MOBILE APP,Delivered
ORD104871,CUST931,2024-03-21,Sports,Cycling Gloves,1583.95,2.0,India,Debit Card,Website,Delivered
ORD101318,CUST592,2024-06-23,Books,Kids Picture Book,213.06,1.0,France,UPI,Website,Delivered
ORD100556,CUST775,04-21-2024,Sports,Cycling Gloves,2264.68,1.0,UK,PayPal,Marketplace,Cancelled
ORD100425,CUST500,2024-05-16,Electronics,Power Bank,960.23,1.0,India,Debit Card,MOBILE APP,Delivered
ORD102932,CUST497,2024-05-09,Fashion,Cotton T-Shirt,1244.37,1.0,USA,UPI,Marketplace,Delivered
ORD104347,CUST1388,2024-02-28,Fashion,Leather Wallet,900.32,1.0,India,UPI,Marketplace,Delivered
ORD104067,CUST90,06-16-2024,Electronics,Bluetooth Speaker,2040.4,1.0,India,COD,Mobile App,Delivered
ORD105063,CUST1242,2024-03-05,Toys,Building Blocks Set,1441.05,2.0,UK,COD,Mobile App,Delivered
ORD105510,CUST1298,2024-06-26,Beauty,Hair Dryer,1131.86,1.0,USA,UPI,Marketplace,Delivered
ORD103715,CUST110,05-21-2024,Electronics,USB-C Cable,3534.52,3.0,USA,credit card,Website,Delivered
ORD102741,CUST1699,2024-01-01,Home & Kitchen,Air Fryer,1733.23,3.0,India,Debit Card,Website,Delivered
ORD103592,CUST1711,2024-06-17,Electronics,Wireless Earbuds,729.35,2.0,India,Debit Card,Marketplace,Delivered
ORD101263,CUST1463,04-18-2024,Toys,RC Car,1547.27,1.0,UK,Net Banking,Mobile App,Delivered
ORD101441,CUST428,2024-08-18,Sports,Dumbbell Set,1270.88,1.0,Germany,COD,Marketplace,Delivered
ORD105801,CUST1742,04-13-2024,Fashion,Denim Jacket,973.44,,India,Credit Card,Mobile App,Delivered
ORD100991,CUST500,2024-05-04,Home & Kitchen,Non-stick Pan Set,3425.17,3.0,France,Debit Card,Mobile App,Cancelled
ORD103088,CUST297,2024-04-02,Fashion,Sunglasses,1879.21,4.0,USA,UPI,Marketplace,Delivered
ORD105812,CUST1520,2024-02-10,Sports,Cycling Gloves,2060.58,1.0,UK,Debit Card,MOBILE APP,Cancelled
ORD101394,CUST1623,2024-04-21,Fashion,Leather Wallet,1150.01,1.0,India,Credit Card,Mobile App,Cancelled
ORD101553,CUST1552,2024-07-24,Beauty,Sunscreen SPF50,471.8,2.0,United Kingdom,UPI,Website,Delivered
ORD100496,CUST738,03-01-2024,Fashion,Denim Jacket,887.8,1.0,India,COD,Marketplace,Delivered
ORD103490,CUST375,2024-05-21,Sports,Yoga Mat,2110.96,2.0,UK,COD,Mobile App,Delivered
ORD105352,CUST1585,01-10-2024,Beauty,Hair Dryer,97261.0,2.0,India,PayPal,Website,Delivered
ORD104818,CUST785,2024-07-27,Sports,Cycling Gloves,274.74,1.0,INDIA,UPI,Marketplace,Delivered
ORD104302,CUST1756,2024-03-03,Fashion,Leather Wallet,1666.45,5.0,India,credit card,Website,Delivered
ORD102131,CUST955,2024-03-01,Sports,Dumbbell Set,1077.2,1.0,India,COD,Mobile App,Returned
ORD100869,CUST1180,2024-02-18,Toys,RC Car,1928.51,1.0,USA,UPI,Website,Delivered
ORD102143,,2024-04-02,Electronics,Smartwatch,4005.25,1.0,UAE,UPI,MOBILE APP,Delivered
ORD100585,CUST707,08-11-2024,Books,Cookbook,523.56,2.0,India,credit card,Mobile App,Delivered
ORD101487,CUST395,2024-08-28,Beauty,Sunscreen SPF50,390.71,1.0,India,COD,Website,Delivered
ORD101935,CUST1004,2024-03-26,Electronics,USB-C Cable,3627.86,1.0,India,UPI,Mobile App,Delivered
ORD101469,CUST637,2024-01-02,Books,Self-Help Guide,206.58,1.0,INDIA,UPI,Mobile App,Delivered
ORD105060,CUST1378,2024-01-21,Home & Kitchen,Air Fryer,3233.12,4.0,USA,UPI,Mobile App,Delivered
ORD100922,CUST1292,2024-02-21,Fashion,Leather Wallet,2513.36,1.0,India,UPI,Website,Returned
ORD105869,CUST1675,2024-02-02,Toys,Board Game,1239.98,5.0,India,Credit Card,Marketplace,Delivered
ORD103378,CUST68,09-06-2024,Beauty,Lip Balm Set,670.23,2.0,nan,UPI,Mobile App,Returned
ORD105511,CUST1483,04-17-2024,Books,Self-Help Guide,582.73,3.0,india,PayPal,MOBILE APP,Delivered
ORD105354,CUST1271,06-22-2024,Fashion,Denim Jacket,501.46,1.0,USA,Credit Card,website,Returned
ORD102251,CUST1768,2024-04-25,Fashion,Running Shoes,2966.92,2.0,India,Debit Card,Marketplace,Cancelled
ORD103525,CUST902,2024-05-21,Home & Kitchen,Non-stick Pan Set,2940.73,2.0,USA,PayPal,Marketplace,delivered
ORD100109,CUST1014,09-14-2024,Home & Kitchen,Blender,1364.61,5.0,India,,Mobile App,Delivered
ORD100918,CUST1686,2024-07-20,Sports,Cycling Gloves,633.5,1.0,India,Debit Card,Mobile App,Delivered
ORD104455,CUST806,2024-09-03,Home & Kitchen,LED Desk Lamp,2834.19,2.0,Germany,COD,Website,Delivered
ORD105880,CUST321,2024-03-05,Fashion,Running Shoes,1493.87,1.0,USA,Debit Card,MOBILE APP,Delivered
ORD101526,CUST583,2024-09-02,Electronics,Bluetooth Speaker,4967.09,2.0,India,PayPal,Marketplace,Delivered
ORD104217,CUST985,05-10-2024,Sports,Cycling Gloves,945.7,1.0,India,Credit Card,Website,Delivered
ORD105558,CUST1704,07-02-2024,Sports,Cycling Gloves,1574.96,3.0,India,Debit Card,Website,Delivered
ORD103908,CUST375,2024-02-01,Electronics,Wireless Earbuds,2191.05,2.0,United States,Credit Card,Marketplace,Delivered 
ORD103580,CUST1082,02-18-2024,Beauty,Lip Balm Set,355.67,1.0,USA,UPI,Website,Delivered
ORD100458,CUST1584,13/04/2024,Fashion,Leather Wallet,1980.1,1.0,India,Credit Card,Website,Delivered
ORD104799,,02-24-2024,Electronics,Phone Case,788.02,1.0,India,Credit Card,website,Delivered
ORD100275,CUST493,23/05/2024,Electronics,Smartwatch,3543.18,1.0,India,Credit Card,Mobile App,Delivered
ORD103327,CUST1123,02-19-2024,Beauty,Lip Balm Set,930.3,1.0,USA,UPI,Mobile App,Delivered
ORD105730,CUST543,25/05/2024,Toys,Board Game,830.29,2.0,India,COD,Website,Delivered
ORD102626,CUST108,03-13-2024,Books,Self-Help Guide,278.77,2.0,USA,Credit Card,Website,Delivered
ORD105756,CUST603,2024-01-07,Electronics,Wireless Earbuds,4680.91,1.0,France,Credit Card,Mobile App,Delivered
ORD102747,CUST119,2024-03-31,Electronics,Smartwatch,3174.17,1.0,India,Credit Card,Mobile App,Delivered
ORD104622,CUST1560,2024-02-16,Electronics,Bluetooth Speaker,1634.04,1.0,UK,PayPal,Marketplace,Delivered
ORD103796,CUST1400,06-17-2024,Electronics,USB-C Cable,3303.5,1.0,India,COD,Website,Delivered
ORD100064,CUST168,08/07/2024,Home & Kitchen,LED Desk Lamp,2427.12,3.0,USA,Credit Card,Website,Delivered
ORD103762,CUST1350,16/02/2024,Electronics,Phone Case,4822.39,2.0,Germany,Debit Card,Marketplace,Delivered 
ORD103243,CUST82,12/05/2024,Home & Kitchen,Air Fryer,2655.83,2.0,Germany,Debit Card,Website,Delivered
ORD103395,,06-19-2024,Beauty,Lip Balm Set,191.39,1.0,United Kingdom,Credit Card,Website,Delivered
ORD102914,CUST971,31/05/2024,Books,Fiction Bestseller,119.12,1.0,UK,Credit Card,MOBILE APP,Cancelled
ORD100907,CUST444,2024-07-17,Electronics,Smartwatch,,1.0,India,COD,Website,Delivered
ORD104174,CUST991,2024-02-16,Electronics,Phone Case,3820.11,1.0,india,Credit Card,Website,Delivered
ORD101742,CUST1612,04-15-2024,Fashion,Running Shoes,2918.92,1.0,nan,UPI,Website,Delivered
ORD100744,CUST1641,2024-05-13,Toys,Board Game,1870.74,1.0,USA,PayPal,Mobile App,Delivered
ORD100753,CUST1084,2024-07-04,Electronics,Smartwatch,3750.08,1.0,USA,Debit Card,Marketplace,Delivered
ORD103495,CUST1504,2024-09-01,Fashion,Leather Wallet,2932.33,1.0,India,Credit Card,Marketplace,Delivered
ORD103602,CUST1358,2024-05-29,Sports,Resistance Bands,2411.36,1.0,India,Debit Card,Mobile App,Delivered
ORD101540,CUST1087,2024-03-04,Sports,Dumbbell Set,2337.84,3.0,India,UPI,Mobile App,Delivered
ORD104199,CUST1262,02-11-2024,Fashion,Sunglasses,1912.44,,india,UPI,Mobile App,Delivered
ORD102417,CUST1397,2024-03-12,Fashion,Cotton T-Shirt,1728.73,3.0,India,Debit Card,Mobile App,Delivered
ORD104171,CUST233,09-16-2024,Beauty,Lip Balm Set,263.96,1.0,India,UPI,Website,Delivered
ORD103382,CUST1466,2024-04-25,Fashion,Denim Jacket,1511.56,2.0,India,Credit Card,Website,Delivered
ORD100160,CUST268,2024-03-02,Home & Kitchen,Air Fryer,569.06,3.0,USA,Debit Card,Marketplace,Delivered
ORD103170,CUST1285,2024-09-24,Electronics,Wireless Earbuds,2612.73,4.0,nan,UPI,Marketplace,Delivered
ORD102033,CUST1743,2024-07-20,Toys,Building Blocks Set,484.05,1.0,India,Credit Card,Mobile App,Delivered
ORD103044,CUST1338,2024-09-14,Beauty,Makeup Brush Kit,476.88,1.0,India,UPI,Mobile App,Delivered
ORD101486,CUST597,2024-03-25,Books,Kids Picture Book,460.19,1.0,India,COD,MOBILE APP,Delivered
ORD100945,CUST1303,2024-07-14,Home & Kitchen,Storage Containers,3286.21,2.0,United States,UPI,Mobile App,Delivered
ORD105753,CUST678,2024-03-20,Sports,Yoga Mat,985.01,1.0,india,UPI,Marketplace,Delivered
ORD102481,CUST1713,2024-06-14,Electronics,USB-C Cable,3537.9,1.0,India,Debit Card,Mobile App,Delivered
ORD101957,CUST1496,05-06-2024,Sports,Water Bottle,1220.31,1.0,india,COD,Website,Delivered
ORD100021,CUST992,05-03-2024,Fashion,Cotton T-Shirt,1983.8,4.0,UK,Credit Card,Mobile App,Delivered
ORD105471,,2024-07-13,Toys,Puzzle 1000pc,1132.95,1.0,India,UPI,Marketplace,Delivered
ORD100328,CUST794,2024-05-09,Sports,Water Bottle,610.92,4.0,UK,Credit Card,MOBILE APP,Delivered
ORD100650,CUST1392,16/04/2024,Sports,Cycling Gloves,551.58,1.0,India,Credit Card,Marketplace,Delivered
ORD102617,CUST338,2024-06-17,Beauty,Makeup Brush Kit,1481.08,2.0,USA,COD,Website,Delivered
ORD100123,CUST1574,2024-02-18,Electronics,Phone Case,4544.05,1.0,India,credit card,Website,Cancelled
ORD104258,CUST1733,2024-02-07,Electronics,Bluetooth Speaker,2649.79,1.0,United States,Net Banking,Website,Cancelled
ORD105553,CUST347,2024-08-21,Fashion,Sunglasses,1499.52,4.0,India,PayPal,Website,Delivered
ORD102120,CUST1154,2024-06-29,Sports,Yoga Mat,478.25,1.0,India,Credit Card,Mobile App,Delivered
ORD105442,CUST139,2024-07-14,Sports,Dumbbell Set,1588.58,1.0,USA,UPI,Marketplace,Delivered
ORD101946,CUST93,01-07-2024,Electronics,USB-C Cable,4585.03,1.0,UK,PayPal,Mobile App,Returned
ORD100252,CUST1384,2024-04-22,Fashion,Cotton T-Shirt,1022.95,4.0,India,Credit Card,Mobile App,Delivered
ORD101732,CUST32,2024-05-25,Fashion,Denim Jacket,2469.41,1.0,UK,Credit Card,Website,Cancelled
ORD100004,CUST1276,04/08/2024,Electronics,Power Bank,2248.05,2.0,India,UPI,Website,Returned
ORD102060,CUST338,2024-09-24,Home & Kitchen,Storage Containers,511.68,1.0,India,COD,Mobile App,Delivered
ORD105657,CUST341,06-09-2024,Electronics,Bluetooth Speaker,2551.67,1.0,USA,UPI,Mobile App,Delivered
ORD104773,CUST792,2024-07-23,Fashion,Denim Jacket,1923.02,1.0,India,Credit Card,Marketplace,Cancelled
ORD104671,CUST1400,2024-09-03,Sports,Water Bottle,438.73,1.0,Germany,COD,Mobile App,Delivered
ORD103041,CUST1101,02/06/2024,Electronics,Power Bank,2732.6,1.0,Germany,UPI,MOBILE APP,Delivered
ORD103455,CUST115,08-08-2024,Beauty,Sunscreen SPF50,980.14,1.0,India,PayPal,Mobile App,Delivered
ORD105018,CUST1363,2024-02-18,Books,Cookbook,222.45,1.0,India,Net Banking,Website,Returned
ORD103874,CUST320,2024-09-14,Beauty,Sunscreen SPF50,949.39,2.0,United Kingdom,Credit Card,Website,Cancelled
ORD100423,CUST1640,2024-07-24,Electronics,Phone Case,2973.45,2.0,India,Credit Card,Marketplace,Delivered
ORD101999,CUST845,2024-03-13,Home & Kitchen,Air Fryer,345.36,4.0,India,PayPal,Mobile App,Returned
ORD100223,CUST1770,2024-03-02,Home & Kitchen,Non-stick Pan Set,523.01,1.0,India,Debit Card,Website,Delivered
ORD104337,CUST642,2024-05-23,Toys,Building Blocks Set,256.85,1.0,India,UPI,MOBILE APP,Delivered
ORD104257,CUST369,2024-05-16,Home & Kitchen,Air Fryer,1055.86,4.0,UK,Debit Card,MOBILE APP,Delivered
ORD103006,CUST1046,2024-03-01,Fashion,Leather Wallet,1382.21,3.0,Germany,UPI,Marketplace,Delivered 
ORD100030,CUST1198,2024-01-29,Beauty,Sunscreen SPF50,684.48,1.0,India,,Mobile App,Delivered
ORD103288,CUST304,05-23-2024,Sports,Dumbbell Set,2453.35,1.0,India,Credit Card,website,Delivered
ORD102909,CUST1062,2024-01-11,Toys,RC Car,978.08,2.0,india,UPI,Mobile App,Delivered
ORD104542,CUST301,07/05/2024,Fashion,Leather Wallet,1634.96,1.0,India,UPI,website,Delivered
ORD101532,CUST61,2024-09-28,Books,Fiction Bestseller,588.11,1.0,UK,Credit Card,Marketplace,Delivered
ORD105769,CUST1584,2024-03-18,Beauty,Hair Dryer,460.86,3.0,India,PayPal,website,Delivered
ORD102815,CUST2,2024-04-30,Books,Self-Help Guide,360.73,2.0,India,,Mobile App,Returned
ORD103691,CUST1098,03-11-2024,Fashion,Denim Jacket,770.98,1.0,India,PayPal,MOBILE APP,Delivered
ORD105272,CUST483,2024-03-07,Toys,Board Game,781.84,1.0,INDIA,credit card,Website,Delivered
ORD100949,CUST1665,2024-03-11,Beauty,Face Serum,507.39,4.0,UAE,Debit Card,Mobile App,Delivered
ORD104427,CUST910,2024-07-03,Toys,Building Blocks Set,1800.51,1.0,USA,,Marketplace,Delivered
ORD105709,CUST803,2024-04-23,Home & Kitchen,LED Desk Lamp,3468.42,2.0,USA,COD,Mobile App,Delivered
ORD104031,CUST781,2024-08-29,Sports,Water Bottle,651.15,1.0,UK,Net Banking,website,Returned
ORD101137,CUST937,2024-06-04,Fashion,Denim Jacket,2158.89,2.0,India,Credit Card,Mobile App,Cancelled
ORD105536,CUST549,2024-01-27,Books,Fiction Bestseller,281.13,2.0,India,Debit Card,Website,Delivered
ORD101758,CUST1089,07-15-2024,Electronics,Power Bank,1950.38,2.0,India,COD,Website,Returned
ORD101368,CUST896,02-11-2024,Fashion,Sunglasses,1240.27,1.0,Germany,PayPal,Website,Delivered
ORD103387,CUST1132,02-14-2024,Sports,Yoga Mat,2452.71,1.0,Germany,UPI,Mobile App,Delivered
ORD105967,CUST109,2024-05-17,Home & Kitchen,Non-stick Pan Set,3139.35,1.0,India,Debit Card,Mobile App,Delivered
ORD104321,CUST1566,2024-02-25,Toys,RC Car,1561.62,1.0,France,Credit Card,Marketplace,Cancelled
ORD105878,CUST194,2024-07-04,Electronics,Bluetooth Speaker,3749.7,2.0,India,COD,Mobile App,Delivered
ORD100338,CUST1580,05-02-2024,Beauty,Makeup Brush Kit,1360.49,1.0,USA,Debit Card,Website,Delivered
ORD101372,CUST228,2024-02-06,Toys,Board Game,1326.1,4.0,India,UPI,Marketplace,Delivered
ORD101007,CUST1034,2024-02-24,Sports,Water Bottle,,1.0,India,Credit Card,Mobile App,Delivered
ORD100562,CUST972,2024-06-18,Beauty,Lip Balm Set,604.96,1.0,nan,UPI,Marketplace,Cancelled
ORD104564,CUST404,01/06/2024,Fashion,Cotton T-Shirt,1823.56,1.0,India,Debit Card,MOBILE APP,Delivered
ORD100706,CUST123,2024-01-26,Electronics,Wireless Earbuds,3515.59,2.0,india,Debit Card,Mobile App,Delivered
ORD102653,CUST975,2024-05-15,Fashion,Denim Jacket,81484.0,2.0,Germany,Credit Card,Marketplace,Delivered
ORD103649,CUST1598,08-25-2024,Electronics,Bluetooth Speaker,4615.78,,india,Credit Card,Website,Delivered
ORD102378,CUST1051,17/05/2024,Electronics,Smartwatch,1257.87,4.0,India,Net Banking,Website,Returned
ORD101849,CUST727,19/09/2024,Home & Kitchen,Blender,726.57,3.0,India,Credit Card,Mobile App,delivered
ORD105378,CUST1395,2024-08-29,Fashion,Sunglasses,743.88,1.0,Germany,,Marketplace,Delivered
ORD103458,CUST980,04-26-2024,Beauty,Sunscreen SPF50,1030.26,1.0,india,UPI,Website,Delivered
ORD103210,CUST1500,08-27-2024,Books,Fiction Bestseller,506.03,2.0,France,Credit Card,Website,Cancelled
ORD100071,CUST1763,01/09/2024,Electronics,USB-C Cable,2077.2,1.0,INDIA,UPI,Website,Delivered
ORD105595,CUST1403,2024-02-21,Home & Kitchen,Air Fryer,1895.16,2.0,UK,UPI,Mobile App,Delivered
ORD103822,CUST317,2024-04-03,Home & Kitchen,LED Desk Lamp,3010.76,2.0,USA,UPI,Marketplace,Returned
ORD104702,CUST1540,06-28-2024,Sports,Water Bottle,980.4,2.0,India,Debit Card,Website,Delivered
ORD101561,CUST1321,08-27-2024,Electronics,Bluetooth Speaker,2386.38,4.0,France,UPI,Website,Delivered
ORD105632,CUST192,2024-05-30,Fashion,Denim Jacket,1061.72,5.0,Germany,COD,Mobile App,Cancelled
ORD103017,CUST1071,09/02/2024,Fashion,Leather Wallet,2109.59,1.0,France,Credit Card,Marketplace,Delivered
ORD105214,,2024-05-04,Electronics,Power Bank,1566.12,1.0,India,UPI,Mobile App,Delivered
ORD103541,CUST17,2024-01-30,Toys,Puzzle 1000pc,825.68,1.0,USA,Credit Card,Mobile App,Returned
ORD100540,CUST1235,2024-05-01,Toys,Puzzle 1000pc,396.68,1.0,USA,Credit Card,website,Delivered
ORD103664,CUST647,2024-05-25,Beauty,Makeup Brush Kit,1169.41,1.0,India,COD,Marketplace,Returned
ORD103819,CUST683,05-20-2024,Fashion,Running Shoes,604.14,1.0,Germany,COD,Website,Delivered
ORD104240,CUST592,17/05/2024,Beauty,Hair Dryer,603.68,1.0,India,UPI,Website,Delivered
ORD101774,CUST207,23/03/2024,Electronics,Wireless Earbuds,3120.41,2.0,India,Debit Card,Website,Delivered
ORD103264,CUST51,2024-07-26,Fashion,Denim Jacket,699.24,1.0,India,COD,Mobile App,Delivered
ORD102259,CUST1655,01-21-2024,Books,Fiction Bestseller,772.99,2.0,USA,Credit Card,Mobile App,Returned
ORD100938,CUST213,2024-07-15,Beauty,Face Serum,1322.77,2.0,India,Debit Card,Marketplace,Delivered
ORD103699,CUST521,11/06/2024,Home & Kitchen,Non-stick Pan Set,2510.54,3.0,UK,Credit Card,Mobile App,Delivered
ORD102341,CUST471,03-26-2024,Books,Self-Help Guide,252.45,2.0,Germany,UPI,website,Delivered
ORD104662,CUST31,06-07-2024,Toys,Building Blocks Set,1065.73,1.0,USA,UPI,MOBILE APP,Delivered
ORD104893,CUST873,2024-02-06,Fashion,Sunglasses,495.76,1.0,Germany,Debit Card,MOBILE APP,Delivered
ORD102610,CUST1067,09/03/2024,Fashion,Cotton T-Shirt,1611.98,5.0,UAE,Credit Card,Website,Delivered
ORD104592,CUST1602,07/01/2024,Home & Kitchen,Non-stick Pan Set,3480.44,,France,PayPal,Marketplace,Delivered
ORD101900,CUST1768,2024-03-19,Fashion,Leather Wallet,2435.75,5.0,INDIA,PayPal,Marketplace,Delivered
ORD105664,CUST543,05-21-2024,Books,Cookbook,106.24,1.0,USA,COD,Marketplace,Delivered
ORD100290,CUST756,2024-01-16,Electronics,Smartwatch,3166.47,1.0,USA,COD,Mobile App,Delivered
ORD100528,CUST1332,2024-09-10,Electronics,Phone Case,4714.84,1.0,India,COD,Mobile App,Delivered
ORD103292,CUST1588,2024-07-26,Sports,Yoga Mat,561.76,5.0,USA,PayPal,Marketplace,Delivered
ORD100720,CUST1691,2024-07-18,Sports,Water Bottle,809.75,3.0,India,UPI,Website,Delivered
ORD101883,CUST77,2024-01-07,Beauty,Sunscreen SPF50,1087.99,1.0,India,UPI,Mobile App,delivered
ORD100482,CUST332,04-18-2024,Sports,Yoga Mat,223.84,1.0,India,UPI,Marketplace,Delivered
ORD102291,CUST1238,2024-06-24,Sports,Dumbbell Set,277.06,,India,Debit Card,Website,Delivered
ORD103933,CUST1242,2024-04-23,Books,Cookbook,409.65,1.0,India,UPI,Marketplace,Delivered
ORD105708,CUST1126,2024-08-05,Electronics,Smartwatch,2216.38,1.0,India,Debit Card,MOBILE APP,Returned
ORD105013,,2024-04-22,Electronics,USB-C Cable,,2.0,USA,Credit Card,Website,Returned
ORD103315,CUST1412,07-20-2024,Electronics,Phone Case,4892.17,2.0,India,COD,Website,Delivered
ORD103379,,18/08/2024,Beauty,Lip Balm Set,1340.33,1.0,India,Net Banking,Mobile App,Delivered
ORD104632,CUST1094,06/02/2024,Home & Kitchen,LED Desk Lamp,2766.37,1.0,India,COD,Mobile App,Delivered
ORD104706,CUST1208,2024-03-21,Fashion,Cotton T-Shirt,1993.82,3.0,Germany,Credit Card,Marketplace,Delivered
ORD103023,CUST1042,03/06/2024,Toys,Board Game,1781.83,1.0,USA,Net Banking,Website,Delivered
ORD103565,CUST205,2024-08-04,Home & Kitchen,Blender,1644.43,2.0,India,Debit Card,Mobile App,Returned
ORD105831,CUST870,08-01-2024,Electronics,Smartwatch,3106.96,1.0,India,UPI,Mobile App,Delivered
ORD105775,CUST1387,09-09-2024,Fashion,Cotton T-Shirt,598.52,2.0,India,Debit Card,Website,Delivered
ORD105099,CUST1715,2024-06-10,Home & Kitchen,Blender,772.01,1.0,India,Debit Card,Marketplace,Delivered
ORD101059,CUST111,2024-06-21,Electronics,USB-C Cable,1632.59,5.0,India,UPI,Marketplace,Delivered
ORD102742,CUST864,2024-02-08,Books,Kids Picture Book,311.66,1.0,USA,UPI,Website,Delivered
ORD103537,CUST930,2024-03-19,Beauty,Hair Dryer,850.75,4.0,France,Net Banking,Marketplace,Delivered
ORD105815,CUST1646,2024-07-15,Home & Kitchen,Air Fryer,2444.34,1.0,India,COD,Website,Delivered
ORD102212,CUST39,2024-05-14,Sports,Water Bottle,1616.68,2.0,USA,Credit Card,Mobile App,Delivered
ORD101908,CUST500,2024-05-23,Home & Kitchen,Storage Containers,459.56,1.0,United States,Credit Card,Website,Delivered 
ORD104732,CUST420,2024-04-17,Electronics,Smartwatch,4701.96,1.0,India,PayPal,Marketplace,Delivered
ORD102518,CUST88,2024-02-09,Toys,RC Car,426.03,1.0,India,Debit Card,MOBILE APP,Cancelled
ORD104922,CUST1313,2024-07-23,Beauty,Lip Balm Set,1089.52,1.0,INDIA,Net Banking,Marketplace,Delivered
ORD101048,CUST831,02/03/2024,Toys,Puzzle 1000pc,1121.53,1.0,India,COD,Mobile App,Delivered
ORD104811,CUST757,2024-04-23,Fashion,Sunglasses,1277.89,1.0,France,Debit Card,Mobile App,Cancelled
ORD103612,,2024-07-24,Fashion,Sunglasses,,1.0,India,UPI,MOBILE APP,Delivered
ORD101421,CUST1704,2024-07-26,Beauty,Makeup Brush Kit,1045.93,2.0,India,Debit Card,Website,Delivered
ORD102895,CUST138,2024-03-25,Electronics,Power Bank,1466.44,1.0,United States,Net Banking,Mobile App,Cancelled
ORD102358,CUST30,2024-01-12,Books,Self-Help Guide,670.34,1.0,United Kingdom,COD,Website,Delivered
ORD100155,,21/05/2024,Electronics,Phone Case,2612.39,1.0,USA,Debit Card,Website,Delivered
ORD104144,CUST1237,2024-05-31,Sports,Yoga Mat,1862.59,1.0,USA,Net Banking,Website,Delivered
ORD105806,CUST1105,05-05-2024,Fashion,Sunglasses,819.64,1.0,India,UPI,Marketplace,Delivered
ORD105615,CUST447,2024-08-26,Toys,Board Game,731.19,1.0,France,Credit Card,Mobile App,Delivered
ORD103166,CUST1391,29/07/2024,Electronics,USB-C Cable,3294.45,1.0,Germany,Debit Card,Website,Cancelled
ORD103063,CUST620,2024-09-06,Electronics,Bluetooth Speaker,4582.35,4.0,india,Credit Card,Marketplace,Delivered
ORD103040,CUST1751,2024-04-26,Beauty,Sunscreen SPF50,1410.76,1.0,India,Debit Card,Website,Returned
ORD104050,CUST901,2024-04-12,Beauty,Hair Dryer,218.09,2.0,France,UPI,Website,Delivered
ORD101839,CUST520,04-05-2024,Books,Cookbook,321.25,1.0,Germany,PayPal,website,Returned
ORD104802,CUST1615,04-24-2024,Electronics,Power Bank,3439.59,2.0,India,UPI,Marketplace,Delivered
ORD103142,CUST169,08-03-2024,Beauty,Makeup Brush Kit,651.07,1.0,India,UPI,Marketplace,Returned
ORD102374,CUST1659,2024-02-18,Fashion,Cotton T-Shirt,1463.74,1.0,India,Debit Card,Website,Delivered
ORD105204,CUST1092,07-08-2024,Toys,Puzzle 1000pc,1852.61,4.0,INDIA,Credit Card,Marketplace,Returned
ORD104518,CUST1377,2024-04-27,Beauty,Lip Balm Set,706.42,1.0,India,PayPal,Marketplace,Delivered 
ORD104299,CUST1407,2024-02-11,Home & Kitchen,Blender,2025.56,1.0,UK,Credit Card,Website,delivered
ORD102593,CUST665,2024-01-03,Electronics,Power Bank,4298.67,1.0,nan,COD,Marketplace,Delivered
ORD105364,CUST866,25/05/2024,Toys,RC Car,966.07,1.0,India,COD,website,Delivered
ORD101091,CUST90,2024-06-07,Fashion,Running Shoes,2024.36,4.0,United States,PayPal,Website,Delivered
ORD104396,CUST626,2024-01-08,Fashion,Denim Jacket,1955.89,2.0,United Kingdom,Debit Card,Website,Delivered
ORD104166,CUST961,2024-01-20,Books,Cookbook,365.58,5.0,india,Credit Card,Mobile App,Delivered
ORD103384,CUST812,2024-09-24,Beauty,Hair Dryer,239.65,1.0,USA,UPI,Website,Returned
ORD100061,CUST1309,2024-07-13,Fashion,Running Shoes,2748.75,1.0,USA,credit card,Mobile App,Delivered
ORD103200,CUST1746,01-03-2024,Books,Cookbook,471.57,1.0,india,UPI,Mobile App,Delivered
ORD104495,CUST1030,2024-09-14,Fashion,Cotton T-Shirt,1692.49,2.0,india,Debit Card,Mobile App,Delivered
ORD101675,,2024-04-27,Fashion,Running Shoes,1833.9,1.0,india,Debit Card,Mobile App,Delivered
ORD105465,CUST668,2024-07-21,Electronics,Phone Case,3830.14,1.0,India,Credit Card,Mobile App,Delivered
ORD102505,CUST317,18/03/2024,Sports,Yoga Mat,2356.09,2.0,India,Credit Card,Website,Delivered
ORD100385,CUST16,09-23-2024,Sports,Resistance Bands,734.62,2.0,Germany,UPI,website,Cancelled
ORD104729,CUST1293,2024-06-05,Sports,Dumbbell Set,575.3,1.0,India,Debit Card,Website,Delivered
ORD100684,CUST116,23/01/2024,Beauty,Makeup Brush Kit,699.79,1.0,USA,Debit Card,Website,Delivered
ORD102408,CUST1731,2024-08-02,Toys,Board Game,131761.0,1.0,France,Credit Card,Mobile App,Delivered
ORD105690,CUST1168,07-26-2024,Home & Kitchen,LED Desk Lamp,2803.02,3.0,India,Debit Card,Website,Delivered
ORD101892,CUST668,15/02/2024,Books,Cookbook,417.39,1.0,UAE,Credit Card,Website,Returned
ORD101969,CUST1532,08-05-2024,Beauty,Face Serum,416.34,1.0,USA,COD,Marketplace,Delivered
ORD103350,CUST334,21/04/2024,Sports,Yoga Mat,1503.68,1.0,India,UPI,Marketplace,Cancelled
ORD104137,CUST1726,2024-05-18,Beauty,Sunscreen SPF50,1438.17,1.0,United States,PayPal,Website,Returned
ORD100494,CUST268,10/05/2024,Sports,Yoga Mat,346.78,1.0,India,UPI,Mobile App,Delivered
ORD104479,CUST147,2024-05-02,Beauty,Lip Balm Set,344.24,1.0,USA,UPI,Mobile App,Delivered
ORD101807,CUST1269,2024-03-14,Home & Kitchen,Blender,489.41,1.0,UAE,UPI,Website,Delivered
ORD104772,,2024-07-22,Electronics,Wireless Earbuds,,2.0,India,Net Banking,Mobile App,Delivered
ORD103319,CUST1717,07-10-2024,Home & Kitchen,Storage Containers,3084.41,1.0,UK,Debit Card,Mobile App,Delivered
ORD104633,CUST882,2024-01-27,Beauty,Sunscreen SPF50,200.35,2.0,India,Debit Card,Website,Delivered
ORD102335,CUST1602,2024-04-23,Electronics,Bluetooth Speaker,753.87,3.0,India,Debit Card,Mobile App,Delivered
ORD105181,CUST1429,02-28-2024,Electronics,Smartwatch,508.69,1.0,india,UPI,Website,Delivered
ORD105157,CUST1048,2024-05-12,Electronics,Bluetooth Speaker,,1.0,India,UPI,website,Cancelled
ORD101549,CUST1099,2024-08-12,Toys,Board Game,278.36,1.0,UAE,UPI,Marketplace,Delivered
ORD100621,CUST1064,2024-03-05,Electronics,Smartwatch,4191.08,1.0,India,credit card,Mobile App,Delivered
ORD101689,CUST592,2024-08-25,Home & Kitchen,Blender,3445.0,5.0,Germany,UPI,Mobile App,Delivered
ORD102614,CUST753,05-14-2024,Fashion,Sunglasses,2245.74,1.0,USA,UPI,Marketplace,Delivered
ORD105942,CUST273,2024-07-22,Fashion,Sunglasses,1267.65,1.0,UAE,Debit Card,Website,Delivered
ORD103680,CUST108,2024-07-10,Fashion,Leather Wallet,2577.44,2.0,India,PayPal,Website,Delivered
ORD105228,CUST1306,09-19-2024,Home & Kitchen,Non-stick Pan Set,983.5,2.0,India,UPI,Website,Delivered
ORD105743,CUST1225,2024-04-08,Fashion,Running Shoes,1620.19,1.0,UK,Net Banking,Marketplace,Delivered
ORD104453,CUST1663,2024-02-27,Electronics,Smartwatch,4492.47,1.0,USA,COD,Website,Delivered
ORD102135,CUST1773,2024-02-08,Home & Kitchen,Storage Containers,1348.13,2.0,France,Credit Card,Website,Delivered
ORD100962,CUST1390,2024-08-20,Fashion,Sunglasses,265.66,4.0,India,Credit Card,Website,Delivered
ORD104444,CUST1242,25/02/2024,Fashion,Cotton T-Shirt,2658.85,2.0,Germany,Debit Card,Mobile App,Delivered
ORD105319,CUST191,2024-06-06,Books,Cookbook,524.02,1.0,USA,PayPal,Website,Delivered
ORD101508,CUST420,07-23-2024,Books,Fiction Bestseller,136.42,2.0,India,Debit Card,Mobile App,Delivered
ORD103180,CUST336,03-16-2024,Sports,Water Bottle,2350.59,,India,UPI,Marketplace,Delivered
ORD101622,CUST855,2024-06-25,Fashion,Cotton T-Shirt,778.29,3.0,USA,UPI,Mobile App,delivered
ORD103686,CUST571,2024-06-25,Sports,Cycling Gloves,791.09,1.0,nan,Net Banking,Website,Delivered
ORD103660,CUST1552,2024-03-25,Electronics,Phone Case,1462.52,1.0,india,credit card,Website,Delivered
ORD101204,CUST1760,2024-06-30,Beauty,Face Serum,728.25,1.0,UK,COD,Website,Delivered
ORD102680,CUST1762,31/05/2024,Electronics,Bluetooth Speaker,3802.27,1.0,UAE,Credit Card,Mobile App,Delivered
ORD104256,CUST168,2024-06-14,Fashion,Cotton T-Shirt,2362.5,1.0,USA,Credit Card,MOBILE APP,Delivered
ORD101716,CUST477,2024-01-08,Home & Kitchen,Blender,975.71,2.0,United States,Debit Card,Website,Returned
ORD100414,CUST137,08-22-2024,Beauty,Hair Dryer,1132.66,1.0,Germany,COD,Mobile App,Delivered
ORD103391,CUST964,07-04-2024,Toys,Puzzle 1000pc,1797.28,1.0,UK,UPI,Website,Delivered
ORD105423,CUST1092,2024-01-27,Sports,Cycling Gloves,860.32,1.0,UAE,Credit Card,MOBILE APP,Delivered
ORD105728,CUST1007,06/04/2024,Books,Fiction Bestseller,612.68,1.0,France,Debit Card,Mobile App,Delivered
ORD104024,CUST1324,2024-05-30,Home & Kitchen,Blender,1283.24,1.0,India,COD,Mobile App,Delivered
ORD103267,CUST934,2024-08-06,Electronics,USB-C Cable,1344.34,5.0,India,credit card,Mobile App,Delivered
ORD104233,CUST1103,2024-09-13,Home & Kitchen,LED Desk Lamp,2315.78,1.0,India,UPI,Website,Returned
ORD104343,CUST1178,2024-08-27,Electronics,Power Bank,2644.46,1.0,UK,credit card,Website,Delivered
ORD104888,CUST47,2024-07-20,Home & Kitchen,Storage Containers,332.85,1.0,UK,UPI,website,Delivered
ORD105777,CUST682,2024-06-19,Toys,Building Blocks Set,395.55,1.0,Germany,PayPal,website,Delivered
ORD102247,CUST25,2024-08-26,Beauty,Face Serum,38001.0,1.0,India,UPI,website,Delivered
ORD100881,CUST1497,09-25-2024,Electronics,Wireless Earbuds,3043.93,2.0,India,Debit Card,Marketplace,Delivered 
ORD105453,CUST1429,2024-09-29,Toys,Puzzle 1000pc,1442.75,1.0,india,Credit Card,Website,Delivered
ORD101057,CUST501,2024-02-25,Toys,Board Game,815.89,2.0,India,COD,Website,Delivered
ORD100418,CUST1036,08-09-2024,Electronics,Bluetooth Speaker,3752.76,1.0,UAE,Credit Card,Marketplace,Returned
ORD103059,CUST997,07-03-2024,Electronics,Smartwatch,4960.79,1.0,India,UPI,website,Delivered
ORD104988,CUST1183,2024-08-27,Sports,Water Bottle,2376.38,1.0,UK,COD,Mobile App,Delivered
ORD102567,CUST787,2024-07-26,Electronics,Wireless Earbuds,685.24,1.0,UK,Net Banking,Marketplace,Delivered
ORD103904,CUST1729,2024-01-29,Electronics,USB-C Cable,2349.74,1.0,United Kingdom,Debit Card,Mobile App,Delivered
ORD103488,CUST140,2024-03-11,Books,Cookbook,108.71,3.0,India,UPI,website,Delivered
ORD101302,CUST126,2024-02-13,Electronics,Phone Case,3928.9,5.0,UAE,Credit Card,Marketplace,Delivered
ORD100739,CUST1166,2024-05-27,Fashion,Running Shoes,1864.76,1.0,India,COD,Mobile App,Delivered
ORD102435,CUST349,2024-02-25,Sports,Yoga Mat,2274.94,1.0,France,Credit Card,Mobile App,Returned
ORD105696,CUST289,05-22-2024,Fashion,Leather Wallet,1122.61,2.0,India,Debit Card,Marketplace,Delivered
ORD101139,CUST858,2024-02-10,Beauty,Hair Dryer,1362.49,2.0,India,UPI,Mobile App,Delivered
ORD101705,CUST220,07-29-2024,Beauty,Face Serum,,1.0,India,UPI,Mobile App,Delivered
ORD101749,CUST1192,2024-06-30,Beauty,Lip Balm Set,566.5,1.0,Germany,Debit Card,Website,Cancelled
ORD104179,CUST1324,2024-04-15,Books,Self-Help Guide,449.42,1.0,India,UPI,website,Delivered
ORD104918,CUST1452,20/03/2024,Fashion,Sunglasses,1916.85,2.0,India,COD,Website,Delivered
ORD100128,CUST413,04/07/2024,Electronics,Phone Case,3362.31,1.0,India,credit card,Marketplace,delivered
ORD105297,CUST711,07-07-2024,Books,Kids Picture Book,547.35,1.0,United Kingdom,Debit Card,MOBILE APP,Delivered
ORD105338,CUST171,07-27-2024,Electronics,USB-C Cable,843.41,1.0,India,PayPal,Website,Delivered
ORD102164,CUST369,2024-06-04,Home & Kitchen,Blender,,3.0,India,Debit Card,MOBILE APP,Delivered
ORD102936,CUST1663,2024-05-09,Beauty,Lip Balm Set,596.63,,Germany,PayPal,website,Delivered
ORD101418,CUST503,09-24-2024,Electronics,Power Bank,565.74,1.0,India,Credit Card,Website,Delivered
ORD102702,CUST502,2024-05-03,Toys,Board Game,859.79,1.0,India,Credit Card,Mobile App,Cancelled
ORD102558,CUST1013,04-18-2024,Sports,Resistance Bands,2402.11,2.0,INDIA,Credit Card,Marketplace,Delivered
ORD102931,CUST788,2024-08-21,Electronics,USB-C Cable,878.6,1.0,India,Credit Card,Mobile App,Delivered
ORD101170,,01-02-2024,Fashion,Leather Wallet,849.1,1.0,USA,credit card,Mobile App,Delivered
ORD101267,CUST1345,2024-04-19,Sports,Resistance Bands,1823.9,1.0,UK,Debit Card,Website,Delivered
ORD101129,CUST107,06-11-2024,Fashion,Denim Jacket,2208.1,2.0,United Kingdom,UPI,Mobile App,Delivered
ORD105744,CUST1145,2024-08-21,Books,Fiction Bestseller,770.74,4.0,India,UPI,Mobile App,Delivered
ORD103284,CUST792,2024-01-03,Electronics,USB-C Cable,1655.09,1.0,UK,Debit Card,Website,Returned
ORD103014,CUST766,2024-01-07,Electronics,Wireless Earbuds,1346.48,4.0,Germany,credit card,Website,Delivered
ORD104685,CUST716,2024-04-08,Beauty,Sunscreen SPF50,171.9,1.0,India,UPI,Website,Delivered
ORD100908,CUST1039,2024-02-08,Beauty,Hair Dryer,784.08,1.0,France,Debit Card,MOBILE APP,Delivered
ORD101740,CUST1582,2024-09-12,Sports,Cycling Gloves,1455.52,1.0,India,Credit Card,Mobile App,Delivered
ORD104726,CUST222,04-14-2024,Electronics,USB-C Cable,957.51,1.0,UAE,Credit Card,Marketplace,Delivered
ORD102090,CUST1288,13/02/2024,Fashion,Cotton T-Shirt,1192.22,1.0,India,UPI,Website,Delivered
ORD103927,CUST565,07/01/2024,Beauty,Sunscreen SPF50,521.74,2.0,India,Debit Card,Website,Delivered
ORD102938,CUST949,2024-05-13,Toys,RC Car,1837.04,1.0,UAE,credit card,Mobile App,Delivered
ORD101446,CUST622,01-21-2024,Beauty,Face Serum,894.75,5.0,UK,credit card,Website,Delivered
ORD103510,CUST1598,03-30-2024,Fashion,Running Shoes,2227.95,2.0,UK,Debit Card,Marketplace,Delivered
ORD103756,CUST512,2024-04-21,Toys,RC Car,1087.35,1.0,India,UPI,Website,Cancelled
ORD105188,CUST1798,2024-01-22,Home & Kitchen,Non-stick Pan Set,1824.4,1.0,USA,UPI,Website,Delivered
ORD102453,CUST65,08-22-2024,Home & Kitchen,Non-stick Pan Set,3321.03,1.0,Germany,credit card,Mobile App,Returned
ORD102102,CUST410,2024-09-07,Electronics,Smartwatch,2140.82,2.0,USA,Credit Card,Mobile App,Delivered
ORD105045,CUST228,2024-03-25,Home & Kitchen,Air Fryer,804.3,1.0,UK,PayPal,Website,Cancelled
ORD102398,CUST1580,2024-07-14,Toys,Board Game,1207.23,1.0,USA,PayPal,website,Returned
ORD102436,CUST926,2024-03-06,Toys,Puzzle 1000pc,1401.86,1.0,India,UPI,Mobile App,Delivered
ORD102438,CUST779,2024-09-26,Home & Kitchen,Storage Containers,734.22,2.0,France,UPI,Website,Delivered
ORD101164,CUST1093,08-04-2024,Electronics,Power Bank,2320.56,1.0,Germany,UPI,Marketplace,Delivered
ORD101074,CUST1757,2024-06-05,Toys,Puzzle 1000pc,1128.98,1.0,India,UPI,Mobile App,Delivered
ORD105180,CUST1462,2024-07-22,Home & Kitchen,Storage Containers,1375.08,1.0,India,,Website,Delivered
ORD104393,CUST1710,2024-08-18,Books,Kids Picture Book,340.02,2.0,Germany,Debit Card,Mobile App,Delivered
ORD101068,CUST666,2024-04-05,Home & Kitchen,Blender,1766.36,2.0,India,UPI,Marketplace,Delivered
ORD102737,CUST1525,2024-03-22,Fashion,Cotton T-Shirt,2568.42,1.0,USA,Debit Card,Marketplace,Delivered
ORD101349,CUST1589,2024-02-05,Home & Kitchen,Non-stick Pan Set,993.86,1.0,India,Debit Card,Website,Delivered
ORD105162,CUST1557,05/01/2024,Beauty,Sunscreen SPF50,326.33,5.0,nan,UPI,Website,Delivered
ORD103648,CUST225,2024-02-18,Fashion,Denim Jacket,2554.16,1.0,India,Debit Card,Website,Delivered
ORD104277,CUST740,2024-08-27,Home & Kitchen,Storage Containers,3305.96,2.0,india,UPI,Mobile App,Delivered
ORD102093,CUST1762,2024-02-21,Electronics,Bluetooth Speaker,953.94,1.0,USA,COD,Mobile App,Delivered
ORD101708,CUST536,2024-05-03,Electronics,Bluetooth Speaker,2873.78,1.0,USA,PayPal,Marketplace,Delivered
ORD102208,CUST1653,05/06/2024,Beauty,Makeup Brush Kit,207.41,1.0,USA,UPI,Mobile App,Delivered
ORD100480,CUST726,05/03/2024,Home & Kitchen,Air Fryer,3481.7,,India,Debit Card,Mobile App,Returned
ORD102224,CUST349,05-09-2024,Fashion,Cotton T-Shirt,486.64,1.0,UAE,Credit Card,Marketplace,Delivered
ORD100300,CUST973,2024-01-26,Home & Kitchen,Air Fryer,2370.87,1.0,France,COD,Website,Delivered
ORD101063,CUST302,2024-06-10,Beauty,Hair Dryer,175.62,1.0,UK,Net Banking,Website,Cancelled
ORD102363,CUST113,2024-05-23,Fashion,Leather Wallet,2641.24,1.0,india,UPI,Mobile App,Delivered
ORD105445,CUST647,2024-08-23,Electronics,USB-C Cable,3633.69,2.0,India,UPI,Website,Delivered
ORD102543,CUST272,02-25-2024,Electronics,Bluetooth Speaker,558.28,3.0,USA,UPI,Website,delivered
ORD105467,CUST1273,2024-02-14,Beauty,Face Serum,613.02,2.0,India,COD,Marketplace,Delivered
ORD104628,CUST841,2024-08-12,Electronics,USB-C Cable,1642.18,1.0,USA,UPI,Website,Delivered
ORD105194,CUST365,2024-02-21,Fashion,Denim Jacket,2453.14,2.0,UK,Credit Card,Mobile App,Delivered
ORD104615,CUST399,2024-08-05,Beauty,Makeup Brush Kit,1353.35,2.0,India,COD,Website,Delivered
ORD102529,CUST505,2024-07-07,Home & Kitchen,Non-stick Pan Set,420.17,2.0,India,Debit Card,Mobile App,Delivered
ORD104344,CUST1210,07-09-2024,Electronics,Power Bank,3842.01,2.0,India,Credit Card,Mobile App,Delivered
ORD103307,CUST1193,2024-03-05,Beauty,Hair Dryer,441.16,1.0,India,COD,Website,Delivered
ORD103066,CUST297,2024-07-05,Toys,Puzzle 1000pc,481.63,1.0,USA,credit card,Website,Delivered
ORD104307,CUST1330,07-04-2024,Beauty,Face Serum,374.07,1.0,United Kingdom,UPI,Website,Delivered
ORD104525,CUST829,07-16-2024,Fashion,Running Shoes,1550.92,1.0,USA,COD,Website,Delivered
ORD105666,CUST501,2024-03-05,Electronics,USB-C Cable,4884.33,5.0,India,credit card,Marketplace,Delivered
ORD102949,CUST194,2024-03-20,Beauty,Hair Dryer,1105.03,1.0,India,Debit Card,Marketplace,Returned
ORD104616,CUST778,05/02/2024,Sports,Resistance Bands,2131.68,1.0,India,,MOBILE APP,Cancelled
ORD103068,CUST184,04-19-2024,Electronics,Wireless Earbuds,3285.97,1.0,India,Credit Card,Website,Delivered
ORD101967,CUST732,2024-03-28,Sports,Resistance Bands,964.36,2.0,USA,UPI,Website,Delivered
ORD103363,CUST1412,2024-05-21,Electronics,Bluetooth Speaker,517.28,4.0,United Kingdom,COD,Mobile App,Delivered
ORD103153,CUST1294,09-12-2024,Home & Kitchen,LED Desk Lamp,2145.95,2.0,USA,UPI,Marketplace,Delivered
ORD105571,,01-23-2024,Books,Kids Picture Book,798.9,1.0,United States,UPI,Website,Delivered
ORD105323,,03-06-2024,Home & Kitchen,Non-stick Pan Set,2831.69,3.0,India,Credit Card,Website,Cancelled
ORD105665,CUST1047,2024-05-06,Beauty,Lip Balm Set,222.3,1.0,France,Credit Card,Marketplace,Delivered
ORD100914,CUST1321,21/01/2024,Fashion,Denim Jacket,293.7,2.0,France,Net Banking,Website,Delivered
ORD101452,CUST1262,09-06-2024,Toys,Puzzle 1000pc,1164.37,1.0,India,COD,Marketplace,Delivered
ORD100861,CUST957,2024-04-26,Electronics,Phone Case,592.34,1.0,Germany,COD,Mobile App,Delivered
ORD101284,CUST1003,09-02-2024,Sports,Dumbbell Set,2146.58,3.0,India,Debit Card,website,Delivered
ORD105533,CUST308,07-30-2024,Fashion,Leather Wallet,970.25,1.0,india,COD,Mobile App,Delivered
ORD103428,CUST392,2024-01-04,Fashion,Denim Jacket,1670.87,1.0,UAE,Debit Card,website,Delivered
ORD105924,CUST1706,2024-05-13,Electronics,Smartwatch,3405.08,1.0,France,UPI,Website,Delivered
ORD100047,CUST724,07/02/2024,Fashion,Denim Jacket,1682.55,2.0,USA,Credit Card,Mobile App,Delivered
ORD104509,CUST411,02-27-2024,Electronics,Bluetooth Speaker,977.45,3.0,USA,COD,Website,Delivered
ORD105421,CUST1604,07-30-2024,Beauty,Sunscreen SPF50,1046.68,1.0,USA,UPI,Website,Delivered
ORD100419,CUST1314,2024-02-13,Books,Cookbook,583.35,1.0,India,PayPal,Mobile App,Delivered
ORD102469,CUST1519,2024-06-23,Electronics,Phone Case,3433.15,2.0,UAE,Credit Card,Mobile App,Delivered
ORD100103,CUST1358,05-15-2024,Fashion,Sunglasses,996.64,2.0,India,UPI,Marketplace,Delivered
ORD102995,CUST594,2024-06-16,Fashion,Running Shoes,1792.44,1.0,india,UPI,Website,Delivered
ORD102349,CUST1133,03-12-2024,Books,Kids Picture Book,234.39,1.0,UAE,Credit Card,Mobile App,Delivered
ORD104676,CUST714,09-18-2024,Home & Kitchen,Non-stick Pan Set,547.29,1.0,India,PayPal,Website,Delivered
ORD100192,CUST404,01-17-2024,Sports,Resistance Bands,331.72,1.0,United Kingdom,credit card,Mobile App,Delivered
ORD103817,,08-17-2024,Toys,Puzzle 1000pc,525.17,2.0,nan,UPI,Website,Returned
ORD104038,CUST151,07-30-2024,Fashion,Denim Jacket,631.73,,France,PayPal,Mobile App,Delivered
ORD100648,CUST1009,2024-06-16,Beauty,Makeup Brush Kit,1041.67,1.0,INDIA,Debit Card,Marketplace,Delivered
ORD101808,CUST1440,03-22-2024,Sports,Water Bottle,616.37,4.0,UK,UPI,Website,Cancelled
ORD105004,CUST1601,05-16-2024,Fashion,Running Shoes,621.08,1.0,India,Debit Card,Marketplace,Delivered
ORD102193,CUST1594,2024-03-21,Fashion,Denim Jacket,2019.85,1.0,nan,UPI,Mobile App,Delivered
ORD100669,CUST288,2024-07-12,Electronics,Phone Case,899.18,1.0,USA,COD,Mobile App,Delivered 
ORD103628,,2024-09-15,Home & Kitchen,LED Desk Lamp,2313.82,2.0,India,Debit Card,Website,Cancelled
ORD102209,CUST1516,03-15-2024,Beauty,Sunscreen SPF50,1177.16,1.0,USA,UPI,Mobile App,Delivered
ORD104543,CUST504,04-10-2024,Electronics,Wireless Earbuds,2334.31,2.0,India,PayPal,Mobile App,Delivered
ORD103317,CUST1600,02/04/2024,Sports,Resistance Bands,1136.5,1.0,india,Credit Card,Website,Delivered
ORD105446,CUST1198,09-05-2024,Toys,Puzzle 1000pc,1119.61,1.0,India,Debit Card,Marketplace,Delivered
ORD105807,CUST68,2024-04-26,Fashion,Running Shoes,2765.81,1.0,France,Debit Card,Marketplace,Delivered
ORD102804,CUST1663,2024-04-02,Home & Kitchen,Non-stick Pan Set,3314.77,1.0,Germany,UPI,Mobile App,Delivered
ORD105149,CUST474,02-04-2024,Electronics,Wireless Earbuds,770.89,1.0,India,PayPal,Website,Cancelled
ORD100652,CUST1145,06-21-2024,Sports,Resistance Bands,1493.07,1.0,UAE,COD,Mobile App,Delivered
ORD103677,CUST1764,2024-05-08,Sports,Cycling Gloves,798.4,1.0,India,Credit Card,Marketplace,Returned
ORD105268,CUST262,07/02/2024,Beauty,Sunscreen SPF50,909.98,1.0,india,COD,website,Delivered
ORD102096,CUST465,03-21-2024,Home & Kitchen,Storage Containers,2081.48,1.0,USA,UPI,Mobile App,Returned
ORD105947,CUST1762,2024-03-13,Toys,Building Blocks Set,1162.77,1.0,india,UPI,Website,Delivered
ORD101634,CUST1352,11/08/2024,Electronics,Smartwatch,282373.0,1.0,India,UPI,Website,Delivered
ORD103983,CUST888,2024-06-14,Beauty,Sunscreen SPF50,823.65,2.0,INDIA,PayPal,Website,Delivered
ORD105050,CUST452,04-05-2024,Fashion,Leather Wallet,1182.36,1.0,India,PayPal,Marketplace,Delivered
ORD102943,CUST107,03-22-2024,Electronics,USB-C Cable,4314.34,1.0,UK,Credit Card,Website,Delivered
ORD100631,CUST513,2024-01-08,Home & Kitchen,Storage Containers,2225.94,2.0,United States,Net Banking,Website,Cancelled
ORD103031,CUST219,2024-09-11,Sports,Resistance Bands,2426.06,1.0,India,UPI,Marketplace,Delivered
ORD101568,CUST1227,2024-02-18,Fashion,Running Shoes,1594.03,1.0,UK,Credit Card,Mobile App,Delivered
ORD102526,CUST1654,2024-09-20,Sports,Dumbbell Set,641.73,1.0,United States,PayPal,Mobile App,Returned
ORD101078,CUST1717,2024-02-23,Electronics,Wireless Earbuds,3668.31,2.0,India,UPI,Website,Delivered
ORD105039,CUST774,18/05/2024,Books,Cookbook,551.86,1.0,nan,Net Banking,MOBILE APP,Delivered
ORD102510,CUST354,02-25-2024,Electronics,Wireless Earbuds,1097.56,1.0,INDIA,UPI,Mobile App,Delivered
ORD102182,CUST62,2024-01-01,Electronics,Wireless Earbuds,986.91,1.0,India,Credit Card,Website,Delivered
ORD104695,CUST60,2024-03-12,Electronics,Wireless Earbuds,4396.33,3.0,india,UPI,MOBILE APP,Delivered
ORD102937,CUST21,2024-02-02,Beauty,Makeup Brush Kit,1221.45,2.0,India,Debit Card,Marketplace,Delivered
ORD104533,CUST1097,2024-04-03,Home & Kitchen,Storage Containers,2774.37,2.0,India,Credit Card,Website,delivered
ORD100780,CUST1018,2024-07-28,Beauty,Makeup Brush Kit,833.77,2.0,UK,Credit Card,Marketplace,Delivered
ORD100519,CUST7,2024-07-26,Sports,Cycling Gloves,886.73,2.0,UK,COD,Mobile App,Delivered
ORD100984,CUST706,2024-04-25,Toys,Board Game,1115.1,4.0,India,Net Banking,Website,Delivered
ORD105134,CUST533,06/09/2024,Electronics,Smartwatch,2984.76,2.0,USA,Credit Card,Website,Delivered
ORD101458,CUST1387,06-24-2024,Books,Kids Picture Book,531.6,,UK,UPI,Marketplace,Delivered
ORD103681,CUST1519,31/01/2024,Electronics,Power Bank,4133.92,1.0,UAE,UPI,Website,Delivered
ORD102442,CUST1585,2024-06-20,Electronics,Smartwatch,2274.36,1.0,India,UPI,website,Delivered
ORD100127,CUST860,2024-02-19,Electronics,Bluetooth Speaker,984.75,1.0,India,UPI,Marketplace,Delivered
ORD102009,CUST819,14/05/2024,Sports,Dumbbell Set,852.84,1.0,Germany,UPI,website,Delivered
ORD104792,CUST414,05-09-2024,Toys,Puzzle 1000pc,1902.52,1.0,United Kingdom,Debit Card,Website,Delivered
ORD105312,CUST540,2024-01-08,Home & Kitchen,Non-stick Pan Set,2533.43,2.0,USA,UPI,Mobile App,Returned
ORD100892,CUST1157,2024-03-13,Beauty,Makeup Brush Kit,1446.49,1.0,India,Credit Card,Mobile App,Returned
ORD105245,CUST188,17/07/2024,Home & Kitchen,Air Fryer,3081.84,1.0,France,UPI,Mobile App,Delivered
ORD102030,CUST933,30/01/2024,Toys,RC Car,1688.13,2.0,India,,Mobile App,Delivered
ORD102299,CUST261,03-27-2024,Electronics,Wireless Earbuds,2947.77,1.0,India,COD,Mobile App,Cancelled
ORD101320,CUST1623,2024-08-16,Books,Cookbook,195.95,1.0,Germany,Net Banking,MOBILE APP,Returned
ORD100036,CUST1485,2024-01-06,Electronics,Wireless Earbuds,2365.69,1.0,UK,UPI,Marketplace,Cancelled
ORD103398,CUST915,2024-07-11,Books,Cookbook,258.94,1.0,India,UPI,Marketplace,Delivered
ORD104472,CUST1142,17/03/2024,Sports,Yoga Mat,2192.39,2.0,USA,Net Banking,Mobile App,Delivered
ORD100989,CUST139,2024-05-13,Beauty,Makeup Brush Kit,1201.1,5.0,India,Net Banking,MOBILE APP,Returned
ORD100816,CUST138,26/01/2024,Sports,Resistance Bands,1129.06,1.0,India,Credit Card,Website,Delivered
ORD104488,CUST1771,15/03/2024,Electronics,Wireless Earbuds,4510.61,1.0,India,Debit Card,Marketplace,Delivered
ORD103990,CUST732,2024-03-31,Sports,Yoga Mat,2132.34,2.0,India,Net Banking,MOBILE APP,Delivered
ORD100063,CUST29,02-10-2024,Electronics,Power Bank,581.76,1.0,India,UPI,Mobile App,Returned
ORD103276,CUST1353,2024-03-02,Fashion,Denim Jacket,757.98,1.0,France,Debit Card,Mobile App,Delivered
ORD101930,CUST470,2024-07-18,Sports,Water Bottle,1160.26,1.0,USA,Debit Card,Website,Delivered
ORD101272,CUST737,2024-06-29,Home & Kitchen,Non-stick Pan Set,3128.35,1.0,India,Credit Card,Website,Returned
ORD103992,CUST448,03-01-2024,Electronics,Smartwatch,3122.79,1.0,nan,Debit Card,Website,delivered
ORD105436,CUST1047,09/03/2024,Beauty,Face Serum,1255.21,1.0,India,COD,Mobile App,Delivered
ORD105650,CUST1725,10/08/2024,Electronics,USB-C Cable,1618.44,1.0,USA,Net Banking,Website,Delivered
ORD104252,CUST174,2024-04-10,Electronics,Phone Case,4507.14,1.0,India,Credit Card,Website,Delivered
ORD100190,CUST1630,2024-03-26,Beauty,Face Serum,368.64,2.0,USA,COD,Marketplace,Delivered
ORD103405,CUST215,2024-03-16,Electronics,Phone Case,685.78,1.0,UK,Credit Card,Mobile App,Delivered
ORD101185,CUST954,05-22-2024,Books,Self-Help Guide,226.9,1.0,UK,Credit Card,Marketplace,Delivered
ORD102966,CUST90,2024-01-27,Beauty,Lip Balm Set,328.27,3.0,india,PayPal,Marketplace,Delivered
ORD104754,CUST1505,06-22-2024,Beauty,Hair Dryer,946.07,1.0,India,UPI,Marketplace,Delivered
ORD100444,CUST1463,01/06/2024,Electronics,Phone Case,4797.29,1.0,India,UPI,Website,Returned
ORD103775,CUST185,2024-08-02,Home & Kitchen,LED Desk Lamp,1929.29,1.0,India,UPI,Mobile App,Delivered
ORD104152,CUST1531,06-28-2024,Sports,Yoga Mat,1833.83,1.0,India,Debit Card,Website,Delivered
ORD100398,CUST551,2024-02-19,Fashion,Denim Jacket,564.88,2.0,india,Net Banking,Mobile App,Delivered
ORD101651,CUST1521,01-09-2024,Beauty,Lip Balm Set,274.06,1.0,India,Debit Card,Marketplace,Cancelled
ORD100810,CUST325,2024-04-17,Toys,Puzzle 1000pc,1279.95,2.0,India,credit card,Marketplace,Delivered
ORD100658,CUST573,2024-06-26,Electronics,USB-C Cable,4367.49,1.0,USA,Credit Card,Website,Delivered
ORD102008,CUST1233,25/08/2024,Sports,Yoga Mat,1093.48,1.0,France,Credit Card,website,Delivered
ORD101353,CUST742,2024-01-26,Electronics,USB-C Cable,4562.4,1.0,India,Credit Card,website,Delivered
ORD101697,CUST197,2024-01-19,Sports,Cycling Gloves,2069.15,1.0,India,PayPal,Website,Delivered
ORD100126,CUST1246,28/05/2024,Toys,Building Blocks Set,701.26,1.0,UAE,Net Banking,Mobile App,Delivered
ORD105410,CUST745,2024-04-18,Electronics,Smartwatch,1241.09,2.0,Germany,UPI,Marketplace,Delivered
ORD100188,CUST1259,2024-06-04,Beauty,Face Serum,1473.61,2.0,United States,Credit Card,Mobile App,Delivered
ORD105529,CUST74,2024-09-27,Sports,Cycling Gloves,1598.92,4.0,Germany,,website,Delivered
ORD101070,CUST240,23/08/2024,Electronics,Bluetooth Speaker,3424.7,1.0,India,Debit Card,Mobile App,Delivered
ORD101631,CUST1544,03-08-2024,Electronics,Wireless Earbuds,1096.72,1.0,India,credit card,Website,Cancelled
ORD102934,CUST225,2024-05-21,Fashion,Leather Wallet,2300.13,1.0,India,UPI,Mobile App,Cancelled
ORD103696,CUST924,2024-05-26,Fashion,Sunglasses,781.6,1.0,USA,COD,Website,Delivered
ORD105251,CUST1315,13/05/2024,Beauty,Hair Dryer,1476.55,3.0,India,Debit Card,Mobile App,Delivered
ORD101033,CUST259,2024-03-03,Electronics,Power Bank,4244.18,1.0,India,Credit Card,Website,Delivered
ORD103501,,2024-04-22,Electronics,Smartwatch,852.15,1.0,India,credit card,Website,Delivered
ORD105863,CUST269,2024-07-07,Fashion,Denim Jacket,791.96,2.0,United States,Credit Card,Mobile App,Delivered
ORD105100,CUST744,2024-08-28,Toys,Puzzle 1000pc,1744.75,1.0,India,Credit Card,Website,Returned
ORD102364,CUST384,2024-08-06,Electronics,Wireless Earbuds,3569.46,1.0,India,Debit Card,Website,Delivered
ORD102464,CUST1519,06/09/2024,Sports,Yoga Mat,1670.18,2.0,India,Net Banking,Marketplace,Delivered
ORD102088,CUST1310,2024-01-04,Home & Kitchen,Non-stick Pan Set,3424.88,2.0,India,COD,Marketplace,Delivered
ORD100473,CUST33,03-01-2024,Books,Self-Help Guide,326.99,2.0,INDIA,Credit Card,Website,Cancelled
ORD100306,CUST221,2024-02-11,Sports,Resistance Bands,1605.79,1.0,India,credit card,Website,Delivered
ORD105179,CUST134,27/03/2024,Fashion,Sunglasses,2035.71,2.0,Germany,Net Banking,Marketplace,Delivered
ORD103229,CUST1722,2024-04-03,Home & Kitchen,Air Fryer,3186.05,2.0,France,UPI,Mobile App,Returned
ORD102647,CUST42,09-02-2024,Sports,Dumbbell Set,1804.45,,India,Net Banking,Mobile App,Delivered
ORD105802,CUST1194,2024-01-26,Electronics,Smartwatch,3961.84,1.0,India,credit card,Marketplace,Returned
ORD105522,CUST1695,02-02-2024,Electronics,USB-C Cable,2462.8,2.0,India,UPI,Website,Delivered
ORD104554,CUST800,02-19-2024,Beauty,Face Serum,763.25,1.0,USA,Credit Card,Marketplace,Returned
ORD105585,CUST603,2024-09-15,Home & Kitchen,Storage Containers,1075.23,1.0,nan,credit card,Marketplace,Delivered
ORD105531,CUST1245,2024-09-19,Home & Kitchen,Blender,2707.43,1.0,USA,Net Banking,Marketplace,Returned
ORD102050,CUST1227,2024-04-23,Fashion,Cotton T-Shirt,2871.27,1.0,india,Debit Card,Website,Delivered
ORD105990,CUST1443,2024-04-20,Electronics,USB-C Cable,785.67,,France,Net Banking,Website,Delivered
ORD101161,CUST365,2024-08-16,Toys,Puzzle 1000pc,1524.63,1.0,USA,UPI,website,Cancelled
ORD102553,CUST421,2024-02-07,Toys,RC Car,402.0,1.0,USA,COD,Mobile App,Delivered
ORD100156,CUST892,2024-08-20,Home & Kitchen,LED Desk Lamp,1702.32,1.0,India,Credit Card,Mobile App,Delivered
ORD101407,CUST51,03-17-2024,Beauty,Face Serum,569.88,1.0,France,UPI,Website,Delivered
ORD105440,CUST1196,2024-02-01,Electronics,USB-C Cable,1412.96,1.0,UK,Debit Card,Marketplace,Delivered
ORD101181,CUST952,2024-07-26,Beauty,Sunscreen SPF50,796.37,1.0,USA,Debit Card,Mobile App,delivered
ORD104652,CUST563,2024-04-18,Electronics,Wireless Earbuds,1627.89,1.0,USA,UPI,Mobile App,Delivered
ORD103147,CUST545,2024-05-02,Fashion,Cotton T-Shirt,2366.96,2.0,India,Credit Card,Mobile App,Returned
ORD100311,CUST1750,2024-01-15,Fashion,Cotton T-Shirt,1664.54,2.0,UK,COD,Marketplace,Delivered
ORD102024,CUST670,2024-03-05,Home & Kitchen,Storage Containers,3092.52,4.0,nan,Credit Card,Website,Delivered
ORD103047,CUST290,2024-04-25,Beauty,Hair Dryer,1362.34,1.0,USA,credit card,Marketplace,Delivered
ORD102141,,2024-06-30,Toys,Board Game,810.56,2.0,UK,Credit Card,Marketplace,Delivered
ORD102338,CUST904,09-13-2024,Toys,Puzzle 1000pc,1358.23,1.0,Germany,,MOBILE APP,Delivered
ORD105344,CUST333,07-28-2024,Fashion,Sunglasses,209.84,1.0,UK,UPI,Mobile App,Delivered
ORD104435,CUST666,2024-04-06,Electronics,Phone Case,2473.73,2.0,UAE,credit card,Mobile App,delivered
ORD100174,CUST1077,2024-03-14,Fashion,Denim Jacket,543.18,1.0,USA,UPI,Website,Delivered
ORD105109,CUST754,2024-03-12,Beauty,Makeup Brush Kit,535.93,2.0,India,Debit Card,Website,Delivered
ORD100753,CUST1084,2024-07-04,Electronics,Smartwatch,3750.08,1.0,USA,Debit Card,Marketplace,Delivered
ORD100412,CUST404,12/04/2024,Sports,Yoga Mat,1830.38,1.0,India,UPI,Website,Delivered
ORD100229,CUST104,09-12-2024,Beauty,Sunscreen SPF50,1289.58,1.0,Germany,PayPal,website,Returned
ORD102310,CUST447,2024-05-21,Electronics,USB-C Cable,4899.04,1.0,UK,UPI,Website,Delivered
ORD102322,CUST228,2024-04-30,Beauty,Lip Balm Set,760.17,1.0,India,UPI,Mobile App,Delivered
ORD105178,CUST1518,01-12-2024,Sports,Resistance Bands,1378.71,3.0,France,Credit Card,website,Delivered
ORD105518,CUST158,2024-05-08,Fashion,Leather Wallet,2818.24,1.0,India,PayPal,MOBILE APP,Delivered
ORD100253,CUST183,04-25-2024,Electronics,USB-C Cable,1356.74,1.0,India,Net Banking,Mobile App,Delivered
ORD104068,CUST505,2024-02-23,Books,Kids Picture Book,324.58,3.0,USA,UPI,Website,Delivered
ORD100371,CUST474,2024-08-03,Fashion,Cotton T-Shirt,2471.56,1.0,Germany,Credit Card,Website,Delivered
ORD102886,CUST527,2024-04-29,Fashion,Sunglasses,1761.04,1.0,UK,Credit Card,Marketplace,Delivered
ORD101512,CUST620,2024-09-24,Books,Fiction Bestseller,320.28,1.0,India,UPI,Mobile App,Cancelled
ORD100531,CUST1110,2024-01-13,Beauty,Face Serum,,1.0,India,UPI,Marketplace,Delivered
ORD103886,,2024-01-31,Books,Fiction Bestseller,454.37,2.0,France,Credit Card,MOBILE APP,Delivered 
ORD103615,CUST1135,2024-05-13,Sports,Water Bottle,2091.34,1.0,USA,UPI,Website,Delivered
ORD104794,CUST357,22/08/2024,Books,Fiction Bestseller,197.87,1.0,USA,Debit Card,Website,Cancelled
ORD100654,CUST117,2024-01-06,Books,Cookbook,760.46,1.0,USA,credit card,Website,Delivered
ORD101333,CUST1648,2024-06-14,Books,Self-Help Guide,360.33,1.0,USA,UPI,Website,Delivered
ORD102238,CUST1493,06-11-2024,Toys,RC Car,1084.27,1.0,USA,,Marketplace,Returned
ORD100555,CUST464,2024-02-04,Sports,Cycling Gloves,865.04,1.0,UAE,Credit Card,Mobile App,Delivered
ORD100676,CUST471,24/06/2024,Electronics,Phone Case,3492.1,4.0,India,UPI,Mobile App,Delivered
ORD105229,CUST869,02-09-2024,Sports,Resistance Bands,1610.7,1.0,USA,Credit Card,MOBILE APP,Delivered
ORD103614,CUST1736,2024-07-03,Beauty,Hair Dryer,1261.18,1.0,UAE,UPI,Website,Delivered
ORD101460,CUST57,2024-06-30,Toys,Puzzle 1000pc,596.66,1.0,India,Credit Card,Mobile App,Delivered
ORD102140,CUST823,2024-06-03,Sports,Cycling Gloves,1587.53,1.0,India,UPI,Website,Delivered
ORD101491,CUST1746,04-15-2024,Beauty,Face Serum,1095.96,1.0,United States,COD,Website,Delivered
ORD101180,CUST1574,2024-02-08,Electronics,Wireless Earbuds,3681.22,2.0,nan,UPI,Website,Delivered
ORD100032,CUST348,2024-04-26,Books,Cookbook,433.4,1.0,UAE,Credit Card,MOBILE APP,Delivered
ORD102978,CUST8,2024-07-22,Toys,Board Game,1584.08,1.0,Germany,UPI,Mobile App,Delivered
ORD105740,CUST1354,2024-09-09,Sports,Yoga Mat,2398.34,1.0,India,UPI,Mobile App,Delivered
ORD105649,CUST1775,04-16-2024,Books,Self-Help Guide,183.2,1.0,India,,Mobile App,Delivered
ORD105047,CUST480,2024-01-22,Home & Kitchen,LED Desk Lamp,1318.19,1.0,nan,PayPal,Website,Returned
ORD100060,CUST1075,2024-06-13,Beauty,Sunscreen SPF50,1236.18,1.0,India,Debit Card,Website,Delivered
ORD101576,CUST433,04-23-2024,Fashion,Cotton T-Shirt,490.78,1.0,USA,COD,Website,Delivered
ORD101350,CUST1587,2024-07-14,Electronics,Wireless Earbuds,914.81,1.0,India,UPI,Mobile App,Delivered
ORD101890,CUST1233,2024-01-09,Electronics,Bluetooth Speaker,988.19,1.0,India,Credit Card,Mobile App,Delivered
ORD101679,,2024-04-23,Fashion,Sunglasses,1536.14,3.0,USA,Net Banking,Website,Delivered
ORD105106,CUST1365,05-02-2024,Books,Fiction Bestseller,188.99,1.0,India,Credit Card,Website,Delivered
ORD105827,CUST1440,2024-03-27,Beauty,Hair Dryer,1299.51,2.0,India,UPI,Marketplace,Cancelled
ORD103419,CUST765,01-02-2024,Sports,Yoga Mat,2142.95,1.0,India,Credit Card,Marketplace,Delivered
ORD102339,,20/01/2024,Sports,Yoga Mat,766.88,1.0,nan,UPI,Marketplace,Delivered
ORD101130,CUST1413,2024-08-13,Electronics,Smartwatch,842.13,4.0,USA,Credit Card,Marketplace,Returned
ORD103920,CUST335,2024-05-16,Home & Kitchen,Storage Containers,1925.37,1.0,UAE,Credit Card,Marketplace,Delivered
ORD101591,CUST899,2024-06-16,Toys,Board Game,1171.52,1.0,United States,,Marketplace,Delivered
ORD105231,CUST705,2024-05-24,Sports,Yoga Mat,249.49,4.0,nan,Net Banking,Marketplace,Delivered
ORD104537,CUST1509,2024-08-08,Electronics,Wireless Earbuds,2948.68,1.0,France,Credit Card,Mobile App,Delivered
ORD101546,CUST765,2024-01-10,Fashion,Leather Wallet,2808.38,1.0,INDIA,Debit Card,Mobile App,Delivered
ORD103465,CUST909,09/08/2024,Home & Kitchen,Storage Containers,1078.88,1.0,India,UPI,Website,Delivered
ORD103404,CUST356,2024-06-07,Home & Kitchen,Non-stick Pan Set,1486.5,4.0,India,Credit Card,Website,Delivered
ORD103119,CUST892,01-06-2024,Beauty,Sunscreen SPF50,197.56,1.0,India,UPI,Mobile App,Delivered
ORD101390,CUST407,2024-01-13,Electronics,USB-C Cable,1644.6,1.0,nan,UPI,Mobile App,Delivered
ORD102989,CUST1604,2024-05-15,Home & Kitchen,Air Fryer,653.41,1.0,France,PayPal,Website,Delivered
ORD103360,CUST615,01-17-2024,Fashion,Denim Jacket,2493.26,1.0,nan,UPI,Website,Delivered
ORD101053,CUST1198,2024-03-01,Books,Kids Picture Book,262.28,1.0,UK,Credit Card,Marketplace,Delivered
ORD102370,CUST355,07-09-2024,Fashion,Cotton T-Shirt,2795.53,1.0,UK,Debit Card,Website,Delivered
ORD102471,CUST1622,2024-09-04,Electronics,USB-C Cable,2410.02,1.0,India,Credit Card,Website,Delivered
ORD102342,CUST1586,09-16-2024,Home & Kitchen,Air Fryer,2191.39,2.0,USA,UPI,Marketplace,Delivered
ORD103960,CUST1100,10/04/2024,Beauty,Sunscreen SPF50,981.23,1.0,UK,UPI,Mobile App,Delivered
ORD101510,CUST878,04-05-2024,Toys,Building Blocks Set,1268.84,2.0,India,Debit Card,Website,delivered
ORD100218,CUST938,2024-07-19,Toys,RC Car,868.97,1.0,India,Debit Card,Website,Delivered
ORD104977,CUST862,2024-02-25,Beauty,Lip Balm Set,399.37,1.0,nan,COD,Marketplace,Delivered
ORD101750,CUST1572,03-08-2024,Sports,Yoga Mat,264.12,1.0,India,UPI,Website,Delivered
ORD105901,CUST929,2024-09-20,Electronics,Phone Case,2566.9,1.0,UAE,COD,Mobile App,Delivered
ORD101694,CUST1252,2024-08-30,Electronics,Bluetooth Speaker,2982.85,,France,Credit Card,Mobile App,Delivered
ORD100243,CUST220,2024-04-05,Electronics,Smartwatch,1483.19,2.0,France,PayPal,Mobile App,Delivered
ORD100568,CUST243,2024-04-01,Fashion,Sunglasses,1842.97,2.0,UK,Net Banking,Website,Delivered
ORD102761,CUST1190,2024-09-08,Fashion,Sunglasses,1195.68,1.0,india,credit card,Mobile App,Delivered
ORD103511,CUST562,05/06/2024,Toys,Building Blocks Set,1045.37,2.0,INDIA,Debit Card,Mobile App,Delivered
ORD103984,CUST1795,20/09/2024,Electronics,Wireless Earbuds,805.7,3.0,France,UPI,Mobile App,Cancelled
ORD104900,CUST96,2024-03-10,Sports,Cycling Gloves,1469.66,2.0,France,UPI,Mobile App,Delivered
ORD100132,CUST406,2024-07-10,Beauty,Hair Dryer,1208.61,2.0,USA,Debit Card,Website,Delivered
ORD105602,CUST972,2024-09-15,Electronics,Phone Case,3524.84,1.0,India,UPI,Website,Delivered
ORD104830,,2024-03-14,Toys,RC Car,1760.76,2.0,India,Credit Card,Mobile App,Returned
ORD101712,CUST260,2024-02-07,Beauty,Makeup Brush Kit,1128.59,1.0,India,Credit Card,Mobile App,Delivered
ORD101586,CUST765,2024-01-03,Fashion,Leather Wallet,,1.0,India,COD,Website,Delivered
ORD103955,CUST1562,2024-07-12,Fashion,Leather Wallet,280.99,2.0,USA,credit card,Website,Returned
ORD105783,CUST1329,2024-01-17,Electronics,Smartwatch,4504.36,2.0,USA,Credit Card,Mobile App,Delivered
ORD105115,CUST357,2024-08-05,Home & Kitchen,Non-stick Pan Set,696.83,1.0,UK,Credit Card,Website,Delivered
ORD103932,CUST1645,29/02/2024,Home & Kitchen,Storage Containers,1185.48,1.0,India,Credit Card,Website,Delivered
ORD100904,CUST230,2024-01-19,Electronics,Wireless Earbuds,3556.34,1.0,India,Credit Card,Mobile App,Delivered
ORD100819,CUST1060,03-19-2024,Electronics,Power Bank,1033.03,1.0,Germany,Net Banking,Website,Delivered
ORD100485,CUST482,01-26-2024,Home & Kitchen,Non-stick Pan Set,1957.64,1.0,Germany,UPI,Mobile App,Delivered
ORD102092,CUST1406,2024-04-20,Beauty,Makeup Brush Kit,621.32,1.0,India,Credit Card,Marketplace,Returned
ORD101837,CUST84,03-27-2024,Home & Kitchen,Storage Containers,1922.07,1.0,India,UPI,Marketplace,Delivered
ORD102611,CUST890,01-30-2024,Fashion,Cotton T-Shirt,2307.28,1.0,UK,Net Banking,Website,Returned
ORD101937,CUST137,2024-06-29,Fashion,Cotton T-Shirt,527.41,2.0,INDIA,Credit Card,Marketplace,Delivered
ORD101032,CUST1798,2024-06-28,Fashion,Sunglasses,2461.44,2.0,India,UPI,Website,Delivered
ORD101265,CUST679,2024-09-13,Electronics,USB-C Cable,2860.39,1.0,USA,UPI,MOBILE APP,Delivered 
ORD102026,CUST238,09/01/2024,Home & Kitchen,Storage Containers,1719.79,2.0,USA,UPI,Website,Delivered
ORD101530,CUST1533,08-02-2024,Books,Fiction Bestseller,657.11,1.0,india,Net Banking,Mobile App,Returned
ORD105833,CUST736,2024-05-25,Fashion,Cotton T-Shirt,2928.77,1.0,India,UPI,Mobile App,Delivered
ORD100738,CUST1510,13/01/2024,Home & Kitchen,Air Fryer,1815.19,2.0,United States,Credit Card,Marketplace,Returned
ORD100281,CUST251,2024-08-06,Sports,Cycling Gloves,1382.26,1.0,India,Credit Card,Website,Delivered
ORD102286,CUST1023,2024-03-04,Home & Kitchen,LED Desk Lamp,2105.61,1.0,UK,Debit Card,Website,Delivered
ORD104271,CUST438,24/07/2024,Fashion,Running Shoes,1599.76,1.0,India,,Mobile App,Returned
ORD103868,CUST37,01-14-2024,Home & Kitchen,Blender,3073.63,1.0,India,UPI,Website,Delivered
ORD100204,CUST1342,16/02/2024,Electronics,Wireless Earbuds,3583.5,1.0,India,,Marketplace,Delivered
ORD102099,CUST1221,04-19-2024,Sports,Water Bottle,307.64,1.0,Germany,Credit Card,Mobile App,Delivered
ORD105413,CUST563,19/04/2024,Books,Self-Help Guide,438.65,2.0,India,,website,Cancelled
ORD104697,CUST114,03/04/2024,Beauty,Sunscreen SPF50,461.03,1.0,United Kingdom,PayPal,Website,Delivered
ORD102960,CUST1310,02-03-2024,Electronics,Smartwatch,1665.12,1.0,India,UPI,Mobile App,Delivered
ORD105655,CUST1114,2024-02-19,Electronics,Bluetooth Speaker,2992.18,2.0,UK,UPI,Mobile App,Delivered
ORD104112,CUST374,2024-03-17,Sports,Dumbbell Set,648.75,1.0,india,Credit Card,Marketplace,Cancelled
ORD104981,CUST1420,2024-09-16,Fashion,Denim Jacket,2473.34,1.0,United States,Debit Card,Website,Delivered
ORD100617,CUST1191,2024-04-30,Sports,Dumbbell Set,2339.22,1.0,UK,PayPal,Mobile App,Delivered
ORD101682,CUST1774,2024-02-28,Fashion,Leather Wallet,2120.95,5.0,India,UPI,Marketplace,Delivered
ORD101404,CUST1485,2024-07-17,Sports,Resistance Bands,277.24,1.0,USA,Credit Card,Marketplace,Delivered
ORD105865,CUST366,2024-06-30,Home & Kitchen,LED Desk Lamp,2058.82,,France,UPI,Website,Delivered
ORD103104,CUST739,03-31-2024,Fashion,Running Shoes,1162.25,1.0,USA,Credit Card,Mobile App,Returned
ORD103447,CUST1104,2024-05-13,Beauty,Hair Dryer,972.0,3.0,UK,PayPal,Mobile App,Delivered
ORD105965,CUST839,2024-08-02,Electronics,Smartwatch,4053.91,3.0,India,UPI,Website,Delivered
ORD103374,CUST1435,02-27-2024,Fashion,Running Shoes,2473.81,1.0,India,PayPal,Website,delivered
ORD103209,CUST887,2024-08-11,Electronics,USB-C Cable,4154.3,4.0,India,Credit Card,MOBILE APP,Delivered
ORD105146,CUST932,08-01-2024,Electronics,Phone Case,1987.72,1.0,india,PayPal,website,Delivered
ORD100584,CUST220,03-29-2024,Fashion,Cotton T-Shirt,1981.0,2.0,Germany,Debit Card,Mobile App,Delivered
ORD100277,CUST505,12/06/2024,Home & Kitchen,Storage Containers,1843.68,2.0,India,Debit Card,Mobile App,Delivered 
ORD100183,CUST12,2024-06-08,Electronics,Smartwatch,3482.53,2.0,France,COD,Marketplace,Delivered
ORD103750,CUST92,29/01/2024,Books,Cookbook,768.18,1.0,USA,Net Banking,Mobile App,delivered
ORD101436,CUST418,2024-09-27,Beauty,Face Serum,194.42,1.0,India,Credit Card,Mobile App,Delivered
ORD101772,CUST568,01-09-2024,Home & Kitchen,Blender,2259.97,2.0,UK,COD,website,Delivered
ORD101932,CUST1701,04-05-2024,Fashion,Running Shoes,996.16,1.0,nan,COD,Mobile App,Delivered
ORD100079,CUST363,08-11-2024,Home & Kitchen,Blender,2916.49,1.0,India,Debit Card,Mobile App,Delivered
ORD103332,CUST557,29/08/2024,Toys,Puzzle 1000pc,774.09,3.0,India,UPI,Marketplace,Delivered
ORD100710,CUST1322,09-12-2024,Electronics,Wireless Earbuds,1558.62,1.0,UK,UPI,Mobile App,Returned
ORD100100,CUST494,2024-05-08,Books,Cookbook,664.49,2.0,India,UPI,Website,Delivered
ORD104081,CUST1533,2024-03-25,Fashion,Denim Jacket,1445.19,1.0,India,credit card,Mobile App,Delivered
ORD100701,CUST1315,2024-04-09,Toys,Building Blocks Set,827.17,1.0,USA,UPI,Mobile App,Cancelled
ORD102750,CUST1575,2024-08-24,Home & Kitchen,Air Fryer,2784.96,3.0,India,Debit Card,Website,Returned
ORD101044,CUST428,08-17-2024,Electronics,Phone Case,,1.0,USA,Net Banking,Mobile App,Delivered
ORD100029,CUST1493,2024-08-10,Sports,Yoga Mat,459.97,4.0,India,Net Banking,Mobile App,Delivered
ORD104333,CUST1628,18/06/2024,Fashion,Denim Jacket,2158.99,3.0,INDIA,UPI,Marketplace,Delivered
ORD103333,CUST795,04/06/2024,Toys,Building Blocks Set,1525.27,1.0,India,Credit Card,Mobile App,Delivered
ORD105694,CUST1210,19/05/2024,Home & Kitchen,Air Fryer,1871.0,2.0,USA,UPI,Mobile App,Delivered
ORD102675,CUST363,04-23-2024,Books,Fiction Bestseller,686.71,2.0,India,COD,Mobile App,Delivered
ORD103954,,04/08/2024,Home & Kitchen,Storage Containers,1469.01,1.0,USA,PayPal,Website,Delivered
ORD103761,CUST103,01-26-2024,Books,Self-Help Guide,328.61,3.0,India,Credit Card,Website,Delivered
ORD105412,CUST1433,2024-05-10,Fashion,Cotton T-Shirt,1530.08,1.0,Germany,UPI,Marketplace,Delivered
ORD101926,CUST1454,2024-05-06,Electronics,Smartwatch,2471.37,1.0,France,UPI,Marketplace,Delivered
ORD105195,CUST1133,2024-07-12,Beauty,Makeup Brush Kit,430.65,3.0,France,Net Banking,Mobile App,Cancelled
ORD105317,CUST1219,2024-04-27,Electronics,Smartwatch,4734.7,1.0,India,COD,Website,Cancelled
ORD100184,CUST412,28/04/2024,Fashion,Leather Wallet,1525.67,4.0,United Kingdom,,Mobile App,Delivered 
ORD101385,CUST840,2024-03-02,Home & Kitchen,Non-stick Pan Set,2858.09,1.0,India,UPI,website,Returned
ORD104597,CUST833,2024-06-22,Home & Kitchen,Air Fryer,1474.74,1.0,UK,COD,Mobile App,Returned
ORD102184,CUST1015,2024-03-15,Beauty,Face Serum,975.39,1.0,India,UPI,Website,Delivered
ORD102186,CUST497,2024-05-28,Fashion,Running Shoes,1929.75,2.0,India,Credit Card,website,Delivered
ORD105523,CUST1166,04-19-2024,Beauty,Sunscreen SPF50,644.52,2.0,India,Credit Card,Website,Delivered
ORD103655,CUST478,2024-01-31,Fashion,Sunglasses,1810.93,5.0,United States,PayPal,Mobile App,Delivered
ORD102634,CUST1248,05-29-2024,Home & Kitchen,Blender,2037.74,2.0,UAE,COD,Website,Delivered
ORD100101,CUST305,2024-04-19,Fashion,Cotton T-Shirt,835.35,1.0,United States,Net Banking,Mobile App,Delivered
ORD101568,CUST1227,2024-02-18,Fashion,Running Shoes,1594.03,1.0,UK,Credit Card,Mobile App,Delivered
ORD101611,CUST499,2024-07-10,Home & Kitchen,Non-stick Pan Set,312.07,1.0,India,Debit Card,Mobile App,Cancelled
ORD102660,CUST75,2024-03-26,Home & Kitchen,LED Desk Lamp,2381.99,2.0,India,Net Banking,Website,Delivered
ORD101096,CUST1021,02-26-2024,Home & Kitchen,Non-stick Pan Set,2504.71,4.0,India,COD,Website,Delivered
ORD102812,CUST1259,28/03/2024,Electronics,Bluetooth Speaker,2984.21,2.0,india,Net Banking,Website,Delivered
ORD102460,CUST1369,02-12-2024,Electronics,Phone Case,1327.75,1.0,Germany,UPI,Mobile App,Delivered
ORD104033,CUST471,24/07/2024,Home & Kitchen,LED Desk Lamp,932.71,2.0,UAE,Debit Card,Marketplace,Delivered
ORD103575,CUST1220,04-23-2024,Fashion,Leather Wallet,2673.54,1.0,UAE,Debit Card,Website,Delivered
ORD105363,CUST814,05-26-2024,Electronics,Bluetooth Speaker,3840.79,5.0,india,Net Banking,Marketplace,Delivered
ORD105811,CUST1705,2024-01-02,Sports,Cycling Gloves,2174.53,1.0,USA,Credit Card,Website,Delivered
ORD101789,CUST952,14/08/2024,Sports,Water Bottle,1097.26,4.0,USA,Net Banking,Mobile App,Cancelled
ORD105246,CUST288,2024-05-27,Sports,Cycling Gloves,2184.08,2.0,India,COD,Website,Delivered
ORD100230,CUST781,26/03/2024,Electronics,Phone Case,4511.7,1.0,India,Net Banking,Mobile App,Delivered
ORD105715,CUST1090,2024-01-30,Home & Kitchen,Non-stick Pan Set,2861.22,3.0,Germany,Debit Card,Website,Delivered
ORD102226,,2024-07-11,Fashion,Denim Jacket,2801.41,1.0,India,Credit Card,Mobile App,Delivered
ORD102316,CUST1796,2024-07-13,Beauty,Makeup Brush Kit,460.6,1.0,UK,Net Banking,Website,Delivered
ORD102753,CUST1539,2024-03-21,Home & Kitchen,LED Desk Lamp,422.3,,India,Credit Card,Website,Delivered
ORD104190,CUST1275,2024-07-01,Home & Kitchen,Storage Containers,3023.54,1.0,USA,Debit Card,Marketplace,Delivered
ORD103012,CUST1457,07-13-2024,Home & Kitchen,Air Fryer,3195.3,,USA,Credit Card,Website,Returned
ORD102122,CUST1411,2024-01-17,Sports,Resistance Bands,963.17,2.0,India,Credit Card,Mobile App,Delivered
ORD105070,CUST123,03-08-2024,Home & Kitchen,LED Desk Lamp,3227.24,1.0,India,Debit Card,Mobile App,Delivered
ORD102178,CUST259,2024-09-14,Electronics,Smartwatch,3968.71,1.0,India,UPI,Website,Delivered
ORD104970,CUST610,06-01-2024,Fashion,Sunglasses,1571.78,1.0,USA,UPI,Marketplace,Cancelled
ORD101156,CUST304,2024-03-17,Fashion,Sunglasses,2068.7,1.0,India,PayPal,Mobile App,Delivered
ORD101442,CUST1296,2024-08-20,Electronics,USB-C Cable,2019.96,1.0,India,Credit Card,Mobile App,Delivered
ORD103420,CUST286,2024-06-22,Electronics,Smartwatch,3299.66,1.0,USA,PayPal,Website,Cancelled
ORD100611,CUST993,04-19-2024,Toys,RC Car,378.93,2.0,India,UPI,Marketplace,Delivered
ORD102359,CUST1651,2024-04-02,Fashion,Sunglasses,2464.78,1.0,USA,Debit Card,Mobile App,Delivered
ORD101255,CUST1404,2024-04-03,Fashion,Running Shoes,2207.44,1.0,India,Debit Card,Mobile App,Cancelled
ORD104126,CUST749,05-27-2024,Toys,Board Game,1891.09,1.0,India,Debit Card,Mobile App,Delivered
ORD103579,CUST1240,2024-06-13,Beauty,Sunscreen SPF50,1457.89,3.0,India,UPI,Mobile App,Delivered
ORD105874,CUST942,09-14-2024,Sports,Water Bottle,1974.14,,France,UPI,Mobile App,Delivered
ORD103752,CUST820,04-10-2024,Electronics,Bluetooth Speaker,3394.94,4.0,India,UPI,Mobile App,Returned
ORD102608,CUST109,2024-04-01,Fashion,Cotton T-Shirt,651.86,3.0,India,Debit Card,Website,Delivered
ORD105337,CUST498,2024-08-13,Electronics,Bluetooth Speaker,4525.59,3.0,India,Credit Card,Website,Delivered
ORD104874,CUST686,01-10-2024,Sports,Yoga Mat,1732.33,2.0,India,Credit Card,Mobile App,Delivered
ORD101766,CUST53,2024-06-09,Electronics,Bluetooth Speaker,3163.9,1.0,India,Debit Card,Website,Delivered
ORD104242,CUST1410,2024-03-09,Beauty,Face Serum,1106.23,1.0,USA,PayPal,Mobile App,Delivered
ORD100276,CUST1016,2024-07-03,Sports,Dumbbell Set,776.48,,Germany,Credit Card,Marketplace,Delivered
ORD104834,CUST329,2024-06-21,Home & Kitchen,Non-stick Pan Set,3424.59,1.0,USA,Credit Card,MOBILE APP,Delivered
ORD101867,CUST1029,23/04/2024,Beauty,Face Serum,330.45,1.0,INDIA,Debit Card,Website,Delivered
ORD102793,CUST781,2024-05-02,Books,Kids Picture Book,522.9,1.0,France,Net Banking,Marketplace,Delivered
ORD105277,CUST1224,2024-06-08,Toys,RC Car,1241.43,5.0,UK,Debit Card,Mobile App,Delivered
ORD103986,CUST946,12/04/2024,Sports,Dumbbell Set,787.75,1.0,USA,Credit Card,website,Delivered
ORD101966,CUST1311,2024-03-17,Beauty,Makeup Brush Kit,1453.2,1.0,India,COD,MOBILE APP,Delivered
ORD102197,CUST631,09-26-2024,Sports,Cycling Gloves,304.27,1.0,Germany,UPI,Website,Delivered
ORD101536,CUST599,2024-05-20,Sports,Resistance Bands,1117.33,1.0,UAE,credit card,Mobile App,Delivered
ORD105925,CUST461,2024-05-21,Sports,Dumbbell Set,2050.41,2.0,Germany,PayPal,Mobile App,Delivered
ORD101249,CUST843,2024-02-26,Electronics,Wireless Earbuds,2785.33,1.0,USA,UPI,Marketplace,Delivered
ORD104602,CUST1036,2024-03-15,Home & Kitchen,Air Fryer,2553.3,2.0,USA,Credit Card,Marketplace,Delivered
ORD101676,CUST1771,2024-05-01,Toys,RC Car,997.09,2.0,USA,Credit Card,Mobile App,delivered
ORD103626,CUST335,2024-08-03,Electronics,Wireless Earbuds,4176.43,1.0,India,Net Banking,website,Delivered
ORD101311,CUST583,08-09-2024,Fashion,Sunglasses,1262.75,1.0,United States,COD,Marketplace,Delivered
ORD100430,CUST664,2024-05-22,Toys,RC Car,1071.16,1.0,India,UPI,Marketplace,Delivered
ORD101786,CUST331,2024-08-25,Electronics,Bluetooth Speaker,1803.67,2.0,India,UPI,MOBILE APP,Delivered
ORD105474,CUST428,2024-03-10,Home & Kitchen,Blender,3024.18,3.0,India,UPI,Website,Delivered
ORD104821,CUST702,2024-08-29,Fashion,Denim Jacket,2661.78,1.0,India,Debit Card,Mobile App,Delivered
ORD101831,CUST490,2024-07-31,Beauty,Lip Balm Set,1307.19,1.0,USA,UPI,MOBILE APP,Delivered
ORD102136,CUST1196,05-25-2024,Books,Kids Picture Book,133.28,2.0,India,PayPal,Mobile App,Delivered
ORD105186,CUST979,2024-02-23,Home & Kitchen,Storage Containers,570.28,1.0,Germany,UPI,Website,Delivered
ORD102534,CUST1557,2024-08-09,Electronics,Power Bank,4301.18,2.0,UK,COD,Website,Delivered
ORD103877,CUST418,04-09-2024,Electronics,Smartwatch,1150.25,3.0,India,COD,Mobile App,Delivered
ORD104341,CUST543,2024-01-06,Electronics,Smartwatch,4015.49,1.0,USA,Debit Card,Mobile App,Cancelled
ORD101784,CUST172,12/06/2024,Books,Cookbook,766.1,1.0,india,Debit Card,Mobile App,Delivered
ORD102067,CUST1317,2024-04-15,Beauty,Face Serum,881.89,1.0,India,UPI,Marketplace,Delivered
ORD101145,CUST640,04-28-2024,Home & Kitchen,Non-stick Pan Set,2931.27,1.0,india,COD,Mobile App,Delivered
ORD103720,CUST685,03-20-2024,Toys,Board Game,1128.05,1.0,India,Credit Card,Mobile App,Delivered
ORD105256,CUST1762,2024-02-07,Home & Kitchen,Non-stick Pan Set,399.58,1.0,UK,COD,Mobile App,Returned
ORD104501,CUST929,2024-01-11,Toys,Board Game,1133.24,2.0,India,COD,Marketplace,Delivered
ORD105804,CUST1197,2024-04-30,Electronics,Wireless Earbuds,865.72,3.0,India,Debit Card,Marketplace,Delivered
ORD105303,CUST1195,17/09/2024,Sports,Yoga Mat,538.4,2.0,Germany,Debit Card,Marketplace,Delivered
ORD101105,CUST1598,2024-03-05,Books,Cookbook,350.98,1.0,India,Net Banking,Website,Cancelled
ORD102456,,2024-07-17,Beauty,Hair Dryer,1156.56,3.0,UK,Debit Card,Mobile App,Delivered
ORD100608,CUST1101,2024-03-14,Beauty,Hair Dryer,503.25,2.0,USA,Credit Card,Mobile App,Delivered
ORD103557,CUST1443,07-12-2024,Books,Cookbook,193.78,2.0,UAE,Debit Card,Website,Delivered
ORD102861,CUST984,18/08/2024,Fashion,Sunglasses,557.54,1.0,Germany,UPI,Mobile App,Delivered
ORD105379,CUST1156,09/04/2024,Electronics,Phone Case,1374.08,1.0,India,Net Banking,Website,Delivered
ORD100215,CUST1689,02-01-2024,Home & Kitchen,Blender,2950.38,1.0,Germany,COD,Mobile App,Delivered
ORD101217,CUST1188,06-03-2024,Fashion,Denim Jacket,932.18,1.0,India,Credit Card,Mobile App,Delivered
ORD100274,CUST887,16/02/2024,Electronics,Bluetooth Speaker,2855.2,1.0,India,Net Banking,Website,Returned
ORD104555,CUST590,26/01/2024,Toys,RC Car,1736.79,2.0,France,UPI,Mobile App,Delivered
ORD105575,CUST481,2024-02-13,Beauty,Lip Balm Set,864.35,2.0,USA,Debit Card,Mobile App,Delivered
ORD101223,CUST875,2024-05-28,Toys,Puzzle 1000pc,1902.99,3.0,Germany,COD,Marketplace,Delivered
ORD102387,CUST1348,03/09/2024,Books,Cookbook,355.49,1.0,India,credit card,Mobile App,Delivered
ORD102927,CUST871,05-06-2024,Electronics,Bluetooth Speaker,1346.68,4.0,India,Debit Card,Website,Cancelled
ORD102645,CUST40,06-10-2024,Fashion,Cotton T-Shirt,1552.57,1.0,UK,COD,Website,Delivered
ORD104297,CUST730,2024-05-24,Electronics,Phone Case,2102.46,2.0,Germany,PayPal,Mobile App,Cancelled
ORD105484,CUST71,2024-01-20,Electronics,Bluetooth Speaker,3815.34,2.0,India,COD,Website,Delivered
ORD104029,CUST1534,08-16-2024,Electronics,Wireless Earbuds,4484.03,1.0,India,UPI,Website,Delivered
ORD101555,CUST1100,2024-05-13,Electronics,Bluetooth Speaker,1862.31,2.0,USA,PayPal,website,Delivered
ORD104986,CUST414,2024-01-07,Sports,Resistance Bands,1343.19,1.0,India,UPI,Marketplace,Delivered
ORD104048,CUST599,02-20-2024,Electronics,Power Bank,3140.01,1.0,India,UPI,Marketplace,Delivered
ORD105496,CUST238,02-14-2024,Electronics,Power Bank,1450.35,,Germany,UPI,Marketplace,Delivered
ORD101361,CUST1103,09-16-2024,Fashion,Sunglasses,386.78,1.0,UAE,Credit Card,Mobile App,Delivered
ORD100656,CUST978,2024-07-13,Fashion,Cotton T-Shirt,227.2,1.0,India,COD,Mobile App,Delivered
ORD105995,CUST1235,2024-07-25,Sports,Resistance Bands,2453.33,2.0,France,Credit Card,Website,Returned
ORD103786,CUST356,2024-01-13,Sports,Yoga Mat,1970.27,1.0,Germany,credit card,Mobile App,Delivered
ORD103018,CUST539,04-28-2024,Home & Kitchen,LED Desk Lamp,1689.41,1.0,UK,Credit Card,Mobile App,Delivered
ORD100716,CUST938,18/09/2024,Electronics,Power Bank,4529.43,1.0,USA,UPI,Mobile App,Delivered
ORD100052,CUST865,07-02-2024,Electronics,Power Bank,996.84,1.0,USA,UPI,Mobile App,Delivered
ORD103162,CUST280,2024-04-20,Sports,Dumbbell Set,731.32,1.0,France,Debit Card,Mobile App,Delivered
ORD100388,CUST1488,08/02/2024,Beauty,Sunscreen SPF50,1063.12,1.0,India,Credit Card,Mobile App,Delivered
ORD100725,CUST431,2024-03-18,Home & Kitchen,Air Fryer,3307.56,4.0,India,PayPal,Mobile App,Delivered
ORD102672,CUST1435,01-15-2024,Beauty,Hair Dryer,1010.5,1.0,Germany,UPI,website,Delivered
ORD103357,CUST1712,2024-09-12,Fashion,Running Shoes,1011.05,1.0,India,Debit Card,Mobile App,Delivered
ORD104700,CUST906,02-04-2024,Sports,Resistance Bands,2200.94,5.0,USA,credit card,Website,Delivered
ORD103213,CUST1304,2024-07-09,Electronics,Smartwatch,917.13,1.0,India,Credit Card,Website,Delivered
ORD103179,CUST176,13/07/2024,Toys,Building Blocks Set,1461.58,1.0,France,,Mobile App,Cancelled
ORD102074,CUST214,2024-01-20,Books,Self-Help Guide,508.1,3.0,USA,UPI,Mobile App,Delivered
ORD104304,CUST1287,2024-09-15,Home & Kitchen,Non-stick Pan Set,1332.84,1.0,India,Credit Card,Website,Delivered
ORD104914,CUST1402,2024-03-28,Home & Kitchen,LED Desk Lamp,397.32,3.0,India,,Website,Delivered
ORD102941,CUST1390,01-21-2024,Sports,Cycling Gloves,533.38,3.0,India,UPI,website,Delivered
ORD103245,CUST909,02-14-2024,Fashion,Running Shoes,324.18,2.0,USA,COD,Marketplace,Returned
ORD104565,CUST1009,2024-05-25,Home & Kitchen,Blender,366.22,3.0,India,UPI,Mobile App,Returned
ORD100195,CUST421,24/01/2024,Fashion,Cotton T-Shirt,2539.31,2.0,India,COD,Mobile App,Delivered
ORD100721,CUST1610,25/07/2024,Toys,Puzzle 1000pc,1118.27,1.0,USA,Debit Card,Mobile App,Delivered
ORD105037,CUST277,06-23-2024,Home & Kitchen,LED Desk Lamp,2839.9,1.0,USA,Credit Card,Mobile App,Delivered
ORD104401,CUST1535,2024-03-25,Toys,Board Game,106017.0,1.0,India,COD,MOBILE APP,Cancelled
ORD104781,CUST1673,2024-09-11,Beauty,Makeup Brush Kit,1187.26,1.0,nan,Credit Card,Website,Delivered
ORD102379,CUST810,2024-01-30,Beauty,Makeup Brush Kit,861.08,1.0,USA,credit card,Marketplace,Delivered
ORD103310,CUST1019,01-31-2024,Electronics,Phone Case,2816.23,1.0,India,UPI,Marketplace,Delivered
ORD103019,CUST1696,03-13-2024,Beauty,Face Serum,1017.68,1.0,India,Credit Card,Website,Delivered
ORD101144,CUST685,21/01/2024,Home & Kitchen,Air Fryer,1141.08,2.0,Germany,UPI,Website,Cancelled
ORD104545,CUST192,23/05/2024,Fashion,Cotton T-Shirt,220.62,1.0,Germany,Debit Card,MOBILE APP,Delivered
ORD104382,CUST727,08/01/2024,Home & Kitchen,Air Fryer,1090.57,,France,credit card,Marketplace,Delivered
ORD101830,,2024-02-25,Sports,Cycling Gloves,1402.07,1.0,India,Credit Card,Mobile App,Delivered
ORD101886,CUST1057,2024-01-05,Home & Kitchen,LED Desk Lamp,789.11,1.0,India,Net Banking,Website,Delivered
ORD102580,CUST823,2024-02-05,Fashion,Denim Jacket,1793.71,1.0,India,Net Banking,Website,Delivered
ORD103964,CUST667,17/07/2024,Books,Self-Help Guide,379.23,1.0,India,credit card,Website,Delivered 
ORD104965,CUST698,09-04-2024,Sports,Cycling Gloves,790.67,1.0,France,UPI,Mobile App,Delivered
ORD102757,CUST1097,05-20-2024,Fashion,Leather Wallet,428.15,1.0,India,Debit Card,MOBILE APP,delivered
ORD103620,CUST1622,2024-04-13,Books,Kids Picture Book,235.11,1.0,India,Debit Card,Website,Delivered
ORD102762,CUST1543,05-05-2024,Electronics,USB-C Cable,919.27,1.0,India,COD,Mobile App,Delivered
ORD100513,CUST1043,2024-07-08,Books,Kids Picture Book,202.67,1.0,India,PayPal,Mobile App,Delivered
ORD103522,CUST555,2024-03-11,Home & Kitchen,Blender,1744.28,2.0,USA,Credit Card,Mobile App,Delivered
ORD104351,CUST1759,2024-05-26,Electronics,Bluetooth Speaker,1591.65,2.0,USA,UPI,Mobile App,Delivered
ORD100758,CUST1048,03-09-2024,Books,Kids Picture Book,533.68,2.0,France,Net Banking,Website,Delivered
ORD104841,CUST892,2024-05-11,Fashion,Cotton T-Shirt,2877.16,1.0,India,Credit Card,MOBILE APP,delivered
ORD100857,CUST1661,01-29-2024,Beauty,Makeup Brush Kit,1406.91,2.0,India,Credit Card,Website,Delivered
ORD100660,CUST1411,2024-07-09,Beauty,Hair Dryer,766.57,2.0,UK,COD,Website,Delivered
ORD101668,CUST11,2024-08-11,Fashion,Leather Wallet,316.42,1.0,France,Debit Card,Marketplace,Returned
ORD104249,CUST1087,2024-06-06,Books,Self-Help Guide,507.64,4.0,India,UPI,MOBILE APP,Delivered
ORD100597,CUST1223,07/01/2024,Fashion,Cotton T-Shirt,301.26,1.0,USA,Debit Card,Website,delivered
ORD100742,CUST480,03/09/2024,Electronics,Bluetooth Speaker,3095.09,1.0,India,Debit Card,Website,Cancelled
ORD102352,CUST230,03-25-2024,Books,Cookbook,353.68,1.0,India,Net Banking,website,Delivered
ORD105608,CUST1672,05-27-2024,Home & Kitchen,Non-stick Pan Set,2144.96,1.0,india,credit card,Marketplace,Cancelled
ORD105419,CUST204,08-08-2024,Sports,Resistance Bands,,1.0,India,Debit Card,Mobile App,Delivered
ORD100788,CUST849,2024-03-14,Electronics,USB-C Cable,2769.89,3.0,India,Debit Card,Mobile App,Delivered
ORD100646,CUST1278,2024-03-18,Electronics,Power Bank,4300.19,1.0,United Kingdom,Credit Card,Mobile App,Delivered
ORD100112,CUST449,2024-09-18,Home & Kitchen,Storage Containers,1194.05,2.0,France,UPI,MOBILE APP,Returned
ORD105839,CUST498,2024-01-05,Electronics,Wireless Earbuds,3771.73,2.0,India,COD,Marketplace,Delivered
ORD103863,CUST308,2024-04-21,Electronics,Power Bank,3785.79,1.0,INDIA,Net Banking,Marketplace,Delivered
ORD101142,CUST450,2024-04-06,Fashion,Leather Wallet,2467.93,1.0,India,UPI,Marketplace,Delivered
ORD103949,CUST577,2024-05-27,Beauty,Face Serum,1136.51,1.0,nan,Debit Card,Mobile App,Cancelled
ORD100514,CUST940,01-05-2024,Beauty,Sunscreen SPF50,1262.25,1.0,UK,COD,Website,delivered
ORD103440,CUST819,2024-07-31,Beauty,Makeup Brush Kit,1145.54,1.0,india,Debit Card,Marketplace,Delivered
ORD105348,CUST841,2024-02-16,Sports,Cycling Gloves,1837.51,2.0,India,Credit Card,Marketplace,Delivered
ORD102317,CUST323,2024-01-31,Toys,Building Blocks Set,1043.09,1.0,Germany,PayPal,website,Delivered
ORD105384,CUST1140,2024-05-31,Books,Kids Picture Book,408.18,1.0,USA,Credit Card,Website,Delivered
ORD103582,CUST347,2024-04-08,Electronics,Wireless Earbuds,4369.52,2.0,India,UPI,Mobile App,Delivered
ORD101673,CUST1565,26/05/2024,Books,Cookbook,387.83,1.0,India,Credit Card,Mobile App,Returned
ORD104097,CUST1058,07-19-2024,Toys,Board Game,,1.0,Germany,credit card,Mobile App,Returned
ORD102418,CUST1137,01-03-2024,Electronics,Bluetooth Speaker,4154.35,1.0,USA,PayPal,Mobile App,Delivered
ORD104253,CUST975,06-03-2024,Home & Kitchen,LED Desk Lamp,2244.54,4.0,India,Debit Card,Mobile App,Delivered
ORD100920,CUST978,01-23-2024,Home & Kitchen,Storage Containers,3320.36,1.0,France,COD,MOBILE APP,Delivered
ORD103272,CUST44,2024-06-21,Fashion,Running Shoes,1565.44,1.0,India,Credit Card,Mobile App,Delivered
ORD104693,CUST1020,2024-08-26,Home & Kitchen,Non-stick Pan Set,2077.01,2.0,India,Credit Card,Mobile App,Delivered
ORD100737,CUST141,2024-08-23,Electronics,Power Bank,1287.41,2.0,India,Credit Card,Website,Delivered
ORD101614,CUST538,2024-01-30,Home & Kitchen,Air Fryer,1042.35,2.0,USA,Debit Card,Mobile App,Delivered
ORD100182,CUST784,2024-07-05,Sports,Water Bottle,2443.83,1.0,India,Debit Card,Website,Delivered
ORD105691,CUST1004,08-10-2024,Electronics,Phone Case,4805.01,1.0,USA,UPI,Website,Delivered
ORD103298,CUST220,05-26-2024,Home & Kitchen,Air Fryer,869.83,2.0,India,Debit Card,MOBILE APP,Returned
ORD104172,CUST1634,2024-06-17,Fashion,Cotton T-Shirt,2856.61,3.0,India,Credit Card,Mobile App,Returned
ORD104021,CUST793,2024-08-21,Electronics,Power Bank,790.15,,UK,COD,Marketplace,Delivered
ORD104940,CUST652,04-06-2024,Toys,Puzzle 1000pc,1162.69,1.0,Germany,Debit Card,Website,Returned
ORD101152,CUST181,2024-06-01,Sports,Cycling Gloves,612.5,2.0,Germany,COD,Website,Delivered
ORD104076,CUST1579,2024-03-07,Fashion,Running Shoes,964.82,1.0,India,Credit Card,Marketplace,Delivered
ORD105823,CUST1456,2024-09-23,Home & Kitchen,Air Fryer,3406.37,2.0,India,Credit Card,Marketplace,Delivered
ORD102354,CUST1256,03-25-2024,Home & Kitchen,Storage Containers,2738.0,3.0,India,Credit Card,MOBILE APP,Delivered
ORD101266,CUST1745,21/06/2024,Sports,Resistance Bands,2420.83,2.0,India,Net Banking,Mobile App,Delivered
ORD104028,CUST247,2024-05-15,Electronics,Smartwatch,2289.61,2.0,USA,Credit Card,Mobile App,Delivered
ORD104006,CUST685,03-10-2024,Beauty,Lip Balm Set,1178.63,1.0,nan,,Mobile App,Delivered
ORD105288,CUST917,06-06-2024,Fashion,Sunglasses,816.27,2.0,india,Debit Card,Mobile App,Returned
ORD100525,CUST961,2024-06-18,Electronics,Phone Case,3595.53,1.0,UK,credit card,Marketplace,Cancelled
ORD102216,CUST1170,03-02-2024,Electronics,Bluetooth Speaker,4611.28,1.0,India,COD,MOBILE APP,Delivered
ORD103758,CUST1628,2024-05-06,Fashion,Cotton T-Shirt,1335.49,1.0,India,UPI,Website,Delivered
ORD100755,CUST172,2024-08-29,Fashion,Cotton T-Shirt,2528.71,4.0,UK,credit card,Website,Returned
ORD105080,CUST1346,24/05/2024,Fashion,Cotton T-Shirt,584.83,1.0,UK,PayPal,Mobile App,Delivered
ORD100655,CUST605,08-15-2024,Fashion,Sunglasses,2118.98,1.0,UAE,Credit Card,Mobile App,Delivered
ORD102751,CUST992,2024-07-24,Toys,Building Blocks Set,1139.14,1.0,Germany,Credit Card,website,Delivered
ORD103202,CUST1147,2024-06-22,Fashion,Running Shoes,353.4,1.0,USA,Net Banking,Mobile App,Delivered
ORD100778,CUST1530,2024-08-20,Books,Cookbook,776.71,1.0,USA,Credit Card,Mobile App,Delivered
ORD104503,CUST837,2024-09-04,Electronics,Wireless Earbuds,2635.67,1.0,UK,UPI,website,Delivered
ORD100639,CUST571,02-26-2024,Beauty,Sunscreen SPF50,229.34,3.0,United States,,Website,Delivered
ORD101386,CUST1497,03-06-2024,Fashion,Sunglasses,1279.99,1.0,india,COD,website,Delivered
ORD105341,CUST1053,2024-05-22,Beauty,Face Serum,261.01,2.0,India,Credit Card,Website,Returned
ORD102998,CUST686,07/09/2024,Fashion,Leather Wallet,563.4,1.0,India,Credit Card,website,Delivered
ORD103571,CUST1469,28/06/2024,Beauty,Face Serum,604.38,1.0,France,,MOBILE APP,Delivered
ORD104806,CUST845,2024-08-30,Toys,Board Game,1785.37,1.0,nan,,Mobile App,Returned
ORD103860,CUST1178,2024-02-19,Electronics,Phone Case,3162.41,1.0,UAE,UPI,Website,Delivered
ORD103893,CUST1616,2024-01-20,Home & Kitchen,Blender,1113.08,1.0,USA,credit card,Website,Returned
ORD105651,,03/01/2024,Beauty,Sunscreen SPF50,1240.2,1.0,India,UPI,Website,Delivered
ORD100718,CUST1637,2024-01-18,Beauty,Hair Dryer,839.25,2.0,India,Debit Card,Website,Delivered
ORD101968,CUST1234,23/04/2024,Electronics,Bluetooth Speaker,2034.91,1.0,France,COD,Website,Delivered
ORD102542,CUST833,2024-08-25,Beauty,Makeup Brush Kit,1482.6,2.0,india,COD,Mobile App,Delivered
ORD100814,CUST552,2024-03-06,Beauty,Makeup Brush Kit,1464.23,1.0,USA,Debit Card,Website,Delivered
ORD103852,CUST1425,2024-05-14,Electronics,Wireless Earbuds,4048.41,1.0,United Kingdom,COD,Marketplace,Cancelled
ORD104317,CUST496,2024-05-03,Sports,Yoga Mat,303.88,1.0,UK,Debit Card,Website,Returned
ORD104887,,2024-05-31,Electronics,Phone Case,4661.6,1.0,Germany,UPI,Website,Delivered
ORD100240,CUST238,09-03-2024,Home & Kitchen,Storage Containers,1174.65,1.0,nan,Debit Card,Marketplace,Delivered
ORD104522,CUST43,2024-09-19,Fashion,Running Shoes,1102.9,2.0,India,Net Banking,Website,Delivered
ORD102598,,2024-02-01,Toys,RC Car,375.69,1.0,India,UPI,Mobile App,Delivered
ORD103744,CUST1349,02-22-2024,Beauty,Lip Balm Set,818.34,2.0,india,Debit Card,Website,Delivered
ORD104292,CUST1144,2024-04-20,Home & Kitchen,Air Fryer,1690.64,2.0,UK,credit card,Website,Delivered
ORD105302,CUST322,05-12-2024,Books,Fiction Bestseller,498.91,1.0,United Kingdom,Credit Card,MOBILE APP,Delivered
ORD103985,CUST166,2024-02-21,Home & Kitchen,Air Fryer,2801.28,2.0,India,UPI,Website,Delivered
ORD103872,CUST1774,07-13-2024,Sports,Resistance Bands,1281.32,1.0,USA,Debit Card,Website,Cancelled
ORD105322,CUST1127,2024-09-04,Fashion,Cotton T-Shirt,1480.52,2.0,UAE,UPI,website,Delivered
ORD104260,CUST924,2024-02-21,Electronics,Smartwatch,1936.21,1.0,India,Debit Card,Website,Delivered
ORD104736,CUST431,2024-02-25,Toys,Board Game,1590.45,3.0,India,Credit Card,Mobile App,Delivered
ORD100581,CUST757,2024-05-10,Electronics,Power Bank,1821.83,1.0,France,credit card,Mobile App,Delivered
ORD105976,CUST25,08-03-2024,Books,Fiction Bestseller,691.64,3.0,UAE,UPI,MOBILE APP,Delivered
ORD105485,CUST1710,2024-05-29,Electronics,Phone Case,4261.51,1.0,United States,UPI,Mobile App,Delivered
ORD100172,CUST1408,06-21-2024,Beauty,Lip Balm Set,619.91,2.0,UK,Credit Card,Website,Returned
ORD104248,CUST1769,2024-07-13,Sports,Yoga Mat,2233.34,1.0,India,COD,MOBILE APP,Delivered
ORD103679,CUST1701,2024-08-04,Fashion,Leather Wallet,2541.7,1.0,India,UPI,Website,Cancelled
ORD103361,CUST1089,2024-07-26,Electronics,Phone Case,4443.77,2.0,UK,PayPal,Website,Delivered
ORD100176,CUST294,2024-06-05,Toys,Board Game,171784.0,1.0,UAE,COD,Website,Delivered
ORD103536,CUST1380,2024-08-18,Fashion,Running Shoes,1926.24,1.0,India,Credit Card,Marketplace,Cancelled
ORD101559,CUST313,2024-09-01,Toys,RC Car,720.08,1.0,Germany,Debit Card,Website,Delivered
ORD100526,CUST1593,03-27-2024,Books,Self-Help Guide,296.78,1.0,USA,Net Banking,Website,Delivered
ORD105254,,2024-01-15,Sports,Dumbbell Set,1972.66,,India,Net Banking,Mobile App,Delivered
ORD101429,CUST294,2024-07-30,Fashion,Running Shoes,2634.24,1.0,Germany,Debit Card,Mobile App,Delivered
ORD103358,CUST864,2024-04-17,Toys,Puzzle 1000pc,704.96,2.0,india,UPI,Mobile App,Delivered
ORD103764,CUST267,2024-04-27,Fashion,Cotton T-Shirt,2518.34,5.0,USA,COD,Website,Delivered
ORD100347,CUST833,01-05-2024,Electronics,Bluetooth Speaker,752.01,3.0,India,Credit Card,Website,Delivered
ORD105578,CUST334,2024-04-13,Beauty,Lip Balm Set,339.46,4.0,France,Debit Card,Website,Delivered
ORD102134,CUST896,07-27-2024,Toys,Board Game,1193.96,4.0,UAE,COD,Marketplace,Delivered
ORD102486,CUST1232,14/06/2024,Toys,Board Game,498.96,1.0,India,Credit Card,Marketplace,Delivered
ORD101565,CUST222,2024-09-28,Home & Kitchen,Blender,,1.0,UAE,COD,Mobile App,Delivered
ORD100645,CUST1620,02-16-2024,Fashion,Running Shoes,1681.42,1.0,UAE,UPI,Website,Delivered
ORD104211,CUST176,04-17-2024,Fashion,Sunglasses,1100.34,1.0,UK,PayPal,Mobile App,Delivered
ORD104936,CUST1070,2024-01-29,Toys,RC Car,1736.65,1.0,India,Debit Card,Website,Delivered
ORD103885,CUST142,2024-08-19,Home & Kitchen,Air Fryer,2078.87,1.0,Germany,,Marketplace,Cancelled
ORD101683,CUST1678,01-20-2024,Electronics,USB-C Cable,2506.58,1.0,Germany,credit card,Marketplace,Delivered
ORD102563,CUST1472,2024-06-29,Electronics,Phone Case,4263.2,1.0,UAE,UPI,Website,Delivered
ORD102407,CUST1392,2024-07-30,Toys,Building Blocks Set,1624.21,1.0,India,Debit Card,Website,Delivered
ORD101069,CUST491,2024-03-28,Fashion,Leather Wallet,2888.22,1.0,India,Credit Card,Mobile App,Delivered
ORD104230,CUST10,02-15-2024,Beauty,Hair Dryer,647.07,2.0,Germany,,Mobile App,Delivered
ORD104330,CUST1629,2024-02-05,Sports,Dumbbell Set,2349.96,2.0,India,UPI,Mobile App,Cancelled
ORD104613,CUST66,2024-05-03,Home & Kitchen,LED Desk Lamp,1918.54,2.0,USA,Debit Card,Marketplace,Delivered
ORD104725,CUST639,2024-09-16,Books,Self-Help Guide,417.22,1.0,USA,credit card,Mobile App,Delivered
ORD102816,CUST1486,2024-03-01,Fashion,Denim Jacket,535.4,1.0,UAE,Credit Card,website,Delivered
ORD102622,CUST568,2024-06-02,Beauty,Face Serum,1253.23,2.0,Germany,Debit Card,Mobile App,Delivered
ORD105759,CUST843,03-22-2024,Home & Kitchen,LED Desk Lamp,1271.73,1.0,India,UPI,Marketplace,Delivered
ORD104637,CUST608,10/01/2024,Electronics,Phone Case,4358.01,2.0,India,UPI,Mobile App,Delivered
ORD101400,CUST966,2024-04-30,Electronics,Power Bank,2689.73,1.0,India,Credit Card,Website,Delivered
ORD105613,CUST287,06-11-2024,Beauty,Lip Balm Set,560.92,1.0,India,COD,Mobile App,Delivered
ORD103709,CUST666,02-23-2024,Toys,Building Blocks Set,1380.98,1.0,Germany,Debit Card,Website,Delivered
ORD103502,CUST790,2024-01-27,Home & Kitchen,Storage Containers,2939.01,1.0,India,Debit Card,Mobile App,Delivered
ORD102044,CUST1562,2024-04-13,Toys,Building Blocks Set,523.89,1.0,India,UPI,Mobile App,Delivered
ORD103080,CUST1289,07-17-2024,Sports,Resistance Bands,835.05,1.0,India,UPI,Mobile App,Delivered
ORD105346,CUST1492,06-18-2024,Beauty,Sunscreen SPF50,667.4,1.0,UAE,Credit Card,Website,Delivered
ORD101467,CUST399,2024-06-19,Home & Kitchen,Storage Containers,447.68,1.0,India,COD,Mobile App,Delivered
ORD103291,CUST1477,30/05/2024,Electronics,Power Bank,4179.27,2.0,India,PayPal,Mobile App,Delivered
ORD104692,CUST87,2024-07-08,Fashion,Cotton T-Shirt,552.57,2.0,Germany,Debit Card,Website,Cancelled
ORD105894,CUST1554,2024-05-19,Books,Self-Help Guide,631.37,2.0,France,COD,Mobile App,Delivered
ORD101435,CUST890,05/07/2024,Sports,Water Bottle,289.16,1.0,USA,Debit Card,Mobile App,Delivered
ORD102240,CUST745,15/04/2024,Fashion,Running Shoes,420.92,1.0,USA,UPI,Website,Returned
ORD104149,CUST1206,2024-01-16,Fashion,Running Shoes,780.3,2.0,India,Debit Card,Marketplace,Delivered
ORD105747,CUST1709,04/05/2024,Electronics,Smartwatch,2448.99,1.0,india,Credit Card,Mobile App,Delivered
ORD105026,CUST407,2024-05-31,Home & Kitchen,Blender,3324.45,1.0,USA,PayPal,Marketplace,Delivered
ORD103666,CUST539,28/09/2024,Sports,Water Bottle,1491.34,1.0,Germany,UPI,Mobile App,Delivered
ORD103586,CUST299,2024-05-19,Electronics,Wireless Earbuds,4000.99,2.0,United Kingdom,Credit Card,Website,Delivered
ORD104436,CUST1022,2024-05-18,Home & Kitchen,Blender,1293.97,1.0,India,Credit Card,Marketplace,Cancelled
ORD104362,CUST460,07/05/2024,Beauty,Lip Balm Set,740.77,1.0,India,Net Banking,Marketplace,Delivered
ORD103368,CUST1538,2024-08-30,Books,Kids Picture Book,567.11,3.0,USA,Credit Card,Mobile App,Delivered
ORD104993,CUST415,04-10-2024,Home & Kitchen,Storage Containers,1314.14,3.0,UAE,UPI,Mobile App,Delivered
ORD101790,CUST744,2024-06-02,Home & Kitchen,Air Fryer,650.78,1.0,UK,Credit Card,Marketplace,Delivered
ORD104294,CUST361,2024-06-04,Toys,Puzzle 1000pc,1851.13,1.0,UK,Credit Card,Mobile App,Delivered
ORD103467,CUST24,2024-08-02,Beauty,Hair Dryer,668.69,1.0,Germany,Debit Card,Mobile App,Delivered
ORD104760,CUST29,2024-09-25,Home & Kitchen,LED Desk Lamp,3092.18,2.0,India,credit card,Mobile App,Delivered
ORD104417,CUST1392,2024-06-18,Beauty,Lip Balm Set,288.73,1.0,France,Credit Card,Marketplace,Returned
ORD100954,CUST401,2024-02-15,Electronics,Power Bank,4803.7,1.0,UK,UPI,MOBILE APP,Delivered
ORD102275,CUST841,2024-07-30,Electronics,Power Bank,4978.6,1.0,UAE,COD,Website,Delivered
ORD102746,CUST1114,30/04/2024,Beauty,Makeup Brush Kit,380.11,1.0,USA,Net Banking,Marketplace,Delivered
ORD105030,CUST56,06-20-2024,Sports,Yoga Mat,475.01,1.0,India,Net Banking,Marketplace,Delivered
ORD105221,CUST1080,01-27-2024,Beauty,Hair Dryer,802.43,1.0,USA,Debit Card,Marketplace,Returned
ORD100095,,2024-06-13,Home & Kitchen,Storage Containers,416.35,2.0,United Kingdom,Net Banking,Mobile App,Returned
ORD101214,CUST303,2024-01-19,Fashion,Running Shoes,2312.8,1.0,India,Credit Card,Mobile App,Delivered
ORD104694,CUST1566,2024-09-12,Home & Kitchen,Air Fryer,1346.13,1.0,India,Credit Card,Website,Delivered
ORD104346,CUST1480,2024-05-30,Electronics,USB-C Cable,2377.9,2.0,India,Debit Card,Mobile App,Delivered
ORD100950,,06-18-2024,Electronics,Smartwatch,3224.44,1.0,India,Debit Card,Mobile App,Delivered
ORD100226,CUST1064,2024-07-25,Beauty,Sunscreen SPF50,722.55,1.0,USA,UPI,Website,Delivered
ORD103869,CUST467,03-06-2024,Fashion,Sunglasses,294.54,3.0,Germany,UPI,Mobile App,Delivered
ORD101995,CUST919,2024-04-18,Electronics,Phone Case,3969.0,1.0,India,UPI,Mobile App,Delivered
ORD101741,CUST1435,03-01-2024,Books,Cookbook,315.45,1.0,France,Debit Card,Website,Delivered
ORD102613,CUST1359,2024-04-29,Home & Kitchen,LED Desk Lamp,1891.24,1.0,Germany,Debit Card,Website,Cancelled
ORD103794,CUST62,2024-09-19,Toys,Board Game,115492.0,2.0,India,Credit Card,Website,Delivered
ORD103683,CUST36,2024-04-09,Electronics,Smartwatch,4893.29,1.0,Germany,COD,Website,Delivered
ORD103897,,14/02/2024,Sports,Resistance Bands,1369.11,2.0,India,Credit Card,Website,Cancelled
ORD101195,CUST636,07/05/2024,Electronics,USB-C Cable,4975.82,1.0,India,credit card,Mobile App,delivered
ORD100130,CUST1094,01-24-2024,Toys,Building Blocks Set,467.25,1.0,India,Credit Card,Mobile App,Delivered
ORD103929,CUST739,05/08/2024,Beauty,Hair Dryer,1001.47,1.0,USA,Credit Card,Website,Cancelled
ORD103684,CUST1478,2024-03-25,Beauty,Face Serum,1141.54,4.0,Germany,PayPal,Website,Delivered
ORD103250,CUST1143,2024-09-18,Toys,RC Car,1920.04,1.0,France,UPI,Mobile App,Delivered
ORD105763,CUST1305,2024-03-07,Sports,Yoga Mat,1235.44,2.0,USA,Credit Card,Mobile App,Delivered
ORD105055,CUST1174,2024-04-14,Home & Kitchen,Storage Containers,2763.58,1.0,Germany,Debit Card,Website,Delivered
ORD104085,CUST530,2024-09-15,Electronics,Power Bank,3226.32,1.0,India,Credit Card,Marketplace,Delivered
ORD105519,CUST812,13/05/2024,Electronics,Power Bank,4110.42,2.0,india,Debit Card,Mobile App,Delivered
ORD105956,CUST1308,2024-06-09,Fashion,Sunglasses,1236.85,1.0,India,PayPal,website,Delivered
ORD103043,CUST1399,21/04/2024,Electronics,USB-C Cable,2614.49,1.0,INDIA,Debit Card,Mobile App,Delivered
ORD100088,CUST635,07-22-2024,Electronics,USB-C Cable,3273.72,1.0,France,Net Banking,Marketplace,Delivered
ORD101768,CUST416,2024-04-11,Books,Cookbook,115.52,1.0,India,Credit Card,Website,Delivered
ORD102525,CUST1064,2024-08-16,Home & Kitchen,Air Fryer,3072.08,2.0,Germany,UPI,Website,Delivered
ORD101447,CUST1236,30/05/2024,Beauty,Makeup Brush Kit,1368.24,3.0,USA,Credit Card,Website,Cancelled
ORD105092,CUST1074,2024-05-19,Electronics,Bluetooth Speaker,2500.08,2.0,India,UPI,Website,Returned
ORD105570,CUST644,2024-02-21,Beauty,Makeup Brush Kit,587.75,1.0,Germany,Debit Card,Mobile App,Delivered
ORD102880,CUST14,2024-04-09,Electronics,Phone Case,1200.22,2.0,India,Debit Card,Website,delivered
ORD101085,,2024-07-28,Fashion,Leather Wallet,2987.42,1.0,UK,COD,Marketplace,Delivered
ORD104430,CUST1660,07-20-2024,Electronics,Phone Case,1938.81,1.0,United Kingdom,UPI,Marketplace,Cancelled
ORD105460,CUST344,03-11-2024,Home & Kitchen,LED Desk Lamp,2506.39,4.0,USA,COD,Mobile App,Delivered
ORD100081,CUST210,01-07-2024,Toys,Board Game,1432.09,1.0,India,COD,Mobile App,Returned
ORD102155,CUST1042,02/08/2024,Books,Cookbook,460.31,1.0,Germany,UPI,Website,Delivered
ORD103069,CUST1065,2024-05-25,Home & Kitchen,Non-stick Pan Set,3456.31,1.0,India,UPI,Website,Returned
ORD103436,CUST158,07/09/2024,Electronics,Power Bank,2666.24,2.0,India,COD,Website,Delivered
ORD102855,CUST520,2024-01-12,Electronics,Bluetooth Speaker,1771.93,2.0,India,Net Banking,Website,Delivered
ORD103058,CUST1431,04-01-2024,Electronics,Power Bank,2924.88,2.0,INDIA,Debit Card,Website,Delivered
ORD102765,CUST1323,2024-05-06,Fashion,Cotton T-Shirt,630.94,2.0,UAE,Credit Card,Mobile App,Delivered
ORD103100,CUST170,2024-05-20,Electronics,Bluetooth Speaker,1073.59,1.0,UK,Credit Card,Website,Delivered
ORD101099,CUST1211,2024-02-09,Fashion,Running Shoes,2249.9,2.0,India,Net Banking,Website,Delivered
ORD100354,CUST859,05-29-2024,Toys,RC Car,1796.6,1.0,India,Debit Card,Mobile App,Delivered
ORD104063,CUST1001,08-24-2024,Sports,Cycling Gloves,497.38,2.0,United Kingdom,Debit Card,Website,Delivered
ORD102235,CUST180,2024-04-22,Sports,Yoga Mat,1356.2,1.0,USA,PayPal,Mobile App,Delivered
ORD103884,CUST1135,2024-06-12,Beauty,Lip Balm Set,1455.04,2.0,USA,UPI,Marketplace,Delivered
ORD102357,CUST735,04-12-2024,Fashion,Sunglasses,1287.49,1.0,India,credit card,Website,Delivered
ORD104641,CUST1238,2024-01-24,Fashion,Denim Jacket,1663.25,1.0,USA,Credit Card,Website,Delivered
ORD105634,CUST212,2024-01-13,Toys,Board Game,653.82,1.0,UK,Debit Card,Mobile App,Cancelled
ORD100752,CUST579,2024-05-19,Beauty,Hair Dryer,543.59,1.0,USA,COD,website,Delivered
ORD102042,CUST160,2024-07-19,Toys,RC Car,1830.88,1.0,india,Debit Card,Website,Returned
ORD103829,CUST768,03-20-2024,Books,Self-Help Guide,652.29,1.0,UAE,Credit Card,Mobile App,Delivered
ORD100003,CUST206,2024-04-15,Fashion,Running Shoes,2054.06,1.0,USA,Credit Card,Marketplace,Delivered
ORD100521,CUST330,2024-08-22,Sports,Resistance Bands,2228.68,1.0,India,UPI,Website,Delivered
ORD101891,CUST517,04-28-2024,Sports,Dumbbell Set,613.33,1.0,USA,Net Banking,Marketplace,Delivered
ORD100324,CUST1721,05/05/2024,Home & Kitchen,Non-stick Pan Set,1461.47,4.0,USA,Debit Card,Website,Cancelled
ORD102801,CUST1498,2024-06-03,Electronics,Smartwatch,3687.78,,France,Credit Card,Website,Returned
ORD101284,CUST1003,09-02-2024,Sports,Dumbbell Set,2146.58,3.0,India,Debit Card,website,Delivered
ORD105597,CUST994,2024-02-27,Electronics,USB-C Cable,860.66,1.0,United States,COD,Mobile App,Delivered
ORD104456,CUST808,2024-06-02,Beauty,Sunscreen SPF50,1173.1,3.0,India,credit card,Website,Cancelled
ORD104785,,08/06/2024,Sports,Yoga Mat,2238.0,1.0,India,Debit Card,Website,Delivered
ORD102488,CUST1319,2024-05-16,Electronics,Smartwatch,1214.99,,India,Credit Card,Website,Delivered
ORD100632,CUST263,2024-02-12,Electronics,USB-C Cable,4142.53,2.0,USA,Credit Card,Mobile App,Delivered
ORD103703,CUST980,2024-03-12,Home & Kitchen,LED Desk Lamp,,1.0,France,credit card,Website,Delivered
ORD101670,CUST140,2024-06-15,Beauty,Sunscreen SPF50,1488.77,1.0,India,UPI,website,Returned
ORD104812,CUST1086,2024-08-28,Fashion,Running Shoes,874.33,1.0,India,Credit Card,Mobile App,Delivered
ORD103608,CUST613,2024-07-16,Home & Kitchen,Non-stick Pan Set,2618.4,1.0,India,COD,Marketplace,Delivered
ORD102032,CUST79,06-14-2024,Fashion,Sunglasses,1321.81,1.0,USA,UPI,Website,Delivered
ORD104437,CUST1065,03-05-2024,Beauty,Lip Balm Set,1270.53,2.0,India,Debit Card,Website,Delivered
ORD101093,CUST1092,07-12-2024,Beauty,Hair Dryer,673.04,2.0,India,Debit Card,Marketplace,Delivered
ORD104053,CUST267,2024-03-20,Electronics,Phone Case,4049.64,3.0,UK,Debit Card,Website,Delivered
ORD100362,CUST504,2024-09-14,Electronics,Bluetooth Speaker,4822.36,1.0,india,UPI,Marketplace,delivered
ORD102085,CUST321,2024-08-08,Electronics,Phone Case,1272.15,1.0,India,COD,Mobile App,Delivered
ORD100107,CUST921,04/05/2024,Books,Cookbook,516.93,1.0,UK,UPI,MOBILE APP,Delivered
ORD104825,CUST808,2024-03-11,Books,Cookbook,274.76,2.0,USA,Credit Card,Mobile App,Delivered
ORD103576,CUST549,22/06/2024,Books,Cookbook,412.74,1.0,UAE,COD,Website,Returned
ORD101339,CUST883,2024-09-17,Beauty,Hair Dryer,632.75,1.0,India,Credit Card,Mobile App,Delivered
ORD105877,CUST959,04-10-2024,Beauty,Makeup Brush Kit,431.25,2.0,India,COD,Website,Delivered
ORD100805,CUST1582,03-28-2024,Sports,Yoga Mat,759.83,1.0,India,Credit Card,Mobile App,Delivered
ORD103111,CUST733,10/03/2024,Fashion,Cotton T-Shirt,1735.49,4.0,UK,Credit Card,Marketplace,Delivered
ORD103420,CUST286,2024-06-22,Electronics,Smartwatch,3299.66,1.0,USA,PayPal,Website,Cancelled
ORD101317,,2024-06-17,Electronics,USB-C Cable,1743.57,1.0,India,Debit Card,Mobile App,Delivered
ORD104210,CUST1068,2024-01-02,Sports,Resistance Bands,468.31,1.0,Germany,COD,Marketplace,Delivered
ORD105299,CUST889,02-14-2024,Fashion,Running Shoes,1097.87,1.0,USA,Credit Card,website,Delivered
ORD102483,CUST651,2024-07-12,Sports,Dumbbell Set,852.29,2.0,USA,COD,MOBILE APP,Delivered
ORD105727,CUST392,2024-09-10,Electronics,Phone Case,2320.52,1.0,Germany,UPI,Marketplace,Delivered
ORD102244,CUST134,12/03/2024,Home & Kitchen,Blender,1883.48,2.0,USA,,Website,Delivered
ORD105577,CUST227,2024-03-06,Fashion,Running Shoes,2194.55,1.0,nan,PayPal,Marketplace,Delivered
ORD104039,CUST1121,2024-05-31,Electronics,Phone Case,3890.96,2.0,India,Credit Card,Website,Delivered
ORD100848,CUST119,08-06-2024,Electronics,USB-C Cable,1349.58,2.0,India,Credit Card,Mobile App,Delivered
ORD100122,CUST408,08-15-2024,Electronics,Wireless Earbuds,4803.26,1.0,India,Net Banking,Mobile App,Delivered
ORD104399,CUST474,2024-09-08,Electronics,Smartwatch,1448.51,1.0,India,Credit Card,Mobile App,Delivered
ORD103867,,01-02-2024,Beauty,Face Serum,846.64,1.0,UAE,Debit Card,Website,Delivered
ORD102549,CUST1318,2024-06-10,Electronics,Phone Case,3030.66,,india,UPI,Mobile App,Returned
ORD104310,CUST1564,2024-02-02,Electronics,USB-C Cable,2966.13,2.0,India,credit card,Marketplace,Delivered
ORD104201,CUST1365,2024-02-04,Electronics,Smartwatch,981.86,2.0,INDIA,Credit Card,Marketplace,Delivered
ORD105295,CUST220,15/01/2024,Beauty,Hair Dryer,619.8,1.0,india,UPI,Website,Delivered
ORD105826,CUST540,2024-07-27,Electronics,Wireless Earbuds,2867.33,,India,Net Banking,Website,Delivered
ORD100986,CUST1279,2024-03-07,Fashion,Cotton T-Shirt,1668.66,1.0,India,Credit Card,Marketplace,Returned
ORD101209,CUST1600,2024-08-11,Fashion,Denim Jacket,1337.88,4.0,nan,Credit Card,Mobile App,Cancelled
ORD102390,CUST953,2024-02-19,Electronics,Power Bank,3926.21,4.0,India,Credit Card,Website,Delivered
ORD100607,CUST1643,06-14-2024,Electronics,Wireless Earbuds,3987.22,1.0,india,UPI,Mobile App,Delivered
ORD103484,,2024-06-03,Toys,RC Car,981.59,1.0,France,Debit Card,Website,delivered
ORD102649,CUST1733,2024-01-21,Books,Kids Picture Book,351.7,1.0,India,Credit Card,Mobile App,Delivered
ORD105745,CUST1479,2024-05-22,Beauty,Sunscreen SPF50,749.64,1.0,United States,PayPal,Mobile App,Returned
ORD103094,CUST723,2024-04-01,Sports,Dumbbell Set,1276.15,1.0,India,credit card,Mobile App,Cancelled
ORD102377,CUST1682,2024-06-17,Fashion,Leather Wallet,972.18,2.0,India,Debit Card,Marketplace,Delivered
ORD103258,CUST1778,2024-06-25,Electronics,Bluetooth Speaker,4943.82,5.0,Germany,UPI,Mobile App,delivered
ORD103685,CUST487,01-23-2024,Electronics,USB-C Cable,4178.45,2.0,UAE,Debit Card,Mobile App,Returned
ORD102203,CUST1174,2024-04-09,Electronics,Bluetooth Speaker,2096.7,1.0,UAE,PayPal,Mobile App,Delivered
ORD102712,CUST227,2024-01-02,Sports,Yoga Mat,2397.37,1.0,France,UPI,Website,Delivered
ORD103016,CUST1225,2024-03-06,Beauty,Face Serum,1055.53,1.0,nan,Debit Card,Mobile App,Delivered
ORD102789,CUST338,2024-08-06,Home & Kitchen,Storage Containers,1574.37,1.0,USA,credit card,Mobile App,Delivered
ORD102054,CUST489,2024-03-04,Electronics,Phone Case,3697.0,2.0,United States,Net Banking,Mobile App,Cancelled
ORD102879,CUST116,2024-05-15,Books,Fiction Bestseller,292.39,1.0,India,UPI,Marketplace,Delivered
ORD105508,CUST383,2024-06-28,Electronics,USB-C Cable,1333.26,5.0,India,Net Banking,Mobile App,Delivered
ORD101253,CUST1402,2024-02-14,Sports,Resistance Bands,262.52,1.0,United Kingdom,UPI,Marketplace,Delivered
ORD100262,CUST159,2024-04-12,Books,Fiction Bestseller,684.55,1.0,USA,UPI,Mobile App,Delivered
ORD102785,CUST353,09-10-2024,Home & Kitchen,LED Desk Lamp,1161.99,1.0,USA,UPI,Website,Delivered
ORD102562,CUST1712,09-15-2024,Electronics,Bluetooth Speaker,3268.13,1.0,USA,Credit Card,Website,Delivered
ORD105703,CUST1501,03-16-2024,Toys,Board Game,1537.37,2.0,India,Debit Card,Mobile App,Delivered
ORD104486,CUST693,05-04-2024,Fashion,Sunglasses,290.71,1.0,India,Net Banking,Marketplace,Delivered
ORD102733,CUST544,01-28-2024,Fashion,Cotton T-Shirt,2459.25,1.0,Germany,UPI,Website,Delivered
ORD105205,CUST86,02-25-2024,Fashion,Leather Wallet,1736.16,1.0,India,UPI,Mobile App,Delivered
ORD101574,CUST320,2024-03-14,Fashion,Leather Wallet,1363.35,1.0,USA,COD,Mobile App,Delivered
ORD100267,CUST1547,03-04-2024,Toys,RC Car,1954.71,1.0,India,Credit Card,website,Delivered
ORD103618,CUST663,06-23-2024,Fashion,Denim Jacket,2334.88,2.0,France,Credit Card,Website,Delivered
ORD103568,CUST1238,01-06-2024,Fashion,Cotton T-Shirt,2867.71,1.0,UK,UPI,Marketplace,Cancelled
ORD105535,CUST1677,04-23-2024,Books,Cookbook,389.6,3.0,India,Credit Card,Website,Delivered 
ORD102573,CUST1592,05-11-2024,Beauty,Hair Dryer,1096.96,1.0,USA,Credit Card,Mobile App,Delivered
ORD103175,CUST172,03-14-2024,Electronics,Wireless Earbuds,4316.46,1.0,India,UPI,Mobile App,Delivered
ORD103520,CUST1034,07-23-2024,Electronics,Smartwatch,3309.08,1.0,India,Net Banking,Mobile App,Returned
ORD103412,CUST1566,24/05/2024,Sports,Water Bottle,210.58,1.0,india,Net Banking,MOBILE APP,Delivered
ORD105761,,2024-05-04,Home & Kitchen,Air Fryer,1916.25,2.0,UK,COD,Website,Delivered
ORD105906,CUST1150,02-07-2024,Beauty,Hair Dryer,340.01,2.0,india,COD,Website,Cancelled
ORD104178,CUST354,2024-01-12,Sports,Dumbbell Set,1471.95,1.0,India,,MOBILE APP,Returned
ORD100573,CUST1080,08-02-2024,Sports,Dumbbell Set,1077.55,1.0,UK,Net Banking,Mobile App,Delivered
ORD104420,CUST1184,2024-03-06,Books,Kids Picture Book,392.21,1.0,United Kingdom,Debit Card,MOBILE APP,Delivered
ORD104234,CUST1705,2024-04-11,Electronics,USB-C Cable,3337.01,1.0,India,Debit Card,Website,Delivered
ORD102126,CUST190,2024-09-13,Sports,Water Bottle,1900.22,1.0,India,Debit Card,Mobile App,Cancelled
ORD100415,CUST1388,30/03/2024,Electronics,Phone Case,2346.24,1.0,USA,UPI,MOBILE APP,Delivered
ORD105573,CUST726,2024-09-20,Beauty,Lip Balm Set,1167.32,1.0,USA,Net Banking,Marketplace,Delivered
ORD103809,CUST937,02/07/2024,Home & Kitchen,Air Fryer,2412.46,1.0,USA,PayPal,Website,Delivered
ORD102265,CUST227,2024-02-20,Toys,RC Car,1062.32,1.0,India,UPI,Mobile App,Delivered
ORD103519,CUST591,2024-01-03,Sports,Dumbbell Set,322.91,3.0,India,credit card,Mobile App,Delivered
ORD105954,CUST754,2024-03-05,Electronics,USB-C Cable,2063.08,2.0,USA,UPI,website,Delivered
ORD105799,CUST837,02-25-2024,Books,Cookbook,259.14,1.0,India,Credit Card,Mobile App,Delivered
ORD102531,CUST676,04-13-2024,Beauty,Sunscreen SPF50,920.7,2.0,india,Debit Card,MOBILE APP,delivered
ORD101324,CUST1443,2024-02-18,Home & Kitchen,LED Desk Lamp,471.52,1.0,United Kingdom,PayPal,Website,Delivered
ORD104840,CUST939,2024-02-21,Sports,Water Bottle,1942.1,2.0,India,PayPal,Mobile App,Delivered 
ORD103129,CUST1067,2024-05-25,Books,Self-Help Guide,725.21,1.0,UK,Credit Card,Marketplace,Delivered
ORD102010,CUST222,13/04/2024,Electronics,USB-C Cable,2957.06,1.0,India,UPI,Mobile App,Delivered
ORD104447,CUST1599,22/08/2024,Electronics,Wireless Earbuds,3947.94,1.0,india,PayPal,Website,Delivered
ORD105808,CUST1281,2024-02-27,Sports,Resistance Bands,1491.48,3.0,Germany,UPI,Marketplace,Cancelled
ORD100309,CUST1188,2024-07-17,Fashion,Leather Wallet,1197.4,1.0,India,Debit Card,Website,Delivered 
ORD104710,CUST833,03-05-2024,Toys,Board Game,853.72,1.0,UK,Credit Card,Marketplace,Delivered
ORD104916,CUST1505,2024-02-06,Books,Cookbook,728.91,1.0,India,Debit Card,Marketplace,Delivered
ORD101644,CUST890,2024-02-19,Toys,Puzzle 1000pc,368.99,1.0,UAE,Net Banking,website,Delivered
ORD102629,CUST1042,2024-01-31,Fashion,Cotton T-Shirt,2805.13,1.0,India,COD,Marketplace,Cancelled
ORD101279,CUST444,2024-05-31,Fashion,Sunglasses,1821.22,1.0,USA,UPI,Website,Delivered
ORD104389,CUST813,2024-02-18,Books,Kids Picture Book,634.37,2.0,USA,Credit Card,Website,Delivered
ORD100891,CUST696,2024-07-04,Sports,Resistance Bands,426.83,1.0,India,UPI,Mobile App,Delivered
ORD104215,CUST4,19/04/2024,Beauty,Sunscreen SPF50,279.99,4.0,India,COD,Website,Cancelled
ORD104140,CUST322,2024-07-15,Fashion,Running Shoes,561.14,1.0,USA,Credit Card,Website,Returned
ORD101813,CUST1427,2024-09-19,Toys,RC Car,542.65,2.0,india,Net Banking,Mobile App,Delivered 
ORD102759,CUST256,08-29-2024,Home & Kitchen,Air Fryer,1468.43,1.0,USA,COD,Mobile App,Returned
ORD102806,,2024-04-21,Fashion,Cotton T-Shirt,2842.11,3.0,France,Debit Card,Mobile App,Delivered
ORD105448,CUST1402,07-04-2024,Books,Kids Picture Book,767.33,1.0,India,,Marketplace,Delivered
ORD105695,CUST565,2024-02-09,Electronics,Bluetooth Speaker,3852.44,2.0,India,COD,Marketplace,Delivered
ORD101732,CUST32,2024-05-25,Fashion,Denim Jacket,2469.41,1.0,UK,Credit Card,Website,Cancelled
ORD103481,CUST1709,04-25-2024,Sports,Resistance Bands,,,India,Net Banking,Website,Delivered
ORD104586,CUST1519,2024-03-30,Sports,Resistance Bands,421.09,1.0,India,PayPal,Website,Delivered
ORD101201,CUST1148,06-26-2024,Beauty,Hair Dryer,1232.24,2.0,United States,COD,Mobile App,Delivered
ORD100871,CUST136,2024-01-27,Home & Kitchen,Non-stick Pan Set,1999.06,1.0,France,Debit Card,Website,Cancelled
ORD100929,CUST859,04-09-2024,Electronics,Bluetooth Speaker,1141.86,1.0,USA,Debit Card,Website,Delivered
ORD104476,CUST648,07/07/2024,Sports,Water Bottle,1167.08,1.0,United Kingdom,Debit Card,Mobile App,Delivered
ORD100091,CUST159,2024-05-31,Fashion,Leather Wallet,1959.54,2.0,USA,UPI,Mobile App,Delivered
ORD104728,CUST1512,20/01/2024,Home & Kitchen,Blender,1037.28,2.0,Germany,UPI,Mobile App,Delivered
ORD105368,CUST1591,2024-06-04,Sports,Yoga Mat,1381.38,2.0,india,UPI,Website,Delivered 
ORD105521,CUST1002,2024-01-04,Beauty,Sunscreen SPF50,1481.35,2.0,India,Credit Card,Website,Delivered
ORD105075,CUST1213,2024-08-22,Electronics,Phone Case,4700.06,1.0,India,Credit Card,website,Delivered
ORD104730,CUST1662,2024-04-10,Fashion,Leather Wallet,894.63,1.0,India,Debit Card,Website,Delivered
ORD104468,CUST994,09-10-2024,Electronics,Wireless Earbuds,4389.51,,UK,Credit Card,Mobile App,Delivered
ORD101734,CUST901,31/05/2024,Fashion,Running Shoes,1299.6,1.0,India,UPI,Website,Returned
ORD105770,CUST630,05/06/2024,Electronics,Wireless Earbuds,795.05,3.0,India,Credit Card,Mobile App,Delivered
ORD101619,CUST1699,01-06-2024,Electronics,Smartwatch,3806.32,1.0,India,UPI,Website,Delivered
ORD101647,CUST876,2024-02-02,Beauty,Face Serum,909.36,1.0,India,Credit Card,Marketplace,Returned
ORD104582,,2024-03-14,Toys,Building Blocks Set,1183.8,1.0,Germany,Credit Card,Mobile App,Returned
ORD100560,CUST688,21/09/2024,Electronics,Wireless Earbuds,2290.39,1.0,India,Net Banking,Marketplace,Returned
ORD102290,CUST1510,2024-01-29,Sports,Resistance Bands,1649.24,2.0,India,Credit Card,Mobile App,Delivered
ORD101398,CUST333,02-14-2024,Electronics,Phone Case,4770.07,4.0,India,Debit Card,Mobile App,Delivered
ORD102266,CUST215,2024-01-02,Beauty,Sunscreen SPF50,187.77,,India,COD,Website,Delivered
ORD100925,CUST1503,2024-07-05,Sports,Yoga Mat,613.57,1.0,USA,credit card,Website,Delivered
ORD102118,CUST1507,13/08/2024,Fashion,Cotton T-Shirt,2575.43,1.0,UAE,Net Banking,Website,Delivered
ORD103705,CUST1391,2024-08-02,Home & Kitchen,Blender,2064.84,2.0,India,Debit Card,Mobile App,Delivered
ORD100477,CUST1035,2024-06-25,Beauty,Sunscreen SPF50,1408.07,2.0,Germany,Credit Card,Mobile App,Returned
ORD102312,CUST162,05-12-2024,Home & Kitchen,Storage Containers,836.67,1.0,India,Credit Card,Marketplace,Delivered
ORD103940,CUST1517,2024-03-05,Sports,Cycling Gloves,1398.11,1.0,Germany,,Mobile App,Delivered
ORD103718,CUST394,2024-09-17,Toys,RC Car,1735.52,2.0,France,Debit Card,Marketplace,Cancelled
ORD100687,CUST53,2024-02-04,Home & Kitchen,Storage Containers,1866.78,1.0,France,COD,Mobile App,Delivered
ORD102500,CUST104,2024-08-09,Home & Kitchen,Blender,549.76,1.0,India,UPI,Website,Delivered
ORD105309,CUST1074,2024-07-11,Fashion,Cotton T-Shirt,2815.05,2.0,USA,Credit Card,Mobile App,Delivered
ORD101533,CUST1594,2024-03-05,Sports,Dumbbell Set,616.77,2.0,France,COD,Marketplace,Delivered
ORD102204,,18/07/2024,Electronics,Power Bank,3754.82,1.0,India,COD,Marketplace,Delivered
ORD103122,CUST1348,05-12-2024,Books,Cookbook,508.51,1.0,United Kingdom,Credit Card,MOBILE APP,Delivered
ORD102609,CUST248,26/06/2024,Fashion,Cotton T-Shirt,423.74,1.0,India,PayPal,Mobile App,Delivered
ORD103329,CUST57,06-28-2024,Home & Kitchen,Storage Containers,704.54,2.0,india,Debit Card,website,Delivered
ORD104353,CUST668,2024-06-21,Fashion,Sunglasses,767.51,2.0,USA,Debit Card,Mobile App,Delivered
ORD100728,CUST913,2024-07-31,Beauty,Makeup Brush Kit,531.47,1.0,India,Net Banking,Website,Returned
ORD101413,CUST22,2024-06-27,Books,Fiction Bestseller,299.98,1.0,UK,Credit Card,Mobile App,Delivered
ORD102662,CUST556,07-10-2024,Home & Kitchen,Air Fryer,1431.56,3.0,USA,Credit Card,Website,Cancelled
ORD102049,CUST475,04-18-2024,Home & Kitchen,Air Fryer,3403.32,1.0,India,UPI,Mobile App,Delivered
ORD102298,CUST1270,04-04-2024,Toys,RC Car,1656.94,1.0,France,Debit Card,Mobile App,Delivered
ORD101959,CUST1135,02-13-2024,Electronics,Smartwatch,4742.39,2.0,India,COD,Mobile App,Delivered
ORD102498,CUST220,01-01-2024,Sports,Cycling Gloves,728.75,1.0,India,UPI,Website,Delivered
ORD101895,CUST38,11/07/2024,Beauty,Sunscreen SPF50,681.93,3.0,France,UPI,Marketplace,Delivered
ORD100847,CUST1694,2024-02-19,Home & Kitchen,Non-stick Pan Set,1951.29,1.0,France,UPI,Marketplace,Delivered
ORD100855,CUST1772,17/06/2024,Electronics,Bluetooth Speaker,3747.59,1.0,USA,PayPal,Website,Delivered
ORD104327,CUST1599,2024-06-03,Home & Kitchen,Non-stick Pan Set,2653.64,1.0,UAE,UPI,Marketplace,Delivered
ORD105320,CUST47,2024-07-18,Electronics,Phone Case,,1.0,USA,Credit Card,website,Delivered
ORD101607,CUST799,2024-06-06,Fashion,Cotton T-Shirt,1418.84,2.0,Germany,UPI,Website,Delivered
ORD104898,CUST853,2024-03-12,Sports,Cycling Gloves,2293.74,1.0,India,Credit Card,Website,Delivered
ORD103980,CUST138,2024-07-27,Toys,RC Car,1485.82,1.0,India,Debit Card,Mobile App,Delivered
ORD101157,CUST1090,02-29-2024,Electronics,Wireless Earbuds,4322.25,1.0,india,Credit Card,Website,Delivered
ORD103561,CUST1031,2024-07-20,Electronics,Bluetooth Speaker,690.63,1.0,France,credit card,Mobile App,Delivered
ORD104375,CUST375,03-08-2024,Sports,Cycling Gloves,577.92,1.0,UK,COD,MOBILE APP,Delivered
ORD101672,CUST1467,04-15-2024,Beauty,Lip Balm Set,888.92,1.0,india,Credit Card,Marketplace,Delivered
ORD104434,CUST187,13/01/2024,Fashion,Leather Wallet,2562.92,1.0,UK,UPI,Website,Delivered
ORD103611,CUST1779,08-30-2024,Home & Kitchen,Blender,2868.26,1.0,USA,Debit Card,Website,Delivered
ORD103005,CUST462,2024-03-11,Books,Self-Help Guide,785.3,1.0,India,Credit Card,Mobile App,Delivered
ORD101875,CUST1002,03-23-2024,Home & Kitchen,Storage Containers,861.72,1.0,India,Credit Card,Mobile App,Delivered
ORD103424,CUST27,2024-04-08,Home & Kitchen,Storage Containers,1053.17,1.0,Germany,UPI,Mobile App,Delivered
ORD101271,CUST198,28/06/2024,Fashion,Running Shoes,340.71,1.0,India,COD,Mobile App,Delivered
ORD104548,CUST30,16/07/2024,Sports,Cycling Gloves,1543.09,1.0,Germany,Debit Card,Website,Delivered
ORD104757,CUST846,2024-01-12,Toys,Board Game,814.81,1.0,UAE,PayPal,Website,Delivered
ORD101104,CUST1698,08/03/2024,Home & Kitchen,Blender,2687.67,1.0,India,Debit Card,Mobile App,Delivered
ORD101912,CUST880,2024-01-11,Fashion,Denim Jacket,1227.08,1.0,France,COD,Mobile App,Delivered
ORD105735,CUST823,2024-09-26,Electronics,Wireless Earbuds,1096.72,1.0,india,COD,Website,Delivered
ORD103015,CUST144,2024-03-31,Fashion,Leather Wallet,795.3,1.0,India,Debit Card,Mobile App,Cancelled
ORD104228,CUST142,01-03-2024,Home & Kitchen,LED Desk Lamp,930.36,1.0,nan,UPI,Mobile App,Returned
ORD101584,CUST1128,21/01/2024,Home & Kitchen,Storage Containers,1866.73,1.0,India,Net Banking,Marketplace,Returned
ORD104227,CUST1514,2024-09-18,Sports,Dumbbell Set,782.81,3.0,France,PayPal,Marketplace,Cancelled
ORD105053,CUST1192,04-18-2024,Fashion,Leather Wallet,1297.52,1.0,India,Debit Card,website,Delivered
ORD104911,CUST146,2024-07-10,Beauty,Makeup Brush Kit,1403.47,1.0,UK,Credit Card,Mobile App,Delivered
ORD103544,CUST1590,2024-05-08,Fashion,Denim Jacket,1123.72,2.0,UK,Credit Card,Website,Delivered
ORD103221,CUST588,2024-06-15,Toys,Building Blocks Set,1190.95,4.0,India,Debit Card,Website,Returned
ORD104995,CUST1173,06-20-2024,Beauty,Makeup Brush Kit,1226.25,1.0,India,Debit Card,Website,Delivered 
ORD100880,CUST99,03-17-2024,Books,Fiction Bestseller,757.16,2.0,INDIA,UPI,Mobile App,Returned
ORD105979,CUST41,2024-02-19,Toys,Puzzle 1000pc,1682.33,1.0,UK,Debit Card,Marketplace,Delivered
ORD105670,CUST539,2024-08-01,Beauty,Lip Balm Set,196.32,2.0,India,Debit Card,Website,Delivered
ORD101191,CUST1609,29/05/2024,Beauty,Face Serum,1104.65,1.0,Germany,COD,Website,Delivered
ORD104899,CUST1110,2024-05-10,Electronics,Bluetooth Speaker,1186.18,1.0,India,Credit Card,Marketplace,Delivered
ORD103936,CUST1314,01-31-2024,Beauty,Face Serum,936.29,5.0,India,Credit Card,Website,Delivered
ORD100185,CUST362,2024-06-29,Toys,Building Blocks Set,1616.31,1.0,USA,PayPal,Website,Delivered
ORD100690,CUST1179,02-20-2024,Electronics,Smartwatch,3723.49,1.0,India,Credit Card,Website,Returned
ORD103993,CUST164,14/03/2024,Electronics,Phone Case,2095.8,2.0,India,UPI,Marketplace,Delivered
ORD105681,CUST141,2024-09-01,Fashion,Denim Jacket,1515.61,1.0,UK,Credit Card,Marketplace,Delivered
ORD102501,CUST293,17/03/2024,Electronics,Wireless Earbuds,2790.28,2.0,USA,Credit Card,Marketplace,Returned
ORD102862,CUST612,2024-01-12,Beauty,Makeup Brush Kit,522.01,1.0,USA,Net Banking,Website,Delivered
ORD103080,CUST1289,07-17-2024,Sports,Resistance Bands,835.05,1.0,India,UPI,Mobile App,Delivered
ORD103604,CUST149,2024-02-15,Books,Cookbook,256.48,1.0,USA,PayPal,Website,Delivered
ORD103127,CUST343,2024-01-19,Electronics,Smartwatch,2157.04,2.0,India,PayPal,Mobile App,Delivered
ORD102028,CUST1165,2024-03-15,Sports,Cycling Gloves,2001.78,1.0,India,Debit Card,Website,Delivered
ORD101996,CUST570,2024-06-10,Electronics,Bluetooth Speaker,3755.05,1.0,India,UPI,Mobile App,Delivered
ORD104560,CUST1768,02/05/2024,Fashion,Cotton T-Shirt,2040.7,1.0,UAE,Credit Card,Mobile App,Delivered
ORD100244,CUST349,09-06-2024,Sports,Water Bottle,1746.36,1.0,USA,UPI,Marketplace,Delivered
ORD103217,CUST1641,2024-05-24,Sports,Cycling Gloves,811.38,1.0,India,,MOBILE APP,Delivered
ORD105821,CUST1013,04/05/2024,Home & Kitchen,Non-stick Pan Set,1275.85,1.0,nan,UPI,MOBILE APP,Delivered
ORD104966,CUST1668,2024-08-02,Electronics,Phone Case,4870.61,1.0,Germany,UPI,Marketplace,Delivered
ORD102745,CUST342,13/09/2024,Books,Kids Picture Book,,2.0,india,Credit Card,Mobile App,Delivered
ORD104094,CUST1096,2024-08-29,Electronics,USB-C Cable,4148.14,1.0,UK,UPI,Marketplace,Delivered
ORD100628,CUST1074,25/02/2024,Home & Kitchen,LED Desk Lamp,2725.91,1.0,India,Debit Card,Mobile App,Delivered
ORD103219,CUST1381,21/08/2024,Fashion,Cotton T-Shirt,1443.3,2.0,India,credit card,Website,Delivered
ORD100067,CUST102,2024-01-17,Beauty,Lip Balm Set,573.71,4.0,UAE,Debit Card,Website,Delivered
ORD104827,CUST920,2024-01-31,Home & Kitchen,Storage Containers,1104.55,1.0,India,Debit Card,Marketplace,Delivered
ORD102220,CUST828,07-04-2024,Fashion,Leather Wallet,729.4,1.0,India,Debit Card,Marketplace,Delivered
ORD102413,CUST765,2024-05-05,Sports,Cycling Gloves,206.38,2.0,India,UPI,Website,Delivered
ORD101590,CUST773,14/05/2024,Home & Kitchen,Blender,835.11,1.0,UAE,UPI,Mobile App,Delivered
ORD102168,CUST1546,2024-07-15,Fashion,Leather Wallet,2296.14,1.0,Germany,UPI,website,Delivered
ORD100005,CUST1496,09-17-2024,Electronics,Smartwatch,3679.86,2.0,France,UPI,website,Returned
ORD105916,CUST1639,08-13-2024,Electronics,Smartwatch,1165.51,2.0,INDIA,Credit Card,Mobile App,Delivered
ORD102222,CUST226,29/01/2024,Beauty,Hair Dryer,1012.66,2.0,India,COD,Marketplace,Delivered
ORD103071,CUST1199,2024-01-23,Toys,Building Blocks Set,680.69,1.0,Germany,UPI,Mobile App,Delivered
ORD104767,CUST659,04-11-2024,Beauty,Face Serum,449.8,1.0,India,UPI,Marketplace,Delivered
ORD105975,CUST1040,04/08/2024,Sports,Yoga Mat,1265.59,4.0,UAE,UPI,Website,Delivered
ORD104789,CUST1712,02-19-2024,Fashion,Leather Wallet,2021.26,5.0,UK,Debit Card,Mobile App,Delivered
ORD105959,CUST1326,2024-06-29,Fashion,Denim Jacket,2816.25,2.0,USA,UPI,Mobile App,Delivered
ORD100161,CUST1658,2024-02-10,Beauty,Hair Dryer,1226.81,2.0,india,Debit Card,Mobile App,Delivered
ORD100445,CUST1703,2024-08-25,Electronics,USB-C Cable,1261.4,4.0,France,Debit Card,Mobile App,Delivered
ORD103675,CUST154,05-04-2024,Electronics,Bluetooth Speaker,490918.0,3.0,India,Credit Card,Marketplace,Delivered
ORD103572,CUST621,19/02/2024,Electronics,Wireless Earbuds,,1.0,India,Credit Card,Website,Delivered
ORD100491,CUST998,22/08/2024,Electronics,Bluetooth Speaker,1260.06,1.0,India,PayPal,Website,Delivered
ORD105046,CUST1008,26/09/2024,Home & Kitchen,Storage Containers,2471.45,1.0,UAE,Debit Card,Marketplace,Returned
ORD100376,,2024-06-30,Books,Kids Picture Book,596.25,2.0,USA,Debit Card,MOBILE APP,Delivered
ORD102867,CUST877,26/03/2024,Sports,Resistance Bands,381.16,1.0,India,UPI,Website,Cancelled
ORD105036,CUST489,2024-06-10,Home & Kitchen,Blender,1496.13,2.0,India,Debit Card,Marketplace,Delivered
ORD104441,CUST901,2024-05-16,Sports,Dumbbell Set,359.27,1.0,India,,MOBILE APP,Delivered
ORD103251,CUST427,01-22-2024,Beauty,Face Serum,279.51,2.0,UK,Credit Card,Website,Delivered
ORD100278,CUST280,2024-05-29,Home & Kitchen,LED Desk Lamp,2221.92,3.0,India,Net Banking,Website,Delivered
ORD100453,CUST1440,2024-06-06,Sports,Yoga Mat,1016.72,1.0,India,Credit Card,Website,Delivered
ORD104438,CUST415,2024-04-21,Fashion,Running Shoes,1179.29,1.0,United States,UPI,Website,Delivered
ORD100314,CUST1083,07-14-2024,Sports,Cycling Gloves,1820.59,2.0,USA,UPI,Website,Returned
ORD104018,CUST633,05-06-2024,Beauty,Face Serum,374.45,2.0,India,UPI,Website,Delivered
ORD101494,CUST111,2024-04-22,Home & Kitchen,Blender,319.83,1.0,UAE,Debit Card,Marketplace,Delivered
ORD104912,CUST1758,08-26-2024,Electronics,Wireless Earbuds,1188.91,2.0,USA,COD,Website,Delivered
ORD103639,CUST607,2024-07-01,Home & Kitchen,LED Desk Lamp,1691.85,2.0,USA,Credit Card,Website,Returned
ORD102207,CUST4,2024-01-16,Books,Kids Picture Book,474.59,4.0,United Kingdom,COD,Mobile App,Delivered
ORD102674,CUST962,2024-04-10,Fashion,Cotton T-Shirt,1460.04,1.0,India,UPI,Mobile App,Delivered
ORD102328,,2024-06-10,Home & Kitchen,Air Fryer,1486.38,1.0,India,Credit Card,Website,Returned
ORD104272,CUST1418,2024-02-04,Home & Kitchen,Non-stick Pan Set,2551.51,1.0,Germany,Debit Card,Marketplace,Delivered
ORD101230,CUST1496,2024-05-24,Toys,Puzzle 1000pc,783.22,3.0,UK,Credit Card,Website,Delivered
ORD102850,CUST1086,20/07/2024,Electronics,USB-C Cable,1680.97,1.0,INDIA,Credit Card,Website,Cancelled
ORD104413,CUST282,08-07-2024,Electronics,Wireless Earbuds,4572.23,2.0,UK,UPI,Website,Delivered
ORD103973,CUST1341,06-09-2024,Beauty,Makeup Brush Kit,1191.84,,France,PayPal,Marketplace,Cancelled
ORD100162,CUST933,2024-06-05,Beauty,Makeup Brush Kit,1350.63,1.0,USA,Debit Card,Website,Delivered
ORD103145,CUST1099,2024-05-28,Sports,Dumbbell Set,1483.09,2.0,UK,credit card,Website,Returned
ORD102639,CUST178,11/02/2024,Home & Kitchen,LED Desk Lamp,1727.64,3.0,United Kingdom,UPI,website,Delivered
ORD104915,CUST733,02-16-2024,Books,Kids Picture Book,794.65,1.0,India,Credit Card,Website,Delivered
ORD105031,CUST909,08-17-2024,Beauty,Face Serum,701.58,,Germany,Debit Card,MOBILE APP,Delivered
ORD105556,CUST229,2024-06-26,Beauty,Lip Balm Set,1233.12,1.0,UK,Net Banking,Website,Delivered
ORD105532,,22/09/2024,Books,Fiction Bestseller,350.22,2.0,india,Net Banking,Mobile App,Delivered
ORD100426,CUST1326,2024-08-06,Electronics,Smartwatch,3339.35,1.0,India,Debit Card,Mobile App,Returned
ORD101017,CUST1048,2024-02-25,Fashion,Cotton T-Shirt,1977.28,2.0,Germany,Credit Card,Marketplace,Delivered
ORD105898,CUST1199,07-22-2024,Fashion,Leather Wallet,1356.74,1.0,India,COD,Marketplace,Delivered
ORD101023,CUST1309,2024-07-27,Electronics,Phone Case,2634.91,1.0,France,Credit Card,Website,Returned
ORD104587,,2024-07-23,Beauty,Lip Balm Set,,1.0,UAE,UPI,Mobile App,Delivered
ORD102615,CUST165,2024-06-29,Home & Kitchen,Storage Containers,2760.01,1.0,Germany,Debit Card,Mobile App,Delivered
ORD101685,CUST43,2024-06-23,Toys,Building Blocks Set,1743.19,1.0,India,Debit Card,Website,Delivered
ORD102071,CUST1722,2024-04-09,Sports,Yoga Mat,580.8,1.0,India,PayPal,Marketplace,Delivered 
ORD104116,CUST1600,12/06/2024,Toys,Board Game,1523.96,1.0,India,UPI,Website,Delivered
ORD103820,CUST122,06-27-2024,Sports,Cycling Gloves,391.69,1.0,France,COD,Marketplace,Delivered
ORD102242,CUST1285,19/07/2024,Fashion,Leather Wallet,2443.69,1.0,United Kingdom,Credit Card,Website,Returned
ORD103072,CUST1102,05-24-2024,Toys,Board Game,418.0,1.0,INDIA,Credit Card,Website,Delivered
ORD102997,CUST1033,04-21-2024,Beauty,Lip Balm Set,529.52,1.0,UK,UPI,Marketplace,Delivered
ORD105431,CUST1384,2024-02-26,Fashion,Sunglasses,1897.36,1.0,India,COD,Marketplace,Delivered
ORD103201,CUST1179,2024-02-17,Fashion,Sunglasses,2080.14,2.0,USA,Net Banking,Marketplace,Delivered
ORD104638,CUST1798,2024-03-16,Toys,Building Blocks Set,707.49,1.0,India,UPI,Marketplace,Delivered
ORD105006,CUST1548,2024-06-24,Sports,Cycling Gloves,1588.13,2.0,India,credit card,Mobile App,Delivered
ORD103399,CUST592,2024-01-18,Sports,Cycling Gloves,1668.16,1.0,Germany,credit card,Mobile App,Delivered
ORD100428,CUST177,2024-02-25,Books,Self-Help Guide,475.67,1.0,UK,PayPal,Mobile App,Delivered
ORD100678,CUST1580,2024-09-23,Electronics,Wireless Earbuds,4486.33,3.0,USA,Debit Card,Mobile App,Delivered
ORD103700,CUST766,2024-06-14,Sports,Resistance Bands,2417.23,2.0,USA,COD,Mobile App,Delivered
ORD104504,CUST33,2024-03-24,Home & Kitchen,Air Fryer,,1.0,France,UPI,Marketplace,Delivered
ORD100355,CUST560,2024-07-03,Fashion,Running Shoes,2598.14,1.0,Germany,COD,Mobile App,Delivered
ORD101768,CUST416,2024-04-11,Books,Cookbook,115.52,1.0,India,Credit Card,Website,Delivered
ORD103587,CUST905,02-10-2024,Sports,Dumbbell Set,1598.2,1.0,India,Credit Card,Website,Cancelled
ORD105517,CUST687,2024-02-01,Home & Kitchen,Non-stick Pan Set,2485.94,2.0,india,UPI,Mobile App,Delivered
ORD104496,CUST1438,2024-06-06,Books,Fiction Bestseller,663.7,1.0,India,PayPal,Website,Delivered
ORD104721,CUST651,2024-07-25,Toys,Building Blocks Set,1391.74,1.0,UAE,credit card,Mobile App,Delivered
ORD103118,CUST1454,08-02-2024,Electronics,Bluetooth Speaker,,1.0,India,COD,Mobile App,Delivered
ORD100559,CUST520,03-14-2024,Sports,Resistance Bands,1943.33,2.0,United States,Debit Card,Mobile App,Delivered
ORD104734,CUST809,2024-06-14,Fashion,Cotton T-Shirt,644.94,1.0,UK,Credit Card,Mobile App,Delivered
ORD102760,CUST1206,2024-02-18,Fashion,Denim Jacket,622.44,1.0,USA,UPI,Website,Delivered
ORD105754,CUST1668,28/05/2024,Home & Kitchen,Non-stick Pan Set,754.43,2.0,USA,credit card,Marketplace,Cancelled
ORD100442,CUST1101,2024-03-11,Toys,Building Blocks Set,1826.85,1.0,France,COD,Mobile App,Delivered
ORD100017,CUST1123,09-12-2024,Books,Kids Picture Book,305.11,2.0,INDIA,Debit Card,Mobile App,Returned
ORD103668,CUST932,2024-07-11,Sports,Dumbbell Set,1932.97,1.0,UK,UPI,Website,Delivered
ORD101247,CUST44,2024-05-27,Toys,Board Game,,2.0,India,COD,Mobile App,Delivered
ORD100460,CUST619,2024-04-08,Electronics,Bluetooth Speaker,755.95,1.0,USA,COD,Marketplace,Cancelled
ORD104549,CUST1734,04-13-2024,Sports,Cycling Gloves,816.51,1.0,Germany,Credit Card,Marketplace,Delivered
ORD101365,CUST234,07-29-2024,Fashion,Running Shoes,1990.01,1.0,USA,credit card,Website,Delivered
ORD101763,CUST1040,2024-08-15,Electronics,Power Bank,4989.92,3.0,India,UPI,Website,Delivered
ORD100783,CUST863,27/09/2024,Fashion,Leather Wallet,509.68,1.0,Germany,UPI,Marketplace,Delivered
ORD104528,CUST972,07-08-2024,Beauty,Makeup Brush Kit,1410.47,1.0,India,COD,Mobile App,Returned
ORD103184,,2024-06-14,Electronics,Bluetooth Speaker,2990.08,1.0,Germany,COD,Mobile App,Delivered
ORD103062,CUST373,01/04/2024,Beauty,Hair Dryer,1325.71,3.0,United Kingdom,UPI,Mobile App,Delivered
ORD104575,CUST47,23/03/2024,Beauty,Sunscreen SPF50,889.55,1.0,UK,,Mobile App,Cancelled
ORD105886,CUST69,2024-04-25,Fashion,Cotton T-Shirt,1607.28,2.0,India,UPI,Marketplace,Delivered
ORD102367,CUST786,2024-05-02,Fashion,Leather Wallet,2252.3,1.0,UAE,Debit Card,Mobile App,Delivered
ORD104357,CUST721,2024-06-13,Beauty,Sunscreen SPF50,1043.71,1.0,UAE,PayPal,Mobile App,Delivered
ORD100369,CUST688,01-17-2024,Home & Kitchen,LED Desk Lamp,2042.36,1.0,India,Net Banking,Marketplace,Delivered
ORD105900,CUST481,16/01/2024,Sports,Resistance Bands,971.13,2.0,India,COD,Marketplace,Delivered
ORD102419,CUST15,2024-08-17,Home & Kitchen,LED Desk Lamp,695.97,2.0,UK,UPI,Mobile App,Delivered
ORD101919,CUST722,01-11-2024,Beauty,Face Serum,1241.28,2.0,France,Debit Card,Website,Delivered
ORD103344,CUST462,02-25-2024,Sports,Cycling Gloves,1727.39,1.0,UK,,Website,Delivered
ORD105682,CUST655,2024-08-12,Electronics,Smartwatch,2132.6,4.0,UK,credit card,MOBILE APP,Delivered
ORD101811,CUST881,07/01/2024,Toys,Building Blocks Set,397.26,,India,Credit Card,Mobile App,Delivered
ORD101753,CUST925,2024-06-03,Electronics,Smartwatch,,1.0,UAE,PayPal,Marketplace,Delivered
ORD100610,CUST1204,2024-07-25,Books,Fiction Bestseller,127.86,2.0,USA,Debit Card,Website,Delivered
ORD103308,CUST1509,01-10-2024,Books,Kids Picture Book,476.38,3.0,USA,Net Banking,Mobile App,Delivered
ORD100377,CUST21,2024-07-11,Fashion,Running Shoes,381.77,1.0,USA,UPI,Website,Delivered
ORD104951,CUST1697,2024-02-27,Sports,Yoga Mat,2289.48,1.0,India,UPI,Website,Delivered
ORD105116,CUST702,08-30-2024,Electronics,Smartwatch,1170.03,1.0,UK,Debit Card,Mobile App,Delivered
ORD102547,CUST818,2024-04-22,Home & Kitchen,Non-stick Pan Set,1129.47,1.0,India,Credit Card,Website,Delivered
ORD105980,CUST935,08-28-2024,Toys,Building Blocks Set,1166.3,4.0,United Kingdom,Credit Card,Mobile App,Delivered
ORD103192,CUST1252,2024-09-09,Beauty,Sunscreen SPF50,1149.39,2.0,India,Credit Card,Marketplace,Delivered
ORD105414,CUST1325,2024-05-31,Electronics,Smartwatch,3616.03,1.0,UK,Credit Card,Website,Returned
ORD103494,CUST558,2024-02-03,Home & Kitchen,Air Fryer,1454.43,1.0,India,COD,website,Delivered
ORD104404,CUST1322,07-21-2024,Fashion,Denim Jacket,428.92,2.0,INDIA,COD,Mobile App,Delivered 
ORD101043,CUST202,2024-02-05,Toys,RC Car,285.31,1.0,India,Credit Card,Website,Returned
ORD105314,CUST1426,02-16-2024,Toys,RC Car,1159.29,1.0,India,UPI,MOBILE APP,Returned
ORD101380,CUST1437,2024-02-13,Beauty,Hair Dryer,232.41,1.0,India,Debit Card,Mobile App,Delivered
ORD102381,CUST710,2024-09-10,Beauty,Lip Balm Set,270.41,3.0,UK,UPI,Website,Returned
ORD101120,CUST1737,04-05-2024,Electronics,Phone Case,332251.0,2.0,India,UPI,Website,Delivered
ORD104198,CUST866,16/07/2024,Fashion,Denim Jacket,1430.24,1.0,France,PayPal,Mobile App,Delivered
ORD101480,,2024-01-27,Electronics,Wireless Earbuds,,1.0,USA,UPI,Mobile App,Delivered
ORD100220,CUST71,2024-07-11,Electronics,Bluetooth Speaker,4529.54,,India,COD,Website,Delivered
ORD100137,CUST690,2024-07-17,Fashion,Running Shoes,2249.86,1.0,India,COD,Marketplace,Delivered
ORD105490,CUST435,2024-06-25,Electronics,Power Bank,4903.09,1.0,United Kingdom,UPI,Marketplace,Cancelled
ORD101863,CUST234,10/04/2024,Beauty,Lip Balm Set,385.23,1.0,Germany,PayPal,Website,Delivered
ORD102479,CUST21,2024-01-24,Fashion,Denim Jacket,1332.1,2.0,USA,UPI,Website,Delivered
ORD105082,CUST970,2024-07-02,Beauty,Makeup Brush Kit,459.63,1.0,India,UPI,Website,Delivered
ORD101869,CUST1342,2024-01-18,Electronics,Wireless Earbuds,587.22,1.0,USA,Debit Card,Mobile App,Delivered
ORD103279,CUST1517,06-25-2024,Toys,Building Blocks Set,1027.99,1.0,France,credit card,Mobile App,Returned
ORD101638,CUST72,02/06/2024,Beauty,Lip Balm Set,800.86,1.0,India,PayPal,Website,Delivered
ORD101207,CUST548,03/05/2024,Electronics,Bluetooth Speaker,2144.08,2.0,India,UPI,Mobile App,Delivered
ORD104598,CUST1620,2024-02-18,Home & Kitchen,Air Fryer,2955.79,2.0,India,Credit Card,Mobile App,Delivered
ORD100198,CUST753,2024-01-09,Fashion,Running Shoes,2185.1,2.0,India,UPI,Mobile App,Delivered
ORD102899,CUST1190,01-25-2024,Sports,Dumbbell Set,2311.81,1.0,india,UPI,Mobile App,delivered
ORD100352,CUST1610,2024-01-10,Electronics,USB-C Cable,1895.38,1.0,India,,Mobile App,Delivered
ORD103262,CUST446,2024-05-19,Sports,Dumbbell Set,1034.51,1.0,India,Net Banking,Mobile App,Delivered
ORD101560,CUST608,29/02/2024,Home & Kitchen,Non-stick Pan Set,2372.69,1.0,UK,Credit Card,Website,Delivered
ORD104007,CUST418,01-19-2024,Home & Kitchen,LED Desk Lamp,2559.47,3.0,UK,UPI,Marketplace,delivered
ORD100082,CUST1123,2024-03-24,Fashion,Sunglasses,2141.31,1.0,United States,Debit Card,MOBILE APP,Delivered
ORD105689,CUST510,05-22-2024,Home & Kitchen,Air Fryer,734.39,2.0,india,Credit Card,Mobile App,Returned
ORD100580,CUST181,07-15-2024,Beauty,Hair Dryer,804.13,3.0,India,Credit Card,MOBILE APP,Delivered
ORD103485,CUST1131,02-23-2024,Fashion,Leather Wallet,1720.38,2.0,UK,PayPal,Marketplace,Delivered
ORD103739,CUST774,2024-01-12,Fashion,Sunglasses,2414.79,2.0,India,UPI,Mobile App,Delivered
ORD104890,CUST1086,2024-06-10,Fashion,Leather Wallet,2124.52,1.0,USA,Net Banking,Mobile App,Cancelled
ORD105498,CUST950,11/07/2024,Fashion,Denim Jacket,,1.0,United Kingdom,UPI,Marketplace,Returned
ORD102324,CUST604,2024-01-03,Sports,Dumbbell Set,1573.42,3.0,France,Credit Card,Mobile App,Delivered
ORD101377,CUST799,2024-09-13,Electronics,Smartwatch,3943.56,2.0,India,COD,Mobile App,Delivered
ORD104492,CUST957,2024-05-28,Electronics,Bluetooth Speaker,3886.36,2.0,india,UPI,Website,Cancelled
ORD103584,CUST602,2024-09-06,Toys,Board Game,1290.28,1.0,India,Net Banking,Marketplace,Delivered
ORD102329,CUST846,01-05-2024,Home & Kitchen,LED Desk Lamp,,2.0,india,credit card,Marketplace,Delivered 
ORD103173,CUST251,2024-05-20,Toys,Puzzle 1000pc,340.42,1.0,UAE,COD,Website,Delivered
ORD105862,CUST500,2024-08-16,Electronics,Bluetooth Speaker,1259.65,1.0,India,UPI,Mobile App,delivered
ORD102586,CUST151,2024-02-19,Electronics,Smartwatch,629.63,1.0,India,Credit Card,Website,Delivered
ORD105731,CUST1228,2024-05-01,Toys,Board Game,1102.05,2.0,USA,UPI,Website,Delivered
ORD101989,CUST651,18/07/2024,Beauty,Lip Balm Set,531.31,1.0,India,Credit Card,Website,Delivered
ORD101599,CUST822,04-07-2024,Home & Kitchen,Storage Containers,3158.27,1.0,India,Debit Card,Website,Delivered
ORD104075,CUST1058,24/07/2024,Electronics,Smartwatch,3516.66,1.0,UK,Debit Card,Mobile App,Delivered
ORD104376,CUST892,2024-03-30,Electronics,Smartwatch,2460.98,1.0,USA,Net Banking,Mobile App,Delivered
ORD103926,CUST536,2024-02-27,Electronics,Power Bank,1720.1,1.0,USA,,MOBILE APP,delivered
ORD102452,CUST1146,2024-03-29,Toys,Board Game,1786.01,1.0,India,Net Banking,Mobile App,Delivered
ORD102157,CUST70,09-07-2024,Electronics,USB-C Cable,4700.92,1.0,India,Debit Card,Website,Delivered
ORD105973,CUST119,2024-05-30,Sports,Cycling Gloves,2191.63,1.0,India,PayPal,Marketplace,Returned
ORD104439,CUST243,18/09/2024,Fashion,Sunglasses,2164.34,1.0,UK,COD,website,Returned
ORD103616,CUST123,2024-07-08,Home & Kitchen,Storage Containers,2182.8,1.0,India,PayPal,Website,Delivered
ORD103430,CUST1472,02-26-2024,Home & Kitchen,Non-stick Pan Set,3128.99,1.0,India,Net Banking,Marketplace,Returned
ORD102075,CUST340,01-07-2024,Beauty,Makeup Brush Kit,1362.12,1.0,nan,Credit Card,Mobile App,Delivered
ORD105991,CUST556,2024-08-06,Fashion,Sunglasses,294.89,1.0,UAE,Credit Card,website,Delivered
ORD100407,CUST387,07-18-2024,Beauty,Hair Dryer,826.52,2.0,USA,UPI,Marketplace,Delivered
ORD101015,CUST1440,06/04/2024,Home & Kitchen,Air Fryer,2165.85,1.0,India,Net Banking,Mobile App,Delivered
ORD100682,CUST1189,15/08/2024,Electronics,USB-C Cable,1865.74,1.0,USA,UPI,Website,Cancelled
ORD100086,,2024-03-16,Books,Fiction Bestseller,126.73,1.0,nan,Credit Card,Mobile App,Delivered
ORD101650,CUST1062,2024-02-18,Toys,Board Game,522.21,1.0,USA,Net Banking,Mobile App,Delivered
ORD101453,CUST1267,01-24-2024,Books,Cookbook,752.62,3.0,USA,COD,Marketplace,Delivered
ORD103303,CUST585,2024-01-25,Electronics,Phone Case,1102.68,2.0,UK,Debit Card,Marketplace,Delivered
ORD105192,CUST1522,2024-05-25,Books,Fiction Bestseller,,3.0,France,COD,Website,Returned
ORD103460,CUST545,2024-05-08,Home & Kitchen,Blender,2066.33,1.0,France,Credit Card,Marketplace,Delivered
ORD100076,CUST988,09/02/2024,Fashion,Cotton T-Shirt,2874.82,2.0,UAE,Net Banking,Website,Delivered
ORD103448,CUST55,08-15-2024,Home & Kitchen,Air Fryer,1491.24,1.0,India,Credit Card,MOBILE APP,Delivered
ORD103241,CUST993,2024-03-11,Fashion,Denim Jacket,2219.17,1.0,India,Debit Card,Mobile App,Delivered
ORD105515,CUST821,04-16-2024,Electronics,USB-C Cable,4675.87,1.0,USA,COD,Mobile App,Delivered
ORD102152,CUST997,19/03/2024,Beauty,Makeup Brush Kit,1118.39,1.0,USA,UPI,website,Delivered
ORD104801,CUST1241,2024-04-06,Electronics,Power Bank,2234.33,2.0,UAE,Debit Card,Marketplace,Delivered
ORD100085,CUST521,2024-03-12,Electronics,Wireless Earbuds,1222.71,1.0,India,UPI,Website,Delivered
ORD104534,CUST457,10/06/2024,Sports,Yoga Mat,1282.81,1.0,India,Debit Card,Website,Delivered
ORD101018,CUST1289,2024-05-02,Fashion,Cotton T-Shirt,,1.0,India,Credit Card,Website,Returned
ORD102297,CUST972,2024-02-15,Sports,Dumbbell Set,1779.31,2.0,India,,Website,Delivered
ORD104506,,07-01-2024,Sports,Water Bottle,264.25,2.0,United States,UPI,Mobile App,Delivered
ORD103583,CUST367,2024-01-18,Electronics,Wireless Earbuds,1965.32,2.0,India,credit card,Website,Delivered
ORD101798,CUST401,2024-09-05,Electronics,USB-C Cable,4546.15,3.0,India,COD,website,Delivered
ORD101585,CUST1269,2024-06-02,Fashion,Leather Wallet,2429.86,1.0,USA,Credit Card,Mobile App,Cancelled
ORD102781,CUST1140,2024-04-12,Toys,Building Blocks Set,563.04,1.0,India,Credit Card,Marketplace,Delivered
ORD104113,CUST1182,2024-05-05,Fashion,Running Shoes,986.54,2.0,USA,Credit Card,Marketplace,Delivered
ORD101006,CUST195,01-22-2024,Beauty,Lip Balm Set,1113.63,1.0,USA,UPI,Website,Delivered
ORD102202,CUST987,2024-01-13,Fashion,Leather Wallet,,2.0,India,Credit Card,Website,Delivered
ORD104708,CUST1297,2024-02-29,Fashion,Cotton T-Shirt,410.32,4.0,India,COD,Mobile App,Delivered
ORD100596,CUST632,08-19-2024,Electronics,Bluetooth Speaker,1068.45,2.0,India,Credit Card,Mobile App,Delivered
ORD105524,CUST1540,2024-07-29,Beauty,Sunscreen SPF50,1163.1,1.0,india,Credit Card,Website,Delivered
ORD100463,CUST1225,14/07/2024,Home & Kitchen,Blender,1290.57,1.0,India,PayPal,website,Returned
ORD103075,CUST628,13/07/2024,Electronics,Wireless Earbuds,4370.99,1.0,France,Debit Card,Website,Delivered
ORD105908,,2024-09-25,Home & Kitchen,Storage Containers,1513.78,2.0,UAE,Credit Card,Website,Delivered
ORD104273,CUST718,2024-02-11,Electronics,Wireless Earbuds,2866.1,1.0,United States,PayPal,Marketplace,Delivered
ORD105292,CUST421,07-23-2024,Toys,Building Blocks Set,338.99,1.0,india,UPI,website,Delivered
ORD103971,CUST1640,04-21-2024,Beauty,Hair Dryer,716.49,2.0,INDIA,UPI,Website,Delivered
ORD104997,CUST1190,2024-06-27,Home & Kitchen,Air Fryer,678.57,1.0,UK,COD,Mobile App,Delivered
ORD105305,CUST906,2024-03-13,Books,Self-Help Guide,264.4,1.0,India,COD,Website,Delivered
ORD104990,CUST1294,2024-04-08,Books,Fiction Bestseller,135.56,3.0,India,PayPal,Website,Delivered
ORD103061,CUST1795,2024-05-05,Electronics,Power Bank,2306.67,1.0,nan,UPI,Website,Delivered
ORD100433,CUST752,2024-04-23,Fashion,Leather Wallet,2598.46,3.0,France,Credit Card,Marketplace,Delivered
ORD102205,CUST1685,07/08/2024,Toys,Board Game,1599.93,1.0,India,Net Banking,website,Cancelled
ORD101843,CUST160,2024-04-18,Fashion,Leather Wallet,1375.3,1.0,India,Credit Card,Marketplace,Delivered
ORD102883,CUST1695,2024-07-12,Fashion,Denim Jacket,2819.72,5.0,Germany,Debit Card,Website,Delivered
ORD101709,CUST1449,2024-03-27,Toys,Building Blocks Set,1691.15,1.0,India,COD,Marketplace,Delivered
ORD100927,CUST1178,2024-04-15,Toys,Building Blocks Set,318.66,1.0,INDIA,UPI,Marketplace,Delivered
ORD105494,CUST1666,05-24-2024,Electronics,Smartwatch,2824.32,1.0,India,UPI,Mobile App,Delivered
ORD101587,CUST821,2024-01-06,Sports,Yoga Mat,,1.0,Germany,Credit Card,Mobile App,Delivered
ORD102887,CUST1190,17/06/2024,Books,Kids Picture Book,698.01,1.0,United States,Credit Card,Website,Delivered
ORD105590,CUST740,2024-01-16,Fashion,Leather Wallet,2496.27,1.0,Germany,PayPal,Marketplace,Delivered
ORD100294,CUST1209,2024-08-07,Electronics,Smartwatch,4809.76,1.0,India,UPI,Website,Returned
ORD104896,CUST954,07-09-2024,Fashion,Cotton T-Shirt,296.64,2.0,Germany,UPI,Mobile App,Returned
ORD100563,CUST820,2024-05-31,Electronics,USB-C Cable,2033.92,2.0,France,COD,Mobile App,Delivered
ORD102151,CUST1343,2024-06-13,Toys,Puzzle 1000pc,1430.27,1.0,INDIA,Net Banking,Website,Delivered
ORD104541,CUST1487,07-20-2024,Electronics,Power Bank,3777.03,1.0,USA,Credit Card,Website,Delivered
ORD103865,CUST1538,03-22-2024,Fashion,Cotton T-Shirt,2648.63,1.0,France,UPI,Website,Delivered 
ORD104921,CUST1079,05-03-2024,Fashion,Cotton T-Shirt,2774.07,1.0,France,Debit Card,Mobile App,Delivered
ORD105095,CUST1526,01-20-2024,Toys,Building Blocks Set,1588.97,3.0,UK,COD,Website,Delivered
ORD105589,CUST1275,2024-03-12,Fashion,Sunglasses,2806.09,4.0,France,Credit Card,Mobile App,Delivered
ORD103963,CUST1627,2024-07-14,Fashion,Running Shoes,453.46,1.0,India,Credit Card,Mobile App,Cancelled
ORD104019,CUST171,2024-07-23,Beauty,Sunscreen SPF50,1462.82,1.0,India,UPI,Mobile App,Delivered
ORD103290,CUST1309,11/03/2024,Electronics,Power Bank,4600.67,1.0,India,UPI,Marketplace,Delivered
ORD105672,CUST1082,2024-06-26,Beauty,Face Serum,505.41,2.0,USA,UPI,MOBILE APP,Delivered
ORD104727,CUST1249,2024-08-18,Sports,Dumbbell Set,602.31,1.0,India,PayPal,Marketplace,Delivered
ORD101592,CUST1040,02-08-2024,Books,Self-Help Guide,,1.0,USA,UPI,Mobile App,Returned
ORD104894,CUST235,05-29-2024,Toys,RC Car,1244.83,1.0,France,UPI,Marketplace,Delivered
ORD100231,CUST1232,2024-01-19,Fashion,Sunglasses,1842.42,5.0,india,Net Banking,Mobile App,Delivered
ORD104282,CUST1766,05-01-2024,Electronics,Power Bank,2237.21,1.0,UK,UPI,Website,Delivered
ORD104326,CUST379,2024-09-14,Beauty,Hair Dryer,1061.84,2.0,UK,Debit Card,Mobile App,Cancelled
ORD102185,CUST203,2024-04-12,Electronics,Bluetooth Speaker,814.4,1.0,UAE,Debit Card,Marketplace,Delivered
ORD101970,CUST1754,2024-08-31,Toys,RC Car,1931.94,1.0,India,Debit Card,Website,Cancelled
ORD102958,CUST1581,2024-06-08,Toys,Board Game,708.81,2.0,UK,COD,Mobile App,Delivered
ORD102029,CUST574,2024-01-11,Home & Kitchen,Non-stick Pan Set,2652.53,1.0,UK,Credit Card,Mobile App,Delivered
ORD100457,CUST1305,2024-08-12,Electronics,USB-C Cable,3074.42,1.0,India,Credit Card,Website,Returned
ORD103702,CUST1338,2024-05-11,Books,Self-Help Guide,714.19,1.0,India,Net Banking,Website,Delivered
ORD104397,CUST1188,09/09/2024,Electronics,Smartwatch,1207.16,1.0,UAE,Debit Card,Mobile App,Delivered
ORD102146,CUST1303,2024-05-24,Fashion,Denim Jacket,1135.26,2.0,USA,UPI,Marketplace,Delivered
ORD103672,CUST655,2024-02-03,Fashion,Running Shoes,2598.96,5.0,India,Debit Card,Marketplace,Delivered
ORD103562,,2024-04-19,Beauty,Sunscreen SPF50,718.72,1.0,India,COD,Mobile App,Delivered
ORD104933,CUST1347,2024-06-24,Books,Self-Help Guide,284.82,1.0,India,UPI,Mobile App,Delivered
ORD102223,CUST520,2024-09-08,Beauty,Makeup Brush Kit,850.53,2.0,France,Credit Card,Mobile App,Delivered
ORD102921,CUST645,16/05/2024,Books,Self-Help Guide,455.74,1.0,India,Credit Card,Website,Delivered
ORD104770,CUST1087,2024-07-04,Sports,Dumbbell Set,2195.37,1.0,USA,COD,website,Delivered
ORD101864,CUST1462,08-09-2024,Home & Kitchen,LED Desk Lamp,995.14,1.0,India,UPI,Website,Delivered
ORD105263,CUST356,2024-02-02,Home & Kitchen,Storage Containers,2700.33,1.0,USA,Net Banking,Marketplace,Delivered
ORD105391,CUST176,2024-05-14,Fashion,Cotton T-Shirt,2872.05,1.0,UK,Debit Card,Website,Delivered
ORD104923,CUST1600,02-26-2024,Fashion,Leather Wallet,270.69,4.0,India,PayPal,Marketplace,Delivered
ORD103807,,2024-05-13,Home & Kitchen,Air Fryer,3323.97,1.0,France,credit card,Marketplace,Delivered
ORD103560,CUST272,2024-07-19,Fashion,Denim Jacket,1947.33,2.0,USA,UPI,Website,Delivered
ORD104717,CUST1504,2024-06-17,Toys,RC Car,1249.05,2.0,France,Credit Card,Marketplace,Delivered
ORD104967,CUST1358,2024-07-23,Toys,Building Blocks Set,560.77,1.0,India,Net Banking,Mobile App,Delivered
ORD103480,CUST1468,2024-02-04,Toys,Building Blocks Set,1503.55,1.0,Germany,COD,Marketplace,Delivered
ORD104552,CUST1512,08-03-2024,Toys,Puzzle 1000pc,996.12,1.0,USA,Debit Card,Website,Returned
ORD104640,,2024-03-12,Electronics,Power Bank,1126.05,3.0,India,COD,website,Delivered
ORD102282,CUST22,2024-02-08,Sports,Dumbbell Set,1991.6,1.0,India,UPI,Website,Cancelled
ORD100794,CUST1530,06-29-2024,Toys,Puzzle 1000pc,353.87,4.0,India,Net Banking,Website,Delivered
ORD100350,CUST1009,2024-09-11,Books,Kids Picture Book,243.2,1.0,india,UPI,Website,Delivered
ORD104958,CUST1381,2024-07-21,Sports,Cycling Gloves,2421.37,3.0,United States,Credit Card,Marketplace,Delivered
ORD105113,CUST980,07-04-2024,Beauty,Makeup Brush Kit,1310.42,,India,Debit Card,Website,Delivered
ORD102823,CUST392,20/06/2024,Toys,Building Blocks Set,592.18,1.0,India,UPI,Mobile App,Delivered
ORD104544,CUST1232,2024-06-02,Sports,Water Bottle,2325.47,1.0,India,Credit Card,Website,Delivered
ORD105376,CUST618,2024-05-10,Books,Cookbook,743.52,1.0,india,Debit Card,Mobile App,Delivered
ORD102805,CUST1320,2024-04-02,Books,Fiction Bestseller,695.87,2.0,USA,Debit Card,Marketplace,Delivered
ORD100616,CUST118,2024-05-31,Books,Kids Picture Book,127.96,1.0,France,Credit Card,Mobile App,Cancelled
ORD101884,CUST1245,2024-02-04,Fashion,Cotton T-Shirt,1758.91,2.0,France,UPI,Marketplace,Delivered
ORD104141,CUST625,2024-02-27,Electronics,Bluetooth Speaker,1737.39,1.0,France,COD,MOBILE APP,Cancelled
ORD104959,CUST287,16/03/2024,Sports,Dumbbell Set,2205.21,1.0,UK,Debit Card,Mobile App,Delivered
ORD104998,CUST8,2024-07-18,Electronics,Phone Case,1406.92,2.0,USA,UPI,Marketplace,Delivered
ORD103499,CUST888,03-05-2024,Toys,Puzzle 1000pc,1017.54,2.0,Germany,COD,Mobile App,Returned
ORD100384,CUST117,03/08/2024,Electronics,USB-C Cable,1443.63,2.0,India,UPI,website,Delivered
ORD104947,CUST1584,02-17-2024,Beauty,Makeup Brush Kit,165.06,1.0,UAE,credit card,Website,Delivered
ORD103982,CUST1,2024-09-14,Home & Kitchen,LED Desk Lamp,153262.0,1.0,USA,credit card,Mobile App,Delivered
ORD103689,CUST985,2024-02-06,Electronics,Power Bank,,1.0,India,Credit Card,Website,Cancelled
ORD103113,CUST6,02-24-2024,Books,Fiction Bestseller,787.16,1.0,India,Credit Card,Website,Delivered
ORD101718,CUST330,2024-02-04,Electronics,Wireless Earbuds,4321.19,1.0,India,UPI,Marketplace,Delivered
ORD100894,CUST1076,03-29-2024,Electronics,Smartwatch,1166.36,2.0,Germany,UPI,Website,Delivered
ORD103574,CUST1672,2024-07-05,Sports,Yoga Mat,1613.23,2.0,USA,Credit Card,Mobile App,Cancelled
ORD102900,CUST598,2024-02-28,Beauty,Makeup Brush Kit,1236.01,1.0,India,Debit Card,Marketplace,Delivered
ORD105150,CUST597,2024-08-30,Electronics,Power Bank,1109.94,1.0,India,PayPal,Website,Delivered
ORD101577,CUST1751,2024-01-09,Beauty,Makeup Brush Kit,1226.54,5.0,India,Credit Card,Website,Delivered
ORD101752,CUST1238,2024-04-08,Home & Kitchen,Storage Containers,3482.66,1.0,France,Debit Card,Website,Returned
ORD101228,CUST1286,2024-06-12,Sports,Cycling Gloves,1954.47,1.0,UK,,Mobile App,Delivered
ORD103255,CUST1023,2024-03-24,Sports,Resistance Bands,2359.36,3.0,India,Net Banking,Website,Delivered
ORD101728,CUST221,2024-02-13,Home & Kitchen,Non-stick Pan Set,3477.16,2.0,India,Credit Card,Website,Delivered
ORD104674,CUST550,2024-07-28,Home & Kitchen,Blender,719.79,2.0,India,Credit Card,Website,Delivered
ORD104876,CUST1163,14/02/2024,Beauty,Makeup Brush Kit,1179.62,1.0,India,Debit Card,Mobile App,Delivered
ORD104361,CUST79,04-09-2024,Books,Kids Picture Book,144.06,1.0,India,UPI,Website,Returned
ORD105210,CUST21,08-26-2024,Home & Kitchen,Air Fryer,1761.0,2.0,India,COD,Marketplace,Delivered
ORD103725,CUST185,09/06/2024,Fashion,Denim Jacket,2507.57,1.0,USA,Debit Card,Website,Cancelled
ORD103259,CUST1773,2024-02-13,Electronics,Bluetooth Speaker,4959.88,1.0,india,Net Banking,website,Delivered
ORD104803,,02-21-2024,Toys,Board Game,1579.78,1.0,USA,COD,Marketplace,Delivered
ORD102729,CUST1103,2024-04-27,Beauty,Makeup Brush Kit,573.77,1.0,India,Credit Card,website,Delivered
ORD103673,CUST1176,06-17-2024,Fashion,Cotton T-Shirt,776.68,1.0,United Kingdom,Credit Card,Mobile App,Returned
ORD100200,CUST262,2024-06-23,Beauty,Makeup Brush Kit,,2.0,india,UPI,Website,Delivered
ORD102735,CUST685,2024-06-08,Home & Kitchen,Non-stick Pan Set,1377.15,3.0,India,UPI,website,Delivered
ORD104703,CUST10,01-17-2024,Electronics,Wireless Earbuds,2189.2,2.0,UAE,Debit Card,Mobile App,Delivered
ORD105972,CUST1583,01-21-2024,Electronics,Phone Case,2572.89,1.0,India,Credit Card,Marketplace,Delivered
ORD103857,CUST1271,2024-07-29,Books,Self-Help Guide,121.93,2.0,UAE,credit card,website,Delivered
ORD104660,CUST1028,2024-03-09,Electronics,Smartwatch,2665.69,3.0,India,Debit Card,Website,Delivered
ORD103477,CUST87,2024-09-20,Electronics,USB-C Cable,4661.69,1.0,UK,UPI,Mobile App,Delivered
ORD103101,CUST1217,2024-05-20,Fashion,Running Shoes,2030.54,,Germany,Credit Card,Website,Delivered
ORD104308,CUST1526,2024-09-12,Home & Kitchen,Blender,786.34,1.0,France,UPI,Mobile App,Delivered
ORD102954,CUST1191,01-05-2024,Home & Kitchen,Blender,590.2,1.0,USA,UPI,Website,Delivered
ORD105520,CUST486,27/07/2024,Sports,Yoga Mat,554.31,1.0,India,Credit Card,MOBILE APP,Returned
ORD100333,CUST1106,2024-02-16,Electronics,USB-C Cable,3918.21,4.0,France,Credit Card,Website,Delivered
ORD102673,CUST1242,06/03/2024,Home & Kitchen,Air Fryer,2800.69,1.0,India,UPI,Mobile App,Delivered
ORD103613,CUST854,01-28-2024,Fashion,Leather Wallet,999.88,2.0,India,PayPal,Website,Delivered
ORD105625,CUST1144,22/05/2024,Fashion,Running Shoes,1535.05,5.0,UK,Debit Card,Website,Cancelled
ORD103813,CUST426,03/07/2024,Electronics,USB-C Cable,1893.5,1.0,India,credit card,Mobile App,Delivered
ORD104946,CUST157,2024-06-24,Home & Kitchen,Air Fryer,3395.11,1.0,India,PayPal,Marketplace,Returned
ORD104971,CUST1758,2024-07-24,Toys,Building Blocks Set,764.97,5.0,India,UPI,Mobile App,Delivered
ORD104182,CUST860,2024-08-09,Home & Kitchen,Air Fryer,2698.23,2.0,India,credit card,Marketplace,Delivered
ORD100141,CUST604,03-06-2024,Home & Kitchen,LED Desk Lamp,1742.97,2.0,India,UPI,website,Delivered
ORD105139,CUST686,2024-03-02,Beauty,Hair Dryer,885.1,2.0,United States,UPI,Mobile App,Delivered
ORD101730,CUST948,08-07-2024,Toys,Building Blocks Set,1249.21,1.0,India,UPI,Website,Delivered
ORD104535,CUST241,2024-04-15,Fashion,Sunglasses,1096.61,1.0,France,Credit Card,Marketplace,Delivered
ORD103463,CUST284,17/05/2024,Electronics,Wireless Earbuds,,1.0,India,PayPal,website,Returned
ORD105903,CUST171,22/08/2024,Home & Kitchen,LED Desk Lamp,1391.3,1.0,United Kingdom,credit card,Mobile App,Delivered
ORD105814,CUST1198,06-14-2024,Beauty,Face Serum,352.04,3.0,India,Net Banking,Mobile App,Delivered
ORD100370,CUST324,05-20-2024,Home & Kitchen,Non-stick Pan Set,1152.74,2.0,India,UPI,Website,Delivered
ORD105669,CUST457,2024-06-14,Electronics,Power Bank,1476.17,1.0,India,Debit Card,Marketplace,Delivered
ORD104665,CUST1198,2024-02-26,Electronics,Smartwatch,3191.76,1.0,UAE,UPI,Mobile App,Delivered
ORD101121,CUST737,2024-02-26,Toys,RC Car,636.39,1.0,USA,credit card,Marketplace,Delivered
ORD105208,CUST685,08-08-2024,Books,Self-Help Guide,231.22,1.0,India,Debit Card,Mobile App,Delivered
ORD105392,CUST1100,2024-04-01,Beauty,Sunscreen SPF50,1000.05,1.0,France,UPI,Mobile App,Delivered
ORD103807,,2024-05-13,Home & Kitchen,Air Fryer,3323.97,1.0,France,credit card,Marketplace,Delivered
ORD102200,CUST544,2024-09-01,Toys,Building Blocks Set,1337.5,1.0,India,Debit Card,Website,Delivered
ORD104508,CUST1357,05-17-2024,Books,Self-Help Guide,,1.0,India,UPI,Website,Returned
ORD103422,CUST577,2024-02-29,Home & Kitchen,Blender,2328.37,1.0,India,UPI,Marketplace,Delivered
ORD105486,CUST134,2024-07-27,Toys,Board Game,665.91,1.0,India,Debit Card,Mobile App,Delivered
ORD100636,CUST1517,31/03/2024,Fashion,Sunglasses,2856.51,1.0,USA,Debit Card,Marketplace,Delivered
ORD104159,CUST881,03-19-2024,Sports,Resistance Bands,675.84,2.0,India,Debit Card,MOBILE APP,Delivered
ORD104550,CUST363,07-16-2024,Books,Cookbook,588.17,2.0,India,Credit Card,Marketplace,Cancelled
ORD101982,,2024-01-21,Electronics,Bluetooth Speaker,4911.26,1.0,Germany,Debit Card,Mobile App,Returned
ORD105645,CUST333,03-12-2024,Electronics,Phone Case,2879.7,5.0,USA,UPI,Mobile App,Delivered
ORD104013,CUST980,04-08-2024,Books,Kids Picture Book,659.78,2.0,India,Debit Card,Website,Delivered
ORD102780,CUST1597,2024-01-09,Beauty,Hair Dryer,770.65,1.0,United States,COD,Mobile App,delivered
ORD103211,CUST1706,2024-07-03,Beauty,Hair Dryer,192.11,1.0,India,Credit Card,Marketplace,Delivered
ORD104531,CUST448,03/08/2024,Home & Kitchen,Air Fryer,2304.05,1.0,UK,Debit Card,Website,Delivered
ORD103076,CUST317,2024-08-30,Home & Kitchen,Storage Containers,529.85,1.0,India,Debit Card,website,Delivered
ORD103167,CUST972,2024-02-17,Sports,Cycling Gloves,1386.78,1.0,USA,Debit Card,Mobile App,Delivered
ORD103334,CUST752,2024-09-03,Electronics,Bluetooth Speaker,2774.75,2.0,UK,PayPal,Website,Delivered
ORD105191,CUST719,2024-08-28,Electronics,Smartwatch,3992.96,1.0,India,Credit Card,Marketplace,Delivered
ORD105702,CUST665,2024-04-29,Fashion,Running Shoes,1450.13,1.0,France,COD,Mobile App,Delivered
ORD104147,CUST1182,2024-09-26,Books,Fiction Bestseller,182.52,2.0,UK,UPI,Mobile App,Delivered
ORD100343,CUST1399,2024-09-22,Electronics,USB-C Cable,2986.67,1.0,UK,Debit Card,Website,Delivered
ORD100856,CUST1472,06-09-2024,Toys,RC Car,939.56,1.0,UAE,COD,Marketplace,Cancelled
ORD105282,CUST768,2024-05-14,Beauty,Lip Balm Set,425.08,2.0,UAE,UPI,Website,Delivered
ORD100066,CUST1531,17/01/2024,Beauty,Sunscreen SPF50,,1.0,India,Net Banking,Mobile App,Delivered
ORD102755,,11/09/2024,Electronics,Bluetooth Speaker,966.38,1.0,India,Net Banking,Website,Delivered
ORD100803,CUST1716,03-29-2024,Fashion,Sunglasses,,2.0,France,Credit Card,Marketplace,Cancelled
ORD104241,CUST1619,02-22-2024,Home & Kitchen,Non-stick Pan Set,2752.62,2.0,India,Debit Card,MOBILE APP,Delivered
ORD100380,CUST1722,2024-01-21,Fashion,Denim Jacket,2654.94,1.0,India,UPI,Website,Delivered
ORD100641,CUST1433,2024-02-05,Sports,Resistance Bands,1724.24,2.0,UK,UPI,Marketplace,Cancelled
ORD101154,CUST1506,29/04/2024,Fashion,Sunglasses,2811.25,1.0,USA,Debit Card,Website,Cancelled
ORD103383,CUST1486,2024-04-09,Toys,RC Car,363.26,4.0,USA,Credit Card,Mobile App,Delivered
ORD100368,CUST1698,27/09/2024,Electronics,USB-C Cable,4938.19,1.0,India,COD,Mobile App,Delivered
ORD100705,CUST1764,2024-02-07,Sports,Dumbbell Set,1079.42,1.0,INDIA,Net Banking,Website,Delivered
ORD105287,CUST1636,2024-03-18,Books,Fiction Bestseller,766.08,1.0,UAE,Credit Card,website,Delivered
ORD100912,,2024-06-10,Sports,Yoga Mat,678.29,1.0,india,Credit Card,Mobile App,Delivered
ORD102395,CUST502,2024-08-10,Toys,RC Car,1607.15,3.0,India,Net Banking,Website,Delivered
ORD100695,CUST851,2024-08-21,Books,Fiction Bestseller,446.74,1.0,USA,COD,Mobile App,delivered
ORD104569,CUST245,26/07/2024,Electronics,Power Bank,1436.77,1.0,France,COD,Website,Delivered
ORD102105,CUST23,03/04/2024,Fashion,Sunglasses,1738.0,1.0,India,PayPal,Mobile App,Delivered
ORD102043,CUST340,07-16-2024,Home & Kitchen,Storage Containers,3050.71,1.0,India,UPI,Website,Returned
ORD103830,CUST1134,2024-03-16,Home & Kitchen,LED Desk Lamp,1947.72,1.0,UK,PayPal,Mobile App,Returned
ORD102590,CUST1699,2024-09-25,Electronics,Wireless Earbuds,1097.35,1.0,Germany,UPI,Mobile App,Delivered
ORD100416,CUST1738,2024-03-18,Beauty,Lip Balm Set,385.09,,USA,UPI,Website,Delivered
ORD104422,CUST779,07-24-2024,Sports,Cycling Gloves,2353.65,1.0,UAE,UPI,website,Returned
ORD105429,CUST597,08-10-2024,Beauty,Face Serum,980.27,1.0,Germany,COD,Mobile App,Delivered
ORD100638,CUST310,2024-09-25,Beauty,Face Serum,229.07,3.0,India,UPI,Mobile App,Cancelled
ORD101897,CUST925,2024-05-19,Fashion,Leather Wallet,898.09,2.0,Germany,PayPal,Mobile App,Delivered
ORD101545,,01/02/2024,Fashion,Denim Jacket,2847.22,1.0,India,UPI,MOBILE APP,Returned
ORD104868,CUST122,21/02/2024,Beauty,Sunscreen SPF50,573.23,2.0,India,Credit Card,Mobile App,Delivered
ORD102944,CUST548,2024-03-07,Electronics,Bluetooth Speaker,3694.36,2.0,United States,Net Banking,Website,Delivered
ORD104386,CUST1582,05-29-2024,Toys,Building Blocks Set,1177.95,1.0,UK,Net Banking,Mobile App,Delivered
ORD101901,,2024-01-25,Books,Self-Help Guide,587.24,1.0,UAE,Credit Card,Marketplace,Delivered
ORD100524,CUST607,2024-01-24,Beauty,Makeup Brush Kit,846.2,1.0,USA,Credit Card,Marketplace,Delivered
ORD100235,CUST1174,2024-04-25,Beauty,Makeup Brush Kit,720.5,1.0,India,UPI,Mobile App,Delivered
ORD101838,CUST166,20/08/2024,Fashion,Leather Wallet,2534.31,1.0,nan,UPI,Marketplace,Delivered
ORD102955,CUST1238,2024-03-08,Home & Kitchen,Blender,693.72,1.0,India,Credit Card,Marketplace,Delivered
ORD100254,CUST889,2024-03-31,Fashion,Denim Jacket,,1.0,UAE,COD,Mobile App,Delivered
ORD103439,CUST155,2024-02-25,Toys,Puzzle 1000pc,1272.33,1.0,India,UPI,Website,Delivered
ORD101714,CUST135,05-04-2024,Electronics,Power Bank,4090.69,2.0,India,Credit Card,Website,Delivered
ORD105003,CUST364,2024-04-06,Fashion,Denim Jacket,2352.69,1.0,India,Credit Card,Marketplace,Delivered
ORD102091,CUST448,06-08-2024,Home & Kitchen,Blender,1182.42,1.0,USA,credit card,Marketplace,Delivered
ORD100389,CUST176,2024-01-02,Beauty,Lip Balm Set,1074.63,1.0,India,COD,website,Delivered
ORD100125,,2024-05-03,Electronics,Bluetooth Speaker,1509.77,1.0,India,Credit Card,Website,Cancelled
ORD100042,CUST804,02-25-2024,Sports,Yoga Mat,1572.74,1.0,INDIA,UPI,Mobile App,Delivered
ORD102915,CUST1041,2024-03-22,Electronics,Phone Case,4564.86,1.0,India,PayPal,Marketplace,Cancelled
ORD103815,CUST560,02-15-2024,Beauty,Makeup Brush Kit,,1.0,UK,PayPal,Mobile App,Cancelled
ORD100689,CUST135,04-04-2024,Toys,Puzzle 1000pc,1114.89,2.0,india,Credit Card,Website,Delivered
ORD100023,CUST1459,2024-04-03,Sports,Yoga Mat,985.32,1.0,Germany,Net Banking,Mobile App,Delivered
ORD100672,CUST15,2024-07-04,Fashion,Sunglasses,2634.74,1.0,India,UPI,Mobile App,Delivered
ORD102690,CUST381,05-06-2024,Electronics,USB-C Cable,3206.14,1.0,United States,COD,Marketplace,Delivered
ORD101506,CUST1440,31/05/2024,Fashion,Running Shoes,2421.28,1.0,India,credit card,Website,Delivered
ORD103790,CUST1015,2024-01-23,Sports,Resistance Bands,530.86,1.0,India,UPI,Mobile App,Delivered
ORD103975,CUST865,2024-06-14,Home & Kitchen,Blender,3209.43,1.0,UK,COD,Mobile App,Delivered
ORD104621,CUST488,15/06/2024,Home & Kitchen,LED Desk Lamp,2158.92,3.0,UAE,Debit Card,MOBILE APP,Returned
ORD102916,CUST1232,2024-08-10,Toys,Building Blocks Set,1887.91,1.0,France,Net Banking,Website,Delivered
ORD102156,CUST185,2024-04-15,Fashion,Cotton T-Shirt,2942.66,1.0,India,UPI,website,Delivered 
ORD100785,CUST881,2024-07-01,Sports,Water Bottle,810.34,2.0,France,Credit Card,Website,Delivered
ORD103521,CUST712,2024-02-27,Fashion,Running Shoes,589.92,1.0,nan,Debit Card,Marketplace,Delivered
ORD100576,CUST307,2024-09-29,Home & Kitchen,Blender,2427.38,2.0,USA,PayPal,Website,Delivered
ORD103079,CUST490,2024-06-21,Home & Kitchen,Air Fryer,805.37,,United Kingdom,UPI,Marketplace,Delivered
ORD102443,CUST70,05-25-2024,Toys,RC Car,1665.26,2.0,UK,UPI,Website,Cancelled
ORD104689,CUST1237,2024-05-31,Toys,Board Game,882.16,2.0,USA,PayPal,Mobile App,Delivered
ORD102116,CUST502,05-12-2024,Sports,Resistance Bands,1435.92,2.0,India,COD,Website,Delivered
ORD105356,CUST616,2024-04-04,Electronics,Bluetooth Speaker,2549.02,1.0,INDIA,Credit Card,Mobile App,Delivered
ORD104629,,2024-06-14,Sports,Yoga Mat,1771.32,2.0,india,PayPal,Marketplace,Returned
ORD100835,CUST1608,06/04/2024,Sports,Resistance Bands,458.0,1.0,nan,COD,MOBILE APP,Delivered
ORD101455,CUST123,06-06-2024,Fashion,Leather Wallet,1364.03,2.0,Germany,PayPal,Website,Delivered
ORD102664,CUST1087,2024-06-01,Fashion,Sunglasses,,2.0,UK,UPI,Mobile App,Delivered
ORD105790,CUST644,03-30-2024,Electronics,Power Bank,1574.62,1.0,UAE,UPI,Marketplace,Delivered
ORD102125,CUST1246,21/05/2024,Beauty,Face Serum,164.27,1.0,India,Credit Card,MOBILE APP,Delivered
ORD100410,CUST1464,2024-07-07,Fashion,Denim Jacket,2528.44,1.0,UK,PayPal,website,Delivered
ORD105437,CUST802,02/08/2024,Home & Kitchen,Air Fryer,601.74,1.0,India,,Marketplace,Delivered
ORD102922,CUST1140,03-01-2024,Home & Kitchen,LED Desk Lamp,763.74,1.0,India,COD,Mobile App,Returned
ORD101902,CUST1552,2024-02-24,Toys,Board Game,668.21,1.0,USA,Credit Card,Website,Delivered
ORD100393,CUST905,11/06/2024,Home & Kitchen,Non-stick Pan Set,2313.99,1.0,Germany,Debit Card,Website,Delivered
ORD103999,CUST871,03-11-2024,Home & Kitchen,Storage Containers,383.08,1.0,UK,Debit Card,Mobile App,Delivered
ORD100825,CUST85,05-08-2024,Toys,Puzzle 1000pc,1305.73,2.0,UK,UPI,Mobile App,Delivered
ORD100629,CUST1657,2024-02-11,Books,Fiction Bestseller,611.61,,USA,COD,MOBILE APP,Delivered
ORD102046,CUST316,17/05/2024,Fashion,Cotton T-Shirt,1177.04,1.0,India,Credit Card,Mobile App,Delivered
ORD101589,CUST1127,2024-05-21,Home & Kitchen,Air Fryer,2012.65,3.0,INDIA,UPI,Marketplace,Delivered
ORD100302,CUST540,2024-08-01,Beauty,Hair Dryer,1491.01,2.0,France,,Website,Delivered
ORD103695,CUST554,2024-01-21,Sports,Yoga Mat,776.75,1.0,Germany,Net Banking,Website,Delivered
ORD101331,CUST1311,03-29-2024,Sports,Yoga Mat,2494.51,1.0,USA,Credit Card,Website,Delivered
ORD102731,CUST673,2024-05-09,Electronics,Bluetooth Speaker,1089.41,1.0,UK,UPI,Mobile App,Cancelled
ORD103160,CUST420,2024-05-16,Home & Kitchen,Storage Containers,391.25,2.0,India,Credit Card,Website,Returned
ORD105622,CUST535,2024-03-27,Electronics,Phone Case,3839.8,1.0,India,UPI,Website,Delivered
ORD105699,CUST1206,03/04/2024,Fashion,Sunglasses,,1.0,India,Credit Card,Mobile App,Delivered
ORD103757,CUST940,05-26-2024,Home & Kitchen,Non-stick Pan Set,,1.0,USA,Credit Card,website,Delivered
ORD103529,CUST998,2024-02-09,Beauty,Face Serum,1305.76,1.0,India,COD,Mobile App,Delivered
ORD104392,CUST1571,07-20-2024,Beauty,Sunscreen SPF50,573.31,2.0,India,Credit Card,Website,Delivered
ORD105723,CUST420,07-08-2024,Fashion,Leather Wallet,599.96,3.0,India,Net Banking,Mobile App,Delivered
ORD100310,CUST89,13/01/2024,Electronics,Phone Case,2270.0,2.0,india,UPI,Marketplace,Delivered
ORD102003,CUST425,2024-06-28,Books,Self-Help Guide,428.71,4.0,Germany,Debit Card,Website,Delivered
ORD101011,CUST277,2024-06-05,Electronics,Bluetooth Speaker,2559.64,1.0,USA,UPI,Website,Delivered
ORD103102,,07/01/2024,Home & Kitchen,Storage Containers,988.37,1.0,India,Debit Card,Mobile App,Delivered
ORD101379,,07-24-2024,Books,Fiction Bestseller,791.79,2.0,India,Debit Card,Website,Delivered
ORD101393,CUST1121,12/01/2024,Fashion,Running Shoes,2868.48,1.0,UK,Credit Card,Website,Delivered
ORD101448,CUST367,2024-08-12,Fashion,Cotton T-Shirt,1970.09,1.0,Germany,,Marketplace,Delivered
ORD103293,CUST361,24/02/2024,Home & Kitchen,Storage Containers,937.97,2.0,UK,credit card,Mobile App,Delivered
ORD100731,CUST949,2024-01-31,Toys,Board Game,1906.55,2.0,India,Debit Card,Marketplace,Delivered
ORD101713,CUST1428,2024-05-31,Home & Kitchen,Blender,3420.55,2.0,India,Debit Card,Website,Delivered
ORD104036,CUST1176,2024-07-06,Beauty,Hair Dryer,673.13,1.0,France,Debit Card,Website,Delivered
ORD100971,CUST451,07-25-2024,Books,Cookbook,419.77,1.0,India,Credit Card,Website,Cancelled
ORD101624,CUST758,05-09-2024,Sports,Yoga Mat,751.14,1.0,India,credit card,Website,Delivered
ORD102794,CUST1322,05-20-2024,Home & Kitchen,Blender,2159.45,4.0,India,COD,Mobile App,Delivered
ORD104750,CUST1322,17/09/2024,Books,Kids Picture Book,169.62,1.0,UK,UPI,Marketplace,Delivered
ORD102894,CUST704,2024-06-09,Beauty,Lip Balm Set,1172.1,2.0,USA,Debit Card,Website,delivered
ORD100501,CUST619,2024-02-19,Sports,Yoga Mat,2257.58,1.0,USA,Credit Card,Mobile App,Delivered
ORD105932,CUST1474,01-10-2024,Home & Kitchen,Blender,1306.49,3.0,UK,COD,Website,Delivered
ORD103905,CUST1790,07-03-2024,Electronics,Smartwatch,,1.0,India,Debit Card,Marketplace,Delivered
ORD103139,CUST914,06-18-2024,Fashion,Leather Wallet,,1.0,india,Credit Card,Mobile App,Returned
ORD105820,CUST497,09-15-2024,Sports,Resistance Bands,2060.09,1.0,India,Net Banking,Website,Delivered
ORD102556,CUST1616,2024-03-21,Electronics,Bluetooth Speaker,2670.57,1.0,India,Credit Card,Website,Returned
ORD105746,CUST1279,02-29-2024,Fashion,Leather Wallet,1809.54,1.0,USA,COD,Website,Returned
ORD104668,,2024-03-04,Electronics,Phone Case,1497.29,2.0,INDIA,Net Banking,Mobile App,Delivered
ORD101050,CUST1241,2024-04-19,Sports,Cycling Gloves,159998.0,5.0,USA,Credit Card,Marketplace,Delivered
ORD102719,CUST1065,06-02-2024,Electronics,Smartwatch,846.82,,UK,COD,Website,Delivered
ORD102786,CUST572,2024-07-14,Electronics,Bluetooth Speaker,3498.62,1.0,France,Credit Card,Mobile App,Delivered
ORD100948,CUST1369,2024-02-19,Fashion,Leather Wallet,2748.32,1.0,INDIA,COD,website,Delivered
ORD104484,CUST1131,2024-09-24,Fashion,Sunglasses,1160.8,1.0,India,UPI,Marketplace,Delivered
ORD102803,CUST208,2024-02-28,Beauty,Makeup Brush Kit,260.92,1.0,USA,Credit Card,Mobile App,Delivered
ORD105693,CUST724,2024-01-08,Toys,RC Car,1627.98,2.0,Germany,COD,Mobile App,Delivered
ORD102138,CUST526,2024-02-22,Toys,RC Car,1815.36,2.0,USA,UPI,Website,Delivered
ORD104679,CUST175,2024-04-02,Electronics,USB-C Cable,3340.55,3.0,India,UPI,Marketplace,Delivered
ORD101314,CUST78,02-11-2024,Toys,RC Car,1203.88,3.0,USA,Debit Card,Mobile App,Cancelled
ORD105598,CUST1443,07-25-2024,Toys,Building Blocks Set,1238.54,2.0,nan,credit card,Marketplace,Cancelled
ORD105234,CUST817,2024-06-08,Electronics,Power Bank,834.24,3.0,India,Credit Card,Mobile App,Delivered
ORD104584,CUST547,2024-01-12,Toys,Board Game,316.52,4.0,India,credit card,MOBILE APP,Delivered
ORD100232,CUST1339,2024-06-14,Fashion,Sunglasses,2946.13,2.0,USA,Credit Card,Mobile App,Delivered
ORD101434,CUST83,2024-03-09,Fashion,Cotton T-Shirt,1146.96,1.0,UAE,credit card,Website,Delivered
ORD103048,CUST1681,2024-03-14,Electronics,Wireless Earbuds,3332.29,1.0,United Kingdom,Net Banking,Mobile App,Delivered
ORD105375,CUST1669,05-29-2024,Electronics,Smartwatch,1213.7,1.0,UK,Debit Card,Website,Delivered
ORD105720,CUST302,04/01/2024,Fashion,Sunglasses,1313.54,1.0,USA,Debit Card,Mobile App,Delivered 
ORD101151,,2024-06-14,Sports,Yoga Mat,2448.2,1.0,India,Net Banking,Marketplace,Delivered
ORD101938,CUST1783,2024-01-27,Beauty,Face Serum,925.05,1.0,United States,Debit Card,Marketplace,Delivered
ORD105931,CUST913,2024-07-29,Fashion,Leather Wallet,2196.87,2.0,India,UPI,Website,Delivered
ORD101343,CUST221,2024-03-03,Toys,Puzzle 1000pc,685.31,1.0,UAE,Debit Card,Marketplace,Delivered
ORD102016,CUST1326,2024-02-24,Beauty,Lip Balm Set,787.87,1.0,India,UPI,Mobile App,Cancelled
ORD103007,CUST612,2024-06-03,Sports,Yoga Mat,854.51,1.0,India,COD,Mobile App,Delivered
ORD104421,CUST830,29/07/2024,Books,Self-Help Guide,514.57,1.0,India,Debit Card,Mobile App,Delivered
ORD102654,CUST1284,2024-05-18,Electronics,Phone Case,2697.33,1.0,UAE,Debit Card,Mobile App,Delivered
ORD103177,CUST1678,2024-04-01,Electronics,USB-C Cable,1499.8,3.0,India,PayPal,Website,Delivered
ORD100084,CUST591,29/06/2024,Fashion,Running Shoes,2329.87,1.0,France,PayPal,Website,Delivered
ORD103026,CUST1327,2024-01-07,Home & Kitchen,LED Desk Lamp,457.77,2.0,Germany,Debit Card,Mobile App,Returned
ORD102721,CUST19,2024-01-10,Fashion,Cotton T-Shirt,2405.51,4.0,India,,Marketplace,Delivered
ORD104660,CUST1028,2024-03-09,Electronics,Smartwatch,2665.69,3.0,India,Debit Card,Website,Delivered
ORD104804,CUST1102,09-18-2024,Electronics,USB-C Cable,1118.02,4.0,France,PayPal,Mobile App,Delivered
ORD101754,CUST1738,2024-03-01,Sports,Dumbbell Set,1824.94,2.0,USA,PayPal,Marketplace,Cancelled
ORD104684,CUST652,2024-08-18,Electronics,USB-C Cable,2812.64,1.0,USA,UPI,Marketplace,Cancelled
ORD103724,CUST763,28/09/2024,Sports,Dumbbell Set,1544.77,2.0,India,PayPal,Marketplace,Delivered
ORD105372,CUST1095,2024-07-14,Electronics,Bluetooth Speaker,4316.83,3.0,USA,Credit Card,Website,Delivered
ORD105258,CUST1626,31/08/2024,Toys,RC Car,300.63,1.0,UAE,Debit Card,Mobile App,Cancelled
ORD104183,CUST726,14/04/2024,Electronics,Power Bank,3403.49,2.0,India,Debit Card,Mobile App,Delivered
ORD100110,CUST311,2024-05-15,Fashion,Denim Jacket,250006.0,1.0,Germany,PayPal,Website,Delivered
ORD100622,CUST432,2024-07-27,Fashion,Cotton T-Shirt,1401.1,1.0,UK,UPI,MOBILE APP,Delivered
ORD105591,CUST219,07/06/2024,Electronics,Power Bank,3576.62,1.0,India,COD,Website,Delivered
ORD102441,CUST1772,05-25-2024,Electronics,Smartwatch,,1.0,India,Debit Card,MOBILE APP,Delivered
ORD102579,CUST1674,02-20-2024,Beauty,Hair Dryer,241.78,1.0,India,credit card,Mobile App,Delivered
ORD104345,CUST439,20/02/2024,Books,Cookbook,593.47,1.0,india,,Mobile App,Delivered
ORD102349,CUST1133,03-12-2024,Books,Kids Picture Book,234.39,1.0,UAE,Credit Card,Mobile App,Delivered
ORD100374,CUST1263,17/05/2024,Home & Kitchen,Blender,2343.68,1.0,India,Debit Card,MOBILE APP,Delivered
ORD102548,,2024-07-27,Toys,Puzzle 1000pc,1352.59,5.0,United States,,Website,Delivered
ORD103805,CUST881,01/02/2024,Electronics,Smartwatch,2096.52,1.0,India,PayPal,MOBILE APP,Returned
ORD100175,CUST703,04/09/2024,Electronics,Smartwatch,3988.06,1.0,USA,Credit Card,Marketplace,Delivered
ORD102181,CUST1118,2024-05-01,Books,Cookbook,710.46,2.0,India,Credit Card,Website,Delivered
ORD102012,CUST754,2024-08-16,Books,Cookbook,455.87,5.0,UK,Credit Card,Marketplace,Delivered
ORD103538,CUST502,2024-08-11,Sports,Cycling Gloves,349.04,1.0,USA,Debit Card,Marketplace,Delivered
ORD101280,CUST1613,2024-06-19,Toys,Puzzle 1000pc,1318.54,2.0,India,Debit Card,Mobile App,Delivered
ORD104820,CUST917,08/02/2024,Home & Kitchen,Air Fryer,2000.59,1.0,India,UPI,Mobile App,Delivered
ORD105259,CUST1345,2024-02-13,Fashion,Leather Wallet,939.31,1.0,India,Debit Card,website,Delivered
ORD102365,CUST664,03-18-2024,Home & Kitchen,Non-stick Pan Set,1651.14,4.0,India,Debit Card,Mobile App,Delivered
ORD101944,CUST317,2024-03-03,Electronics,Phone Case,2085.38,1.0,Germany,Credit Card,Mobile App,Delivered
ORD101246,CUST375,06-24-2024,Sports,Dumbbell Set,2318.51,2.0,India,UPI,Mobile App,Delivered
ORD102656,CUST819,2024-03-25,Sports,Cycling Gloves,2148.27,1.0,India,Debit Card,Mobile App,Returned
ORD103269,CUST330,2024-03-23,Home & Kitchen,Storage Containers,1876.69,4.0,India,credit card,Website,Delivered
ORD102620,CUST1592,2024-09-20,Sports,Water Bottle,473.12,2.0,India,Debit Card,website,Delivered
ORD104332,CUST816,07/05/2024,Fashion,Leather Wallet,2817.46,1.0,Germany,UPI,Marketplace,Returned
ORD105994,CUST182,2024-05-06,Beauty,Lip Balm Set,804.16,1.0,India,UPI,Marketplace,Delivered
ORD100903,CUST1446,2024-07-17,Fashion,Denim Jacket,2023.42,1.0,United States,Credit Card,Website,Cancelled
ORD105816,CUST481,03-19-2024,Electronics,Bluetooth Speaker,2290.07,1.0,India,UPI,Mobile App,Cancelled
ORD104130,CUST1553,04-07-2024,Electronics,USB-C Cable,,1.0,France,PayPal,Mobile App,Delivered
ORD100356,CUST503,07-04-2024,Fashion,Leather Wallet,1738.21,2.0,Germany,UPI,Website,Delivered 
ORD101194,CUST991,05-17-2024,Fashion,Sunglasses,1492.22,1.0,INDIA,COD,Website,Delivered
ORD105197,CUST210,03-25-2024,Fashion,Leather Wallet,810.66,2.0,India,PayPal,Mobile App,delivered
ORD102343,CUST1662,2024-08-22,Toys,Board Game,1829.38,4.0,India,Debit Card,Mobile App,Delivered
ORD105142,CUST775,06/04/2024,Electronics,Wireless Earbuds,3994.25,1.0,India,UPI,MOBILE APP,Delivered
ORD100303,CUST1487,03-28-2024,Electronics,Wireless Earbuds,1393.66,1.0,UK,Credit Card,Mobile App,Returned
ORD105203,CUST178,06-21-2024,Beauty,Hair Dryer,657.1,2.0,UK,UPI,Website,Delivered
ORD105000,CUST432,02/02/2024,Toys,Board Game,502.57,5.0,Germany,Credit Card,Marketplace,Delivered
ORD103515,CUST821,2024-09-24,Home & Kitchen,Blender,2233.72,3.0,India,Net Banking,Website,Returned
ORD104787,CUST778,01/09/2024,Home & Kitchen,LED Desk Lamp,2336.12,1.0,France,Net Banking,Mobile App,Delivered
ORD103109,CUST1714,03-17-2024,Beauty,Lip Balm Set,831.25,1.0,France,PayPal,Mobile App,Delivered
ORD104854,CUST1546,06/02/2024,Toys,Puzzle 1000pc,717.79,1.0,United Kingdom,PayPal,Mobile App,Delivered
ORD104443,CUST1766,2024-07-07,Sports,Resistance Bands,2397.95,1.0,India,Credit Card,Marketplace,Cancelled
ORD102167,CUST295,30/06/2024,Toys,Board Game,282.14,1.0,India,COD,Mobile App,delivered
ORD104202,CUST1192,2024-01-20,Fashion,Denim Jacket,1054.22,2.0,USA,UPI,Mobile App,Delivered
ORD104329,CUST1225,08-01-2024,Electronics,USB-C Cable,3589.06,2.0,USA,Credit Card,Mobile App,Delivered
ORD100624,CUST787,2024-04-21,Home & Kitchen,LED Desk Lamp,2074.57,1.0,India,UPI,Website,Returned
ORD101870,CUST298,2024-01-21,Toys,Building Blocks Set,984.18,1.0,USA,Credit Card,Mobile App,Cancelled
ORD104570,CUST1312,02-15-2024,Electronics,Bluetooth Speaker,4797.17,1.0,India,UPI,Mobile App,Delivered
ORD102739,CUST1446,05-31-2024,Fashion,Leather Wallet,610.03,2.0,USA,Debit Card,Mobile App,Delivered
ORD104790,CUST614,18/03/2024,Books,Kids Picture Book,549.91,2.0,India,PayPal,Marketplace,Delivered
ORD101393,CUST1121,12/01/2024,Fashion,Running Shoes,2868.48,1.0,UK,Credit Card,Website,Delivered
ORD103814,CUST1171,2024-02-27,Fashion,Running Shoes,2949.64,2.0,Germany,UPI,Website,Delivered
ORD100409,CUST1114,2024-09-26,Electronics,Smartwatch,1222.87,2.0,USA,Credit Card,Website,Delivered
ORD102005,CUST1155,2024-04-16,Home & Kitchen,Blender,2717.34,2.0,USA,UPI,Marketplace,Delivered
ORD103950,CUST29,04-05-2024,Home & Kitchen,Blender,2732.94,1.0,USA,PayPal,Mobile App,Delivered
ORD100796,CUST813,25/05/2024,Fashion,Sunglasses,802.71,1.0,India,Credit Card,website,Delivered
ORD105968,CUST260,02-24-2024,Fashion,Sunglasses,1427.46,1.0,India,,website,Delivered
ORD102796,CUST1671,17/05/2024,Beauty,Makeup Brush Kit,955.82,1.0,France,,Website,Returned
ORD105472,CUST592,2024-05-01,Electronics,Wireless Earbuds,3067.18,1.0,France,credit card,Website,Cancelled
ORD100715,CUST544,2024-02-12,Beauty,Lip Balm Set,549.68,3.0,UAE,PayPal,Website,Returned
ORD104187,CUST1221,2024-05-25,Beauty,Hair Dryer,986.09,1.0,India,UPI,Mobile App,Delivered
ORD102249,CUST131,2024-01-26,Sports,Resistance Bands,1860.91,2.0,UK,Debit Card,website,Delivered
ORD104705,CUST817,03-24-2024,Books,Fiction Bestseller,198.1,1.0,India,PayPal,Website,Delivered
ORD101471,CUST1428,2024-09-25,Home & Kitchen,Air Fryer,559.45,2.0,UK,COD,Mobile App,Delivered
ORD102952,CUST855,05-04-2024,Fashion,Cotton T-Shirt,1486.47,1.0,Germany,COD,Website,Delivered
ORD104124,CUST1409,22/06/2024,Fashion,Running Shoes,1325.43,2.0,India,Debit Card,Mobile App,Delivered
ORD102252,,04-18-2024,Electronics,Smartwatch,1749.4,1.0,UK,Credit Card,Website,Delivered
ORD102566,CUST1305,2024-05-21,Fashion,Cotton T-Shirt,1444.85,1.0,India,UPI,Marketplace,Delivered
ORD103416,CUST416,09/08/2024,Electronics,Phone Case,4875.78,2.0,India,COD,Marketplace,Delivered
ORD104464,CUST886,2024-04-26,Home & Kitchen,Non-stick Pan Set,605.65,2.0,India,Credit Card,Marketplace,Cancelled
ORD100211,CUST61,2024-05-17,Fashion,Running Shoes,1870.87,1.0,France,Debit Card,Mobile App,Delivered
ORD101293,CUST80,07-20-2024,Fashion,Cotton T-Shirt,2744.93,1.0,India,Credit Card,Marketplace,Delivered
ORD102449,CUST1428,2024-02-15,Sports,Dumbbell Set,909.64,2.0,India,credit card,Mobile App,Delivered
ORD102840,CUST1468,2024-01-04,Sports,Resistance Bands,1962.79,3.0,india,Debit Card,Website,Returned
ORD105135,CUST1522,2024-03-09,Home & Kitchen,Air Fryer,1174.75,1.0,Germany,credit card,Website,Delivered
ORD105222,CUST425,2024-02-18,Toys,Building Blocks Set,80019.0,1.0,India,UPI,MOBILE APP,Delivered
ORD100727,CUST1701,2024-08-08,Fashion,Cotton T-Shirt,2375.05,1.0,India,COD,Website,Delivered
ORD100011,CUST1077,04-07-2024,Fashion,Leather Wallet,425.39,1.0,USA,UPI,Website,Returned
ORD100923,CUST752,2024-07-14,Toys,Board Game,566.6,1.0,Germany,Net Banking,Mobile App,Delivered
ORD101958,CUST1607,2024-02-21,Sports,Resistance Bands,938.08,1.0,United States,Credit Card,Mobile App,Delivered
ORD101805,,2024-02-22,Books,Kids Picture Book,302.86,1.0,India,UPI,Website,Delivered
ORD101551,CUST1765,07-29-2024,Electronics,USB-C Cable,1806.29,1.0,India,UPI,Mobile App,Delivered
ORD102665,CUST763,18/06/2024,Beauty,Makeup Brush Kit,179.6,1.0,India,UPI,Website,Delivered
ORD103029,CUST972,03-10-2024,Books,Kids Picture Book,143.5,1.0,India,UPI,Website,Delivered
ORD104226,CUST592,02-21-2024,Fashion,Leather Wallet,2857.4,2.0,USA,COD,Website,Delivered
ORD102038,CUST215,2024-04-07,Toys,Board Game,1556.01,3.0,France,,Marketplace,Delivered
ORD101399,CUST845,2024-04-04,Home & Kitchen,LED Desk Lamp,464.13,1.0,India,Debit Card,Website,Delivered
ORD103883,CUST1400,02-25-2024,Home & Kitchen,Blender,1524.34,1.0,UK,UPI,Mobile App,Delivered
ORD105324,CUST350,2024-01-21,Fashion,Cotton T-Shirt,1274.98,1.0,United Kingdom,Debit Card,Marketplace,Delivered
ORD101690,CUST24,07/08/2024,Sports,Yoga Mat,497.04,2.0,India,COD,Mobile App,Delivered
ORD101552,,2024-02-18,Books,Cookbook,501.83,1.0,Germany,UPI,Mobile App,Delivered
ORD105482,CUST1309,2024-08-23,Home & Kitchen,Non-stick Pan Set,1584.12,1.0,India,UPI,Marketplace,Delivered
ORD105310,CUST1344,08-13-2024,Fashion,Cotton T-Shirt,901.25,1.0,india,Debit Card,Website,delivered
ORD100475,CUST41,2024-01-13,Home & Kitchen,Blender,2568.21,1.0,India,Debit Card,Marketplace,Delivered
ORD100013,CUST624,2024-02-06,Fashion,Leather Wallet,929.32,4.0,France,Credit Card,Website,Delivered
ORD102691,CUST122,05-27-2024,Beauty,Sunscreen SPF50,1150.24,1.0,USA,Debit Card,Website,Delivered
ORD105151,,2024-09-18,Electronics,Phone Case,3327.83,1.0,india,COD,Mobile App,Delivered
ORD103806,CUST1750,2024-04-18,Home & Kitchen,Air Fryer,2758.47,,UK,Debit Card,Mobile App,Delivered
ORD103818,CUST1695,01-18-2024,Toys,Building Blocks Set,1655.65,2.0,India,UPI,Website,Delivered
ORD105798,CUST1482,2024-01-02,Beauty,Hair Dryer,1342.65,1.0,USA,Credit Card,Website,Delivered
ORD101990,CUST1657,06/05/2024,Fashion,Sunglasses,1281.38,1.0,India,PayPal,Marketplace,Cancelled
ORD105158,CUST1599,2024-04-20,Beauty,Hair Dryer,208.68,1.0,United Kingdom,PayPal,Website,Delivered
ORD105426,CUST560,2024-02-18,Sports,Cycling Gloves,1333.6,1.0,Germany,Debit Card,Website,Delivered
ORD102271,CUST412,02-18-2024,Home & Kitchen,LED Desk Lamp,915.71,1.0,UK,Credit Card,Mobile App,Delivered
ORD100207,,07-25-2024,Beauty,Sunscreen SPF50,509.99,4.0,USA,UPI,Mobile App,Delivered
ORD103237,CUST1269,2024-02-08,Beauty,Lip Balm Set,1322.55,1.0,India,Credit Card,website,Delivered
ORD101627,CUST373,2024-03-30,Home & Kitchen,Blender,1951.08,2.0,USA,Debit Card,Mobile App,Delivered
ORD104370,CUST1114,2024-05-05,Toys,Puzzle 1000pc,377.23,1.0,UAE,Debit Card,Website,Delivered
ORD105934,CUST1417,16/09/2024,Electronics,Smartwatch,4099.1,1.0,India,Debit Card,Mobile App,Returned
ORD100886,CUST398,01-20-2024,Home & Kitchen,LED Desk Lamp,2724.84,1.0,India,Credit Card,website,delivered
ORD103727,CUST236,2024-07-20,Sports,Water Bottle,458.1,2.0,USA,COD,Website,Returned
ORD100824,CUST61,2024-02-25,Beauty,Makeup Brush Kit,751.91,1.0,India,UPI,Marketplace,Delivered
ORD101236,CUST562,02-28-2024,Beauty,Lip Balm Set,600.84,1.0,India,Credit Card,Mobile App,Delivered
ORD103052,CUST1560,2024-07-06,Sports,Yoga Mat,1245.78,1.0,UK,UPI,Mobile App,Delivered
ORD103438,CUST1333,04-02-2024,Home & Kitchen,Air Fryer,2978.44,3.0,France,UPI,website,Delivered
ORD103414,CUST183,2024-08-16,Electronics,USB-C Cable,737.27,1.0,United States,COD,Mobile App,Delivered
ORD101879,CUST738,2024-08-10,Sports,Cycling Gloves,2105.26,2.0,India,UPI,Mobile App,Delivered
ORD101456,CUST758,2024-07-13,Toys,Board Game,1497.42,,United States,Net Banking,Marketplace,Delivered
ORD100943,CUST838,02-09-2024,Electronics,Wireless Earbuds,814.88,1.0,UK,Net Banking,Mobile App,Returned
ORD102535,CUST620,2024-03-06,Fashion,Running Shoes,1989.58,1.0,India,Credit Card,Mobile App,Delivered
ORD100590,CUST60,02-13-2024,Sports,Cycling Gloves,1907.26,1.0,UK,COD,Mobile App,Delivered
ORD105007,CUST174,02-04-2024,Toys,RC Car,1706.71,1.0,india,,MOBILE APP,Delivered
ORD104800,CUST1267,03-09-2024,Home & Kitchen,LED Desk Lamp,3314.3,2.0,India,Debit Card,Marketplace,Returned
ORD102597,,06-15-2024,Electronics,USB-C Cable,2483.18,1.0,India,UPI,Mobile App,Returned
ORD103320,CUST3,2024-08-14,Electronics,Phone Case,3520.54,2.0,USA,UPI,Mobile App,Delivered
ORD104284,CUST265,02-02-2024,Sports,Yoga Mat,209.35,1.0,India,credit card,Mobile App,Delivered
ORD102907,CUST1512,2024-04-15,Beauty,Face Serum,341.97,4.0,UAE,UPI,Marketplace,Delivered
ORD103330,CUST973,2024-09-28,Beauty,Sunscreen SPF50,,1.0,United Kingdom,UPI,website,Delivered
ORD105425,CUST1379,24/06/2024,Fashion,Sunglasses,348.54,1.0,India,Credit Card,Mobile App,Delivered 
ORD104151,CUST1716,04-24-2024,Sports,Water Bottle,967.89,1.0,UAE,UPI,MOBILE APP,Delivered
ORD102369,CUST1754,2024-05-29,Fashion,Cotton T-Shirt,2052.26,1.0,India,UPI,Website,Delivered
ORD101978,CUST1547,2024-04-03,Home & Kitchen,Air Fryer,2860.28,1.0,India,Credit Card,Website,Delivered
ORD104356,CUST811,2024-02-07,Fashion,Leather Wallet,902.94,1.0,UK,Credit Card,Mobile App,Delivered
ORD104594,CUST677,02/01/2024,Beauty,Face Serum,549.8,1.0,USA,Credit Card,Mobile App,Delivered
ORD105458,CUST1474,2024-01-29,Fashion,Sunglasses,1496.48,2.0,India,credit card,Marketplace,Returned
ORD103421,CUST412,09/07/2024,Sports,Water Bottle,2219.73,1.0,Germany,Debit Card,Mobile App,Delivered
ORD105351,CUST15,2024-06-01,Beauty,Sunscreen SPF50,1444.54,1.0,India,PayPal,website,Returned
ORD100507,CUST67,2024-04-05,Toys,Puzzle 1000pc,440.37,1.0,India,Credit Card,Marketplace,Delivered
ORD100268,CUST953,09/05/2024,Sports,Dumbbell Set,1552.21,4.0,India,UPI,Mobile App,Delivered
ORD103394,CUST1418,04/06/2024,Fashion,Running Shoes,2030.9,3.0,USA,UPI,Marketplace,Delivered
ORD100774,CUST1253,04/08/2024,Fashion,Leather Wallet,1955.65,1.0,France,Debit Card,Website,Cancelled
ORD100449,CUST184,2024-09-15,Home & Kitchen,LED Desk Lamp,572.29,2.0,USA,UPI,Website,Delivered
ORD100714,CUST366,10/08/2024,Fashion,Cotton T-Shirt,2017.63,1.0,India,PayPal,Website,Delivered
ORD104771,CUST206,2024-04-26,Sports,Yoga Mat,2080.11,2.0,Germany,Credit Card,MOBILE APP,Delivered
ORD105118,CUST333,02-19-2024,Home & Kitchen,Non-stick Pan Set,2448.95,1.0,India,Debit Card,Mobile App,Delivered
ORD101656,CUST1001,2024-06-18,Beauty,Sunscreen SPF50,348.28,1.0,France,UPI,Website,Delivered
ORD102293,CUST1454,2024-09-12,Electronics,Phone Case,3093.39,1.0,France,Debit Card,Mobile App,Returned
ORD104131,CUST489,2024-08-19,Toys,Puzzle 1000pc,,1.0,India,UPI,Website,Delivered
ORD105417,CUST215,2024-08-26,Electronics,Power Bank,3123.39,2.0,INDIA,Debit Card,Website,Delivered
ORD102878,CUST986,2024-08-23,Home & Kitchen,Blender,1654.76,1.0,India,UPI,Website,Returned
ORD105789,CUST1094,2024-01-02,Home & Kitchen,Storage Containers,2012.47,3.0,UAE,UPI,Mobile App,Delivered
ORD101745,CUST1355,2024-01-13,Electronics,Smartwatch,4994.07,4.0,UK,Credit Card,Marketplace,Delivered
ORD102447,CUST1639,2024-09-18,Home & Kitchen,Storage Containers,1587.17,1.0,India,UPI,MOBILE APP,Returned
ORD101857,CUST857,2024-06-09,Toys,RC Car,1911.8,2.0,India,UPI,Mobile App,Delivered
ORD103065,CUST1418,05-13-2024,Electronics,Wireless Earbuds,4221.47,1.0,India,COD,Website,Delivered
ORD102403,CUST1371,2024-01-26,Electronics,Smartwatch,376715.0,1.0,United States,UPI,Marketplace,Delivered
ORD105250,CUST147,09-20-2024,Home & Kitchen,Storage Containers,720.42,1.0,India,UPI,Mobile App,Delivered
ORD101466,,2024-08-05,Books,Self-Help Guide,585.53,1.0,France,Net Banking,Mobile App,Delivered
ORD102236,CUST328,03-20-2024,Electronics,USB-C Cable,3246.31,1.0,UK,Debit Card,Marketplace,Delivered
ORD102627,CUST965,2024-02-03,Beauty,Sunscreen SPF50,1066.21,1.0,INDIA,Debit Card,Mobile App,Delivered
ORD100297,CUST306,19/06/2024,Electronics,Wireless Earbuds,4083.18,2.0,UK,Net Banking,Website,Cancelled
ORD100527,CUST1165,2024-02-09,Books,Self-Help Guide,120.58,1.0,India,Debit Card,Marketplace,Delivered
ORD100795,CUST260,2024-07-29,Home & Kitchen,Storage Containers,2361.07,1.0,USA,Debit Card,MOBILE APP,Delivered
ORD104454,CUST1533,2024-05-08,Home & Kitchen,Storage Containers,1271.88,1.0,USA,Credit Card,Website,Cancelled
ORD103432,CUST744,15/06/2024,Toys,Board Game,985.18,1.0,India,Credit Card,Website,Delivered
ORD103001,CUST574,2024-04-14,Sports,Dumbbell Set,1213.72,1.0,USA,COD,Website,Delivered
ORD101853,CUST621,2024-02-04,Sports,Water Bottle,460.17,1.0,India,PayPal,Website,Delivered
ORD105601,CUST722,2024-06-10,Sports,Cycling Gloves,1904.34,2.0,nan,Credit Card,Marketplace,Delivered
ORD102854,CUST1397,2024-03-25,Toys,Building Blocks Set,643.23,1.0,Germany,Credit Card,Mobile App,Returned
ORD100601,CUST511,08-26-2024,Electronics,Bluetooth Speaker,518.62,1.0,India,Debit Card,Website,Delivered
ORD101688,CUST31,07-02-2024,Home & Kitchen,LED Desk Lamp,1959.04,1.0,India,Credit Card,Mobile App,Delivered
ORD104663,CUST622,2024-07-22,Toys,Puzzle 1000pc,1256.43,2.0,UAE,Debit Card,Mobile App,Delivered
ORD103539,CUST1616,06-11-2024,Books,Fiction Bestseller,322.82,2.0,india,Credit Card,website,Delivered
ORD102170,,2024-02-27,Sports,Resistance Bands,1536.88,3.0,india,UPI,Website,Delivered
ORD105164,CUST420,27/08/2024,Beauty,Lip Balm Set,87475.0,2.0,USA,Credit Card,Marketplace,Delivered
ORD100438,CUST228,23/06/2024,Sports,Dumbbell Set,1231.89,1.0,France,UPI,Website,Delivered
ORD104590,CUST1114,07-13-2024,Beauty,Hair Dryer,1402.04,1.0,India,,Marketplace,Delivered
ORD101882,CUST1302,2024-02-10,Toys,Puzzle 1000pc,1115.62,1.0,India,Credit Card,Website,Delivered
ORD105612,CUST1771,03-17-2024,Beauty,Lip Balm Set,534.24,1.0,France,UPI,Website,Cancelled
ORD105742,CUST914,07-02-2024,Fashion,Denim Jacket,2353.46,1.0,India,UPI,website,Delivered
ORD101348,CUST243,08/04/2024,Fashion,Denim Jacket,1073.36,3.0,India,Credit Card,Mobile App,Delivered
ORD100248,CUST107,2024-08-08,Sports,Resistance Bands,1925.77,2.0,Germany,COD,website,Delivered
ORD105044,CUST1151,05-10-2024,Books,Cookbook,354.71,2.0,India,Credit Card,Mobile App,Delivered
ORD101828,,2024-03-14,Beauty,Hair Dryer,,1.0,UAE,UPI,Website,Delivered
ORD103900,CUST1226,2024-04-06,Fashion,Leather Wallet,511.94,1.0,USA,Net Banking,Mobile App,Cancelled
ORD101677,CUST149,2024-07-12,Toys,Puzzle 1000pc,383.22,1.0,india,UPI,Marketplace,Delivered
ORD104866,CUST36,01-08-2024,Sports,Water Bottle,821.59,,Germany,Credit Card,Mobile App,Cancelled
ORD102636,CUST971,2024-05-26,Electronics,USB-C Cable,2138.46,2.0,UK,Credit Card,Mobile App,Delivered
ORD104334,CUST1529,2024-02-19,Sports,Yoga Mat,424.03,1.0,India,COD,MOBILE APP,Delivered
ORD101862,CUST1093,2024-02-21,Electronics,Power Bank,4750.43,2.0,India,COD,Mobile App,Delivered
ORD103810,CUST1572,2024-07-29,Sports,Water Bottle,587.66,1.0,USA,Credit Card,Website,Delivered
ORD102683,CUST1443,2024-03-30,Electronics,Power Bank,1880.69,2.0,India,Net Banking,Website,Returned
ORD100940,CUST694,06-02-2024,Electronics,Wireless Earbuds,559.5,2.0,India,UPI,Marketplace,Cancelled
ORD101519,CUST339,26/03/2024,Fashion,Denim Jacket,2888.9,3.0,United States,credit card,website,Delivered
ORD101954,CUST1154,04-22-2024,Books,Fiction Bestseller,195.97,1.0,India,COD,Marketplace,Delivered
ORD101635,CUST1014,2024-03-17,Electronics,Wireless Earbuds,1092.57,1.0,india,Debit Card,Website,Delivered
ORD100577,CUST57,2024-03-02,Fashion,Cotton T-Shirt,1479.49,1.0,Germany,UPI,Website,Delivered
ORD101371,CUST964,2024-07-12,Home & Kitchen,Air Fryer,785.04,2.0,USA,credit card,Mobile App,Delivered
ORD100207,,07-25-2024,Beauty,Sunscreen SPF50,509.99,4.0,USA,UPI,Mobile App,Delivered
ORD103257,CUST1003,2024-08-14,Home & Kitchen,Blender,786.23,4.0,INDIA,UPI,Marketplace,Delivered
ORD105937,CUST1616,01-02-2024,Electronics,USB-C Cable,4227.32,2.0,India,PayPal,Mobile App,Delivered
ORD100836,CUST31,28/02/2024,Books,Kids Picture Book,325.5,2.0,India,UPI,Website,Delivered
ORD102950,CUST786,2024-09-16,Electronics,Smartwatch,3581.57,1.0,India,credit card,Marketplace,Delivered
ORD105280,CUST238,2024-03-07,Electronics,Smartwatch,4239.35,1.0,Germany,credit card,Mobile App,Delivered
ORD105502,CUST1597,2024-09-15,Home & Kitchen,Blender,2504.4,1.0,UK,Credit Card,website,Delivered
ORD102650,CUST702,2024-07-16,Home & Kitchen,Blender,2517.09,3.0,Germany,UPI,Website,Delivered
ORD102869,CUST1274,2024-08-03,Home & Kitchen,Non-stick Pan Set,1834.9,1.0,USA,UPI,Website,Returned
ORD103545,CUST1006,20/02/2024,Beauty,Face Serum,1401.05,4.0,India,UPI,Website,Returned
ORD103765,CUST319,2024-03-22,Electronics,Bluetooth Speaker,1894.67,2.0,USA,Credit Card,Mobile App,Delivered
ORD102635,CUST536,2024-07-25,Electronics,Bluetooth Speaker,4826.62,1.0,USA,COD,Mobile App,Delivered
ORD100358,,01/04/2024,Home & Kitchen,Non-stick Pan Set,3446.88,1.0,UAE,UPI,Marketplace,Delivered
ORD101392,,27/04/2024,Home & Kitchen,Blender,2563.1,1.0,India,Credit Card,Mobile App,Returned
ORD105923,CUST52,2024-09-16,Home & Kitchen,Blender,1090.02,1.0,India,Credit Card,Website,Delivered
ORD104423,CUST559,2024-02-22,Fashion,Cotton T-Shirt,2218.48,1.0,France,Credit Card,Marketplace,Cancelled
ORD104122,CUST974,2024-01-22,Sports,Water Bottle,1289.5,,India,Debit Card,Mobile App,Delivered
ORD104214,CUST647,2024-03-15,Books,Fiction Bestseller,484.59,1.0,India,Debit Card,MOBILE APP,Delivered
ORD104924,,2024-03-05,Fashion,Denim Jacket,2128.79,1.0,India,Debit Card,Website,Delivered
ORD102771,CUST1337,2024-08-24,Books,Kids Picture Book,685.3,1.0,India,UPI,Mobile App,Delivered
ORD104469,CUST1290,2024-02-17,Electronics,USB-C Cable,4367.83,1.0,Germany,UPI,Mobile App,Delivered
ORD102027,CUST715,2024-04-24,Home & Kitchen,Non-stick Pan Set,,1.0,France,Debit Card,website,Delivered
ORD105325,CUST5,09-22-2024,Electronics,Wireless Earbuds,3939.78,,USA,credit card,website,Delivered
ORD104777,CUST456,2024-09-07,Beauty,Makeup Brush Kit,1414.08,1.0,India,Credit Card,Marketplace,Delivered
ORD104654,CUST455,2024-07-23,Electronics,Power Bank,1769.36,1.0,United Kingdom,UPI,Mobile App,Delivered
ORD103115,CUST1148,2024-09-03,Electronics,Phone Case,1996.32,4.0,India,Credit Card,Mobile App,Delivered
ORD105096,CUST469,2024-04-18,Home & Kitchen,Air Fryer,3152.93,2.0,India,Credit Card,Marketplace,Delivered
ORD101652,CUST1797,2024-05-15,Books,Kids Picture Book,553.02,2.0,india,UPI,Mobile App,Returned
ORD103309,CUST1432,2024-04-27,Toys,Board Game,,1.0,India,PayPal,Website,Delivered
ORD102507,CUST591,2024-08-06,Sports,Resistance Bands,518.27,3.0,UK,UPI,Mobile App,Delivered
ORD102287,CUST879,2024-02-27,Beauty,Sunscreen SPF50,,1.0,nan,Credit Card,Marketplace,delivered
ORD100230,CUST781,26/03/2024,Electronics,Phone Case,4511.7,1.0,India,Net Banking,Mobile App,Delivered
ORD102192,CUST1244,2024-02-06,Home & Kitchen,Blender,1369.99,1.0,UK,PayPal,Website,Returned
ORD104869,CUST756,2024-01-08,Sports,Water Bottle,1315.04,1.0,India,UPI,Website,Delivered
ORD101615,CUST113,2024-07-09,Toys,Puzzle 1000pc,1728.49,2.0,India,UPI,Website,Delivered
ORD101131,CUST115,2024-07-06,Home & Kitchen,Non-stick Pan Set,1304.34,1.0,UK,COD,Website,Delivered
ORD102575,,2024-03-23,Home & Kitchen,Non-stick Pan Set,3340.84,1.0,India,COD,MOBILE APP,Delivered
ORD101625,CUST1735,2024-03-21,Fashion,Sunglasses,1345.77,,India,Credit Card,Marketplace,Cancelled
ORD103476,CUST466,22/09/2024,Home & Kitchen,Storage Containers,3110.12,1.0,India,UPI,Mobile App,Cancelled
ORD100988,CUST931,2024-04-21,Toys,Board Game,996.05,2.0,USA,COD,Website,Delivered
ORD104177,CUST1085,2024-07-02,Beauty,Hair Dryer,762.58,2.0,India,,Mobile App,Delivered
ORD105772,CUST447,05/03/2024,Beauty,Sunscreen SPF50,518.11,1.0,USA,Credit Card,website,Returned
ORD101171,CUST625,2024-02-14,Fashion,Denim Jacket,1409.94,1.0,India,Credit Card,Marketplace,Delivered
ORD105781,CUST1248,08-06-2024,Home & Kitchen,Blender,2834.89,1.0,UK,UPI,Website,Delivered
ORD103647,CUST276,07-06-2024,Fashion,Leather Wallet,1529.99,2.0,USA,Credit Card,Website,Delivered
ORD104846,CUST1207,06-17-2024,Toys,RC Car,837.12,1.0,India,Net Banking,Website,Returned
ORD101888,CUST742,2024-06-30,Fashion,Running Shoes,640.11,1.0,UAE,credit card,Mobile App,Delivered
ORD101083,CUST1597,2024-02-01,Toys,RC Car,1987.39,1.0,India,UPI,Website,Delivered
ORD100012,CUST403,2024-05-07,Sports,Resistance Bands,1000.93,4.0,USA,COD,Mobile App,Delivered
ORD104859,CUST185,2024-06-12,Fashion,Cotton T-Shirt,2114.77,2.0,India,UPI,Mobile App,Delivered
ORD102107,CUST535,2024-02-17,Toys,RC Car,1916.33,5.0,UK,Credit Card,Marketplace,Delivered
ORD101316,CUST224,04-16-2024,Electronics,USB-C Cable,2792.88,1.0,France,PayPal,MOBILE APP,Delivered
ORD105639,CUST1090,2024-09-17,Sports,Resistance Bands,1738.91,1.0,INDIA,PayPal,Website,Delivered
ORD103970,CUST1211,2024-09-14,Electronics,Bluetooth Speaker,4966.33,1.0,India,Debit Card,Website,Delivered
ORD103776,CUST1227,2024-06-10,Fashion,Running Shoes,674.07,1.0,USA,Credit Card,Marketplace,Returned
ORD102380,CUST590,2024-03-28,Fashion,Leather Wallet,1595.55,1.0,USA,PayPal,Website,Delivered
ORD102848,CUST865,01-29-2024,Home & Kitchen,Non-stick Pan Set,1708.53,2.0,India,COD,Marketplace,delivered
ORD100782,CUST1306,21/04/2024,Books,Kids Picture Book,597.44,1.0,USA,UPI,Marketplace,Returned
ORD100151,CUST1400,2024-02-10,Home & Kitchen,Non-stick Pan Set,536.57,2.0,India,PayPal,Marketplace,Delivered
ORD100325,CUST985,04-23-2024,Toys,Board Game,463.37,1.0,India,COD,Mobile App,Delivered
ORD101086,CUST1258,16/07/2024,Books,Self-Help Guide,136.36,1.0,India,UPI,Website,Delivered
ORD103778,CUST1617,2024-03-29,Toys,Building Blocks Set,1685.88,1.0,United Kingdom,PayPal,Mobile App,Delivered
ORD103745,CUST672,2024-02-18,Home & Kitchen,Blender,545.95,2.0,Germany,UPI,Website,Delivered
ORD101521,CUST1474,18/01/2024,Fashion,Denim Jacket,426.34,1.0,india,UPI,Marketplace,Delivered
ORD100506,CUST1055,2024-03-17,Fashion,Denim Jacket,1591.07,1.0,india,Debit Card,Website,Delivered
ORD101610,CUST1017,01-05-2024,Fashion,Sunglasses,439.02,1.0,INDIA,UPI,Mobile App,Delivered 
ORD102513,CUST989,06-18-2024,Electronics,Phone Case,2420.46,1.0,India,Net Banking,Marketplace,Delivered
ORD104919,CUST728,2024-03-14,Sports,Resistance Bands,1250.35,2.0,UK,Credit Card,Website,Delivered
ORD103039,CUST774,04-05-2024,Beauty,Lip Balm Set,685.05,1.0,UK,Debit Card,Marketplace,Delivered
ORD103881,CUST330,2024-06-06,Beauty,Face Serum,294.05,5.0,USA,credit card,Website,Returned
ORD102532,CUST471,2024-02-05,Electronics,Power Bank,4557.47,2.0,India,Debit Card,Website,Delivered
ORD102857,CUST1368,2024-05-22,Books,Fiction Bestseller,764.74,1.0,UK,UPI,Website,Delivered
ORD101277,CUST432,05-20-2024,Books,Cookbook,270.51,1.0,India,Credit Card,Marketplace,Delivered
ORD100804,CUST542,23/08/2024,Sports,Resistance Bands,,1.0,India,COD,Website,Delivered
ORD101294,CUST829,01-25-2024,Beauty,Hair Dryer,466.92,1.0,India,UPI,Website,Delivered
ORD101997,CUST630,2024-02-18,Sports,Water Bottle,1457.39,1.0,India,PayPal,Website,Delivered
ORD104595,CUST1504,2024-01-06,Fashion,Cotton T-Shirt,893.19,1.0,UK,UPI,Mobile App,Delivered
ORD101671,CUST1477,04-11-2024,Electronics,Wireless Earbuds,2713.6,2.0,India,Credit Card,Website,Delivered
ORD101347,CUST615,06/03/2024,Electronics,Wireless Earbuds,3295.44,1.0,UK,UPI,website,Delivered
ORD103372,CUST1398,2024-01-11,Fashion,Sunglasses,1706.76,2.0,India,PayPal,Marketplace,Returned
ORD105399,CUST776,03-21-2024,Fashion,Sunglasses,2851.75,2.0,India,Debit Card,website,Returned
ORD105217,CUST295,11/04/2024,Fashion,Denim Jacket,242.21,2.0,India,Debit Card,Website,Delivered
ORD103435,CUST1457,04-09-2024,Toys,Puzzle 1000pc,1580.05,3.0,USA,Debit Card,MOBILE APP,Cancelled
ORD105343,CUST828,2024-03-26,Electronics,Smartwatch,3167.82,1.0,India,Net Banking,Website,Returned
ORD100992,CUST177,05-07-2024,Home & Kitchen,Storage Containers,2433.68,1.0,India,COD,Website,Delivered
ORD103126,CUST254,09-06-2024,Electronics,Smartwatch,2866.1,4.0,India,COD,Mobile App,Delivered
ORD104515,CUST1301,2024-02-01,Electronics,Smartwatch,1519.74,1.0,india,credit card,Mobile App,Delivered
ORD103711,CUST496,2024-05-11,Fashion,Leather Wallet,1114.5,1.0,Germany,UPI,Mobile App,Delivered
ORD100533,CUST202,2024-05-14,Fashion,Leather Wallet,120096.0,2.0,UAE,COD,Mobile App,Delivered
ORD104458,CUST410,07-11-2024,Fashion,Leather Wallet,646.57,2.0,India,COD,Website,delivered
ORD100659,CUST1646,2024-02-29,Electronics,Phone Case,4193.64,1.0,india,credit card,Marketplace,Delivered
ORD102318,CUST1784,06-02-2024,Fashion,Leather Wallet,264.94,1.0,India,PayPal,Website,Delivered
ORD103224,CUST1749,29/06/2024,Home & Kitchen,Blender,2717.53,2.0,UK,COD,Website,Delivered
ORD105225,CUST1284,2024-01-19,Beauty,Sunscreen SPF50,1101.7,1.0,India,COD,Website,Delivered
ORD103349,CUST549,13/07/2024,Sports,Water Bottle,1821.69,1.0,USA,UPI,Marketplace,Delivered
ORD104989,CUST1396,03/08/2024,Books,Cookbook,493.48,1.0,UK,UPI,Mobile App,Delivered
ORD100955,CUST1667,2024-05-28,Sports,Cycling Gloves,864.58,1.0,Germany,UPI,Website,Delivered
ORD105964,CUST1232,08-29-2024,Beauty,Sunscreen SPF50,508.18,1.0,india,UPI,Mobile App,Delivered
ORD105435,CUST1395,2024-07-06,Home & Kitchen,Blender,2982.35,1.0,Germany,Debit Card,Mobile App,Delivered
ORD100741,CUST1355,2024-05-08,Home & Kitchen,Storage Containers,2049.13,1.0,India,Net Banking,Mobile App,Returned
ORD103924,CUST1017,2024-08-01,Electronics,Phone Case,3657.28,2.0,UAE,,Mobile App,Delivered
ORD104298,CUST1478,2024-01-27,Electronics,USB-C Cable,2292.12,1.0,India,credit card,MOBILE APP,Delivered 
ORD104753,CUST222,2024-07-09,Fashion,Running Shoes,240.49,2.0,India,UPI,Mobile App,Cancelled
ORD104984,CUST432,2024-03-03,Sports,Yoga Mat,2471.45,1.0,India,UPI,Mobile App,Delivered
ORD101667,,12/02/2024,Home & Kitchen,LED Desk Lamp,2294.65,2.0,Germany,Debit Card,Mobile App,Cancelled
ORD104599,CUST53,2024-05-30,Toys,Building Blocks Set,883.53,1.0,USA,UPI,Website,Delivered
ORD104170,CUST1015,2024-06-10,Home & Kitchen,Air Fryer,3382.13,5.0,India,Debit Card,MOBILE APP,Delivered
ORD103222,CUST1638,2024-03-06,Fashion,Denim Jacket,1324.38,2.0,India,Net Banking,Mobile App,Delivered
ORD102440,CUST911,08-05-2024,Books,Cookbook,200.83,1.0,India,UPI,Mobile App,Delivered
ORD100944,CUST590,03/06/2024,Electronics,Bluetooth Speaker,2894.79,5.0,UAE,COD,MOBILE APP,Delivered
ORD104173,CUST1532,2024-08-07,Home & Kitchen,Storage Containers,3493.33,1.0,India,UPI,MOBILE APP,delivered
ORD105888,,2024-06-19,Beauty,Makeup Brush Kit,492.27,2.0,UK,PayPal,Mobile App,Delivered
ORD100594,CUST922,02-16-2024,Beauty,Makeup Brush Kit,1218.15,1.0,India,credit card,Mobile App,Delivered
ORD102463,CUST567,06-17-2024,Fashion,Running Shoes,568.19,1.0,France,Debit Card,Website,Returned
ORD105389,CUST1329,28/04/2024,Sports,Water Bottle,1650.18,3.0,India,Credit Card,Mobile App,Cancelled
ORD101248,CUST1676,31/05/2024,Beauty,Face Serum,920.2,1.0,India,PayPal,website,Delivered
ORD105083,CUST1735,2024-03-06,Home & Kitchen,Blender,446.0,1.0,France,PayPal,Mobile App,Delivered
ORD101387,CUST1174,18/05/2024,Electronics,Phone Case,1569.71,2.0,USA,Credit Card,Website,Returned
ORD101917,CUST420,18/09/2024,Sports,Dumbbell Set,647.85,1.0,United States,Debit Card,Mobile App,Delivered
ORD101881,CUST846,2024-03-26,Electronics,Wireless Earbuds,4319.07,2.0,india,Credit Card,website,Delivered
ORD102701,CUST1360,2024-04-11,Home & Kitchen,Blender,2418.71,1.0,United States,credit card,Website,Delivered
ORD105996,CUST1699,19/09/2024,Electronics,Wireless Earbuds,1357.9,1.0,UK,UPI,website,Delivered
ORD105935,CUST435,2024-05-21,Home & Kitchen,Storage Containers,1258.14,1.0,India,Debit Card,Mobile App,Delivered
ORD105383,CUST396,16/08/2024,Sports,Water Bottle,488.77,1.0,USA,Credit Card,Marketplace,Delivered
ORD104527,CUST1257,2024-03-11,Fashion,Cotton T-Shirt,736.29,2.0,France,UPI,Marketplace,Delivered
ORD104891,CUST101,04-26-2024,Home & Kitchen,Storage Containers,1274.85,2.0,India,Credit Card,Website,Returned
ORD101206,CUST1086,2024-02-29,Sports,Yoga Mat,347.1,1.0,United States,COD,Website,Delivered
ORD105920,CUST917,05/09/2024,Electronics,Bluetooth Speaker,3046.47,1.0,USA,Debit Card,Marketplace,Delivered
ORD105374,CUST810,08-15-2024,Electronics,USB-C Cable,2423.13,1.0,India,Debit Card,Mobile App,Delivered
ORD105725,CUST1754,2024-03-28,Sports,Yoga Mat,1111.46,1.0,USA,Credit Card,Mobile App,Delivered
ORD104835,CUST1187,20/04/2024,Electronics,USB-C Cable,2121.41,1.0,USA,UPI,Marketplace,Delivered
ORD101925,CUST1411,2024-02-21,Books,Kids Picture Book,568.8,1.0,India,Credit Card,MOBILE APP,Delivered
ORD100168,CUST666,2024-08-15,Books,Kids Picture Book,627.23,1.0,India,Credit Card,Marketplace,Delivered
ORD101833,CUST1181,2024-04-21,Books,Cookbook,304.48,1.0,nan,UPI,Marketplace,Delivered
ORD101722,CUST1590,01-16-2024,Sports,Yoga Mat,1731.94,2.0,India,Net Banking,Marketplace,Returned
ORD101628,CUST205,2024-03-04,Toys,Board Game,1539.6,1.0,India,UPI,Website,Delivered
ORD104507,CUST1111,2024-03-16,Fashion,Leather Wallet,644.45,2.0,Germany,credit card,Marketplace,Delivered
ORD100104,CUST909,19/09/2024,Electronics,Wireless Earbuds,3051.9,4.0,Germany,Debit Card,Mobile App,Delivered
ORD102368,CUST1203,2024-07-20,Beauty,Face Serum,1114.8,1.0,nan,Credit Card,Mobile App,Delivered
ORD102561,CUST1131,2024-08-26,Electronics,USB-C Cable,2819.66,2.0,Germany,Debit Card,Website,Delivered
ORD101854,CUST1791,01/09/2024,Books,Self-Help Guide,491.18,1.0,India,UPI,Marketplace,Cancelled
ORD101893,CUST724,2024-02-11,Fashion,Sunglasses,2502.64,1.0,USA,Credit Card,Website,Delivered
ORD104101,CUST1489,2024-01-17,Home & Kitchen,Non-stick Pan Set,1382.79,1.0,Germany,UPI,Mobile App,Cancelled
ORD102589,CUST51,05/06/2024,Books,Kids Picture Book,571.23,1.0,France,PayPal,Website,Cancelled
ORD100424,CUST1245,2024-08-13,Books,Self-Help Guide,748.86,1.0,UAE,Net Banking,Mobile App,Delivered
ORD101449,CUST1184,2024-01-03,Electronics,Power Bank,2328.53,2.0,India,UPI,Mobile App,Delivered
ORD105915,CUST577,09/05/2024,Home & Kitchen,LED Desk Lamp,3075.91,1.0,USA,Debit Card,Mobile App,Delivered
ORD105514,,2024-09-24,Fashion,Leather Wallet,2703.77,1.0,UAE,Credit Card,Mobile App,Delivered
ORD101410,CUST311,2024-09-28,Toys,Building Blocks Set,711.91,1.0,UK,UPI,Website,Cancelled
ORD104372,CUST232,2024-06-27,Sports,Resistance Bands,1022.91,2.0,France,COD,Website,Delivered
ORD102555,CUST1156,2024-04-21,Sports,Yoga Mat,2425.94,2.0,India,Debit Card,Website,Delivered
ORD101036,CUST961,02-17-2024,Toys,Board Game,382.16,3.0,India,Debit Card,Mobile App,Delivered
ORD103367,CUST1336,2024-03-15,Sports,Cycling Gloves,925.28,2.0,USA,COD,Mobile App,Delivered
ORD100885,CUST888,2024-02-03,Toys,Board Game,1901.77,1.0,India,UPI,Website,Delivered
ORD103987,CUST1617,06-07-2024,Fashion,Denim Jacket,939.92,1.0,India,PayPal,Website,Delivered
ORD103281,CUST1566,2024-01-04,Books,Self-Help Guide,355.19,1.0,India,Debit Card,Mobile App,Returned
ORD103427,CUST231,2024-07-19,Beauty,Hair Dryer,165.96,1.0,UAE,UPI,Website,Returned
ORD103643,CUST1618,2024-03-02,Fashion,Running Shoes,1521.54,1.0,Germany,UPI,Marketplace,Delivered
ORD103801,CUST261,2024-02-22,Electronics,Wireless Earbuds,2952.74,3.0,India,Net Banking,Marketplace,Delivered
ORD102503,CUST201,2024-01-28,Toys,RC Car,912.61,1.0,USA,Debit Card,Website,Delivered
ORD100045,,01-04-2024,Books,Fiction Bestseller,170.25,1.0,Germany,Credit Card,Marketplace,Delivered
ORD101820,CUST680,2024-06-17,Electronics,Power Bank,4333.7,1.0,India,UPI,Marketplace,Delivered
ORD103493,CUST471,09/04/2024,Home & Kitchen,Non-stick Pan Set,1490.28,1.0,UK,Credit Card,Mobile App,Delivered
ORD101522,CUST1352,2024-01-22,Electronics,USB-C Cable,3620.2,2.0,United States,UPI,Website,Delivered
ORD100145,CUST930,2024-05-13,Electronics,USB-C Cable,3790.73,2.0,UK,Debit Card,Mobile App,Returned
ORD102132,CUST125,2024-03-02,Home & Kitchen,Storage Containers,3363.72,1.0,India,COD,MOBILE APP,Delivered
ORD104558,CUST1146,2024-06-05,Beauty,Hair Dryer,956.8,1.0,INDIA,UPI,Mobile App,Delivered
ORD103556,CUST624,2024-03-17,Beauty,Face Serum,782.51,1.0,india,credit card,Mobile App,delivered
ORD100890,CUST889,17/01/2024,Home & Kitchen,Air Fryer,3257.62,1.0,India,credit card,Website,Delivered
ORD104620,CUST1503,2024-04-18,Beauty,Makeup Brush Kit,243.75,1.0,India,Net Banking,Marketplace,Cancelled
ORD100257,CUST111,27/07/2024,Fashion,Denim Jacket,1816.37,2.0,India,COD,Marketplace,Delivered
ORD101411,CUST397,19/06/2024,Electronics,Wireless Earbuds,4584.4,1.0,india,UPI,Website,Delivered
ORD101934,CUST1244,2024-03-02,Sports,Yoga Mat,2322.38,5.0,India,Credit Card,Mobile App,Delivered
ORD105576,CUST1320,2024-03-19,Beauty,Face Serum,609.63,4.0,France,COD,Website,Delivered
ORD103641,CUST783,2024-01-03,Fashion,Leather Wallet,290.57,1.0,India,Debit Card,Website,Returned
ORD105478,CUST1774,2024-01-01,Electronics,Phone Case,979.98,1.0,France,UPI,Marketplace,Delivered
ORD103631,CUST1743,2024-01-05,Sports,Dumbbell Set,389.33,1.0,USA,UPI,Website,Delivered
ORD105992,CUST320,2024-02-14,Fashion,Cotton T-Shirt,1148.02,1.0,India,COD,Website,Delivered
ORD102720,CUST75,2024-09-22,Home & Kitchen,Non-stick Pan Set,3393.78,2.0,Germany,Debit Card,Website,Delivered
ORD101729,CUST630,04-24-2024,Fashion,Sunglasses,2326.9,1.0,United States,UPI,Website,Delivered
ORD105644,CUST1569,04-02-2024,Home & Kitchen,Blender,1964.92,2.0,India,Credit Card,Website,Delivered
ORD104961,CUST351,03/03/2024,Books,Self-Help Guide,129.87,2.0,Germany,PayPal,Website,Delivered
ORD102527,CUST888,06-30-2024,Beauty,Face Serum,,1.0,India,Net Banking,Website,Delivered
ORD101123,CUST1504,20/07/2024,Home & Kitchen,Non-stick Pan Set,987.42,1.0,USA,Debit Card,Mobile App,Delivered
ORD105244,CUST1229,03-29-2024,Home & Kitchen,LED Desk Lamp,1909.33,3.0,India,Credit Card,Marketplace,Returned
ORD103337,CUST682,07-14-2024,Beauty,Lip Balm Set,908.04,3.0,India,Credit Card,Mobile App,Delivered
ORD100583,CUST105,2024-05-08,Fashion,Running Shoes,2655.97,3.0,USA,PayPal,Mobile App,delivered
ORD105981,CUST412,2024-01-10,Sports,Cycling Gloves,375.48,2.0,USA,COD,website,Delivered
ORD101580,CUST106,2024-08-03,Electronics,Bluetooth Speaker,1311.86,1.0,USA,Net Banking,Mobile App,Cancelled
ORD103390,CUST1219,07/05/2024,Fashion,Leather Wallet,1030.49,3.0,India,Credit Card,Marketplace,Delivered
ORD104521,CUST392,2024-03-02,Home & Kitchen,LED Desk Lamp,3425.61,1.0,USA,Net Banking,Marketplace,Delivered
ORD101005,CUST767,2024-07-05,Fashion,Leather Wallet,1415.89,2.0,USA,COD,Mobile App,Delivered
ORD100295,CUST890,2024-01-29,Electronics,Power Bank,554.53,2.0,India,Credit Card,Mobile App,Delivered
ORD105025,CUST195,02-05-2024,Fashion,Denim Jacket,2656.79,1.0,India,Debit Card,Website,Delivered
ORD102877,,2024-04-05,Home & Kitchen,Blender,1186.98,1.0,India,UPI,website,delivered
ORD100736,CUST522,2024-05-11,Sports,Resistance Bands,1233.37,1.0,India,Debit Card,Mobile App,Delivered
ORD105902,CUST1100,2024-02-09,Toys,Puzzle 1000pc,1230.67,2.0,India,Debit Card,Website,Cancelled
ORD104837,CUST1765,2024-06-10,Fashion,Cotton T-Shirt,471.81,2.0,India,Credit Card,Mobile App,Delivered
ORD103665,CUST327,2024-05-18,Beauty,Sunscreen SPF50,1167.05,3.0,india,COD,Mobile App,Delivered
ORD101858,CUST273,2024-01-29,Toys,RC Car,281.77,1.0,France,UPI,Mobile App,Delivered
ORD100790,CUST828,2024-02-21,Beauty,Face Serum,440.3,1.0,UAE,Credit Card,Website,Cancelled
ORD104687,CUST1587,07-05-2024,Home & Kitchen,LED Desk Lamp,2087.29,1.0,Germany,Credit Card,MOBILE APP,Returned
ORD105785,,2024-08-21,Sports,Dumbbell Set,1785.73,1.0,India,COD,Mobile App,Delivered
ORD104985,CUST1225,2024-07-11,Electronics,Bluetooth Speaker,4612.92,1.0,India,UPI,Website,Delivered
ORD104619,CUST1555,2024-09-28,Sports,Dumbbell Set,1138.4,1.0,India,Debit Card,Website,Delivered
ORD100933,CUST1297,04-12-2024,Beauty,Lip Balm Set,440.18,1.0,India,Net Banking,Website,Delivered
ORD105555,CUST996,19/07/2024,Beauty,Makeup Brush Kit,1428.06,1.0,India,Net Banking,Mobile App,Delivered
ORD100837,CUST1081,08-05-2024,Home & Kitchen,Storage Containers,1558.45,2.0,United Kingdom,Debit Card,Mobile App,Delivered
ORD103009,CUST989,2024-02-18,Electronics,Wireless Earbuds,2527.98,1.0,USA,UPI,website,delivered
ORD104502,CUST920,2024-09-09,Sports,Water Bottle,959.26,2.0,USA,UPI,Website,Returned
ORD104745,CUST1186,2024-09-07,Sports,Yoga Mat,1964.8,1.0,India,COD,Mobile App,Delivered
ORD101821,CUST1120,2024-02-14,Beauty,Lip Balm Set,208.4,1.0,India,Credit Card,Website,Delivered
ORD102218,CUST185,2024-09-21,Home & Kitchen,LED Desk Lamp,2395.25,3.0,UK,PayPal,Mobile App,Delivered
ORD100153,CUST480,2024-06-22,Fashion,Sunglasses,2143.46,3.0,United Kingdom,UPI,Marketplace,Delivered
ORD105927,CUST1721,11/09/2024,Beauty,Lip Balm Set,1459.22,3.0,India,UPI,Mobile App,Returned
ORD101783,CUST1226,16/02/2024,Home & Kitchen,Blender,1947.62,2.0,USA,Credit Card,Marketplace,Delivered
ORD101140,CUST526,2024-06-06,Electronics,Power Bank,4127.78,1.0,UAE,Debit Card,Mobile App,Delivered
ORD100967,CUST1323,2024-02-10,Sports,Yoga Mat,731.49,,United States,Debit Card,Mobile App,Delivered
ORD103925,CUST206,18/03/2024,Toys,Building Blocks Set,809.03,1.0,India,Debit Card,Website,Delivered
ORD100547,CUST794,2024-09-27,Electronics,Wireless Earbuds,1623.82,1.0,UAE,PayPal,Mobile App,Delivered
ORD101321,CUST1376,07-26-2024,Home & Kitchen,Storage Containers,2183.99,2.0,UAE,,Marketplace,Delivered
ORD105960,CUST1120,01-21-2024,Sports,Resistance Bands,1077.86,,France,Credit Card,website,Delivered
ORD103077,CUST1166,20/06/2024,Electronics,Wireless Earbuds,2898.35,2.0,USA,COD,Mobile App,Cancelled
ORD102730,CUST425,2024-01-30,Electronics,Wireless Earbuds,3177.83,1.0,USA,Credit Card,MOBILE APP,Delivered
ORD104432,CUST1559,2024-06-02,Home & Kitchen,LED Desk Lamp,1455.54,1.0,UK,COD,Mobile App,Delivered
ORD105281,CUST1119,2024-01-30,Sports,Resistance Bands,1891.95,1.0,India,Credit Card,MOBILE APP,Delivered
ORD100396,CUST825,2024-07-25,Books,Cookbook,695.11,1.0,India,UPI,website,Delivered
ORD100504,CUST890,08-20-2024,Sports,Yoga Mat,507.67,1.0,India,UPI,Website,Delivered
ORD105290,CUST206,2024-06-22,Fashion,Sunglasses,1525.85,1.0,india,Debit Card,MOBILE APP,Delivered
ORD102429,CUST417,2024-08-11,Electronics,Wireless Earbuds,4381.33,1.0,Germany,UPI,Marketplace,Delivered
ORD100620,CUST1149,2024-03-08,Toys,Puzzle 1000pc,1200.07,1.0,India,Credit Card,website,Delivered
ORD101482,CUST852,04-11-2024,Fashion,Cotton T-Shirt,1567.03,2.0,India,Net Banking,Marketplace,Delivered
ORD103846,CUST1790,06-23-2024,Fashion,Running Shoes,1188.61,1.0,nan,PayPal,Mobile App,Delivered
ORD102743,CUST190,03/07/2024,Fashion,Sunglasses,577.52,1.0,USA,UPI,Website,Returned
ORD100602,CUST742,04/04/2024,Electronics,Wireless Earbuds,1898.38,1.0,Germany,Debit Card,Mobile App,Delivered
ORD102772,CUST729,08-26-2024,Home & Kitchen,Air Fryer,2057.24,1.0,India,UPI,Mobile App,Delivered
ORD105114,CUST1064,2024-04-28,Home & Kitchen,Air Fryer,1677.95,1.0,India,Debit Card,Marketplace,Delivered
ORD103942,CUST1124,2024-01-07,Electronics,Phone Case,2219.11,2.0,United Kingdom,Debit Card,Website,Delivered
ORD105600,CUST506,2024-05-28,Fashion,Leather Wallet,2473.68,1.0,Germany,Credit Card,Marketplace,Delivered
ORD103959,CUST1294,28/05/2024,Electronics,Bluetooth Speaker,3916.65,4.0,India,UPI,Website,Delivered
ORD102574,CUST1451,2024-06-22,Home & Kitchen,Blender,2998.17,1.0,India,UPI,Mobile App,Returned
ORD104778,CUST494,05-14-2024,Beauty,Face Serum,683.22,1.0,UK,Debit Card,Marketplace,Delivered
ORD101913,CUST1530,2024-07-13,Electronics,Bluetooth Speaker,4918.51,,India,UPI,Mobile App,Delivered
ORD105123,CUST479,2024-08-17,Electronics,Bluetooth Speaker,741.06,4.0,India,Credit Card,Website,Delivered
ORD102841,CUST568,01-15-2024,Electronics,Phone Case,2148.63,1.0,UK,Debit Card,MOBILE APP,Delivered
ORD102288,CUST260,2024-03-30,Electronics,Wireless Earbuds,2694.86,1.0,India,Net Banking,Website,Delivered
ORD102228,CUST1666,08-09-2024,Electronics,Power Bank,2534.01,1.0,USA,Debit Card,Website,Delivered
ORD102678,CUST863,28/04/2024,Home & Kitchen,Air Fryer,1907.26,2.0,India,UPI,Mobile App,Returned
ORD105350,CUST1772,06-03-2024,Electronics,Power Bank,4094.53,1.0,USA,UPI,Mobile App,Delivered
ORD102070,CUST88,2024-02-15,Fashion,Running Shoes,2564.51,1.0,USA,Debit Card,website,Delivered
ORD101507,CUST633,2024-05-05,Beauty,Hair Dryer,319.06,2.0,india,UPI,MOBILE APP,Delivered
ORD101231,CUST97,2024-02-05,Books,Fiction Bestseller,497.35,1.0,UK,UPI,Mobile App,Returned
ORD105373,CUST31,2024-07-12,Beauty,Sunscreen SPF50,373.05,2.0,France,COD,Mobile App,Delivered
ORD103097,CUST8,03-12-2024,Fashion,Running Shoes,369.69,1.0,USA,Debit Card,Mobile App,Delivered
ORD103892,CUST1742,2024-09-14,Electronics,Phone Case,4863.09,2.0,UAE,UPI,Mobile App,Delivered
ORD100970,CUST1661,2024-05-05,Sports,Cycling Gloves,1644.17,5.0,India,COD,Website,Delivered
ORD104054,CUST458,07-11-2024,Sports,Water Bottle,1367.52,1.0,India,UPI,Marketplace,Delivered
ORD104012,CUST1245,2024-09-25,Sports,Resistance Bands,1575.21,1.0,UAE,UPI,Website,Returned
ORD105787,CUST6,18/02/2024,Electronics,Bluetooth Speaker,2923.04,2.0,USA,PayPal,Mobile App,Delivered
ORD105580,CUST412,2024-04-02,Home & Kitchen,Air Fryer,1312.97,1.0,UK,Debit Card,Website,Delivered
ORD105163,CUST1249,2024-02-25,Beauty,Makeup Brush Kit,485.96,1.0,Germany,Credit Card,Website,Delivered
ORD100341,CUST1156,2024-05-04,Beauty,Lip Balm Set,1394.52,1.0,United States,UPI,Mobile App,Delivered
ORD105676,CUST921,02-21-2024,Beauty,Sunscreen SPF50,1361.81,2.0,UK,UPI,Website,Returned
ORD102023,CUST333,26/03/2024,Books,Self-Help Guide,661.69,2.0,India,Credit Card,Marketplace,Delivered
ORD105678,,04-08-2024,Home & Kitchen,LED Desk Lamp,2041.57,5.0,India,COD,Marketplace,Delivered
ORD105771,CUST749,2024-08-11,Sports,Resistance Bands,769.9,1.0,India,PayPal,Website,Delivered
ORD101746,CUST597,03-02-2024,Beauty,Sunscreen SPF50,1391.07,1.0,India,Debit Card,Marketplace,Delivered
ORD102355,CUST1619,06-02-2024,Home & Kitchen,Blender,1953.47,1.0,nan,Credit Card,Website,Delivered
ORD104686,CUST883,2024-01-29,Beauty,Makeup Brush Kit,759.04,1.0,india,COD,Marketplace,Delivered
ORD103957,CUST1798,2024-02-24,Fashion,Running Shoes,933.63,1.0,USA,PayPal,Website,Delivered
ORD100118,CUST661,08-29-2024,Sports,Dumbbell Set,635.3,1.0,USA,Credit Card,Website,Delivered
ORD105697,CUST378,05-20-2024,Beauty,Sunscreen SPF50,432.08,1.0,UK,Credit Card,Website,Delivered
ORD104412,CUST1684,2024-05-30,Beauty,Hair Dryer,922.01,5.0,India,UPI,Website,Returned
ORD105848,CUST416,2024-02-25,Books,Cookbook,663.09,2.0,USA,Credit Card,Website,Delivered
ORD101613,CUST426,2024-03-26,Electronics,Smartwatch,859.65,1.0,India,Debit Card,Website,Delivered
ORD104394,CUST321,08-07-2024,Fashion,Cotton T-Shirt,2529.13,1.0,USA,Debit Card,Mobile App,Delivered
ORD103734,CUST1186,2024-09-12,Electronics,Wireless Earbuds,4179.02,1.0,India,Credit Card,Marketplace,Delivered
ORD104095,CUST1343,2024-03-29,Books,Cookbook,354.58,1.0,United States,Net Banking,Mobile App,Delivered
ORD101382,CUST1118,04/06/2024,Fashion,Sunglasses,515.67,2.0,India,Net Banking,Mobile App,Returned
ORD104057,CUST1201,2024-01-26,Sports,Cycling Gloves,2410.37,1.0,India,Debit Card,Website,Delivered
ORD101583,CUST1675,2024-04-22,Fashion,Running Shoes,2965.55,1.0,India,UPI,Marketplace,Delivered
ORD102159,CUST823,2024-03-08,Home & Kitchen,Air Fryer,1488.51,1.0,India,Credit Card,Mobile App,Delivered
ORD104245,CUST1085,2024-03-12,Beauty,Sunscreen SPF50,1226.32,1.0,India,UPI,Mobile App,Delivered
ORD101949,CUST619,2024-04-04,Electronics,USB-C Cable,3879.38,1.0,India,Credit Card,Website,Delivered
ORD100905,CUST766,01-28-2024,Electronics,Bluetooth Speaker,4425.87,1.0,France,Credit Card,Marketplace,Delivered
ORD105732,CUST1293,23/02/2024,Fashion,Cotton T-Shirt,1485.04,1.0,india,,Website,Delivered
ORD102263,CUST6,2024-07-28,Fashion,Denim Jacket,345.31,5.0,UK,Credit Card,Marketplace,Cancelled
ORD102347,CUST153,2024-09-24,Fashion,Sunglasses,1192.73,1.0,india,Credit Card,Mobile App,Delivered
ORD100228,CUST340,2024-04-05,Home & Kitchen,Storage Containers,994.14,1.0,India,UPI,Website,Delivered
ORD103128,CUST989,2024-06-11,Home & Kitchen,Blender,1623.55,2.0,USA,UPI,Website,Returned
ORD104822,CUST1555,2024-08-04,Electronics,Smartwatch,3321.18,1.0,France,UPI,Marketplace,Delivered
ORD105147,CUST1497,2024-01-22,Sports,Dumbbell Set,2275.13,4.0,India,UPI,Marketplace,Delivered
ORD103353,CUST1354,03/04/2024,Books,Self-Help Guide,175.0,1.0,India,PayPal,Marketplace,Delivered
ORD105286,CUST385,2024-03-10,Home & Kitchen,Non-stick Pan Set,3131.71,1.0,Germany,UPI,Mobile App,Delivered
ORD100318,CUST1373,2024-01-14,Fashion,Sunglasses,292.15,1.0,nan,credit card,Website,Delivered
ORD103235,CUST1463,2024-09-11,Beauty,Lip Balm Set,668.91,2.0,France,PayPal,Mobile App,Delivered
ORD105235,CUST1597,2024-03-25,Toys,Board Game,729.75,1.0,UK,PayPal,Website,Delivered 
ORD101936,CUST450,2024-04-09,Fashion,Sunglasses,2821.87,2.0,UK,Credit Card,Mobile App,Delivered
ORD104576,CUST821,07-08-2024,Fashion,Denim Jacket,1085.01,1.0,USA,Debit Card,Mobile App,Delivered
ORD101143,CUST282,2024-01-22,Books,Self-Help Guide,526.95,1.0,India,UPI,Mobile App,Delivered
ORD100048,CUST172,2024-09-21,Electronics,Bluetooth Speaker,894.41,1.0,USA,UPI,Mobile App,Delivered
ORD103352,CUST1580,05-16-2024,Electronics,Power Bank,761.09,2.0,UK,Net Banking,Mobile App,Returned
ORD101196,CUST1379,2024-07-30,Fashion,Denim Jacket,2972.08,1.0,France,Credit Card,Marketplace,Delivered
ORD102642,CUST638,2024-05-05,Beauty,Hair Dryer,275.4,1.0,UK,UPI,Website,Delivered
ORD103935,CUST1597,2024-08-29,Toys,Board Game,778.95,1.0,Germany,Debit Card,Mobile App,Delivered
ORD100745,CUST1170,22/09/2024,Home & Kitchen,Storage Containers,1069.15,1.0,Germany,UPI,Website,Cancelled
ORD101567,CUST645,05/08/2024,Electronics,Smartwatch,3096.03,1.0,France,Credit Card,Marketplace,Delivered
ORD103248,CUST224,09-12-2024,Sports,Resistance Bands,887.62,4.0,UK,Credit Card,Mobile App,Delivered
ORD100619,CUST308,2024-01-27,Home & Kitchen,Storage Containers,2066.11,1.0,USA,Debit Card,Website,Delivered 
ORD100613,CUST790,2024-01-26,Fashion,Leather Wallet,2057.64,1.0,USA,COD,Mobile App,Delivered
ORD100542,CUST1273,02/06/2024,Beauty,Face Serum,1121.36,1.0,India,Debit Card,Website,Returned
ORD102871,CUST978,09-08-2024,Sports,Cycling Gloves,1294.54,1.0,India,Debit Card,Website,Delivered
ORD101666,CUST1506,2024-02-20,Home & Kitchen,Non-stick Pan Set,426.13,4.0,Germany,Debit Card,Marketplace,Delivered
ORD105247,CUST169,2024-01-13,Electronics,Wireless Earbuds,1707.96,1.0,India,UPI,Marketplace,Returned
ORD104349,CUST1525,2024-03-08,Home & Kitchen,Storage Containers,1042.98,1.0,India,UPI,Mobile App,Delivered
ORD103389,CUST809,2024-04-06,Toys,RC Car,650.57,3.0,INDIA,Net Banking,Website,Delivered
ORD101112,CUST156,15/03/2024,Books,Kids Picture Book,412.25,1.0,Germany,Credit Card,Website,Returned
ORD105683,CUST654,2024-01-09,Beauty,Face Serum,1140.93,2.0,UK,credit card,Mobile App,Delivered
ORD104426,CUST731,2024-08-11,Electronics,USB-C Cable,4459.89,1.0,India,PayPal,MOBILE APP,Cancelled
ORD101606,CUST688,02/09/2024,Sports,Resistance Bands,1287.13,3.0,UK,PayPal,Marketplace,Delivered
ORD102902,CUST1232,2024-06-24,Books,Cookbook,744.09,1.0,India,Credit Card,Marketplace,Delivered
ORD105660,CUST547,2024-09-23,Toys,Building Blocks Set,408.91,,Germany,UPI,Mobile App,Delivered
ORD104681,CUST805,2024-09-01,Home & Kitchen,Non-stick Pan Set,924.99,4.0,Germany,COD,Mobile App,Delivered
ORD103969,,2024-02-14,Electronics,Wireless Earbuds,2023.25,1.0,Germany,UPI,Mobile App,Delivered
ORD105667,CUST1563,2024-04-27,Beauty,Sunscreen SPF50,258.3,2.0,India,UPI,Mobile App,Delivered
ORD105215,CUST732,07-10-2024,Home & Kitchen,Storage Containers,2062.72,2.0,Germany,COD,Mobile App,Delivered
ORD100431,CUST85,2024-06-04,Beauty,Makeup Brush Kit,1455.62,1.0,UK,UPI,Marketplace,Delivered
ORD104442,CUST1672,02-15-2024,Sports,Cycling Gloves,1187.74,4.0,USA,UPI,Marketplace,Delivered
ORD103917,CUST151,06/07/2024,Fashion,Denim Jacket,966.07,1.0,United States,Credit Card,Mobile App,Delivered
ORD101764,CUST1558,08-11-2024,Toys,RC Car,641.32,2.0,India,PayPal,Mobile App,Delivered
ORD100447,CUST1365,2024-08-03,Beauty,Hair Dryer,435.57,1.0,India,Credit Card,Mobile App,Delivered
ORD102705,CUST1389,2024-05-03,Beauty,Face Serum,942.15,1.0,USA,Debit Card,Mobile App,Delivered
ORD103154,CUST462,2024-01-15,Fashion,Cotton T-Shirt,,1.0,Germany,COD,Marketplace,Delivered
ORD102699,CUST1750,2024-03-03,Electronics,USB-C Cable,3957.81,2.0,India,PayPal,MOBILE APP,Delivered
ORD103144,CUST1345,08-09-2024,Sports,Resistance Bands,2268.44,1.0,India,Debit Card,Mobile App,Cancelled
ORD102045,CUST1731,2024-03-29,Sports,Yoga Mat,988.72,1.0,India,Net Banking,Mobile App,Delivered
ORD104605,CUST1716,04-22-2024,Electronics,Bluetooth Speaker,188287.0,1.0,INDIA,UPI,Marketplace,Delivered
ORD104153,CUST738,2024-02-22,Toys,Building Blocks Set,686.12,2.0,India,COD,Website,Returned
ORD103922,CUST1281,25/05/2024,Fashion,Sunglasses,1211.27,2.0,France,,Website,Delivered
ORD103134,CUST1300,2024-03-30,Beauty,Hair Dryer,1432.12,1.0,Germany,UPI,Marketplace,Delivered
ORD102391,CUST537,2024-09-24,Toys,Puzzle 1000pc,1472.91,1.0,India,COD,Website,Delivered
ORD104409,CUST1749,2024-01-24,Fashion,Running Shoes,1293.55,2.0,Germany,Debit Card,Website,Delivered
ORD104491,CUST1121,03-05-2024,Fashion,Leather Wallet,2889.87,1.0,India,COD,Mobile App,Delivered
ORD100369,CUST688,01-17-2024,Home & Kitchen,LED Desk Lamp,2042.36,1.0,India,Net Banking,Marketplace,Delivered
ORD105557,,2024-09-23,Toys,Puzzle 1000pc,710.86,2.0,UK,COD,Mobile App,Delivered
ORD102437,CUST821,2024-07-24,Home & Kitchen,LED Desk Lamp,1103.8,1.0,USA,UPI,Marketplace,Delivered
ORD103070,CUST1386,2024-04-20,Beauty,Face Serum,707.89,2.0,india,Credit Card,Mobile App,Returned
ORD103729,CUST164,2024-02-16,Beauty,Hair Dryer,584.89,1.0,India,Net Banking,Mobile App,Delivered
ORD101547,CUST1458,10/05/2024,Sports,Water Bottle,2192.43,1.0,india,Credit Card,Marketplace,Delivered
ORD105143,CUST621,2024-05-12,Sports,Yoga Mat,1400.04,2.0,UAE,PayPal,Mobile App,Delivered
ORD101182,CUST1365,09-09-2024,Electronics,Power Bank,791.08,1.0,USA,Credit Card,Mobile App,Delivered
ORD103821,CUST1141,20/02/2024,Electronics,Phone Case,1722.04,2.0,India,COD,Marketplace,Delivered
ORD100002,CUST1529,2024-03-29,Electronics,Smartwatch,3560.38,1.0,UAE,COD,Website,Delivered
ORD102188,CUST225,2024-02-05,Beauty,Hair Dryer,1278.0,1.0,Germany,COD,Mobile App,Cancelled
ORD102732,CUST1138,07-20-2024,Home & Kitchen,Non-stick Pan Set,2670.58,1.0,USA,Credit Card,Mobile App,Delivered
ORD101111,CUST1029,18/06/2024,Sports,Yoga Mat,1244.13,1.0,UK,PayPal,Website,Delivered
ORD100187,CUST946,02/03/2024,Home & Kitchen,Blender,1073.06,2.0,Germany,UPI,Mobile App,Delivered
ORD104419,CUST768,27/07/2024,Home & Kitchen,Storage Containers,777.04,1.0,UK,PayPal,Mobile App,Delivered
ORD104261,CUST1588,2024-03-04,Electronics,Phone Case,3858.39,2.0,INDIA,Credit Card,Marketplace,Delivered
ORD100417,CUST1175,04-10-2024,Home & Kitchen,Storage Containers,,1.0,United States,Debit Card,Mobile App,Delivered
ORD103035,CUST592,2024-04-18,Home & Kitchen,Storage Containers,3073.71,3.0,UAE,UPI,Website,Delivered 
ORD101520,CUST1422,03-10-2024,Electronics,Wireless Earbuds,450547.99999999994,4.0,India,Debit Card,Marketplace,Cancelled
ORD100178,CUST1630,10/04/2024,Home & Kitchen,Storage Containers,2800.84,,USA,Debit Card,Marketplace,Delivered
ORD105067,CUST958,2024-04-18,Electronics,Smartwatch,3038.73,1.0,Germany,Debit Card,Mobile App,Cancelled
ORD105339,CUST84,09-12-2024,Toys,RC Car,495.32,1.0,India,Credit Card,Website,Delivered
ORD104023,CUST1108,2024-04-20,Fashion,Denim Jacket,1257.67,3.0,USA,Debit Card,Website,Returned
ORD102632,CUST1495,2024-02-17,Toys,RC Car,836.44,1.0,India,credit card,Marketplace,Delivered
ORD102002,CUST137,15/03/2024,Sports,Cycling Gloves,1759.54,2.0,France,Credit Card,Mobile App,Delivered
ORD102644,CUST1179,2024-06-21,Home & Kitchen,Non-stick Pan Set,,1.0,Germany,UPI,website,Delivered
ORD102808,CUST151,2024-02-16,Electronics,Phone Case,968.86,1.0,USA,Credit Card,Website,Delivered
ORD103445,CUST359,01-27-2024,Sports,Water Bottle,829.41,1.0,India,Debit Card,Mobile App,Delivered
ORD102117,CUST908,2024-02-05,Home & Kitchen,Air Fryer,1406.71,2.0,India,COD,Marketplace,delivered
ORD100806,CUST536,2024-03-16,Beauty,Makeup Brush Kit,1068.58,2.0,UK,credit card,Website,Delivered
ORD105016,CUST1055,08-05-2024,Sports,Dumbbell Set,1718.85,1.0,India,UPI,Marketplace,Cancelled
ORD101047,CUST1402,2024-01-13,Beauty,Sunscreen SPF50,835.58,2.0,India,UPI,Website,Delivered
ORD100427,CUST1137,2024-04-24,Sports,Cycling Gloves,922.5,2.0,USA,UPI,Mobile App,Delivered
ORD100269,CUST141,01-08-2024,Toys,Building Blocks Set,637.12,1.0,UAE,Credit Card,Mobile App,Delivered
ORD100937,CUST1027,11/03/2024,Electronics,Smartwatch,4910.76,1.0,India,UPI,Mobile App,Delivered
ORD104003,CUST1284,2024-04-03,Beauty,Face Serum,619.08,3.0,France,Debit Card,Mobile App,Returned
ORD104231,CUST498,08-10-2024,Beauty,Makeup Brush Kit,1175.33,1.0,Germany,COD,Website,Delivered
ORD101484,CUST101,2024-07-22,Electronics,Power Bank,2337.74,2.0,India,UPI,Website,Delivered
ORD100823,CUST582,2024-01-08,Fashion,Sunglasses,2784.19,2.0,India,Credit Card,Website,Delivered
ORD100550,CUST409,2024-05-02,Sports,Cycling Gloves,1761.06,1.0,UAE,COD,Website,Delivered
ORD100934,CUST1136,2024-01-25,Beauty,Makeup Brush Kit,1451.59,3.0,India,Credit Card,Mobile App,Delivered
ORD102455,CUST1121,03/05/2024,Books,Kids Picture Book,538.85,1.0,UAE,Credit Card,Mobile App,Delivered 
ORD103434,CUST309,2024-06-14,Sports,Water Bottle,1909.06,1.0,INDIA,UPI,Website,Delivered
ORD105433,CUST1102,2024-06-03,Beauty,Face Serum,1334.36,3.0,USA,Debit Card,Website,Delivered
ORD105620,CUST272,2024-04-24,Home & Kitchen,Air Fryer,818.29,1.0,India,Credit Card,Mobile App,Delivered
ORD101008,CUST1022,2024-05-22,Sports,Yoga Mat,2082.32,1.0,India,COD,Mobile App,Delivered
ORD102623,CUST1091,2024-03-16,Beauty,Lip Balm Set,1264.18,3.0,USA,Net Banking,Website,Delivered
ORD100867,CUST1275,2024-04-23,Home & Kitchen,Non-stick Pan Set,1839.19,1.0,India,Debit Card,Mobile App,delivered
ORD101504,CUST1717,04-26-2024,Fashion,Running Shoes,2153.61,1.0,USA,Credit Card,website,Delivered
ORD102714,CUST1304,08/09/2024,Home & Kitchen,LED Desk Lamp,2519.57,3.0,India,PayPal,MOBILE APP,Delivered
ORD104052,CUST1783,02-08-2024,Books,Kids Picture Book,217.41,2.0,India,Net Banking,Marketplace,Cancelled
ORD100811,CUST198,2024-03-12,Electronics,Phone Case,,1.0,India,UPI,Mobile App,Delivered
ORD105819,CUST1625,05-27-2024,Books,Self-Help Guide,701.59,2.0,India,Credit Card,Website,Delivered 
ORD101232,CUST219,04-02-2024,Electronics,Wireless Earbuds,4946.6,1.0,UK,Credit Card,website,Delivered
ORD101155,CUST310,2024-08-14,Toys,RC Car,365.11,2.0,USA,credit card,Website,Delivered
ORD102976,CUST180,2024-07-03,Books,Self-Help Guide,449.29,1.0,United States,Credit Card,Website,Delivered
ORD100138,CUST305,2024-06-09,Fashion,Denim Jacket,2850.7,1.0,India,credit card,Website,Returned
ORD102582,CUST1171,2024-06-07,Toys,Puzzle 1000pc,1178.33,1.0,india,Net Banking,Mobile App,Delivered
ORD102994,CUST955,23/08/2024,Electronics,Bluetooth Speaker,4960.0,1.0,India,Net Banking,Website,Delivered
ORD102420,CUST17,2024-06-14,Electronics,Smartwatch,690.46,2.0,india,UPI,Mobile App,delivered
ORD103008,CUST779,2024-06-29,Fashion,Cotton T-Shirt,1706.06,1.0,USA,Debit Card,Mobile App,Cancelled
ORD104324,CUST880,2024-02-16,Electronics,Wireless Earbuds,716.75,2.0,INDIA,Credit Card,Mobile App,Delivered
ORD100644,CUST594,01-07-2024,Books,Self-Help Guide,749.31,1.0,India,Credit Card,Mobile App,Delivered
ORD101058,,18/02/2024,Sports,Water Bottle,1186.18,1.0,UAE,COD,Marketplace,Delivered
ORD103658,CUST923,2024-04-06,Books,Kids Picture Book,783.03,3.0,india,Debit Card,MOBILE APP,Delivered
ORD101626,CUST369,2024-06-23,Sports,Resistance Bands,1190.5,1.0,USA,Net Banking,Marketplace,Delivered
ORD101356,CUST1499,07-01-2024,Sports,Resistance Bands,1650.44,1.0,India,COD,Marketplace,Delivered
ORD103898,CUST781,01-29-2024,Sports,Yoga Mat,1268.6,2.0,India,COD,Website,Delivered
ORD102040,CUST566,2024-02-06,Fashion,Cotton T-Shirt,2645.69,1.0,UK,Credit Card,Mobile App,Delivered
ORD102951,CUST873,09-03-2024,Home & Kitchen,Air Fryer,1591.92,1.0,India,credit card,Website,Delivered
ORD101030,CUST1757,2024-01-31,Books,Kids Picture Book,699.46,1.0,India,credit card,Marketplace,Delivered
ORD105610,CUST203,2024-03-03,Toys,Building Blocks Set,1826.7,3.0,Germany,Debit Card,Marketplace,Delivered
ORD103199,,2024-01-31,Electronics,Power Bank,2615.9,1.0,USA,COD,Website,Delivered
ORD100493,CUST714,2024-02-07,Toys,RC Car,1004.27,5.0,India,Credit Card,Marketplace,Delivered
ORD103183,CUST1123,22/01/2024,Electronics,Smartwatch,4567.04,1.0,United Kingdom,Net Banking,Website,Returned
ORD102397,CUST94,08/03/2024,Beauty,Makeup Brush Kit,1349.44,1.0,INDIA,credit card,Mobile App,delivered
ORD104581,CUST884,06-28-2024,Toys,Board Game,273.44,2.0,UK,Debit Card,Marketplace,Delivered
ORD102798,CUST1039,03-27-2024,Beauty,Hair Dryer,598.63,1.0,India,credit card,Mobile App,Delivered
ORD105135,CUST1522,2024-03-09,Home & Kitchen,Air Fryer,1174.75,1.0,Germany,credit card,Website,Delivered
ORD105476,CUST382,08-23-2024,Home & Kitchen,Blender,1038.6,1.0,Germany,PayPal,MOBILE APP,Delivered
ORD103034,CUST1398,2024-05-04,Toys,Puzzle 1000pc,1047.32,1.0,India,Debit Card,Website,Delivered
ORD105255,CUST1385,2024-05-09,Home & Kitchen,LED Desk Lamp,3161.35,2.0,India,Credit Card,MOBILE APP,Delivered
ORD103596,CUST32,2024-01-04,Books,Fiction Bestseller,165.46,1.0,India,Credit Card,Mobile App,Delivered
ORD102924,CUST849,07-20-2024,Electronics,Wireless Earbuds,3297.36,4.0,USA,Debit Card,Marketplace,Delivered 
ORD103339,CUST980,02-26-2024,Electronics,Phone Case,3200.54,1.0,USA,Credit Card,Mobile App,Delivered
ORD104065,CUST840,2024-07-27,Home & Kitchen,Air Fryer,1936.03,1.0,USA,Debit Card,Mobile App,Delivered
ORD101528,CUST1587,08-07-2024,Beauty,Lip Balm Set,1336.01,2.0,india,Credit Card,Website,Delivered
ORD100800,CUST372,09-20-2024,Books,Cookbook,757.6,1.0,Germany,credit card,Website,Delivered
ORD103706,CUST1550,2024-07-05,Electronics,Phone Case,1103.32,1.0,USA,UPI,website,Delivered
ORD102079,CUST875,06-15-2024,Fashion,Leather Wallet,2548.12,1.0,UAE,Net Banking,Website,Delivered 
ORD104206,CUST853,2024-03-06,Home & Kitchen,Air Fryer,2500.08,2.0,UK,Credit Card,Website,Delivered
ORD101362,CUST246,2024-01-26,Electronics,Bluetooth Speaker,2728.16,2.0,France,COD,Mobile App,Delivered
ORD103453,CUST21,2024-08-22,Toys,Board Game,1017.86,2.0,India,PayPal,Mobile App,Delivered
ORD105140,CUST923,2024-08-12,Electronics,Smartwatch,4126.03,2.0,Germany,Credit Card,Marketplace,Delivered
ORD101183,CUST394,07-24-2024,Home & Kitchen,LED Desk Lamp,1968.93,1.0,UK,Credit Card,Mobile App,Cancelled
ORD104275,CUST1107,01/09/2024,Sports,Water Bottle,1946.32,1.0,India,UPI,Website,Delivered
ORD100455,,2024-07-06,Fashion,Sunglasses,1738.12,1.0,India,PayPal,Website,Delivered
ORD100259,CUST1269,2024-08-04,Electronics,Phone Case,1032.9,2.0,USA,PayPal,Website,Delivered
ORD103331,CUST593,04-21-2024,Sports,Yoga Mat,1168.38,1.0,India,PayPal,Mobile App,Returned
ORD105541,CUST938,2024-01-28,Home & Kitchen,Blender,1132.5,1.0,UK,credit card,Marketplace,Delivered
ORD104373,CUST937,27/05/2024,Fashion,Denim Jacket,2940.05,3.0,India,Net Banking,Website,Delivered
ORD102591,CUST1462,2024-07-08,Beauty,Sunscreen SPF50,900.74,3.0,India,Debit Card,Website,Delivered
ORD100633,CUST443,2024-05-08,Toys,Board Game,919.09,1.0,India,Debit Card,Mobile App,Delivered
ORD101369,CUST851,2024-04-12,Toys,Puzzle 1000pc,585.25,,india,Debit Card,Marketplace,Delivered
ORD101205,CUST147,2024-06-18,Electronics,Phone Case,3136.03,1.0,UAE,PayPal,Website,Delivered
ORD105466,CUST1572,2024-03-19,Books,Cookbook,144.09,1.0,UAE,Credit Card,Marketplace,Delivered
ORD100763,CUST247,08-29-2024,Toys,Building Blocks Set,741.89,2.0,India,credit card,MOBILE APP,Delivered
ORD103096,CUST967,06-08-2024,Home & Kitchen,Air Fryer,1812.24,1.0,USA,UPI,Marketplace,Delivered
ORD104219,CUST431,2024-03-25,Fashion,Sunglasses,1582.24,2.0,Germany,Debit Card,Website,Delivered
ORD101596,CUST524,10/09/2024,Electronics,Phone Case,3794.32,1.0,UK,Debit Card,Marketplace,Delivered
ORD103773,CUST1724,2024-05-04,Home & Kitchen,Non-stick Pan Set,2800.12,1.0,India,Debit Card,Marketplace,Delivered
ORD105492,CUST369,02-11-2024,Electronics,Power Bank,3245.11,,USA,PayPal,Mobile App,Delivered
ORD103314,CUST155,2024-02-15,Home & Kitchen,LED Desk Lamp,3130.44,1.0,India,UPI,Marketplace,Returned
ORD103622,CUST1797,2024-04-07,Fashion,Denim Jacket,232.73,1.0,France,UPI,Mobile App,Delivered
ORD105014,CUST728,09-02-2024,Electronics,Phone Case,4500.77,1.0,India,UPI,Website,Delivered
ORD105432,CUST248,2024-03-21,Home & Kitchen,LED Desk Lamp,2743.36,,India,Debit Card,Marketplace,Cancelled
ORD105119,CUST769,2024-08-01,Toys,Puzzle 1000pc,1211.83,2.0,UAE,UPI,Marketplace,Delivered
ORD102106,CUST28,29/07/2024,Home & Kitchen,Blender,3270.43,1.0,India,COD,Mobile App,Delivered
ORD100489,CUST795,2024-03-19,Fashion,Denim Jacket,482.26,1.0,India,Credit Card,Website,Cancelled
ORD102838,CUST1302,2024-03-24,Sports,Dumbbell Set,1576.84,1.0,Germany,Credit Card,Mobile App,Delivered
ORD101889,,2024-07-07,Books,Cookbook,282.42,1.0,India,Credit Card,Marketplace,Returned
ORD103188,CUST1170,06/06/2024,Fashion,Cotton T-Shirt,2501.64,1.0,India,Debit Card,Marketplace,Delivered
ORD103945,CUST1242,07-20-2024,Fashion,Running Shoes,2369.14,1.0,India,Debit Card,Mobile App,Cancelled
ORD103442,CUST1255,2024-07-07,Home & Kitchen,Non-stick Pan Set,2580.14,1.0,France,UPI,website,Returned
ORD100786,CUST798,26/03/2024,Fashion,Leather Wallet,868.16,4.0,United Kingdom,Debit Card,Website,Cancelled
ORD102870,CUST324,2024-06-06,Toys,RC Car,470.87,3.0,India,Debit Card,Mobile App,Delivered
ORD100296,CUST597,2024-01-15,Electronics,Power Bank,4974.62,1.0,United Kingdom,COD,website,Delivered
ORD104313,CUST130,2024-08-24,Home & Kitchen,Non-stick Pan Set,1784.29,1.0,Germany,Net Banking,Website,Delivered
ORD105078,CUST222,2024-03-17,Beauty,Makeup Brush Kit,1261.52,2.0,India,COD,Mobile App,Delivered
ORD103376,CUST1331,2024-02-25,Beauty,Hair Dryer,1157.28,1.0,UK,Credit Card,Website,Delivered
ORD100661,CUST196,2024-09-05,Books,Cookbook,268.9,1.0,UAE,Credit Card,Marketplace,Delivered
ORD100083,CUST1477,2024-06-11,Books,Fiction Bestseller,323.52,2.0,India,UPI,Mobile App,Returned
ORD102414,CUST1007,2024-04-30,Fashion,Cotton T-Shirt,717.9,1.0,USA,credit card,Mobile App,Delivered
ORD105624,CUST373,2024-09-02,Books,Self-Help Guide,317.44,4.0,India,UPI,Marketplace,Delivered
ORD104467,CUST726,2024-02-05,Sports,Yoga Mat,347.74,1.0,India,UPI,Mobile App,Delivered
ORD100813,CUST1386,02/03/2024,Toys,Building Blocks Set,1634.26,3.0,France,COD,Website,Delivered
ORD105762,CUST1,2024-03-27,Books,Self-Help Guide,729.29,1.0,UK,UPI,Website,Delivered
ORD100143,CUST848,2024-08-07,Toys,Puzzle 1000pc,1819.08,1.0,India,Credit Card,Marketplace,Delivered
ORD105455,CUST1563,02-09-2024,Electronics,Power Bank,3275.39,1.0,UAE,Debit Card,Marketplace,Delivered
ORD100762,CUST761,02-05-2024,Fashion,Cotton T-Shirt,2498.0,1.0,France,UPI,Website,Cancelled
ORD102807,CUST937,2024-03-16,Home & Kitchen,Storage Containers,568.22,1.0,India,Debit Card,Mobile App,Cancelled
ORD100764,CUST854,2024-05-30,Home & Kitchen,LED Desk Lamp,1316.41,2.0,India,Debit Card,Marketplace,Delivered
ORD102984,CUST1464,03/02/2024,Electronics,Smartwatch,1457.67,1.0,INDIA,UPI,Marketplace,Cancelled
ORD102792,CUST1170,2024-01-16,Electronics,Power Bank,3211.65,1.0,UAE,COD,Marketplace,Delivered
ORD103766,CUST1008,01/05/2024,Electronics,Phone Case,2686.83,1.0,INDIA,UPI,Mobile App,Delivered
ORD104591,CUST140,2024-09-29,Sports,Resistance Bands,1008.22,1.0,United Kingdom,Credit Card,Marketplace,Delivered
ORD105398,CUST323,2024-03-12,Beauty,Face Serum,1086.92,1.0,UAE,Debit Card,Mobile App,Delivered
ORD105059,CUST1394,04/05/2024,Toys,RC Car,1504.69,1.0,India,UPI,Mobile App,Delivered
ORD101776,CUST1419,2024-04-12,Electronics,Phone Case,2593.38,2.0,USA,UPI,Mobile App,Delivered
ORD102983,CUST312,2024-09-12,Toys,Puzzle 1000pc,687.05,1.0,India,PayPal,MOBILE APP,Delivered
ORD105307,CUST1375,2024-06-11,Electronics,USB-C Cable,3748.66,1.0,Germany,UPI,Website,Returned
ORD101474,CUST1321,2024-04-14,Electronics,Power Bank,1287.52,1.0,United States,PayPal,Marketplace,Delivered
ORD101836,CUST1467,01/06/2024,Sports,Resistance Bands,1861.98,2.0,United States,credit card,Mobile App,Delivered
ORD100279,CUST1554,2024-04-13,Beauty,Makeup Brush Kit,516.14,2.0,India,Debit Card,Website,Delivered
ORD105087,CUST1659,2024-04-19,Home & Kitchen,Storage Containers,3009.2,2.0,USA,Credit Card,Website,Delivered
ORD104378,CUST1418,2024-04-25,Beauty,Sunscreen SPF50,1448.57,4.0,Germany,Debit Card,Website,Delivered
ORD105193,CUST431,2024-03-07,Books,Self-Help Guide,760.7,1.0,France,Credit Card,MOBILE APP,Delivered
ORD100911,CUST871,06-08-2024,Fashion,Running Shoes,,1.0,USA,Credit Card,Marketplace,Delivered
ORD102268,CUST1402,2024-04-08,Electronics,USB-C Cable,1124.48,1.0,France,Credit Card,Mobile App,Delivered
ORD103479,CUST166,04-24-2024,Home & Kitchen,Storage Containers,1304.84,3.0,USA,UPI,Website,Returned
ORD103042,CUST577,2024-05-09,Beauty,Hair Dryer,623.05,1.0,United States,UPI,Website,Delivered
ORD104268,CUST648,08/03/2024,Sports,Cycling Gloves,2068.21,2.0,USA,Credit Card,MOBILE APP,Returned
ORD101984,,2024-06-01,Electronics,USB-C Cable,2491.45,3.0,United States,UPI,Website,Delivered
ORD101920,CUST106,2024-07-29,Electronics,USB-C Cable,3544.49,1.0,UK,PayPal,Mobile App,Delivered
ORD101122,CUST695,2024-06-03,Electronics,Wireless Earbuds,3377.66,5.0,india,UPI,Website,Delivered
ORD102912,CUST1669,08-02-2024,Electronics,USB-C Cable,878.62,2.0,India,Credit Card,Mobile App,Returned
ORD104037,CUST1076,2024-03-19,Sports,Resistance Bands,690.72,2.0,UK,PayPal,Website,Delivered
ORD103828,CUST392,08-31-2024,Home & Kitchen,Air Fryer,2631.25,1.0,UK,Debit Card,Website,Delivered
ORD103671,CUST1246,2024-01-01,Sports,Yoga Mat,1594.05,2.0,India,UPI,Marketplace,Delivered
ORD105111,CUST32,06-09-2024,Toys,RC Car,274.73,2.0,USA,UPI,Mobile App,Delivered
ORD101002,CUST854,07-06-2024,Toys,Building Blocks Set,401.82,1.0,USA,UPI,Website,Returned
ORD102232,CUST101,2024-07-30,Electronics,Wireless Earbuds,1828.16,1.0,USA,UPI,Website,Delivered
ORD105145,CUST916,10/07/2024,Beauty,Hair Dryer,335.04,1.0,UK,Credit Card,Marketplace,Returned
ORD101497,CUST1505,06-03-2024,Electronics,USB-C Cable,2568.69,1.0,india,Net Banking,Website,Delivered
ORD104360,CUST182,09-01-2024,Beauty,Face Serum,181.43,2.0,India,PayPal,Mobile App,Cancelled
ORD104189,CUST832,02/07/2024,Sports,Cycling Gloves,1693.84,1.0,France,UPI,Mobile App,Delivered
ORD100282,CUST611,07-12-2024,Toys,Puzzle 1000pc,1670.83,1.0,UK,UPI,Website,Delivered
ORD104371,CUST1724,2024-03-06,Electronics,Smartwatch,1398.58,1.0,UAE,COD,Marketplace,Delivered
ORD105565,CUST1761,2024-05-05,Fashion,Denim Jacket,1754.23,2.0,USA,COD,Website,Delivered
ORD104216,CUST1067,2024-02-05,Fashion,Cotton T-Shirt,577.41,1.0,India,UPI,Website,Delivered
ORD102084,CUST1315,04-27-2024,Electronics,Bluetooth Speaker,4209.96,4.0,USA,Credit Card,Marketplace,Cancelled
ORD101660,CUST1067,07-18-2024,Toys,Building Blocks Set,331.09,1.0,India,Credit Card,Website,Returned
ORD102836,CUST845,04/06/2024,Electronics,Wireless Earbuds,2437.41,2.0,USA,Debit Card,Website,Cancelled
ORD100695,CUST851,2024-08-21,Books,Fiction Bestseller,446.74,1.0,USA,COD,Mobile App,delivered
ORD104526,CUST1688,09-29-2024,Sports,Dumbbell Set,1212.06,2.0,USA,UPI,website,Delivered
ORD100775,CUST209,02-01-2024,Fashion,Cotton T-Shirt,2707.88,1.0,India,UPI,Mobile App,Delivered
ORD101847,CUST1580,24/01/2024,Beauty,Lip Balm Set,329.89,1.0,India,COD,Website,Delivered 
ORD105335,CUST1231,07-22-2024,Toys,RC Car,1957.75,1.0,India,Debit Card,Marketplace,Delivered
ORD100159,CUST105,2024-04-27,Beauty,Lip Balm Set,950.44,1.0,India,Credit Card,Website,Delivered
ORD102509,CUST695,04-26-2024,Toys,Board Game,515.65,1.0,India,Credit Card,Marketplace,Delivered
ORD104281,CUST496,2024-03-09,Toys,Building Blocks Set,259.33,5.0,India,UPI,Mobile App,Returned
ORD102133,CUST1280,2024-01-20,Fashion,Sunglasses,1403.24,1.0,UK,Debit Card,Marketplace,Delivered
ORD100858,CUST110,2024-03-11,Toys,Building Blocks Set,679.2,2.0,France,credit card,Mobile App,Returned
ORD101430,CUST1341,09/02/2024,Home & Kitchen,Non-stick Pan Set,2256.18,1.0,India,UPI,Marketplace,Delivered
ORD105724,CUST1325,06-19-2024,Toys,RC Car,1358.37,1.0,India,Credit Card,Mobile App,Delivered
ORD105852,CUST1482,09-18-2024,Home & Kitchen,Air Fryer,2678.38,1.0,UK,Credit Card,Mobile App,Returned
ORD100960,CUST1680,2024-02-09,Home & Kitchen,LED Desk Lamp,546.34,1.0,France,Debit Card,Mobile App,Delivered
ORD104707,CUST677,24/08/2024,Home & Kitchen,LED Desk Lamp,889.15,1.0,India,COD,Marketplace,Delivered
ORD105741,CUST460,2024-04-22,Electronics,Bluetooth Speaker,3729.19,1.0,India,COD,Website,Delivered
ORD103707,CUST1054,17/02/2024,Beauty,Face Serum,188.39,1.0,India,Net Banking,website,Delivered
ORD101648,CUST209,06-08-2024,Electronics,Smartwatch,4732.74,2.0,India,Debit Card,Website,Delivered
ORD104229,CUST1446,2024-02-20,Beauty,Face Serum,797.07,5.0,India,Debit Card,MOBILE APP,Delivered
ORD100878,CUST814,2024-06-25,Electronics,USB-C Cable,3053.93,3.0,USA,PayPal,Marketplace,Delivered
ORD102569,CUST1026,05-25-2024,Fashion,Sunglasses,1336.25,1.0,India,PayPal,Website,Delivered
ORD104078,CUST424,2024-02-06,Home & Kitchen,Storage Containers,1265.64,1.0,India,Debit Card,Mobile App,Delivered
ORD104808,CUST1177,2024-05-03,Sports,Cycling Gloves,1077.68,1.0,nan,UPI,Mobile App,Delivered
ORD100375,CUST681,07/07/2024,Home & Kitchen,LED Desk Lamp,2377.58,2.0,India,Credit Card,Website,Delivered
ORD100983,CUST484,2024-09-01,Home & Kitchen,Blender,3186.1,1.0,india,COD,Mobile App,Cancelled
ORD100263,CUST173,2024-01-06,Beauty,Sunscreen SPF50,469.15,2.0,India,COD,Mobile App,Delivered
ORD101977,CUST1276,04-06-2024,Electronics,Power Bank,2828.3,2.0,USA,Debit Card,Mobile App,Returned
ORD104264,CUST1193,2024-01-08,Electronics,Wireless Earbuds,1114.93,1.0,USA,Credit Card,Marketplace,Cancelled
ORD100487,CUST991,04-08-2024,Fashion,Running Shoes,1262.79,1.0,India,Net Banking,Marketplace,Returned
ORD103737,CUST229,2024-06-19,Toys,Board Game,1986.09,1.0,UK,PayPal,Mobile App,Delivered
ORD104720,CUST957,2024-08-18,Home & Kitchen,Blender,2371.15,1.0,India,credit card,Website,Delivered
ORD102281,CUST344,29/05/2024,Electronics,Power Bank,3973.53,2.0,USA,Debit Card,Marketplace,Delivered
ORD103651,CUST64,2024-05-30,Sports,Dumbbell Set,1508.62,2.0,UAE,Credit Card,Website,Delivered
ORD101562,CUST173,2024-05-13,Home & Kitchen,Non-stick Pan Set,957.69,,UK,Credit Card,Website,Delivered
ORD103735,CUST1647,2024-02-01,Electronics,Wireless Earbuds,3478.63,1.0,nan,Credit Card,Marketplace,Delivered
ORD101165,CUST1156,01-07-2024,Fashion,Denim Jacket,2301.21,1.0,UK,credit card,Website,Returned
ORD104221,CUST991,2024-06-10,Beauty,Sunscreen SPF50,44251.0,5.0,USA,,Website,Delivered
ORD101985,CUST1435,2024-04-30,Electronics,Phone Case,1049.92,,India,UPI,Website,Returned
ORD103802,CUST1244,2024-06-19,Beauty,Lip Balm Set,520.51,1.0,USA,Debit Card,MOBILE APP,Delivered
ORD103261,CUST89,04-21-2024,Fashion,Denim Jacket,2706.62,1.0,UK,Net Banking,Mobile App,Delivered
ORD105858,CUST693,02-09-2024,Sports,Resistance Bands,1193.35,5.0,India,Net Banking,Marketplace,Delivered
ORD105673,,08-02-2024,Electronics,Power Bank,3377.7,1.0,India,UPI,Mobile App,Returned
ORD101922,CUST624,2024-08-15,Beauty,Face Serum,1474.97,1.0,India,Debit Card,Mobile App,Delivered
ORD101929,CUST285,2024-02-11,Books,Kids Picture Book,316.09,1.0,UK,Debit Card,Website,Delivered
ORD102372,CUST764,2024-08-17,Sports,Water Bottle,1855.37,2.0,India,Credit Card,Mobile App,Delivered
ORD101695,CUST1668,03-29-2024,Beauty,Sunscreen SPF50,1171.03,1.0,USA,UPI,Marketplace,Delivered
ORD103811,CUST442,2024-04-15,Fashion,Cotton T-Shirt,985.53,2.0,India,UPI,Website,Delivered
ORD101242,CUST115,09-21-2024,Electronics,Power Bank,3257.44,2.0,USA,COD,Marketplace,Delivered
ORD100360,CUST80,2024-01-05,Books,Cookbook,134.36,3.0,India,UPI,Website,Delivered
ORD102077,CUST433,05-22-2024,Toys,RC Car,1845.53,1.0,India,PayPal,Mobile App,Delivered
ORD101649,CUST1,2024-08-31,Sports,Resistance Bands,1156.74,1.0,United Kingdom,COD,Website,Delivered
ORD101038,CUST1367,2024-07-01,Beauty,Sunscreen SPF50,1275.9,1.0,UK,Debit Card,Website,Delivered
ORD105497,CUST1070,2024-06-13,Sports,Water Bottle,2472.2,1.0,USA,Credit Card,Marketplace,Delivered
ORD104783,CUST663,20/01/2024,Fashion,Cotton T-Shirt,340.42,1.0,France,credit card,Mobile App,Delivered
ORD104972,CUST302,2024-01-26,Electronics,Bluetooth Speaker,3206.53,1.0,UK,PayPal,Marketplace,Delivered
ORD104111,CUST1064,02/06/2024,Electronics,USB-C Cable,528.6,2.0,india,PayPal,Website,Returned
ORD102123,CUST1083,2024-04-12,Toys,Building Blocks Set,453.89,1.0,India,Debit Card,Mobile App,Delivered
ORD102219,CUST122,2024-05-28,Electronics,USB-C Cable,2814.53,1.0,India,Credit Card,Website,Cancelled
ORD103364,CUST1545,21/06/2024,Fashion,Sunglasses,,1.0,France,UPI,Mobile App,Delivered
ORD101979,CUST1137,2024-01-06,Fashion,Leather Wallet,1055.68,1.0,India,,Marketplace,Delivered
ORD105656,CUST806,2024-09-24,Home & Kitchen,Storage Containers,3428.46,3.0,USA,COD,Mobile App,Returned
ORD101422,CUST878,2024-05-18,Home & Kitchen,Blender,1949.57,1.0,UAE,,Marketplace,Delivered
ORD101107,CUST1470,12/05/2024,Electronics,Power Bank,1407.73,1.0,India,Debit Card,Website,Delivered
ORD105824,CUST858,04-13-2024,Sports,Yoga Mat,1955.67,2.0,india,UPI,Website,Delivered
ORD103433,CUST1141,2024-08-05,Home & Kitchen,Blender,3297.92,1.0,INDIA,Debit Card,Mobile App,Delivered
ORD104120,CUST980,2024-03-14,Fashion,Cotton T-Shirt,812.15,2.0,UK,UPI,Website,delivered
ORD105674,CUST788,2024-01-28,Electronics,USB-C Cable,805.36,1.0,France,UPI,Website,Delivered
ORD102487,CUST264,2024-04-13,Electronics,Bluetooth Speaker,2199.4,2.0,UK,UPI,Website,Delivered
ORD100099,CUST1311,2024-07-10,Beauty,Makeup Brush Kit,1049.41,1.0,India,PayPal,Mobile App,Returned
ORD101796,CUST230,07-14-2024,Beauty,Sunscreen SPF50,298.76,1.0,UAE,Credit Card,Marketplace,Delivered
ORD102278,CUST26,2024-04-25,Fashion,Sunglasses,2380.82,1.0,India,Net Banking,Marketplace,Delivered
ORD104604,CUST556,09-11-2024,Home & Kitchen,Air Fryer,873.53,1.0,USA,UPI,Mobile App,Delivered
ORD104377,CUST231,06-20-2024,Electronics,Power Bank,2533.1,2.0,India,PayPal,Marketplace,Delivered
ORD101855,CUST907,05/03/2024,Beauty,Hair Dryer,1434.4,1.0,India,Credit Card,Mobile App,Delivered
ORD103055,CUST1550,07-30-2024,Books,Self-Help Guide,711.28,2.0,India,Debit Card,Mobile App,Delivered
ORD100951,CUST1530,2024-02-07,Beauty,Lip Balm Set,1232.19,3.0,India,PayPal,Website,Delivered
ORD101160,CUST701,2024-09-01,Electronics,USB-C Cable,3648.23,1.0,India,Credit Card,Website,Cancelled
ORD102764,CUST708,2024-07-14,Electronics,Power Bank,3897.83,1.0,France,Credit Card,Website,Delivered
ORD102347,CUST153,2024-09-24,Fashion,Sunglasses,1192.73,1.0,india,Credit Card,Mobile App,Delivered
ORD103751,CUST1594,02-17-2024,Sports,Water Bottle,1804.27,1.0,United States,UPI,MOBILE APP,Delivered
ORD105015,CUST89,19/04/2024,Fashion,Denim Jacket,561.79,1.0,Germany,Credit Card,Marketplace,Delivered
ORD105237,CUST1591,05-26-2024,Sports,Resistance Bands,416.39,1.0,India,UPI,Mobile App,Delivered
ORD101409,,2024-04-14,Books,Fiction Bestseller,794.08,1.0,India,PayPal,Mobile App,Delivered
ORD105764,CUST1792,11/04/2024,Home & Kitchen,LED Desk Lamp,943.17,1.0,USA,UPI,MOBILE APP,Delivered
ORD102292,CUST1707,09-01-2024,Electronics,USB-C Cable,2170.34,2.0,USA,Debit Card,Marketplace,Delivered
ORD104363,CUST694,2024-09-02,Fashion,Cotton T-Shirt,1806.16,1.0,UK,UPI,Marketplace,Returned
ORD103850,CUST525,07-07-2024,Sports,Dumbbell Set,1356.37,1.0,India,COD,Mobile App,Delivered
ORD105963,CUST1198,28/07/2024,Electronics,USB-C Cable,3172.54,1.0,USA,COD,Mobile App,delivered
ORD100863,CUST217,2024-05-21,Electronics,Phone Case,4107.76,2.0,France,Credit Card,Website,Delivered
ORD104325,CUST1719,05-04-2024,Home & Kitchen,Air Fryer,2296.72,1.0,India,Debit Card,Marketplace,Delivered
ORD103855,CUST432,2024-08-24,Beauty,Lip Balm Set,661.18,1.0,France,Credit Card,Website,Delivered
ORD103107,CUST28,2024-02-07,Electronics,Smartwatch,3425.08,1.0,India,Credit Card,Website,Delivered
ORD102508,CUST1045,2024-04-20,Home & Kitchen,LED Desk Lamp,1063.23,1.0,India,Credit Card,Mobile App,Delivered
ORD104908,CUST343,2024-04-13,Sports,Dumbbell Set,1536.09,1.0,France,Credit Card,Marketplace,Returned
ORD102158,CUST1666,08-21-2024,Sports,Dumbbell Set,1969.19,1.0,India,Net Banking,Website,Delivered
ORD100222,CUST435,2024-07-03,Home & Kitchen,Blender,513.32,1.0,UK,COD,Mobile App,delivered
ORD105768,CUST1311,2024-03-25,Toys,RC Car,1444.01,2.0,UK,Debit Card,Website,Delivered
ORD101110,CUST1025,09-18-2024,Books,Kids Picture Book,609.0,2.0,USA,Debit Card,Website,Cancelled
ORD105953,CUST624,03/02/2024,Electronics,Power Bank,4709.98,2.0,USA,UPI,Mobile App,delivered
ORD105301,CUST867,2024-02-02,Electronics,USB-C Cable,4691.84,1.0,India,UPI,Website,Delivered
ORD105334,CUST83,2024-04-26,Books,Kids Picture Book,624.04,3.0,nan,COD,Mobile App,Returned
ORD102658,CUST1518,21/03/2024,Fashion,Denim Jacket,2280.48,3.0,India,Net Banking,Mobile App,Delivered
ORD105850,CUST594,21/08/2024,Sports,Cycling Gloves,1297.14,1.0,USA,COD,Marketplace,Cancelled
ORD105121,CUST201,2024-03-24,Fashion,Denim Jacket,2509.47,1.0,Germany,Net Banking,Mobile App,Delivered
ORD102663,CUST287,2024-02-28,Beauty,Sunscreen SPF50,1041.12,2.0,UAE,COD,Mobile App,Delivered
ORD102906,CUST1646,2024-05-03,Books,Self-Help Guide,490.64,1.0,UK,Debit Card,Marketplace,Delivered
ORD103155,,2024-01-25,Toys,RC Car,1011.58,2.0,USA,COD,Website,Delivered
ORD100171,CUST1512,2024-02-06,Home & Kitchen,Non-stick Pan Set,2660.18,2.0,India,PayPal,Marketplace,Returned
ORD100208,CUST266,2024-04-07,Beauty,Lip Balm Set,1143.32,1.0,India,Credit Card,Mobile App,Delivered
ORD104903,CUST285,07-12-2024,Toys,Board Game,1208.84,1.0,India,COD,Website,Delivered
ORD104516,CUST739,2024-05-26,Sports,Water Bottle,2286.3,1.0,india,Debit Card,Website,Delivered
ORD101028,CUST1244,11/09/2024,Sports,Water Bottle,836.52,1.0,USA,Credit Card,Mobile App,Delivered 
ORD102833,CUST387,30/01/2024,Fashion,Leather Wallet,606.04,1.0,India,Net Banking,Mobile App,Delivered
ORD102080,CUST1133,04-07-2024,Toys,Puzzle 1000pc,1346.62,1.0,India,Debit Card,MOBILE APP,Delivered
ORD100831,CUST948,26/03/2024,Fashion,Denim Jacket,309.29,1.0,India,COD,MOBILE APP,Delivered
ORD105546,CUST507,2024-04-24,Beauty,Lip Balm Set,758.48,1.0,United States,COD,Marketplace,Delivered
ORD105606,CUST1423,07-11-2024,Books,Kids Picture Book,323.09,2.0,France,UPI,MOBILE APP,delivered
ORD103624,CUST438,16/02/2024,Sports,Yoga Mat,1888.28,1.0,Germany,Net Banking,Mobile App,Delivered
ORD101903,CUST597,2024-09-03,Home & Kitchen,Blender,436.27,1.0,UK,credit card,Marketplace,Cancelled
ORD101723,CUST174,2024-09-10,Electronics,Bluetooth Speaker,2253.13,2.0,India,Debit Card,Marketplace,Delivered
ORD101340,CUST466,2024-06-02,Fashion,Running Shoes,2332.5,2.0,India,,Marketplace,Delivered
ORD101468,CUST74,2024-02-13,Beauty,Makeup Brush Kit,1140.0,1.0,UAE,Credit Card,Mobile App,Delivered
ORD102788,CUST791,2024-08-14,Electronics,Smartwatch,2017.0,1.0,USA,Debit Card,Website,Delivered
ORD102128,CUST1788,01-03-2024,Home & Kitchen,Blender,2393.92,4.0,India,UPI,Mobile App,Returned
ORD100050,CUST89,2024-06-01,Beauty,Lip Balm Set,991.54,1.0,India,Debit Card,Mobile App,Delivered
ORD101313,CUST1441,2024-07-05,Electronics,Phone Case,3980.79,1.0,India,Net Banking,Marketplace,Delivered
ORD105540,CUST1592,17/04/2024,Beauty,Hair Dryer,1212.21,5.0,India,Debit Card,Marketplace,Delivered
ORD105949,CUST1729,07-24-2024,Electronics,USB-C Cable,4746.04,1.0,USA,Net Banking,Marketplace,Delivered
ORD103407,CUST329,2024-06-12,Electronics,Smartwatch,2266.19,1.0,United Kingdom,UPI,Mobile App,Delivered
ORD100381,CUST1630,06/02/2024,Sports,Cycling Gloves,1872.14,1.0,India,UPI,Marketplace,Delivered
ORD102254,,03/08/2024,Toys,RC Car,263.71,3.0,India,UPI,Website,Returned
ORD104881,CUST464,04-12-2024,Sports,Water Bottle,1240.23,1.0,USA,PayPal,Mobile App,Delivered
ORD101445,CUST1677,28/05/2024,Home & Kitchen,Storage Containers,2173.83,1.0,USA,COD,Marketplace,Returned
ORD102967,CUST530,2024-04-29,Beauty,Face Serum,321.18,1.0,India,UPI,Mobile App,Delivered
ORD103073,CUST645,2024-09-17,Toys,Puzzle 1000pc,263.42,1.0,nan,Credit Card,Website,Delivered
ORD103283,CUST1527,2024-06-30,Electronics,Phone Case,3905.4,1.0,France,Credit Card,Mobile App,Delivered
ORD104043,CUST1615,2024-05-01,Fashion,Leather Wallet,2438.31,1.0,India,Debit Card,Marketplace,Delivered
ORD103323,CUST1246,24/04/2024,Electronics,Wireless Earbuds,3327.0,1.0,USA,UPI,Website,Delivered
ORD105987,CUST581,08-09-2024,Home & Kitchen,Air Fryer,2889.23,5.0,India,Credit Card,MOBILE APP,Delivered
ORD105377,CUST655,2024-04-18,Fashion,Denim Jacket,2295.51,1.0,India,Credit Card,Website,Cancelled
ORD101501,CUST1489,05-16-2024,Sports,Dumbbell Set,1977.28,1.0,USA,Credit Card,Website,Delivered
ORD102885,CUST169,2024-01-12,Home & Kitchen,Air Fryer,1267.05,2.0,UAE,Debit Card,Mobile App,Delivered
ORD101782,CUST189,2024-02-12,Beauty,Lip Balm Set,207.43,1.0,India,COD,website,Delivered
ORD105719,CUST445,2024-09-24,Fashion,Running Shoes,1964.13,2.0,India,UPI,Marketplace,Delivered
ORD104758,CUST1779,03-16-2024,Fashion,Running Shoes,788.97,1.0,USA,Credit Card,Website,Delivered
ORD103282,CUST714,2024-03-29,Electronics,Wireless Earbuds,1447.07,1.0,Germany,PayPal,Mobile App,Delivered
ORD103130,CUST1740,2024-02-06,Fashion,Sunglasses,1513.53,2.0,Germany,UPI,Mobile App,Delivered
ORD103038,CUST1139,02-20-2024,Beauty,Sunscreen SPF50,960.83,1.0,India,UPI,website,Delivered 
ORD100523,CUST1330,02-09-2024,Fashion,Denim Jacket,213.98,3.0,India,Debit Card,Marketplace,Delivered
ORD101778,CUST1073,2024-06-19,Books,Kids Picture Book,268.61,1.0,UK,Credit Card,Marketplace,Delivered
ORD104938,CUST1047,2024-07-18,Electronics,Wireless Earbuds,3784.27,1.0,nan,UPI,Mobile App,Delivered
ORD102336,CUST447,2024-01-18,Beauty,Sunscreen SPF50,724.32,2.0,India,UPI,Mobile App,Cancelled
ORD105201,CUST726,2024-05-16,Electronics,Phone Case,630.04,1.0,France,Credit Card,Website,Returned
ORD100978,CUST624,2024-08-22,Home & Kitchen,Storage Containers,1410.86,1.0,UK,Debit Card,Mobile App,Delivered
ORD105838,CUST1254,2024-01-04,Electronics,Bluetooth Speaker,2569.77,1.0,India,Net Banking,Marketplace,Returned
ORD105809,CUST1617,02-20-2024,Sports,Water Bottle,2481.81,1.0,Germany,UPI,Mobile App,Returned
ORD103878,CUST323,2024-06-16,Electronics,Power Bank,3791.6,1.0,India,COD,Marketplace,Delivered
ORD101738,CUST1083,01/03/2024,Electronics,USB-C Cable,4601.17,2.0,India,Credit Card,Mobile App,Delivered
ORD104547,CUST834,2024-03-31,Toys,Building Blocks Set,997.61,1.0,France,COD,Mobile App,Returned
ORD102457,CUST1039,09-13-2024,Sports,Yoga Mat,1846.93,1.0,india,UPI,MOBILE APP,Delivered
ORD103532,CUST97,07-27-2024,Sports,Dumbbell Set,1129.85,1.0,India,COD,Website,Delivered
ORD101045,CUST1486,2024-03-07,Beauty,Hair Dryer,1268.59,1.0,india,Debit Card,Mobile App,Delivered
ORD101727,CUST1066,2024-04-16,Toys,Board Game,293.72,1.0,India,credit card,Website,Delivered
ORD101021,CUST359,05-05-2024,Electronics,Bluetooth Speaker,844.82,2.0,Germany,UPI,website,Delivered
ORD104948,CUST741,2024-05-08,Sports,Yoga Mat,375.29,4.0,UK,PayPal,MOBILE APP,Delivered
ORD102790,CUST1344,2024-03-09,Home & Kitchen,Blender,1272.52,2.0,United Kingdom,Debit Card,Website,Delivered
ORD104380,CUST715,26/09/2024,Toys,Building Blocks Set,1206.77,1.0,Germany,UPI,Mobile App,Delivered
ORD104022,CUST398,25/09/2024,Electronics,Smartwatch,2866.5,3.0,USA,UPI,website,Cancelled
ORD105347,CUST679,2024-04-04,Electronics,Wireless Earbuds,702.53,1.0,India,Credit Card,Mobile App,Delivered
ORD103989,CUST1458,04-04-2024,Electronics,Wireless Earbuds,3991.27,1.0,USA,UPI,Marketplace,Delivered
ORD105294,CUST1038,30/05/2024,Toys,Building Blocks Set,886.53,2.0,UAE,Debit Card,Website,Delivered
ORD104739,CUST586,2024-01-28,Electronics,Phone Case,3012.63,1.0,India,Credit Card,Mobile App,Delivered
ORD103471,CUST94,2024-07-26,Sports,Yoga Mat,2142.56,1.0,India,credit card,Website,Cancelled
ORD102875,CUST1706,2024-02-18,Electronics,Smartwatch,4825.98,2.0,India,,Website,Delivered
ORD100599,CUST1442,2024-01-19,Fashion,Sunglasses,2652.62,2.0,USA,,Mobile App,Delivered
ORD103492,CUST1656,06-29-2024,Fashion,Cotton T-Shirt,2614.39,1.0,France,Debit Card,Mobile App,Delivered
ORD102231,CUST631,01-23-2024,Home & Kitchen,LED Desk Lamp,2150.78,3.0,USA,Debit Card,Website,Delivered
ORD100849,CUST1014,2024-08-10,Beauty,Sunscreen SPF50,285.2,2.0,INDIA,Credit Card,Website,Delivered
ORD104955,CUST482,2024-01-12,Toys,Puzzle 1000pc,1633.03,1.0,United Kingdom,Credit Card,MOBILE APP,Delivered
ORD104644,CUST914,16/07/2024,Fashion,Sunglasses,1040.45,1.0,UK,UPI,Mobile App,Cancelled
ORD103045,CUST271,2024-08-21,Toys,Building Blocks Set,1797.85,1.0,Germany,,Marketplace,Delivered
ORD100148,CUST143,02-08-2024,Electronics,Smartwatch,3933.2,2.0,Germany,Credit Card,Marketplace,Delivered
ORD102113,CUST1532,2024-03-05,Sports,Cycling Gloves,1339.8,2.0,India,Debit Card,Mobile App,Delivered
ORD102308,CUST1753,2024-06-12,Home & Kitchen,Non-stick Pan Set,1908.31,1.0,India,PayPal,Marketplace,Returned
ORD100348,CUST594,2024-03-28,Home & Kitchen,Storage Containers,554.09,3.0,India,Credit Card,Marketplace,Returned
ORD100896,CUST170,2024-06-25,Fashion,Denim Jacket,960.4,2.0,India,Credit Card,Website,Delivered
ORD103873,CUST415,02-08-2024,Home & Kitchen,LED Desk Lamp,1997.87,1.0,UK,UPI,Marketplace,Cancelled
ORD103504,CUST701,2024-09-23,Fashion,Running Shoes,2044.07,2.0,India,Net Banking,Marketplace,Cancelled
ORD100593,CUST1199,02-23-2024,Beauty,Hair Dryer,414.25,1.0,Germany,credit card,Website,Delivered
ORD104607,CUST1721,2024-01-02,Electronics,Smartwatch,4949.93,1.0,USA,Debit Card,Mobile App,Returned
ORD101898,CUST1066,2024-07-28,Fashion,Leather Wallet,854.58,1.0,USA,Credit Card,Mobile App,Returned
ORD101233,CUST89,2024-04-10,Fashion,Cotton T-Shirt,2076.93,3.0,India,Credit Card,Marketplace,Delivered
ORD102744,CUST1798,05-17-2024,Fashion,Running Shoes,1826.88,3.0,India,UPI,Mobile App,Delivered
ORD101470,CUST1271,2024-08-29,Electronics,Bluetooth Speaker,2113.79,1.0,Germany,PayPal,Mobile App,Delivered
ORD101655,CUST1366,2024-03-24,Home & Kitchen,Blender,2075.58,1.0,UK,PayPal,Website,Delivered
ORD103033,CUST60,2024-08-24,Sports,Yoga Mat,511.6,1.0,India,UPI,Marketplace,Delivered
ORD103741,CUST1456,2024-02-07,Toys,Puzzle 1000pc,1266.19,1.0,India,UPI,Website,Returned
ORD100965,CUST1086,07-22-2024,Fashion,Denim Jacket,1390.16,1.0,Germany,PayPal,Website,Cancelled
ORD100994,CUST1754,09-18-2024,Home & Kitchen,Non-stick Pan Set,1355.69,1.0,Germany,Credit Card,Marketplace,Delivered
ORD104943,CUST69,2024-02-06,Beauty,Lip Balm Set,1341.84,1.0,USA,COD,Mobile App,Delivered
ORD103804,CUST450,07-19-2024,Electronics,Power Bank,1451.85,1.0,USA,Credit Card,Website,Delivered
ORD100818,CUST1560,2024-02-22,Electronics,Power Bank,741.38,1.0,USA,Debit Card,Website,Delivered
ORD100322,CUST189,2024-07-14,Fashion,Running Shoes,262390.0,2.0,nan,UPI,MOBILE APP,Delivered
ORD103657,CUST718,2024-01-10,Books,Fiction Bestseller,668.2,1.0,india,Net Banking,Mobile App,Delivered
ORD105507,CUST304,2024-08-31,Home & Kitchen,Air Fryer,2897.21,1.0,india,COD,Website,Delivered
ORD100292,CUST1381,2024-06-03,Electronics,Bluetooth Speaker,,4.0,India,COD,Website,Delivered
ORD102814,CUST438,2024-08-09,Books,Self-Help Guide,497.98,1.0,india,COD,Marketplace,Delivered
ORD103304,CUST584,2024-08-13,Fashion,Leather Wallet,1492.75,5.0,India,UPI,Website,Delivered
ORD102333,CUST785,02-06-2024,Electronics,Power Bank,1016.5,2.0,UK,Credit Card,Mobile App,delivered
ORD101378,CUST1215,08-21-2024,Fashion,Denim Jacket,699.23,1.0,India,UPI,Website,Delivered
ORD103294,CUST904,2024-07-03,Toys,Board Game,1501.53,2.0,INDIA,Credit Card,Marketplace,Delivered
ORD100058,CUST429,12/07/2024,Home & Kitchen,Non-stick Pan Set,509.27,1.0,USA,UPI,Mobile App,Delivered
ORD103340,CUST847,2024-02-29,Toys,RC Car,1436.45,1.0,UK,UPI,website,Delivered
ORD100879,CUST798,27/09/2024,Books,Cookbook,457.04,3.0,France,PayPal,Website,Delivered
ORD102431,,12/02/2024,Toys,Puzzle 1000pc,1704.33,1.0,India,Net Banking,Mobile App,Delivered
ORD100196,CUST181,05-17-2024,Sports,Yoga Mat,1556.99,1.0,India,Credit Card,Website,Delivered
ORD101420,CUST848,2024-01-06,Fashion,Denim Jacket,2214.23,1.0,India,UPI,Mobile App,Delivered
ORD102383,CUST1319,26/05/2024,Sports,Yoga Mat,492.48,1.0,nan,UPI,Marketplace,Cancelled
ORD105974,CUST485,2024-03-06,Beauty,Makeup Brush Kit,884.53,1.0,UK,PayPal,Website,Delivered
ORD103772,CUST337,2024-02-08,Beauty,Hair Dryer,161.15,2.0,India,Net Banking,Mobile App,Delivered
ORD101346,CUST169,05-17-2024,Electronics,Bluetooth Speaker,3209.63,1.0,India,PayPal,website,Delivered
ORD100353,CUST658,2024-09-11,Sports,Yoga Mat,949.31,1.0,india,Net Banking,Website,Delivered
ORD101498,CUST125,2024-09-22,Home & Kitchen,Non-stick Pan Set,573.47,1.0,France,UPI,Mobile App,Delivered
ORD105360,CUST1688,2024-02-22,Fashion,Sunglasses,404.41,2.0,India,Net Banking,Marketplace,Delivered
ORD100329,CUST169,14/04/2024,Fashion,Cotton T-Shirt,2511.63,3.0,India,Debit Card,Mobile App,Delivered
ORD104482,CUST1707,2024-02-06,Sports,Yoga Mat,1016.87,1.0,India,UPI,Marketplace,Delivered
ORD101513,CUST1050,2024-09-23,Toys,RC Car,449.66,1.0,India,Credit Card,Marketplace,Delivered
ORD102735,CUST685,2024-06-08,Home & Kitchen,Non-stick Pan Set,1377.15,3.0,India,UPI,website,Delivered
ORD102758,CUST152,2024-05-07,Home & Kitchen,Storage Containers,513.85,2.0,France,UPI,Mobile App,Cancelled
ORD102824,CUST1036,2024-05-12,Fashion,Running Shoes,,1.0,India,PayPal,Mobile App,Delivered
ORD101077,CUST870,24/02/2024,Fashion,Sunglasses,2661.1,2.0,nan,Credit Card,Website,Delivered
ORD103768,CUST799,21/06/2024,Fashion,Sunglasses,2507.74,2.0,USA,UPI,Website,Delivered
ORD105176,CUST1305,2024-01-12,Beauty,Hair Dryer,937.38,1.0,India,Debit Card,Marketplace,Delivered
ORD102968,CUST581,2024-05-13,Sports,Resistance Bands,1268.79,1.0,India,Debit Card,Mobile App,Delivered
ORD102842,CUST369,04-06-2024,Fashion,Denim Jacket,2354.45,1.0,India,Credit Card,MOBILE APP,Delivered
ORD104452,CUST309,07-19-2024,Sports,Cycling Gloves,2181.81,1.0,India,credit card,Website,Delivered
ORD102697,CUST1176,01-23-2024,Sports,Cycling Gloves,773.75,1.0,Germany,Debit Card,Website,Delivered
ORD100001,CUST1216,02-18-2024,Books,Fiction Bestseller,311.97,1.0,USA,Debit Card,Website,Delivered 
ORD102485,CUST688,17/08/2024,Toys,Board Game,1018.91,3.0,India,COD,Mobile App,delivered
ORD103326,CUST1708,2024-09-15,Fashion,Denim Jacket,2621.92,2.0,France,COD,Website,Delivered
ORD104338,CUST1354,05-30-2024,Fashion,Denim Jacket,1542.48,5.0,UK,Debit Card,Marketplace,Delivered
ORD101719,CUST1587,2024-08-21,Sports,Resistance Bands,604.8,2.0,India,credit card,Mobile App,Delivered
ORD101492,CUST1004,08-03-2024,Home & Kitchen,LED Desk Lamp,3244.96,1.0,USA,PayPal,Marketplace,Delivered
ORD100674,CUST34,2024-04-01,Fashion,Running Shoes,1792.62,1.0,india,Debit Card,Marketplace,Returned
ORD102724,CUST1768,02-24-2024,Books,Self-Help Guide,712.08,1.0,India,PayPal,Mobile App,Delivered
ORD104216,CUST1067,2024-02-05,Fashion,Cotton T-Shirt,577.41,1.0,India,UPI,Website,Delivered
ORD104461,CUST564,03/02/2024,Electronics,USB-C Cable,3882.88,1.0,United Kingdom,Net Banking,Mobile App,Cancelled
ORD104096,CUST1385,2024-07-31,Toys,RC Car,504.51,1.0,India,UPI,Website,Delivered
ORD101370,CUST1219,2024-07-22,Beauty,Hair Dryer,721.33,1.0,India,credit card,Marketplace,Returned
ORD103386,CUST1383,2024-03-18,Fashion,Leather Wallet,1628.12,1.0,USA,Net Banking,Mobile App,Delivered
ORD101691,CUST1235,02-27-2024,Electronics,Smartwatch,3059.33,1.0,India,Credit Card,Marketplace,Delivered
ORD105415,CUST995,2024-06-02,Electronics,Phone Case,4563.09,2.0,India,UPI,Marketplace,Delivered
ORD102972,CUST1289,2024-06-24,Home & Kitchen,LED Desk Lamp,3277.73,1.0,India,UPI,website,Delivered
ORD105404,CUST1769,2024-09-23,Electronics,USB-C Cable,3573.86,1.0,India,UPI,Website,Delivered
ORD103834,CUST505,20/08/2024,Toys,Puzzle 1000pc,1606.4,1.0,UK,Credit Card,Marketplace,Delivered
ORD102926,CUST1064,2024-04-10,Beauty,Face Serum,1202.86,4.0,USA,PayPal,website,Delivered
ORD101799,,09-16-2024,Beauty,Hair Dryer,1452.2,1.0,India,Net Banking,Mobile App,Delivered 
ORD105002,CUST1712,2024-03-26,Fashion,Running Shoes,2734.05,2.0,UAE,COD,Website,Delivered
ORD102779,CUST340,09-19-2024,Fashion,Denim Jacket,1623.64,1.0,UK,PayPal,Website,Delivered
ORD102884,CUST578,2024-02-01,Books,Cookbook,461.95,1.0,UAE,Credit Card,Mobile App,Delivered
ORD100367,CUST140,05-25-2024,Books,Kids Picture Book,233.58,4.0,United Kingdom,UPI,Mobile App,Returned
ORD104852,CUST350,2024-05-07,Electronics,Power Bank,4081.77,1.0,INDIA,PayPal,Website,Delivered
ORD104667,CUST629,2024-02-29,Sports,Dumbbell Set,,3.0,India,UPI,Website,Delivered
ORD102334,CUST251,30/07/2024,Beauty,Makeup Brush Kit,530.37,2.0,USA,UPI,MOBILE APP,Delivered
ORD105433,CUST1102,2024-06-03,Beauty,Face Serum,1334.36,3.0,USA,Debit Card,Website,Delivered
ORD103816,CUST775,2024-04-07,Books,Cookbook,763.95,1.0,USA,Debit Card,Marketplace,Delivered
ORD104213,CUST523,2024-05-25,Sports,Cycling Gloves,1373.83,1.0,nan,Credit Card,Mobile App,Delivered
ORD105420,CUST924,2024-02-17,Sports,Resistance Bands,1769.95,1.0,USA,Debit Card,Website,Cancelled
ORD102410,CUST516,2024-02-20,Fashion,Cotton T-Shirt,2544.6,1.0,India,Debit Card,Website,Delivered
ORD103891,CUST629,2024-02-02,Fashion,Sunglasses,1645.83,1.0,UK,COD,Marketplace,Delivered
ORD100400,CUST1058,07-10-2024,Electronics,Smartwatch,877.96,2.0,USA,Credit Card,MOBILE APP,Delivered
ORD102400,CUST1671,2024-08-31,Beauty,Makeup Brush Kit,1179.81,1.0,UAE,Debit Card,Mobile App,Cancelled
ORD105329,CUST73,2024-03-07,Beauty,Face Serum,192.49,2.0,USA,COD,Marketplace,Delivered
ORD100077,CUST37,2024-08-11,Home & Kitchen,LED Desk Lamp,3161.34,1.0,USA,PayPal,Mobile App,Delivered
ORD104886,CUST327,12/09/2024,Electronics,Wireless Earbuds,600.8,1.0,INDIA,PayPal,Mobile App,Delivered
ORD100330,CUST1233,2024-02-25,Fashion,Cotton T-Shirt,863.95,1.0,USA,UPI,Marketplace,Delivered
ORD101539,CUST1371,2024-09-05,Home & Kitchen,Storage Containers,1529.61,2.0,India,Debit Card,Mobile App,Returned
ORD101525,CUST277,2024-07-05,Books,Self-Help Guide,130.71,1.0,Germany,UPI,Marketplace,Delivered
ORD101198,CUST1360,08-18-2024,Home & Kitchen,LED Desk Lamp,3108.97,1.0,UAE,UPI,Mobile App,Delivered
ORD103223,CUST1085,2024-04-26,Home & Kitchen,Non-stick Pan Set,3238.7,1.0,India,credit card,Mobile App,Returned
ORD104194,CUST1274,03-27-2024,Fashion,Sunglasses,1762.25,2.0,USA,Debit Card,Marketplace,Delivered
ORD101366,CUST1453,26/02/2024,Sports,Yoga Mat,1407.75,1.0,india,COD,MOBILE APP,Delivered
ORD103976,CUST606,2024-03-19,Sports,Water Bottle,1963.03,2.0,india,UPI,Mobile App,Delivered
ORD104107,CUST988,2024-02-16,Home & Kitchen,Blender,3456.8,1.0,India,Debit Card,website,Delivered
ORD100440,CUST234,02-04-2024,Sports,Yoga Mat,2460.79,1.0,Germany,Net Banking,website,Returned
ORD102473,CUST901,2024-08-01,Sports,Water Bottle,586.59,1.0,USA,Credit Card,Marketplace,Cancelled
ORD103749,CUST1496,09-18-2024,Beauty,Sunscreen SPF50,906.6,,India,UPI,Mobile App,Delivered
ORD105388,CUST677,2024-01-21,Electronics,Power Bank,2622.72,1.0,USA,Debit Card,Mobile App,Delivered
ORD101544,CUST1148,06-15-2024,Fashion,Sunglasses,2910.87,1.0,Germany,,Mobile App,Delivered
ORD102537,CUST653,2024-07-19,Sports,Dumbbell Set,286.4,5.0,india,Net Banking,Mobile App,Delivered
ORD102913,CUST153,03-08-2024,Home & Kitchen,Storage Containers,2437.32,5.0,United States,COD,Mobile App,Returned
ORD100299,CUST814,2024-04-03,Books,Kids Picture Book,768.7,2.0,USA,Credit Card,Website,Delivered
ORD104425,CUST211,2024-01-03,Fashion,Running Shoes,2333.05,1.0,India,Debit Card,MOBILE APP,Delivered
ORD102961,CUST283,18/06/2024,Home & Kitchen,Non-stick Pan Set,189216.0,1.0,India,UPI,Marketplace,Delivered 
ORD101059,CUST111,2024-06-21,Electronics,USB-C Cable,1632.59,5.0,India,UPI,Marketplace,Delivered
ORD104759,CUST1234,26/01/2024,Sports,Dumbbell Set,2183.97,1.0,France,Net Banking,Mobile App,Delivered
ORD101027,CUST324,2024-02-25,Toys,Building Blocks Set,1624.7,1.0,Germany,COD,website,Delivered
ORD104027,CUST1130,2024-06-20,Electronics,Phone Case,4563.81,1.0,France,Debit Card,Marketplace,Delivered
ORD100273,CUST384,07-05-2024,Sports,Cycling Gloves,2191.03,1.0,India,Debit Card,Website,Delivered
ORD100446,CUST558,05-31-2024,Home & Kitchen,LED Desk Lamp,456.27,2.0,UK,UPI,Mobile App,Delivered
ORD101876,CUST1338,03-29-2024,Toys,Building Blocks Set,590.19,1.0,India,Debit Card,Mobile App,Delivered
ORD104290,CUST91,29/05/2024,Fashion,Sunglasses,2126.67,1.0,india,Debit Card,Website,Delivered
ORD105970,CUST610,01-19-2024,Home & Kitchen,Storage Containers,459.39,1.0,UK,COD,Website,Delivered
ORD105424,,2024-08-31,Fashion,Running Shoes,1558.06,1.0,India,PayPal,Mobile App,Returned
ORD100839,CUST604,2024-02-20,Sports,Water Bottle,2220.24,1.0,UAE,UPI,Marketplace,Returned
ORD102893,CUST457,2024-07-14,Home & Kitchen,Non-stick Pan Set,2081.28,1.0,France,UPI,Mobile App,Delivered
ORD103098,CUST964,31/07/2024,Fashion,Sunglasses,1646.36,1.0,Germany,Debit Card,Mobile App,Delivered
ORD103629,CUST497,2024-03-28,Electronics,Bluetooth Speaker,4542.6,2.0,India,Net Banking,website,Delivered
ORD102124,CUST182,03-23-2024,Fashion,Leather Wallet,474.52,3.0,India,PayPal,Mobile App,Delivered
ORD100357,CUST1426,07/01/2024,Electronics,Phone Case,1839.37,1.0,India,Credit Card,Mobile App,Returned
ORD104634,CUST1101,2024-05-30,Home & Kitchen,Air Fryer,1152.91,3.0,USA,,Marketplace,Delivered
ORD104146,CUST1627,2024-08-17,Electronics,Wireless Earbuds,3430.28,1.0,India,,Marketplace,Delivered
ORD102845,CUST811,2024-02-24,Electronics,USB-C Cable,3969.64,1.0,France,PayPal,Website,Delivered
ORD104286,CUST526,2024-01-24,Beauty,Sunscreen SPF50,1491.07,1.0,India,Debit Card,Mobile App,Returned
ORD105464,CUST659,2024-02-19,Electronics,Power Bank,2983.74,1.0,India,UPI,Marketplace,Delivered 
ORD100877,,19/03/2024,Beauty,Makeup Brush Kit,570.05,1.0,UAE,COD,Website,delivered
ORD100265,CUST1294,05-04-2024,Beauty,Face Serum,560.06,1.0,India,Debit Card,Mobile App,Delivered
ORD100053,,2024-01-23,Home & Kitchen,Non-stick Pan Set,3368.04,1.0,india,PayPal,Website,Delivered
ORD104979,CUST25,02/09/2024,Electronics,Smartwatch,627.37,1.0,India,Credit Card,Mobile App,Delivered
ORD105989,CUST1450,07-18-2024,Beauty,Sunscreen SPF50,665.09,2.0,UK,UPI,MOBILE APP,Delivered
ORD103271,CUST719,2024-02-20,Sports,Resistance Bands,1477.03,1.0,India,Debit Card,Website,Delivered
ORD104139,CUST1720,06-06-2024,Toys,Puzzle 1000pc,1739.33,1.0,USA,Credit Card,Mobile App,Delivered
ORD103803,CUST677,2024-06-16,Sports,Water Bottle,210.43,2.0,India,Debit Card,Website,Cancelled
ORD100864,CUST524,2024-01-03,Home & Kitchen,Air Fryer,816.08,1.0,India,Debit Card,Mobile App,Delivered
ORD101383,CUST18,05-13-2024,Fashion,Running Shoes,1865.33,3.0,India,UPI,Marketplace,Delivered
ORD100582,CUST1283,2024-01-09,Sports,Cycling Gloves,1901.72,1.0,India,Debit Card,Website,Delivered
ORD101940,CUST830,2024-01-10,Toys,Board Game,296.37,2.0,India,COD,Mobile App,Delivered
ORD105896,CUST247,09-18-2024,Beauty,Makeup Brush Kit,621.44,2.0,France,credit card,Website,Delivered
ORD103588,CUST582,08-20-2024,Sports,Cycling Gloves,1577.13,3.0,UK,Debit Card,Mobile App,Delivered
ORD101841,CUST1668,19/06/2024,Fashion,Sunglasses,1472.2,1.0,United States,COD,Mobile App,Delivered
ORD101450,CUST537,06-27-2024,Fashion,Cotton T-Shirt,1366.0,1.0,USA,Credit Card,Marketplace,Delivered
ORD103577,CUST1188,2024-07-21,Books,Self-Help Guide,114.07,1.0,USA,Credit Card,Website,Delivered
ORD100340,CUST1527,2024-01-10,Sports,Water Bottle,642.6,1.0,UK,Credit Card,Website,Delivered
ORD104711,CUST585,2024-05-25,Beauty,Sunscreen SPF50,1330.18,2.0,India,Debit Card,Mobile App,Delivered 
ORD100078,,2024-06-29,Toys,Puzzle 1000pc,529.7,1.0,UK,UPI,Marketplace,Delivered
ORD100664,CUST63,2024-08-04,Electronics,Wireless Earbuds,4030.97,1.0,USA,COD,Marketplace,Delivered
ORD103664,CUST647,2024-05-25,Beauty,Makeup Brush Kit,1169.41,1.0,India,COD,Marketplace,Returned
ORD104428,CUST703,2024-01-20,Books,Self-Help Guide,644.68,,India,Net Banking,website,Delivered
ORD103365,CUST604,2024-08-18,Electronics,Wireless Earbuds,2762.47,1.0,UK,Credit Card,Mobile App,Delivered
ORD102502,CUST1529,2024-06-15,Toys,Building Blocks Set,551.36,2.0,Germany,Credit Card,Mobile App,Delivered
ORD105685,CUST212,2024-09-13,Home & Kitchen,LED Desk Lamp,2456.7,1.0,India,Credit Card,Website,delivered
ORD103103,CUST17,2024-05-07,Electronics,Power Bank,4261.69,2.0,india,Credit Card,Website,Delivered
ORD103571,CUST1469,28/06/2024,Beauty,Face Serum,604.38,1.0,France,,MOBILE APP,Delivered
ORD100722,CUST1607,2024-01-27,Electronics,USB-C Cable,3669.64,3.0,UK,Credit Card,Website,Delivered
ORD100846,CUST1433,2024-07-22,Beauty,Makeup Brush Kit,1257.79,2.0,India,UPI,Mobile App,delivered
ORD103704,CUST236,2024-05-28,Electronics,Power Bank,3306.56,2.0,Germany,Credit Card,Mobile App,Delivered
ORD104008,CUST1787,27/02/2024,Home & Kitchen,LED Desk Lamp,1618.58,2.0,United States,COD,Mobile App,Delivered
ORD102261,CUST242,2024-09-03,Sports,Yoga Mat,2265.3,1.0,India,Debit Card,Website,Delivered
ORD105001,CUST1059,06-27-2024,Sports,Dumbbell Set,902.08,1.0,USA,Credit Card,Website,Delivered
ORD104431,CUST650,2024-01-20,Electronics,Power Bank,2962.93,2.0,United States,Credit Card,Mobile App,Delivered
ORD100776,CUST1191,26/04/2024,Electronics,Wireless Earbuds,2265.03,3.0,India,UPI,Website,Returned
ORD104463,CUST629,01-16-2024,Electronics,USB-C Cable,3158.68,1.0,India,Net Banking,Marketplace,Delivered
ORD103168,CUST1304,2024-06-30,Home & Kitchen,Storage Containers,3156.71,1.0,India,UPI,Marketplace,Returned
ORD100999,CUST1773,2024-05-05,Beauty,Sunscreen SPF50,726.03,1.0,USA,Credit Card,MOBILE APP,Delivered
ORD105447,CUST1650,28/04/2024,Home & Kitchen,Blender,3362.1,1.0,UK,Credit Card,Marketplace,Cancelled
ORD100049,CUST1161,2024-09-23,Electronics,Smartwatch,798.23,1.0,Germany,Credit Card,Website,Delivered
ORD101282,CUST449,2024-06-21,Electronics,Smartwatch,4767.62,2.0,india,UPI,Website,Delivered
ORD102095,CUST398,04-19-2024,Electronics,Power Bank,3560.5,1.0,India,UPI,Marketplace,Returned
ORD104134,CUST883,03-09-2024,Beauty,Hair Dryer,860.6,1.0,India,COD,Website,Cancelled
ORD104335,CUST827,05/08/2024,Electronics,Phone Case,2664.65,2.0,United States,UPI,Mobile App,Delivered
ORD101029,CUST1625,2024-06-30,Toys,Board Game,1846.5,1.0,USA,Debit Card,Website,Delivered
ORD100543,CUST1265,2024-01-31,Beauty,Lip Balm Set,853.87,1.0,India,Net Banking,Website,Delivered
ORD100479,,08-11-2024,Beauty,Makeup Brush Kit,828.98,1.0,USA,Credit Card,Website,Delivered
ORD103667,CUST782,2024-04-01,Electronics,Phone Case,4082.96,1.0,Germany,Net Banking,Marketplace,Delivered
ORD103826,CUST577,2024-06-04,Fashion,Cotton T-Shirt,362.06,1.0,india,Debit Card,Marketplace,Delivered
ORD101270,CUST1470,10/06/2024,Home & Kitchen,Non-stick Pan Set,,2.0,USA,Debit Card,Mobile App,delivered
ORD101488,CUST39,03/09/2024,Sports,Yoga Mat,2029.22,1.0,INDIA,Debit Card,Marketplace,Cancelled
ORD105843,CUST1683,05-30-2024,Home & Kitchen,LED Desk Lamp,497.63,1.0,United States,UPI,Mobile App,Delivered
ORD104203,CUST931,09-15-2024,Electronics,Bluetooth Speaker,2421.17,3.0,USA,UPI,Website,Delivered
ORD104588,CUST618,22/05/2024,Fashion,Running Shoes,1340.85,2.0,India,Credit Card,Website,Delivered
ORD104875,CUST1123,2024-03-20,Home & Kitchen,Storage Containers,1727.57,1.0,India,Credit Card,Mobile App,Delivered
ORD100065,CUST1320,2024-04-07,Fashion,Leather Wallet,2212.33,1.0,India,PayPal,Website,Delivered
ORD102445,CUST1250,2024-07-22,Fashion,Running Shoes,290.88,2.0,India,UPI,Website,delivered
ORD104188,CUST1017,2024-03-30,Fashion,Denim Jacket,1114.42,2.0,India,UPI,Website,Delivered 
ORD103285,CUST1259,2024-07-21,Fashion,Cotton T-Shirt,1010.85,4.0,USA,Credit Card,Website,Returned
ORD100703,CUST1426,2024-05-31,Fashion,Leather Wallet,342.38,1.0,USA,Debit Card,MOBILE APP,Delivered
ORD102652,CUST1676,2024-02-07,Electronics,Smartwatch,3609.88,1.0,USA,Credit Card,website,Delivered
ORD103355,CUST713,2024-03-11,Electronics,Bluetooth Speaker,4261.4,4.0,Germany,Credit Card,Marketplace,Delivered
ORD100459,CUST188,2024-02-02,Sports,Dumbbell Set,1989.18,2.0,USA,COD,Website,Delivered
ORD101629,CUST1635,2024-09-22,Sports,Yoga Mat,2213.53,2.0,India,PayPal,Mobile App,Cancelled
ORD102109,CUST1228,2024-04-04,Electronics,Phone Case,4265.53,2.0,India,PayPal,Mobile App,Cancelled
ORD102309,CUST1427,08-14-2024,Toys,Board Game,1485.77,1.0,India,Debit Card,Mobile App,Delivered
ORD100242,CUST1732,2024-03-17,Fashion,Sunglasses,2690.67,1.0,USA,UPI,Mobile App,Delivered
ORD105358,CUST1092,24/01/2024,Electronics,Smartwatch,2874.07,1.0,USA,PayPal,Marketplace,Returned
ORD103654,CUST4,2024-07-07,Fashion,Sunglasses,806.85,3.0,India,Debit Card,Mobile App,Delivered
ORD101275,CUST231,2024-03-08,Sports,Resistance Bands,2074.75,4.0,France,Debit Card,Mobile App,Delivered
ORD105257,CUST344,02-06-2024,Home & Kitchen,Air Fryer,2844.55,1.0,UAE,Debit Card,Mobile App,Delivered
ORD104405,CUST405,07-28-2024,Home & Kitchen,LED Desk Lamp,1856.61,1.0,Germany,UPI,Marketplace,delivered
ORD103780,CUST5,21/02/2024,Home & Kitchen,Storage Containers,2551.2,1.0,Germany,Debit Card,Mobile App,Delivered
ORD105918,CUST873,2024-04-15,Fashion,Denim Jacket,512.38,,France,UPI,Mobile App,Delivered
ORD101686,CUST389,01-13-2024,Beauty,Lip Balm Set,181.72,2.0,India,UPI,Website,Delivered
ORD103554,CUST179,03/01/2024,Electronics,Smartwatch,4886.53,1.0,India,Debit Card,Mobile App,Delivered
ORD100149,CUST142,24/03/2024,Toys,Board Game,474.49,2.0,India,Debit Card,Website,Delivered 
ORD102171,CUST1768,05-06-2024,Electronics,USB-C Cable,4788.54,1.0,Germany,Debit Card,Website,Delivered
ORD102451,CUST385,2024-01-05,Electronics,Bluetooth Speaker,2963.53,1.0,United States,Debit Card,MOBILE APP,delivered
ORD100471,CUST1780,2024-06-25,Electronics,Phone Case,4492.94,1.0,UK,PayPal,Mobile App,Delivered
ORD104530,CUST1541,2024-03-02,Beauty,Face Serum,308.56,1.0,india,UPI,Website,Delivered
ORD104661,CUST1349,2024-03-19,Fashion,Leather Wallet,1017.89,3.0,France,UPI,Website,Delivered
ORD103550,CUST1739,2024-08-28,Home & Kitchen,Non-stick Pan Set,2433.94,1.0,India,UPI,Mobile App,Delivered
ORD100037,CUST457,2024-02-03,Electronics,Smartwatch,1735.29,2.0,India,Credit Card,Mobile App,Delivered
ORD104533,CUST1097,2024-04-03,Home & Kitchen,Storage Containers,2774.37,2.0,India,Credit Card,Website,delivered
ORD103890,CUST1153,24/07/2024,Sports,Water Bottle,1376.35,1.0,india,credit card,Mobile App,Returned
ORD104251,CUST490,2024-08-26,Books,Kids Picture Book,235.62,1.0,India,UPI,website,Delivered
ORD100748,CUST1569,01-05-2024,Toys,Board Game,1978.36,1.0,India,Credit Card,Website,Delivered
ORD100958,CUST425,2024-07-29,Fashion,Cotton T-Shirt,367.24,,France,Debit Card,Website,Delivered
ORD101060,,2024-04-10,Beauty,Lip Balm Set,,1.0,Germany,Debit Card,Mobile App,Cancelled
ORD102273,CUST212,05-24-2024,Toys,Building Blocks Set,1864.71,2.0,India,UPI,Mobile App,Delivered
ORD103903,CUST594,2024-09-10,Fashion,Sunglasses,1753.54,2.0,India,Credit Card,Website,Delivered
ORD103966,CUST1600,2024-02-02,Sports,Yoga Mat,1139.29,1.0,India,Net Banking,Mobile App,Returned
ORD100008,CUST541,2024-03-02,Home & Kitchen,Non-stick Pan Set,2522.31,1.0,USA,COD,Marketplace,Delivered
ORD105262,CUST1475,26/09/2024,Home & Kitchen,Air Fryer,2852.94,3.0,India,Net Banking,website,Delivered
ORD101962,CUST1458,2024-04-05,Home & Kitchen,Storage Containers,2169.39,3.0,India,Credit Card,Marketplace,Delivered
ORD102258,CUST182,2024-03-04,Home & Kitchen,Non-stick Pan Set,956.7,2.0,India,UPI,Website,Cancelled
ORD101646,CUST1492,2024-08-28,Home & Kitchen,Non-stick Pan Set,1988.27,2.0,UK,UPI,MOBILE APP,Delivered
ORD102217,CUST354,07-10-2024,Electronics,Wireless Earbuds,2642.94,1.0,India,UPI,Website,Delivered
ORD100570,CUST1220,2024-09-08,Books,Cookbook,639.69,4.0,India,Credit Card,Marketplace,Delivered
ORD102319,CUST524,02-10-2024,Home & Kitchen,Air Fryer,3054.51,2.0,UK,credit card,Website,Delivered
ORD100569,CUST1136,2024-06-18,Beauty,Lip Balm Set,,1.0,Germany,COD,Mobile App,Returned
ORD103791,CUST638,2024-04-16,Toys,Board Game,541.7,2.0,India,Credit Card,Marketplace,Delivered
ORD105864,CUST558,2024-04-21,Fashion,Leather Wallet,1247.96,1.0,India,UPI,Website,Delivered
ORD101771,CUST1404,2024-08-08,Electronics,USB-C Cable,3834.6,1.0,United States,Debit Card,Website,Delivered
ORD102979,CUST1579,08-24-2024,Sports,Yoga Mat,1310.15,4.0,USA,,Mobile App,Delivered 
ORD103116,CUST665,2024-09-05,Electronics,USB-C Cable,3519.44,1.0,USA,Net Banking,Marketplace,Delivered
ORD100054,CUST356,2024-04-01,Toys,Building Blocks Set,1863.37,1.0,India,Credit Card,Website,Delivered
ORD101305,CUST606,01-13-2024,Home & Kitchen,Blender,2590.64,3.0,India,Credit Card,Website,Delivered
ORD102250,CUST737,04/02/2024,Sports,Resistance Bands,518.79,1.0,UAE,UPI,Marketplace,Delivered
ORD100246,CUST1310,2024-06-19,Books,Kids Picture Book,362.06,1.0,India,Credit Card,Website,Delivered
ORD102399,CUST1063,2024-07-24,Fashion,Cotton T-Shirt,1804.72,1.0,USA,UPI,Website,Delivered
ORD100270,CUST1148,2024-04-15,Sports,Cycling Gloves,968.12,1.0,India,Debit Card,website,Delivered
ORD105043,CUST1395,12/02/2024,Books,Kids Picture Book,508.97,2.0,India,UPI,Marketplace,Delivered
ORD104367,CUST544,2024-05-08,Electronics,Power Bank,1301.22,2.0,India,Debit Card,Mobile App,Delivered 
ORD105616,CUST871,2024-05-13,Fashion,Running Shoes,708.01,3.0,UK,PayPal,website,Delivered
ORD104316,CUST557,12/04/2024,Sports,Dumbbell Set,,1.0,United States,Credit Card,Mobile App,Delivered
ORD100756,CUST1136,01-10-2024,Beauty,Sunscreen SPF50,1287.5,4.0,USA,UPI,Mobile App,Delivered
ORD103911,,22/03/2024,Fashion,Cotton T-Shirt,1516.72,4.0,India,UPI,Website,Delivered
ORD101013,CUST1414,2024-05-19,Sports,Cycling Gloves,504.17,2.0,UK,COD,Website,Delivered
ORD103182,CUST1514,2024-08-15,Sports,Water Bottle,1042.86,1.0,India,UPI,Mobile App,Delivered
ORD104002,CUST1557,2024-09-07,Sports,Dumbbell Set,1313.64,1.0,USA,PayPal,MOBILE APP,Delivered
ORD100995,CUST1204,2024-07-20,Fashion,Running Shoes,316.46,1.0,United Kingdom,Credit Card,Website,Delivered
ORD100850,CUST862,2024-07-04,Sports,Cycling Gloves,1144.67,2.0,India,PayPal,Website,Delivered
ORD105397,CUST1480,05-08-2024,Sports,Dumbbell Set,2231.91,2.0,INDIA,Net Banking,Mobile App,Returned
ORD100197,CUST420,2024-01-25,Sports,Cycling Gloves,1944.86,3.0,India,Debit Card,Website,Delivered
ORD102640,CUST1396,2024-07-26,Home & Kitchen,LED Desk Lamp,762.11,1.0,india,Debit Card,Mobile App,Delivered
ORD101834,,2024-09-17,Electronics,Smartwatch,4851.03,1.0,UK,PayPal,MOBILE APP,Delivered
ORD101061,CUST672,2024-02-04,Fashion,Sunglasses,2803.08,1.0,USA,COD,Website,Delivered
ORD102362,CUST308,2024-05-01,Home & Kitchen,Non-stick Pan Set,2293.7,1.0,USA,Debit Card,Marketplace,Delivered
ORD103962,CUST1259,09-28-2024,Toys,Board Game,1872.99,1.0,India,Net Banking,website,Delivered
ORD105327,CUST1663,2024-02-19,Sports,Resistance Bands,307.35,1.0,United States,Credit Card,Website,Delivered
ORD103663,CUST894,2024-02-17,Fashion,Denim Jacket,2360.27,1.0,India,Credit Card,Marketplace,Delivered 
ORD105058,CUST582,2024-01-01,Sports,Yoga Mat,2030.79,3.0,India,Debit Card,Mobile App,Returned
ORD100522,CUST339,03-17-2024,Fashion,Leather Wallet,1541.65,1.0,India,credit card,Mobile App,Delivered
ORD100708,CUST933,2024-04-20,Fashion,Denim Jacket,246.06,2.0,India,Credit Card,Website,Delivered
ORD104873,CUST1777,03-20-2024,Electronics,Phone Case,2491.9,1.0,Germany,,Website,Delivered
ORD105873,CUST1634,2024-03-10,Sports,Water Bottle,918.3,1.0,India,Debit Card,Website,Returned
ORD103785,CUST1594,2024-05-23,Books,Self-Help Guide,691.89,1.0,USA,Credit Card,Marketplace,Delivered
ORD105443,CUST1538,2024-02-25,Electronics,Power Bank,2175.87,1.0,India,UPI,Marketplace,Delivered
ORD103082,CUST1514,2024-04-11,Home & Kitchen,Blender,348.98,2.0,India,UPI,Website,Delivered
ORD105167,CUST659,2024-08-21,Sports,Cycling Gloves,1477.06,1.0,India,Credit Card,Mobile App,Delivered
ORD104032,,2024-07-08,Home & Kitchen,Non-stick Pan Set,377.8,2.0,UAE,UPI,Mobile App,Delivered
ORD104704,CUST1499,2024-09-14,Home & Kitchen,Non-stick Pan Set,2641.29,1.0,USA,UPI,Website,Delivered
ORD104275,CUST1107,01/09/2024,Sports,Water Bottle,1946.32,1.0,India,UPI,Website,Delivered
ORD102679,CUST243,2024-03-25,Home & Kitchen,Non-stick Pan Set,3273.37,3.0,India,credit card,Mobile App,Cancelled
ORD104320,CUST669,2024-05-25,Home & Kitchen,Non-stick Pan Set,916.46,1.0,UK,UPI,Mobile App,Delivered
ORD101556,CUST159,2024-05-19,Fashion,Sunglasses,1588.38,1.0,USA,COD,Mobile App,Delivered
ORD100133,CUST1020,2024-07-16,Home & Kitchen,Air Fryer,1646.99,2.0,nan,Net Banking,Marketplace,Cancelled
ORD101326,CUST573,20/02/2024,Toys,Board Game,1879.26,2.0,UK,Debit Card,Mobile App,Delivered
ORD105985,CUST1500,2024-04-21,Toys,RC Car,809.8,2.0,UK,Credit Card,Marketplace,Delivered
ORD103328,CUST382,07/06/2024,Beauty,Face Serum,1427.99,2.0,India,UPI,Website,Cancelled
ORD104049,CUST635,2024-02-07,Electronics,Bluetooth Speaker,2875.37,3.0,India,COD,Website,Returned
ORD102856,CUST1135,2024-07-02,Electronics,USB-C Cable,4182.65,1.0,UK,Debit Card,Mobile App,Delivered
ORD102428,CUST229,08-05-2024,Fashion,Denim Jacket,1507.84,1.0,India,UPI,Website,Delivered
ORD101955,CUST115,2024-06-03,Electronics,Phone Case,3691.73,1.0,India,credit card,Mobile App,Delivered
ORD104824,CUST519,08-14-2024,Electronics,Wireless Earbuds,4631.59,1.0,India,UPI,Marketplace,Returned
ORD101344,CUST1675,16/05/2024,Books,Self-Help Guide,751.43,2.0,UK,COD,website,Delivered
ORD102661,CUST558,02-24-2024,Books,Self-Help Guide,670.89,1.0,France,UPI,Mobile App,Delivered
ORD102320,CUST53,2024-03-26,Electronics,USB-C Cable,589.55,5.0,India,COD,Website,Delivered
ORD103746,CUST425,09-07-2024,Sports,Yoga Mat,2488.7,1.0,India,Debit Card,website,Delivered
ORD105836,CUST1745,2024-06-15,Home & Kitchen,Non-stick Pan Set,3006.31,1.0,Germany,Debit Card,MOBILE APP,Delivered
ORD104862,CUST1423,06-07-2024,Sports,Water Bottle,584.62,1.0,India,Credit Card,Mobile App,Delivered
ORD103496,CUST69,2024-05-06,Toys,Puzzle 1000pc,115439.00000000001,1.0,United States,Net Banking,Mobile App,Delivered
ORD104391,CUST470,2024-02-16,Toys,Puzzle 1000pc,1627.67,1.0,India,UPI,website,Delivered
ORD103674,CUST902,2024-06-04,Sports,Dumbbell Set,,2.0,Germany,Debit Card,Website,Cancelled
ORD100817,CUST993,08-14-2024,Books,Fiction Bestseller,389.55,4.0,France,Net Banking,Mobile App,Delivered
ORD101283,CUST750,2024-01-13,Books,Cookbook,729.22,2.0,India,Net Banking,Mobile App,Delivered
ORD102688,CUST878,2024-08-15,Toys,Building Blocks Set,846.24,1.0,Germany,Credit Card,Marketplace,Delivered
ORD100113,CUST1240,2024-06-11,Fashion,Cotton T-Shirt,2411.09,1.0,India,UPI,Website,Delivered 
ORD105079,CUST1009,01-02-2024,Electronics,USB-C Cable,1541.41,1.0,Germany,Credit Card,Website,Delivered
ORD102304,CUST1460,01-31-2024,Home & Kitchen,Non-stick Pan Set,790.66,2.0,India,Net Banking,Website,Delivered
ORD100578,CUST655,2024-04-01,Electronics,Wireless Earbuds,2328.73,1.0,India,COD,Mobile App,Returned
ORD102736,CUST232,09-13-2024,Electronics,Smartwatch,645.34,2.0,USA,UPI,Website,Delivered
ORD105825,CUST895,2024-07-10,Books,Fiction Bestseller,782.51,3.0,India,Credit Card,website,Delivered
ORD101167,CUST1067,2024-01-30,Fashion,Running Shoes,420.05,1.0,India,Net Banking,Website,Delivered
ORD101148,CUST1079,01-03-2024,Home & Kitchen,Storage Containers,2007.81,2.0,Germany,UPI,website,Delivered
ORD104490,CUST674,02-14-2024,Fashion,Sunglasses,1729.61,1.0,India,Net Banking,Website,Delivered
ORD105074,CUST224,2024-05-15,Electronics,Wireless Earbuds,3154.6,1.0,India,Net Banking,Marketplace,Delivered
ORD102340,CUST139,2024-04-08,Electronics,Smartwatch,1155.81,1.0,USA,UPI,Website,Delivered
ORD100323,CUST917,06-27-2024,Fashion,Denim Jacket,218.55,1.0,India,PayPal,Website,delivered
ORD101211,CUST198,04/06/2024,Toys,Puzzle 1000pc,1615.45,1.0,UAE,UPI,Website,Delivered
ORD105633,CUST1726,2024-02-07,Fashion,Running Shoes,2797.17,1.0,India,Debit Card,Mobile App,Delivered
ORD104494,CUST1688,22/07/2024,Sports,Cycling Gloves,2261.25,1.0,India,Credit Card,Mobile App,Delivered 
ORD103871,CUST1781,2024-04-19,Beauty,Lip Balm Set,794.41,1.0,United States,COD,Mobile App,Delivered
ORD104709,CUST683,2024-02-22,Sports,Water Bottle,,1.0,India,Debit Card,Mobile App,Delivered
ORD105722,CUST1684,2024-05-11,Electronics,Power Bank,3794.24,1.0,USA,PayPal,Mobile App,Returned
ORD100740,CUST32,2024-02-14,Books,Self-Help Guide,732.1,1.0,USA,UPI,Website,Delivered
ORD104712,CUST1655,2024-04-20,Fashion,Leather Wallet,2396.15,1.0,USA,Net Banking,Website,Delivered
ORD104617,CUST82,2024-06-23,Fashion,Sunglasses,714.43,1.0,INDIA,COD,Website,Delivered
ORD104089,CUST166,2024-03-22,Sports,Yoga Mat,1267.12,1.0,INDIA,Debit Card,Mobile App,Returned
ORD104279,CUST1653,09-13-2024,Fashion,Running Shoes,,1.0,United Kingdom,PayPal,Website,Delivered
ORD105658,CUST1541,2024-01-16,Electronics,Smartwatch,3890.69,2.0,India,UPI,Website,Delivered
ORD101276,CUST1652,2024-08-26,Toys,RC Car,1406.7,1.0,India,UPI,Website,Delivered
ORD103503,CUST1631,2024-06-10,Sports,Resistance Bands,1800.32,2.0,USA,UPI,Marketplace,Delivered
ORD100595,CUST940,2024-04-26,Home & Kitchen,Storage Containers,1321.47,1.0,India,Credit Card,Website,Delivered
ORD104883,CUST1237,2024-03-03,Books,Self-Help Guide,295.68,1.0,india,Debit Card,Website,Cancelled
ORD104200,CUST1294,2024-04-12,Fashion,Running Shoes,2824.87,2.0,India,credit card,Website,Returned
ORD101542,CUST910,2024-03-07,Sports,Cycling Gloves,395.73,1.0,USA,Net Banking,Marketplace,Delivered
ORD100379,CUST1370,2024-05-23,Sports,Water Bottle,330.32,2.0,India,UPI,Marketplace,Cancelled
ORD105526,CUST1166,2024-06-19,Fashion,Cotton T-Shirt,1770.4,1.0,UK,UPI,MOBILE APP,Returned
ORD105543,CUST414,2024-09-19,Beauty,Hair Dryer,253.53,2.0,Germany,COD,Marketplace,Delivered
ORD100536,CUST139,01-26-2024,Fashion,Denim Jacket,2102.23,2.0,India,Credit Card,Mobile App,Delivered
ORD101665,CUST1600,2024-09-15,Books,Self-Help Guide,312.96,1.0,INDIA,PayPal,Marketplace,Cancelled
ORD105393,CUST163,2024-03-24,Electronics,USB-C Cable,1058.32,2.0,France,PayPal,Website,Returned
ORD102104,CUST655,2024-04-02,Sports,Cycling Gloves,634.52,4.0,India,Credit Card,Marketplace,Delivered
ORD102929,CUST1182,16/01/2024,Toys,Board Game,825.86,1.0,India,PayPal,MOBILE APP,Delivered
ORD105542,,02/01/2024,Electronics,Power Bank,844.78,1.0,India,Debit Card,Website,Delivered
ORD101743,CUST62,04-25-2024,Beauty,Hair Dryer,791.66,1.0,Germany,Debit Card,Marketplace,Delivered
ORD102283,CUST708,02-17-2024,Fashion,Denim Jacket,2389.11,1.0,india,credit card,Marketplace,Cancelled
ORD104110,CUST294,07-12-2024,Beauty,Makeup Brush Kit,659.04,2.0,India,UPI,Marketplace,Cancelled
ORD103461,CUST918,27/07/2024,Electronics,Wireless Earbuds,2143.32,1.0,USA,UPI,Marketplace,Delivered
ORD102957,CUST668,06-15-2024,Electronics,Smartwatch,3077.44,2.0,USA,credit card,Marketplace,Delivered
ORD100700,CUST1368,06-16-2024,Home & Kitchen,Blender,1999.35,1.0,INDIA,Debit Card,Mobile App,Delivered
ORD100852,CUST1608,2024-01-07,Fashion,Sunglasses,450.18,1.0,UK,Debit Card,Mobile App,Delivered
ORD104040,CUST340,03-17-2024,Books,Kids Picture Book,329.15,2.0,UK,COD,Marketplace,Delivered
ORD100448,CUST51,2024-02-05,Home & Kitchen,LED Desk Lamp,2384.98,2.0,India,Credit Card,Website,Delivered
ORD105861,CUST1564,06-12-2024,Beauty,Lip Balm Set,977.36,2.0,India,UPI,Marketplace,Delivered
ORD102849,CUST847,2024-06-06,Sports,Resistance Bands,1847.01,1.0,UAE,UPI,Marketplace,Delivered
ORD105267,CUST452,01-04-2024,Sports,Dumbbell Set,361.6,1.0,UAE,Debit Card,Mobile App,Delivered
ORD100327,CUST1034,05-08-2024,Electronics,Wireless Earbuds,2764.05,2.0,India,UPI,Website,Delivered
ORD105355,CUST945,01/03/2024,Electronics,Bluetooth Speaker,2017.89,1.0,India,Credit Card,Marketplace,delivered
ORD103117,CUST1054,2024-06-23,Electronics,USB-C Cable,2124.63,1.0,United States,Credit Card,Website,Delivered
ORD100859,CUST1002,07-30-2024,Fashion,Denim Jacket,2146.79,1.0,India,Debit Card,Marketplace,Delivered
ORD103910,CUST197,2024-02-12,Fashion,Denim Jacket,2345.04,2.0,India,COD,Mobile App,Delivered
ORD100062,CUST1304,07-27-2024,Electronics,USB-C Cable,2692.44,2.0,INDIA,UPI,Marketplace,Delivered
ORD100709,CUST1370,07/01/2024,Home & Kitchen,Storage Containers,1894.94,2.0,UK,credit card,Website,Returned
ORD102903,CUST1708,08-13-2024,Home & Kitchen,Blender,2128.33,1.0,India,credit card,MOBILE APP,Delivered
ORD105805,CUST52,2024-07-18,Sports,Cycling Gloves,,1.0,UAE,Credit Card,Marketplace,Delivered
ORD102425,,18/04/2024,Electronics,Smartwatch,2255.26,1.0,India,Debit Card,Mobile App,Delivered
ORD103640,CUST1619,2024-04-18,Beauty,Sunscreen SPF50,990.14,2.0,Germany,UPI,Marketplace,Delivered
ORD100312,CUST232,07-09-2024,Sports,Dumbbell Set,927.97,2.0,France,COD,Marketplace,Delivered
ORD102890,CUST1341,2024-02-11,Beauty,Sunscreen SPF50,719.63,2.0,UK,PayPal,Marketplace,Delivered
ORD101203,,2024-02-06,Electronics,USB-C Cable,1357.14,1.0,Germany,Debit Card,Website,Delivered 
ORD100926,CUST86,05-09-2024,Fashion,Running Shoes,1941.48,3.0,UAE,COD,Marketplace,Delivered
ORD102145,CUST1231,05-29-2024,Home & Kitchen,Storage Containers,622.72,1.0,India,UPI,Mobile App,Delivered
ORD101397,CUST1317,2024-01-09,Home & Kitchen,Blender,2994.97,1.0,India,PayPal,Mobile App,Delivered
ORD100670,CUST1584,2024-03-20,Home & Kitchen,LED Desk Lamp,940.12,2.0,Germany,PayPal,Mobile App,Delivered
ORD102422,CUST776,05/09/2024,Sports,Yoga Mat,436.74,1.0,India,Credit Card,Mobile App,Returned
ORD100546,CUST1220,2024-06-23,Beauty,Hair Dryer,1310.1,1.0,India,PayPal,Website,Delivered
ORD104791,CUST1075,2024-02-17,Sports,Cycling Gloves,674.89,1.0,Germany,UPI,Marketplace,Delivered
ORD103078,CUST1764,2024-09-11,Sports,Cycling Gloves,807.8,4.0,India,,Mobile App,Delivered
ORD105010,CUST951,2024-05-25,Fashion,Sunglasses,1164.19,1.0,UAE,Net Banking,Website,Delivered
ORD102852,CUST1705,2024-08-04,Sports,Resistance Bands,2302.52,1.0,France,Credit Card,Mobile App,Delivered
ORD104176,CUST1337,08-28-2024,Sports,Water Bottle,327.92,1.0,Germany,UPI,Marketplace,Returned
ORD100056,CUST1234,2024-06-27,Fashion,Cotton T-Shirt,1465.21,1.0,India,UPI,Website,Delivered
ORD105640,CUST494,05-09-2024,Sports,Cycling Gloves,1599.0,4.0,UK,UPI,Mobile App,Cancelled
ORD100051,CUST554,05/06/2024,Electronics,Power Bank,2728.41,1.0,India,Debit Card,Website,Delivered
ORD100797,CUST665,05-22-2024,Beauty,Face Serum,1103.02,4.0,UAE,Credit Card,Website,Returned
ORD105567,CUST863,09-25-2024,Books,Fiction Bestseller,273.15,1.0,Germany,UPI,Marketplace,Delivered
ORD103169,CUST858,2024-03-11,Fashion,Cotton T-Shirt,823.09,1.0,USA,Debit Card,Mobile App,Delivered
ORD102248,CUST1069,12/06/2024,Electronics,USB-C Cable,3660.9,,India,PayPal,Website,Delivered
ORD105105,CUST1313,2024-03-20,Electronics,Bluetooth Speaker,3239.25,1.0,UK,COD,Website,Delivered
ORD103753,CUST908,2024-07-21,Fashion,Sunglasses,304.04,1.0,USA,COD,Mobile App,Delivered
ORD103783,CUST732,04-03-2024,Home & Kitchen,Blender,715.85,1.0,India,credit card,Mobile App,Delivered
ORD102161,CUST1018,2024-04-28,Fashion,Denim Jacket,2879.9,1.0,India,UPI,Mobile App,Returned
ORD105407,CUST786,2024-05-12,Sports,Water Bottle,1152.28,1.0,India,COD,Marketplace,Delivered
ORD100391,CUST754,2024-04-23,Electronics,Phone Case,4540.66,4.0,USA,Credit Card,Website,Cancelled
ORD100765,CUST1267,28/05/2024,Electronics,Phone Case,1829.2,5.0,Germany,Net Banking,Website,Delivered
ORD105684,CUST1487,04-08-2024,Sports,Dumbbell Set,1771.47,1.0,India,UPI,Website,Returned
ORD100618,CUST1672,2024-06-08,Fashion,Running Shoes,1312.64,3.0,India,PayPal,Mobile App,Delivered
ORD100363,,2024-01-14,Electronics,Phone Case,3213.6,1.0,India,Credit Card,Mobile App,Delivered
ORD102353,CUST780,2024-06-30,Sports,Water Bottle,1908.22,1.0,India,UPI,Website,Returned
ORD104365,CUST811,04-28-2024,Fashion,Sunglasses,657.88,1.0,France,Net Banking,Mobile App,Delivered
ORD102980,CUST257,02-03-2024,Electronics,USB-C Cable,1735.75,1.0,India,UPI,Website,Returned
ORD101306,CUST228,2024-08-01,Sports,Water Bottle,737.41,4.0,India,credit card,Mobile App,Delivered
ORD105910,CUST1723,2024-03-17,Toys,Board Game,1502.89,2.0,india,Credit Card,Marketplace,Delivered
ORD105998,CUST143,2024-02-06,Sports,Dumbbell Set,570.35,1.0,USA,COD,Website,Delivered
ORD105628,CUST1038,2024-02-18,Electronics,Wireless Earbuds,691.42,1.0,india,Debit Card,Website,Delivered
ORD105487,CUST513,02-09-2024,Toys,Puzzle 1000pc,1820.97,1.0,France,credit card,Mobile App,Delivered
ORD105260,CUST242,2024-04-26,Books,Cookbook,240.0,2.0,India,Credit Card,Website,Delivered
ORD101359,CUST1745,12/03/2024,Sports,Cycling Gloves,2258.57,4.0,India,Net Banking,Website,Delivered
ORD104207,CUST215,2024-01-26,Electronics,Phone Case,552.78,2.0,India,credit card,Website,Delivered
ORD104270,CUST1111,2024-03-24,Home & Kitchen,LED Desk Lamp,2672.08,,France,PayPal,Mobile App,Delivered
ORD104408,CUST1691,08-23-2024,Fashion,Cotton T-Shirt,358.05,1.0,United States,Debit Card,Website,delivered
ORD104809,CUST1646,2024-04-24,Sports,Resistance Bands,1813.04,2.0,Germany,credit card,Mobile App,Delivered
ORD100976,CUST65,07-28-2024,Toys,RC Car,1630.0,1.0,India,Credit Card,Mobile App,Delivered
ORD101797,CUST1210,01-10-2024,Sports,Yoga Mat,963.28,2.0,India,Debit Card,Marketplace,Delivered
ORD102404,CUST745,2024-06-21,Fashion,Sunglasses,1780.77,2.0,India,Credit Card,Website,Delivered
ORD105627,CUST1741,2024-05-18,Fashion,Denim Jacket,2226.96,2.0,USA,Credit Card,Marketplace,Delivered
ORD103287,CUST211,2024-01-16,Home & Kitchen,Air Fryer,2979.32,1.0,India,Credit Card,Mobile App,Delivered
ORD105705,CUST191,2024-03-26,Home & Kitchen,Non-stick Pan Set,1014.59,1.0,United Kingdom,COD,Website,Cancelled
ORD105073,CUST904,2024-03-01,Home & Kitchen,Non-stick Pan Set,1721.06,1.0,India,PayPal,Marketplace,delivered
ORD103186,CUST471,07-29-2024,Books,Self-Help Guide,668.65,1.0,UAE,Debit Card,Mobile App,Returned
ORD102551,CUST104,06-22-2024,Electronics,Smartwatch,1927.07,1.0,Germany,Debit Card,Mobile App,Delivered
ORD100735,CUST674,28/07/2024,Fashion,Leather Wallet,501.81,1.0,India,Net Banking,Mobile App,Delivered
ORD104847,CUST31,17/09/2024,Fashion,Denim Jacket,2780.91,2.0,USA,UPI,Website,Delivered
ORD105940,CUST1523,2024-08-26,Books,Kids Picture Book,311.0,2.0,UK,PayPal,Mobile App,Delivered
ORD100679,CUST290,2024-08-28,Electronics,Wireless Earbuds,1754.88,1.0,UAE,UPI,website,Cancelled
ORD103132,CUST936,24/02/2024,Beauty,Sunscreen SPF50,895.9,2.0,nan,,Mobile App,Delivered
ORD104493,CUST107,23/08/2024,Books,Fiction Bestseller,176.46,,Germany,UPI,Website,Delivered
ORD100434,CUST1356,12/04/2024,Electronics,Wireless Earbuds,1898.53,2.0,UK,UPI,MOBILE APP,Delivered
ORD102982,,04-05-2024,Beauty,Lip Balm Set,681.6,1.0,India,Credit Card,Marketplace,Delivered
ORD101082,CUST323,2024-03-06,Electronics,Bluetooth Speaker,630.82,1.0,India,COD,Website,Returned
ORD100136,CUST903,15/04/2024,Home & Kitchen,Storage Containers,2817.81,1.0,Germany,credit card,Website,Returned
ORD100882,CUST622,24/02/2024,Beauty,Lip Balm Set,153.74,1.0,India,Debit Card,Mobile App,Delivered
ORD101200,CUST1017,04-01-2024,Sports,Dumbbell Set,2127.73,3.0,Germany,UPI,Website,Delivered
ORD104080,CUST852,2024-01-02,Electronics,Wireless Earbuds,4358.68,2.0,India,Debit Card,Mobile App,Delivered
ORD103121,CUST653,2024-07-04,Home & Kitchen,Blender,1356.33,1.0,UK,COD,Website,Delivered
ORD104295,CUST924,2024-01-29,Home & Kitchen,Air Fryer,933.35,1.0,Germany,COD,Website,Delivered
ORD102748,CUST1013,2024-06-01,Beauty,Lip Balm Set,414.04,,india,credit card,Mobile App,Delivered
ORD102492,CUST1078,2024-09-20,Sports,Water Bottle,1113.28,4.0,INDIA,UPI,Website,Delivered 
ORD101974,CUST600,2024-08-14,Toys,Puzzle 1000pc,1390.91,1.0,UAE,Credit Card,website,Delivered
ORD101602,CUST1390,02-01-2024,Fashion,Denim Jacket,2998.37,1.0,India,Debit Card,Website,Returned
ORD104037,CUST1076,2024-03-19,Sports,Resistance Bands,690.72,2.0,UK,PayPal,Website,Delivered
ORD102300,CUST557,20/05/2024,Electronics,USB-C Cable,1212.64,1.0,USA,Credit Card,Website,Delivered
ORD105331,CUST1686,01-05-2024,Fashion,Leather Wallet,1798.23,2.0,India,Debit Card,Website,Delivered
ORD101065,CUST1551,2024-03-19,Fashion,Sunglasses,608.45,1.0,India,UPI,Marketplace,Delivered
ORD100909,CUST251,06/03/2024,Books,Self-Help Guide,432.79,1.0,India,Net Banking,Mobile App,Delivered
ORD101642,CUST1416,2024-05-15,Home & Kitchen,Air Fryer,2977.66,1.0,Germany,Credit Card,Website,Delivered
ORD100233,CUST1449,2024-03-04,Beauty,Face Serum,1024.66,1.0,Germany,Debit Card,Website,Delivered
ORD103943,CUST151,2024-04-25,Electronics,Smartwatch,3701.49,3.0,india,UPI,website,Cancelled
ORD103056,CUST1241,2024-02-06,Home & Kitchen,Non-stick Pan Set,3038.81,2.0,Germany,UPI,website,Delivered
ORD105726,CUST1391,2024-04-29,Fashion,Running Shoes,1270.01,1.0,UAE,COD,Mobile App,Delivered
ORD104810,CUST1205,2024-09-18,Home & Kitchen,Blender,1775.66,1.0,USA,UPI,Website,Delivered
ORD101872,CUST463,09-20-2024,Electronics,Smartwatch,4822.93,1.0,India,UPI,Marketplace,Delivered
ORD100990,,2024-02-28,Electronics,Smartwatch,1859.47,1.0,india,UPI,Website,Delivered 
ORD105525,CUST418,2024-06-11,Electronics,Phone Case,793.55,2.0,France,PayPal,Marketplace,Delivered
ORD103864,CUST384,2024-04-21,Toys,Board Game,650.64,2.0,India,Debit Card,Mobile App,Delivered
ORD103274,CUST1461,01-20-2024,Books,Cookbook,507.04,3.0,USA,,Marketplace,Delivered
ORD101994,CUST1211,2024-04-05,Books,Cookbook,470.04,1.0,India,UPI,Website,Cancelled
ORD104635,CUST651,02-04-2024,Electronics,Bluetooth Speaker,2012.21,2.0,India,UPI,Mobile App,Delivered
ORD100069,CUST688,12/04/2024,Electronics,Smartwatch,4748.2,2.0,India,UPI,Website,Delivered
ORD101780,CUST138,2024-06-16,Fashion,Running Shoes,1986.62,1.0,UK,Debit Card,Website,Cancelled
ORD100750,CUST527,2024-07-25,Fashion,Leather Wallet,1732.87,1.0,India,UPI,Marketplace,Delivered
ORD104418,CUST1699,2024-03-14,Books,Self-Help Guide,555.84,1.0,India,Credit Card,Website,Delivered
ORD103228,CUST967,2024-06-15,Beauty,Sunscreen SPF50,1049.71,4.0,France,PayPal,Marketplace,Delivered
ORD104696,CUST74,2024-05-15,Fashion,Cotton T-Shirt,549.1,1.0,United States,Net Banking,Marketplace,Returned
ORD102682,CUST872,02/03/2024,Toys,Board Game,1917.28,2.0,Germany,Credit Card,Mobile App,Delivered 
ORD103114,CUST590,05-27-2024,Fashion,Cotton T-Shirt,2904.1,1.0,UK,PayPal,Mobile App,Delivered
ORD100177,CUST198,2024-08-04,Home & Kitchen,Storage Containers,2459.45,1.0,UK,Credit Card,Website,Delivered
ORD103838,CUST1167,28/02/2024,Fashion,Sunglasses,1931.32,1.0,France,COD,website,Delivered
ORD105020,CUST189,2024-06-11,Beauty,Hair Dryer,600.71,4.0,India,credit card,MOBILE APP,Delivered
ORD101980,CUST1130,2024-05-28,Sports,Yoga Mat,1045.43,1.0,UK,Credit Card,Website,Delivered
ORD100057,CUST1073,03-03-2024,Electronics,Phone Case,2564.45,2.0,nan,UPI,Mobile App,Delivered
ORD104411,CUST1094,2024-06-09,Electronics,Phone Case,4190.02,1.0,India,Credit Card,Marketplace,Delivered
ORD102981,CUST271,09-19-2024,Electronics,USB-C Cable,1027.77,2.0,india,Net Banking,Mobile App,Delivered
ORD100467,CUST1334,09/09/2024,Electronics,Bluetooth Speaker,4105.93,1.0,India,Credit Card,Mobile App,Delivered
ORD102086,CUST993,21/03/2024,Sports,Yoga Mat,1342.15,1.0,India,Debit Card,Marketplace,Delivered
ORD102710,CUST30,2024-05-21,Fashion,Cotton T-Shirt,822.94,,India,UPI,Website,Delivered
ORD103549,CUST261,07-28-2024,Beauty,Sunscreen SPF50,809.03,1.0,India,Credit Card,website,Cancelled
ORD101031,CUST590,2024-02-22,Home & Kitchen,LED Desk Lamp,2043.97,1.0,India,,MOBILE APP,Delivered 
ORD101012,CUST1523,21/03/2024,Home & Kitchen,Air Fryer,3366.44,3.0,USA,UPI,Mobile App,Delivered
ORD100142,CUST709,2024-06-12,Books,Kids Picture Book,229.71,1.0,India,Debit Card,Mobile App,Delivered
ORD101981,CUST1032,2024-08-21,Home & Kitchen,Blender,2271.41,1.0,France,UPI,Website,Delivered
ORD100180,CUST274,05/03/2024,Sports,Water Bottle,319.06,1.0,France,Debit Card,Mobile App,Delivered
ORD102402,CUST1210,05/02/2024,Beauty,Lip Balm Set,717.49,1.0,India,PayPal,Marketplace,Delivered
ORD103346,CUST315,03-01-2024,Books,Fiction Bestseller,151.79,1.0,India,UPI,Marketplace,Delivered 
ORD104666,CUST653,2024-07-18,Electronics,Phone Case,2805.69,1.0,india,UPI,Marketplace,Delivered
ORD105857,CUST559,2024-05-30,Fashion,Cotton T-Shirt,1035.82,1.0,Germany,PayPal,Mobile App,Delivered
ORD100461,CUST1044,09-21-2024,Sports,Dumbbell Set,500.03,3.0,Germany,COD,website,Delivered
ORD101911,CUST143,2024-04-16,Beauty,Sunscreen SPF50,610.53,2.0,nan,Credit Card,Mobile App,Delivered
ORD103013,CUST1221,07-21-2024,Fashion,Denim Jacket,2042.16,1.0,India,COD,Mobile App,Delivered
ORD104976,CUST1349,2024-07-09,Toys,Building Blocks Set,742.34,1.0,India,credit card,Marketplace,Delivered
ORD101659,CUST497,04-01-2024,Sports,Dumbbell Set,1948.78,1.0,Germany,Net Banking,Website,Delivered
ORD100093,CUST1544,2024-02-10,Fashion,Running Shoes,864.12,1.0,India,COD,Mobile App,Delivered
ORD100826,CUST960,2024-08-24,Toys,Building Blocks Set,761.46,1.0,India,Net Banking,Website,Delivered
ORD102137,,2024-07-03,Books,Self-Help Guide,465.68,2.0,Germany,Net Banking,Mobile App,Delivered
ORD102272,CUST1240,2024-03-14,Home & Kitchen,Storage Containers,1456.72,1.0,USA,COD,Mobile App,Delivered
ORD101072,CUST1073,2024-07-29,Fashion,Sunglasses,694.22,1.0,India,Debit Card,MOBILE APP,Delivered
ORD103566,CUST1135,03-28-2024,Home & Kitchen,Blender,1267.06,2.0,Germany,Credit Card,Mobile App,Returned
ORD104125,CUST372,2024-05-03,Electronics,Wireless Earbuds,2613.04,1.0,India,Credit Card,MOBILE APP,Delivered
ORD101391,CUST651,2024-02-24,Books,Fiction Bestseller,634.91,1.0,nan,PayPal,Mobile App,Delivered
ORD103313,CUST323,2024-03-17,Home & Kitchen,LED Desk Lamp,1994.3,1.0,India,Net Banking,Website,Delivered
ORD103263,CUST1246,2024-09-11,Home & Kitchen,LED Desk Lamp,1348.7,1.0,USA,Credit Card,Mobile App,Delivered
ORD100041,CUST534,2024-03-18,Electronics,Wireless Earbuds,2903.91,,India,Debit Card,Website,Delivered
ORD105313,CUST1764,2024-02-26,Fashion,Sunglasses,950.9,1.0,India,Credit Card,Website,Delivered
ORD100985,CUST779,2024-04-06,Fashion,Leather Wallet,1432.01,1.0,USA,UPI,Website,Delivered
ORD103760,CUST1095,2024-03-07,Toys,Puzzle 1000pc,975.63,1.0,Germany,credit card,Marketplace,Delivered
ORD100691,CUST72,2024-08-16,Toys,RC Car,1835.12,1.0,India,Net Banking,Website,Delivered
ORD104184,CUST1042,2024-04-08,Sports,Dumbbell Set,552.8,1.0,India,COD,Marketplace,Delivered
ORD100470,CUST578,2024-03-24,Fashion,Sunglasses,2472.51,2.0,India,Debit Card,Marketplace,Delivered
ORD105076,CUST561,2024-04-07,Home & Kitchen,LED Desk Lamp,386.85,1.0,India,Debit Card,Mobile App,Delivered
ORD101765,CUST1119,2024-05-09,Fashion,Running Shoes,240.1,1.0,India,Debit Card,Mobile App,Delivered
ORD101199,CUST259,2024-09-27,Sports,Cycling Gloves,2222.97,1.0,Germany,UPI,Website,Delivered
ORD104451,CUST874,2024-05-24,Beauty,Face Serum,449.87,1.0,United Kingdom,Credit Card,Marketplace,Delivered
ORD102280,CUST908,06-24-2024,Beauty,Lip Balm Set,1031.8,1.0,India,UPI,Marketplace,Delivered
ORD100351,CUST950,2024-04-12,Beauty,Hair Dryer,1268.91,3.0,UAE,UPI,Mobile App,Cancelled
ORD102260,CUST1535,2024-04-19,Electronics,Bluetooth Speaker,1226.82,1.0,India,PayPal,Marketplace,Delivered
ORD105130,CUST497,01-17-2024,Sports,Dumbbell Set,739.94,1.0,UK,Credit Card,Website,delivered
ORD101700,CUST1738,2024-04-16,Fashion,Cotton T-Shirt,2395.49,,USA,Credit Card,Mobile App,Delivered
ORD103106,CUST234,2024-08-17,Electronics,Wireless Earbuds,1243.49,1.0,Germany,Debit Card,Website,Delivered
ORD101678,,2024-07-01,Fashion,Denim Jacket,2545.48,2.0,USA,UPI,Website,Delivered
ORD101720,CUST1087,08-02-2024,Books,Kids Picture Book,621.26,3.0,France,Debit Card,website,Delivered
ORD100366,CUST158,24/07/2024,Toys,Board Game,814.23,1.0,UK,Debit Card,Marketplace,Delivered
ORD100649,CUST1310,2024-06-19,Electronics,Bluetooth Speaker,4787.1,1.0,India,PayPal,Marketplace,Delivered
ORD105572,,2024-07-12,Home & Kitchen,Blender,3292.78,1.0,india,Credit Card,website,Returned
ORD102279,CUST1798,2024-05-09,Home & Kitchen,Air Fryer,2321.33,1.0,United States,Debit Card,website,Delivered
ORD102616,CUST827,2024-09-08,Toys,Board Game,738.66,1.0,India,PayPal,Website,Delivered
ORD102180,CUST1466,2024-06-21,Electronics,USB-C Cable,4306.86,1.0,nan,UPI,Marketplace,Delivered
ORD105017,CUST1472,07-19-2024,Sports,Dumbbell Set,1987.66,1.0,France,credit card,website,delivered
ORD104992,CUST626,02-25-2024,Toys,Board Game,564.0,1.0,India,Net Banking,Mobile App,Delivered
ORD100373,CUST396,2024-08-25,Electronics,Wireless Earbuds,2546.84,1.0,United Kingdom,COD,Marketplace,Delivered
ORD101381,CUST256,2024-01-16,Sports,Water Bottle,825.18,1.0,Germany,Credit Card,Website,Delivered
ORD101692,CUST402,01-26-2024,Books,Fiction Bestseller,149.32,1.0,India,Net Banking,Website,Delivered
ORD101941,CUST1741,2024-06-09,Fashion,Denim Jacket,827.11,1.0,UAE,PayPal,Mobile App,Delivered
ORD101600,CUST633,2024-08-10,Home & Kitchen,Air Fryer,1250.72,1.0,India,PayPal,Website,Delivered
ORD104906,CUST1015,2024-05-07,Fashion,Sunglasses,1512.63,1.0,United States,UPI,Website,Delivered
ORD104747,CUST1412,2024-04-19,Beauty,Makeup Brush Kit,1192.05,1.0,India,Debit Card,Website,Delivered
ORD101505,CUST1681,2024-07-31,Electronics,Power Bank,4005.52,1.0,France,Debit Card,Marketplace,Cancelled
ORD105794,CUST1221,2024-03-07,Beauty,Lip Balm Set,778.38,1.0,United Kingdom,UPI,Website,Returned
ORD105939,CUST424,2024-08-04,Sports,Cycling Gloves,2026.53,1.0,UAE,Credit Card,Website,Delivered
ORD105846,CUST1351,06-18-2024,Electronics,Phone Case,4826.11,1.0,India,Debit Card,Marketplace,Delivered
ORD101489,CUST1225,2024-06-05,Home & Kitchen,LED Desk Lamp,2268.53,1.0,India,Credit Card,Website,Delivered
ORD105593,CUST705,2024-04-08,Fashion,Sunglasses,1741.79,1.0,Germany,UPI,Website,Delivered
ORD101785,CUST745,07-16-2024,Electronics,Wireless Earbuds,1832.4,2.0,India,Debit Card,Website,Delivered
ORD102766,CUST739,2024-04-12,Electronics,Power Bank,4686.35,1.0,UK,Debit Card,Website,Delivered
ORD103923,CUST782,20/05/2024,Electronics,Power Bank,1291.07,1.0,India,Debit Card,Marketplace,Delivered
ORD104776,CUST1639,2024-03-15,Sports,Yoga Mat,1165.11,2.0,USA,UPI,website,Cancelled
ORD100807,CUST1211,2024-03-27,Toys,Board Game,1241.39,2.0,India,Credit Card,Website,Delivered
ORD102687,CUST943,08-19-2024,Toys,Puzzle 1000pc,1809.89,1.0,India,UPI,Marketplace,Delivered
ORD103919,CUST1540,2024-03-27,Books,Self-Help Guide,467.48,1.0,USA,PayPal,Website,Delivered
ORD103998,CUST1552,24/04/2024,Books,Kids Picture Book,407.34,2.0,Germany,UPI,Mobile App,Delivered
ORD101848,CUST173,03-10-2024,Beauty,Face Serum,1197.74,2.0,Germany,Debit Card,Mobile App,Delivered
ORD100492,CUST139,23/06/2024,Home & Kitchen,Air Fryer,244285.0,2.0,India,Debit Card,Mobile App,Cancelled
ORD105714,CUST1537,2024-06-22,Sports,Resistance Bands,231.77,1.0,India,UPI,Mobile App,Delivered
ORD103650,CUST263,07/02/2024,Toys,Puzzle 1000pc,386.44,4.0,USA,Credit Card,Website,Delivered
ORD104072,CUST264,17/06/2024,Home & Kitchen,Storage Containers,1324.97,1.0,india,PayPal,Website,Delivered
ORD102517,CUST1053,2024-09-07,Sports,Yoga Mat,1140.61,1.0,France,Credit Card,Marketplace,Delivered
ORD104691,CUST941,2024-04-28,Home & Kitchen,Air Fryer,535.72,2.0,India,Net Banking,Marketplace,Delivered
ORD103823,,26/08/2024,Beauty,Lip Balm Set,755.06,2.0,India,UPI,Website,Delivered
ORD105767,CUST1278,04/02/2024,Home & Kitchen,Non-stick Pan Set,2669.99,2.0,India,Credit Card,Mobile App,Delivered
ORD105461,CUST1340,07-23-2024,Fashion,Sunglasses,2442.8,2.0,Germany,COD,Marketplace,Delivered
ORD103693,CUST268,09-24-2024,Sports,Cycling Gloves,1103.09,1.0,India,UPI,Mobile App,Delivered
ORD101657,CUST10,01-07-2024,Electronics,Smartwatch,2110.25,1.0,nan,PayPal,Mobile App,Delivered
ORD100498,CUST880,08-15-2024,Books,Fiction Bestseller,551.03,1.0,UK,Credit Card,Marketplace,Delivered
ORD102754,CUST403,07-27-2024,Electronics,Power Bank,2148.88,3.0,USA,PayPal,website,Delivered
ORD100106,CUST993,2024-04-28,Fashion,Sunglasses,669.44,2.0,USA,Credit Card,Website,Delivered
ORD101550,CUST214,06-27-2024,Sports,Yoga Mat,637.36,1.0,USA,credit card,Website,Returned
ORD105749,CUST970,20/09/2024,Home & Kitchen,LED Desk Lamp,515.91,2.0,UAE,Debit Card,Mobile App,delivered
ORD104238,CUST966,04-17-2024,Electronics,Power Bank,2290.27,2.0,USA,UPI,Marketplace,Delivered
ORD102831,CUST121,2024-03-16,Home & Kitchen,Blender,1498.28,5.0,UAE,UPI,Website,Delivered
ORD104117,CUST278,2024-04-18,Fashion,Denim Jacket,2863.35,1.0,USA,,Marketplace,Delivered
ORD103991,CUST764,04-02-2024,Fashion,Denim Jacket,2472.84,2.0,Germany,Debit Card,Marketplace,Cancelled
ORD100771,CUST493,18/04/2024,Beauty,Hair Dryer,320.07,1.0,France,PayPal,Mobile App,Returned
ORD105712,CUST135,2024-04-25,Fashion,Running Shoes,1210.82,1.0,USA,,Website,Delivered
ORD100055,CUST420,05-28-2024,Electronics,Wireless Earbuds,1993.66,1.0,India,Net Banking,Website,Returned
ORD101030,CUST1757,2024-01-31,Books,Kids Picture Book,699.46,1.0,India,credit card,Marketplace,Delivered
ORD103921,CUST35,18/06/2024,Electronics,Bluetooth Speaker,3591.15,1.0,UK,Credit Card,Website,Delivered
ORD105736,CUST1539,02-15-2024,Fashion,Sunglasses,595.62,1.0,UK,PayPal,Website,Delivered
ORD100070,CUST364,06-09-2024,Fashion,Denim Jacket,1706.52,2.0,France,UPI,Website,Delivered
ORD105893,CUST1406,10/05/2024,Fashion,Sunglasses,2003.75,1.0,India,PayPal,Mobile App,Delivered
ORD104209,CUST434,2024-06-16,Toys,RC Car,1965.36,2.0,india,PayPal,Mobile App,Delivered
ORD103779,CUST825,14/09/2024,Electronics,Wireless Earbuds,1166.63,1.0,India,Credit Card,Mobile App,Cancelled
ORD105011,CUST757,2024-02-02,Home & Kitchen,Storage Containers,3263.84,2.0,Germany,Net Banking,Mobile App,Delivered
ORD105408,CUST765,08/08/2024,Electronics,Power Bank,,1.0,UAE,credit card,Website,Delivered
ORD105450,,2024-03-31,Sports,Cycling Gloves,1778.41,3.0,France,PayPal,Mobile App,Delivered
ORD102896,CUST1782,2024-07-12,Electronics,Phone Case,1531.35,1.0,india,Debit Card,Website,Delivered
ORD104614,CUST750,04-22-2024,Beauty,Lip Balm Set,769.92,2.0,France,Credit Card,Website,Delivered
ORD103493,CUST471,09/04/2024,Home & Kitchen,Non-stick Pan Set,1490.28,1.0,UK,Credit Card,Mobile App,Delivered
ORD105509,CUST1131,08-31-2024,Toys,RC Car,935.75,2.0,USA,Debit Card,Website,Delivered
ORD103473,CUST1538,2024-03-07,Beauty,Sunscreen SPF50,676.4,1.0,India,Debit Card,Website,Delivered
ORD101296,CUST31,2024-07-27,Fashion,Leather Wallet,626.92,1.0,Germany,Net Banking,Marketplace,Delivered
ORD100815,CUST1004,07-24-2024,Sports,Dumbbell Set,651.62,1.0,UK,Credit Card,Mobile App,delivered
ORD103937,CUST1754,15/01/2024,Fashion,Sunglasses,389.95,1.0,UAE,UPI,Mobile App,Delivered
ORD102826,CUST1632,2024-07-20,Electronics,Bluetooth Speaker,1954.27,,USA,COD,Website,Delivered
ORD104400,,2024-07-28,Fashion,Cotton T-Shirt,556.42,1.0,UAE,PayPal,Mobile App,Delivered
ORD102063,CUST538,18/07/2024,Books,Kids Picture Book,144.19,3.0,UAE,Net Banking,Mobile App,Delivered
ORD103099,CUST1144,2024-07-30,Sports,Dumbbell Set,1583.75,2.0,USA,PayPal,Marketplace,Returned
ORD103740,CUST1698,2024-08-24,Fashion,Running Shoes,2730.46,1.0,India,UPI,Marketplace,Delivered
ORD100505,CUST451,2024-05-21,Fashion,Sunglasses,1096.36,2.0,France,UPI,Marketplace,Returned
ORD101153,CUST662,01/01/2024,Electronics,Power Bank,1429.52,1.0,France,UPI,Website,Delivered
ORD100993,CUST200,2024-09-28,Sports,Dumbbell Set,1672.43,1.0,USA,Debit Card,Mobile App,Delivered
ORD103266,CUST498,2024-08-19,Electronics,Wireless Earbuds,2000.73,2.0,India,UPI,Mobile App,Delivered
ORD102213,CUST996,2024-04-01,Electronics,USB-C Cable,3704.05,1.0,india,Net Banking,Mobile App,Delivered
ORD104004,CUST684,2024-08-26,Electronics,Smartwatch,3957.88,1.0,India,UPI,Marketplace,Delivered
ORD103377,CUST1513,01-24-2024,Fashion,Sunglasses,909.13,1.0,India,Credit Card,Mobile App,Delivered
ORD104743,,2024-07-08,Electronics,Power Bank,2994.16,1.0,United States,Debit Card,Mobile App,Delivered
ORD100665,CUST1563,2024-09-16,Home & Kitchen,LED Desk Lamp,2528.75,1.0,India,UPI,Marketplace,Returned
ORD103534,CUST1438,2024-01-03,Electronics,Bluetooth Speaker,678.24,1.0,France,PayPal,Mobile App,Cancelled
ORD102676,CUST642,27/07/2024,Fashion,Sunglasses,1079.8,4.0,Germany,credit card,Website,Delivered
ORD100787,CUST95,2024-01-16,Beauty,Makeup Brush Kit,767.81,1.0,France,PayPal,Marketplace,Cancelled
ORD103824,CUST1272,09-03-2024,Electronics,Bluetooth Speaker,2799.28,2.0,India,Credit Card,Mobile App,Delivered
ORD100915,CUST254,07-30-2024,Sports,Water Bottle,656.09,1.0,UK,Credit Card,Mobile App,Delivered
ORD105230,,2024-02-16,Electronics,Power Bank,2874.5,3.0,India,UPI,Website,Returned
ORD100238,CUST360,2024-02-18,Electronics,Power Bank,1545.28,1.0,India,Debit Card,MOBILE APP,Delivered
ORD105701,CUST846,2024-05-31,Sports,Cycling Gloves,1939.3,1.0,India,UPI,Mobile App,delivered
ORD102565,CUST1367,2024-04-03,Fashion,Denim Jacket,269.06,1.0,USA,UPI,Marketplace,Delivered
ORD104232,CUST1562,2024-02-28,Sports,Resistance Bands,1795.4,1.0,India,Debit Card,Website,Cancelled
ORD104842,CUST447,2024-09-25,Books,Cookbook,679.1,1.0,France,COD,Marketplace,Delivered
ORD104829,CUST1404,03-17-2024,Sports,Cycling Gloves,1177.5,2.0,India,UPI,Website,Delivered
ORD101636,CUST448,2024-04-03,Fashion,Running Shoes,,1.0,USA,Credit Card,Mobile App,Delivered
ORD105584,,2024-04-28,Sports,Dumbbell Set,2400.52,1.0,USA,PayPal,Mobile App,Delivered
ORD104285,CUST1677,01/02/2024,Toys,Puzzle 1000pc,717.98,1.0,UK,Credit Card,Mobile App,Delivered
ORD105582,CUST916,01-18-2024,Sports,Yoga Mat,480.3,2.0,India,UPI,Website,Delivered
ORD100102,CUST1157,2024-01-21,Fashion,Sunglasses,888.0,1.0,India,Credit Card,Mobile App,Cancelled
ORD103858,CUST767,15/07/2024,Beauty,Makeup Brush Kit,289.65,1.0,india,Credit Card,Website,Delivered
ORD101500,CUST1579,2024-07-23,Electronics,Wireless Earbuds,4358.41,1.0,UK,UPI,MOBILE APP,Delivered
ORD101309,CUST1442,2024-06-19,Home & Kitchen,Air Fryer,,4.0,India,Credit Card,Mobile App,Delivered
ORD102811,CUST962,2024-08-22,Toys,Board Game,1865.18,1.0,India,COD,Mobile App,Delivered
ORD101972,CUST1550,03-10-2024,Electronics,Bluetooth Speaker,830.12,,India,Debit Card,Website,Delivered
ORD105306,CUST440,2024-02-24,Sports,Cycling Gloves,2143.22,1.0,India,,Website,Delivered
ORD105594,CUST198,2024-03-12,Fashion,Denim Jacket,1156.43,1.0,India,Net Banking,Website,Delivered
ORD105566,CUST1698,2024-01-03,Beauty,Lip Balm Set,944.3,1.0,UK,Credit Card,Marketplace,Delivered 
ORD103710,CUST836,2024-04-23,Beauty,Hair Dryer,65030.99999999999,1.0,India,Credit Card,Mobile App,Delivered
ORD103812,CUST1090,2024-07-28,Electronics,Smartwatch,2960.95,1.0,USA,Credit Card,Website,Delivered
ORD102150,CUST276,2024-06-01,Electronics,Phone Case,3106.13,1.0,UK,Credit Card,Mobile App,Delivered
ORD100307,CUST48,2024-03-28,Electronics,Bluetooth Speaker,,1.0,India,COD,Website,Delivered
ORD102891,CUST22,04-03-2024,Toys,Building Blocks Set,1759.49,1.0,India,Credit Card,Website,Cancelled
ORD105786,CUST1433,01-06-2024,Sports,Cycling Gloves,358.71,1.0,India,Credit Card,Website,Delivered
ORD102454,CUST521,02-15-2024,Home & Kitchen,LED Desk Lamp,340.87,2.0,India,UPI,Marketplace,Delivered
ORD103396,CUST97,13/02/2024,Fashion,Sunglasses,557.56,1.0,UAE,UPI,MOBILE APP,Delivered
ORD100165,CUST1093,02-11-2024,Electronics,Wireless Earbuds,2894.16,1.0,Germany,Net Banking,Website,Delivered
ORD101293,CUST80,07-20-2024,Fashion,Cotton T-Shirt,2744.93,1.0,India,Credit Card,Marketplace,Delivered
ORD104939,CUST1375,2024-06-05,Toys,Puzzle 1000pc,552.67,2.0,France,PayPal,Website,Delivered
ORD105866,CUST429,05/04/2024,Electronics,Bluetooth Speaker,3665.89,1.0,india,credit card,Website,Delivered
ORD100947,CUST712,07-24-2024,Home & Kitchen,Blender,,2.0,United States,UPI,Website,Delivered
ORD102536,CUST1284,15/09/2024,Fashion,Running Shoes,1003.4,1.0,UK,UPI,Website,Returned
ORD101632,CUST1411,04-09-2024,Fashion,Cotton T-Shirt,435.13,1.0,india,Debit Card,Website,Delivered
ORD100334,CUST92,2024-03-16,Beauty,Makeup Brush Kit,405.95,1.0,Germany,Debit Card,Mobile App,Returned
ORD103974,CUST26,2024-07-29,Fashion,Cotton T-Shirt,1834.54,1.0,USA,Debit Card,Marketplace,Delivered
ORD100015,CUST816,2024-01-22,Sports,Resistance Bands,1711.51,1.0,India,PayPal,Mobile App,Cancelled
ORD105276,CUST1637,04-09-2024,Beauty,Face Serum,,1.0,India,Net Banking,Mobile App,Delivered
ORD105549,CUST784,07-07-2024,Fashion,Denim Jacket,487.84,2.0,United Kingdom,Net Banking,Mobile App,Delivered
ORD103619,CUST340,2024-03-05,Fashion,Denim Jacket,1908.31,1.0,UAE,,Mobile App,Delivered
ORD101517,CUST880,2024-06-25,Toys,Building Blocks Set,1854.56,3.0,USA,Credit Card,Mobile App,Delivered
ORD103630,CUST1357,2024-05-21,Beauty,Sunscreen SPF50,200.09,1.0,India,UPI,Marketplace,Delivered
ORD104744,CUST695,06-09-2024,Home & Kitchen,Storage Containers,3163.08,1.0,USA,UPI,Mobile App,Delivered
ORD100924,CUST1084,2024-01-28,Beauty,Sunscreen SPF50,604.7,2.0,India,COD,Website,Delivered
ORD101775,CUST283,2024-04-23,Electronics,Smartwatch,3155.64,2.0,UAE,credit card,Website,Delivered
ORD103862,CUST86,07-29-2024,Home & Kitchen,Air Fryer,1391.99,4.0,India,COD,Website,Delivered
ORD105647,CUST1674,2024-03-04,Fashion,Cotton T-Shirt,1015.7,1.0,UK,UPI,Marketplace,Delivered
ORD101802,CUST348,2024-08-22,Home & Kitchen,Blender,3113.31,3.0,Germany,credit card,Mobile App,Returned
ORD104932,CUST1251,03-28-2024,Home & Kitchen,Non-stick Pan Set,2725.18,1.0,USA,UPI,Marketplace,Delivered
ORD105986,CUST1610,04-08-2024,Electronics,Phone Case,2843.41,1.0,UK,Credit Card,Marketplace,Delivered
ORD104907,CUST213,02-26-2024,Sports,Water Bottle,651.92,1.0,India,Credit Card,Website,Returned
ORD100677,CUST966,2024-07-07,Electronics,Wireless Earbuds,1162.36,1.0,India,Debit Card,Website,Delivered
ORD104532,CUST1193,2024-04-22,Electronics,Bluetooth Speaker,3701.03,1.0,USA,credit card,Marketplace,delivered
ORD105171,CUST1358,06-10-2024,Beauty,Lip Balm Set,995.56,1.0,nan,Net Banking,Marketplace,Delivered
ORD104748,CUST796,2024-02-29,Sports,Water Bottle,846.49,1.0,India,,Marketplace,Delivered
ORD105049,CUST789,2024-09-12,Toys,Building Blocks Set,1004.86,1.0,USA,Credit Card,Website,Delivered
ORD100957,CUST271,2024-04-07,Beauty,Hair Dryer,1169.62,1.0,UK,Debit Card,Website,Delivered
ORD105242,CUST1149,09-11-2024,Home & Kitchen,Storage Containers,1235.03,1.0,USA,Credit Card,Mobile App,Delivered
ORD100919,CUST75,07-06-2024,Fashion,Cotton T-Shirt,1913.34,2.0,United Kingdom,Debit Card,Mobile App,Delivered 
ORD100304,CUST1114,2024-04-26,Fashion,Sunglasses,1565.9,1.0,India,UPI,Website,Delivered
ORD100242,CUST1732,2024-03-17,Fashion,Sunglasses,2690.67,1.0,USA,UPI,Mobile App,Delivered
ORD102911,CUST1760,2024-07-17,Electronics,Smartwatch,3708.45,1.0,India,UPI,Website,Returned
ORD103591,CUST557,09-02-2024,Electronics,Phone Case,4832.88,4.0,Germany,Credit Card,website,Returned
ORD103637,CUST93,2024-05-16,Home & Kitchen,Storage Containers,1415.55,2.0,INDIA,COD,Website,Delivered
ORD102083,CUST1270,2024-09-07,Toys,Puzzle 1000pc,285.12,1.0,UAE,Credit Card,Marketplace,Delivered
ORD101364,CUST1053,2024-03-27,Toys,Building Blocks Set,1704.77,1.0,USA,COD,MOBILE APP,Returned
ORD103543,CUST1588,2024-02-20,Fashion,Sunglasses,2356.65,2.0,nan,COD,Website,Cancelled
ORD102371,CUST304,2024-04-29,Books,Cookbook,588.99,2.0,USA,UPI,Mobile App,delivered
ORD103270,CUST1575,2024-07-16,Home & Kitchen,Air Fryer,381.02,3.0,USA,credit card,Website,Delivered
ORD102114,CUST593,2024-05-25,Electronics,Wireless Earbuds,1137.03,1.0,India,Credit Card,Website,Delivered
ORD103546,CUST607,07-24-2024,Fashion,Denim Jacket,2676.0,1.0,India,Net Banking,Website,Delivered
ORD101557,CUST1034,2024-08-05,Home & Kitchen,Storage Containers,1570.54,1.0,India,Debit Card,Marketplace,Delivered
ORD104819,CUST100,2024-06-02,Electronics,USB-C Cable,1108.11,1.0,USA,COD,Mobile App,Delivered
ORD103105,CUST1609,04-06-2024,Electronics,Wireless Earbuds,2439.51,1.0,France,Debit Card,Website,Returned
ORD105642,CUST1584,2024-08-15,Home & Kitchen,Blender,2175.35,1.0,France,Net Banking,Marketplace,Delivered
ORD100545,CUST26,2024-07-11,Beauty,Hair Dryer,1153.57,1.0,France,Credit Card,Website,Delivered
ORD101126,CUST1399,2024-02-13,Electronics,USB-C Cable,2718.82,4.0,India,Credit Card,Website,Cancelled
ORD103597,CUST505,04-10-2024,Home & Kitchen,Non-stick Pan Set,2684.52,1.0,UK,Credit Card,Website,Delivered
ORD102552,CUST1169,2024-05-28,Fashion,Sunglasses,2342.53,5.0,UK,COD,Mobile App,Delivered
ORD105793,CUST226,2024-01-08,Beauty,Face Serum,538.94,1.0,India,Net Banking,MOBILE APP,Delivered
ORD104877,CUST128,03-29-2024,Home & Kitchen,Air Fryer,1964.07,2.0,India,COD,Mobile App,Delivered
ORD100699,CUST653,01-14-2024,Electronics,Bluetooth Speaker,669.72,3.0,India,Debit Card,Marketplace,Delivered
ORD100499,CUST680,01-02-2024,Home & Kitchen,LED Desk Lamp,3037.06,1.0,USA,Debit Card,Mobile App,Delivered
ORD102246,CUST1394,2024-02-03,Electronics,Wireless Earbuds,3360.71,1.0,India,Debit Card,Marketplace,Delivered
ORD105131,CUST1451,02-05-2024,Electronics,Bluetooth Speaker,3130.52,1.0,India,COD,Mobile App,Delivered
ORD103952,CUST1751,06/09/2024,Home & Kitchen,LED Desk Lamp,2564.4,1.0,India,COD,Mobile App,Delivered
ORD100261,CUST826,2024-07-05,Fashion,Sunglasses,395.3,1.0,India,PayPal,Website,Delivered
ORD104957,CUST846,17/08/2024,Home & Kitchen,LED Desk Lamp,518.5,4.0,India,UPI,MOBILE APP,Delivered
ORD100406,CUST1561,17/09/2024,Fashion,Running Shoes,1557.81,1.0,USA,Credit Card,MOBILE APP,Delivered
ORD101538,CUST1404,2024-06-29,Electronics,Power Bank,4323.6,2.0,India,PayPal,Marketplace,Delivered
ORD105650,CUST1725,10/08/2024,Electronics,USB-C Cable,1618.44,1.0,USA,Net Banking,Website,Delivered
ORD103432,CUST744,15/06/2024,Toys,Board Game,985.18,1.0,India,Credit Card,Website,Delivered
ORD105090,CUST1008,26/04/2024,Electronics,USB-C Cable,2623.78,1.0,Germany,COD,Mobile App,Delivered
ORD102073,CUST1142,2024-09-14,Electronics,USB-C Cable,4689.96,2.0,India,PayPal,Website,Delivered
ORD102019,,06-10-2024,Sports,Resistance Bands,757.97,1.0,India,credit card,Marketplace,Delivered
ORD102195,CUST27,23/03/2024,Toys,Puzzle 1000pc,1282.56,1.0,UAE,credit card,Website,Delivered
ORD104973,CUST893,19/09/2024,Home & Kitchen,Blender,1672.57,1.0,United Kingdom,Debit Card,Mobile App,Delivered
ORD101260,CUST1168,2024-07-07,Sports,Resistance Bands,,1.0,India,Debit Card,Mobile App,Delivered
ORD105381,CUST66,08-26-2024,Electronics,Smartwatch,2979.44,3.0,India,UPI,Website,Delivered
ORD103277,CUST1474,2024-05-15,Beauty,Makeup Brush Kit,1378.56,2.0,France,Debit Card,MOBILE APP,Delivered
ORD102496,CUST1098,09-13-2024,Electronics,Phone Case,4218.3,1.0,United Kingdom,COD,Marketplace,Delivered
ORD104424,CUST1356,2024-03-07,Books,Self-Help Guide,477.46,,UK,Net Banking,Mobile App,Delivered
ORD105890,,11/02/2024,Electronics,Wireless Earbuds,4100.13,3.0,Germany,Credit Card,Website,Delivered
ORD100860,CUST515,20/07/2024,Sports,Resistance Bands,1601.76,1.0,india,Credit Card,website,Delivered
ORD100544,CUST852,2024-08-08,Home & Kitchen,Non-stick Pan Set,1430.13,1.0,France,COD,Marketplace,Delivered
ORD101325,CUST295,2024-03-23,Home & Kitchen,Non-stick Pan Set,651.56,,India,,Website,Delivered
ORD102160,CUST476,2024-06-01,Fashion,Denim Jacket,1165.48,4.0,United States,Credit Card,Mobile App,Delivered
ORD100421,CUST1214,2024-04-21,Home & Kitchen,LED Desk Lamp,687.39,2.0,USA,UPI,Website,Delivered
ORD104536,CUST567,05-14-2024,Books,Cookbook,646.34,1.0,France,Credit Card,Marketplace,Delivered
ORD105957,CUST1431,2024-05-04,Toys,Puzzle 1000pc,342.36,1.0,Germany,Net Banking,Mobile App,Delivered
ORD102541,CUST762,2024-04-27,Fashion,Sunglasses,1354.93,1.0,UAE,credit card,Website,Delivered
ORD103931,CUST1243,01-01-2024,Fashion,Leather Wallet,1356.67,1.0,UK,credit card,MOBILE APP,Delivered
ORD104459,CUST1429,03/04/2024,Sports,Yoga Mat,893.87,4.0,France,Debit Card,MOBILE APP,Delivered
ORD104755,CUST490,2024-05-14,Electronics,Phone Case,1150.57,3.0,USA,credit card,website,Delivered
ORD103028,CUST1556,2024-07-08,Beauty,Lip Balm Set,397.85,2.0,USA,Debit Card,Website,Delivered
ORD105108,CUST1594,07-20-2024,Beauty,Lip Balm Set,615.34,1.0,india,Credit Card,Marketplace,Delivered
ORD102490,CUST1512,2024-09-25,Toys,RC Car,1009.47,1.0,India,UPI,Website,Delivered
ORD105481,CUST1429,2024-04-01,Books,Self-Help Guide,780.17,1.0,UAE,Net Banking,Marketplace,Returned
ORD105652,CUST550,2024-07-22,Electronics,Smartwatch,4667.6,1.0,india,Credit Card,Mobile App,Delivered
ORD104645,CUST624,09-24-2024,Fashion,Cotton T-Shirt,2958.82,1.0,India,UPI,Marketplace,Delivered
ORD105160,CUST1405,2024-03-22,Electronics,Power Bank,1363.11,2.0,India,Debit Card,Website,Returned
ORD104070,,2024-08-13,Sports,Water Bottle,222.23,5.0,France,UPI,Mobile App,Delivered
ORD101943,CUST525,2024-05-22,Electronics,Smartwatch,1048.36,3.0,India,Debit Card,Mobile App,Delivered
ORD103137,CUST120,05-24-2024,Electronics,Phone Case,3570.9,1.0,France,UPI,Website,Delivered
ORD105641,CUST997,08-23-2024,Electronics,Wireless Earbuds,4009.21,1.0,India,UPI,Marketplace,Returned
ORD101416,CUST546,05-16-2024,Electronics,Power Bank,2632.99,1.0,USA,UPI,Mobile App,Delivered
ORD104609,CUST1019,2024-07-23,Home & Kitchen,Non-stick Pan Set,2482.41,1.0,USA,Debit Card,Mobile App,Delivered
ORD100532,CUST233,07-01-2024,Home & Kitchen,Storage Containers,1245.41,1.0,India,Credit Card,Website,Delivered
ORD100688,CUST1409,2024-07-16,Fashion,Denim Jacket,1651.89,1.0,india,COD,Mobile App,Delivered
ORD104626,CUST1537,09-02-2024,Books,Fiction Bestseller,362.66,1.0,UAE,credit card,Mobile App,Delivered
ORD101681,CUST940,06-17-2024,Books,Self-Help Guide,311.77,1.0,UK,Credit Card,Website,Delivered
ORD105128,,2024-09-02,Sports,Water Bottle,1905.45,2.0,india,UPI,Website,Cancelled
ORD104975,CUST307,02-19-2024,Fashion,Running Shoes,833.41,1.0,India,UPI,Website,Delivered
ORD101757,,2024-06-12,Fashion,Leather Wallet,1479.57,1.0,India,Debit Card,Marketplace,Delivered
ORD104831,CUST139,05-13-2024,Home & Kitchen,Blender,2646.29,2.0,India,Net Banking,Marketplace,Delivered
ORD101877,CUST155,2024-01-27,Beauty,Sunscreen SPF50,568.49,1.0,India,Debit Card,Website,Returned
ORD105068,CUST595,15/09/2024,Books,Cookbook,205.29,1.0,USA,Debit Card,Mobile App,Cancelled
ORD100068,,2024-01-26,Books,Self-Help Guide,441.6,5.0,India,Net Banking,website,Delivered
ORD102037,CUST912,2024-04-15,Electronics,Wireless Earbuds,1084.3,2.0,India,UPI,Website,Delivered
ORD105365,CUST604,2024-01-22,Home & Kitchen,Blender,1969.18,,USA,COD,Mobile App,Delivered
ORD103912,CUST806,2024-06-16,Home & Kitchen,Air Fryer,2150.72,3.0,UK,credit card,Mobile App,Delivered 
ORD102524,CUST1267,21/08/2024,Sports,Water Bottle,204.47,1.0,United Kingdom,UPI,Website,Delivered
ORD102810,CUST1617,2024-09-02,Fashion,Denim Jacket,2567.99,1.0,USA,Credit Card,Mobile App,Delivered
ORD104512,CUST126,2024-06-29,Electronics,Wireless Earbuds,1036.26,2.0,United Kingdom,Debit Card,Mobile App,Delivered
ORD103505,CUST56,17/04/2024,Sports,Dumbbell Set,1807.86,1.0,india,Credit Card,Website,Delivered
ORD100671,CUST122,03-24-2024,Toys,RC Car,1935.1,1.0,India,Credit Card,Website,Delivered
ORD102448,CUST1592,04-14-2024,Books,Fiction Bestseller,167.16,2.0,India,Debit Card,Website,Cancelled
ORD101747,CUST899,2024-09-03,Electronics,Power Bank,4086.32,1.0,USA,credit card,Website,Delivered
ORD101188,CUST609,2024-05-06,Home & Kitchen,LED Desk Lamp,1616.28,1.0,india,Credit Card,Marketplace,Delivered
ORD100561,CUST1109,2024-09-08,Books,Self-Help Guide,648.18,1.0,Germany,UPI,Mobile App,Delivered
ORD101373,CUST691,2024-03-14,Fashion,Leather Wallet,2344.45,1.0,India,COD,Website,Delivered
ORD104474,CUST912,08-17-2024,Toys,RC Car,1625.71,2.0,Germany,PayPal,Website,Cancelled
ORD102051,CUST957,2024-04-25,Fashion,Sunglasses,1872.95,1.0,India,Credit Card,Mobile App,Delivered
ORD102462,CUST12,2024-03-10,Electronics,USB-C Cable,867.66,1.0,France,Credit Card,Mobile App,Delivered
ORD100320,CUST709,2024-06-10,Toys,RC Car,249.4,2.0,India,Credit Card,Website,Delivered
ORD105716,CUST26,05-07-2024,Electronics,Phone Case,2918.16,2.0,India,Debit Card,Marketplace,Delivered
ORD100135,CUST743,06-30-2024,Toys,Puzzle 1000pc,1013.49,2.0,India,Credit Card,Mobile App,Cancelled
ORD100411,CUST1424,2024-08-14,Electronics,Power Bank,2512.08,2.0,USA,UPI,Mobile App,Delivered
ORD105982,CUST327,2024-01-10,Fashion,Denim Jacket,609.44,1.0,United States,UPI,Website,Delivered
ORD102015,,02-13-2024,Home & Kitchen,Storage Containers,3247.07,2.0,United States,UPI,Mobile App,Returned
ORD104606,CUST1161,2024-07-18,Fashion,Denim Jacket,224.61,2.0,india,UPI,MOBILE APP,Delivered
ORD104465,CUST1752,2024-01-09,Beauty,Makeup Brush Kit,1438.58,1.0,UK,Credit Card,Marketplace,Delivered
ORD100751,CUST1740,2024-04-19,Electronics,USB-C Cable,1450.3,4.0,Germany,Net Banking,MOBILE APP,Delivered
ORD103362,CUST1142,23/09/2024,Toys,Board Game,1453.97,1.0,United States,COD,Website,Delivered
ORD103928,CUST1684,2024-02-21,Electronics,Smartwatch,3180.04,1.0,USA,Debit Card,Website,Delivered
ORD100321,CUST1707,03-10-2024,Sports,Yoga Mat,1852.05,1.0,India,credit card,Marketplace,Delivered
ORD105367,CUST1048,07-08-2024,Home & Kitchen,Storage Containers,2263.62,1.0,USA,Debit Card,Website,Cancelled
ORD104780,CUST791,08-04-2024,Home & Kitchen,Storage Containers,501.06,3.0,India,UPI,Website,Delivered
ORD103215,CUST27,01-10-2024,Home & Kitchen,Air Fryer,2932.95,1.0,United States,Debit Card,website,Cancelled
ORD100399,CUST774,04-13-2024,Fashion,Leather Wallet,1967.32,1.0,India,UPI,Mobile App,Delivered
ORD102668,CUST539,17/05/2024,Electronics,Bluetooth Speaker,1301.09,1.0,USA,COD,Mobile App,Delivered
ORD102820,CUST1128,2024-06-24,Home & Kitchen,Air Fryer,2392.28,2.0,Germany,Credit Card,Marketplace,Returned
ORD100605,CUST491,09-10-2024,Fashion,Leather Wallet,2234.89,1.0,India,UPI,Mobile App,Delivered
ORD104678,CUST1122,06-17-2024,Electronics,Power Bank,3169.81,1.0,India,UPI,website,Delivered
ORD103542,CUST205,2024-02-01,Fashion,Denim Jacket,488.82,2.0,United States,COD,Mobile App,Delivered
ORD100932,CUST1681,05-14-2024,Home & Kitchen,Blender,1867.36,1.0,India,UPI,Marketplace,Delivered
ORD102693,CUST608,2024-01-18,Electronics,Power Bank,2580.68,3.0,UK,Debit Card,Marketplace,Returned
ORD102933,CUST925,2024-03-24,Electronics,Smartwatch,3658.45,2.0,France,UPI,Mobile App,Delivered
ORD100167,,2024-05-19,Electronics,Smartwatch,4591.55,1.0,India,Net Banking,Mobile App,Delivered
ORD101396,CUST1335,21/01/2024,Fashion,Sunglasses,1342.58,2.0,UAE,UPI,Mobile App,Delivered
ORD105835,CUST579,09-16-2024,Home & Kitchen,Storage Containers,463.29,4.0,India,Debit Card,Mobile App,Delivered
ORD105411,CUST1681,01-22-2024,Home & Kitchen,Storage Containers,1404.34,1.0,India,Credit Card,MOBILE APP,Delivered
ORD100977,CUST1136,2024-03-29,Sports,Dumbbell Set,2102.76,1.0,USA,UPI,Website,Delivered
ORD105340,CUST94,29/06/2024,Home & Kitchen,Air Fryer,2821.28,1.0,France,UPI,website,Returned
ORD101433,CUST1157,2024-09-16,Toys,Building Blocks Set,622.72,5.0,India,Debit Card,Marketplace,Delivered
ORD105944,CUST43,2024-09-07,Home & Kitchen,Storage Containers,484.15,1.0,India,UPI,Marketplace,Delivered
ORD103260,CUST577,2024-02-06,Electronics,Power Bank,3765.21,1.0,USA,Debit Card,Website,Delivered
ORD104195,CUST1386,04-28-2024,Fashion,Running Shoes,1288.21,1.0,india,UPI,Website,Cancelled
ORD105592,CUST846,05-10-2024,Books,Self-Help Guide,262.72,1.0,USA,UPI,Website,Delivered
ORD104950,CUST1767,02-01-2024,Books,Cookbook,686.91,2.0,Germany,COD,Mobile App,Delivered 
ORD102036,CUST32,11/03/2024,Electronics,Bluetooth Speaker,3775.05,1.0,India,UPI,Website,Returned
ORD104857,CUST301,2024-07-20,Electronics,Power Bank,3814.07,1.0,nan,Credit Card,Mobile App,Delivered
ORD104042,,2024-07-29,Fashion,Sunglasses,2098.06,1.0,USA,UPI,Website,Delivered
ORD101210,CUST1666,2024-09-09,Books,Self-Help Guide,104.47,1.0,India,UPI,Mobile App,Delivered
ORD104162,CUST1778,06-11-2024,Fashion,Cotton T-Shirt,2300.64,1.0,nan,UPI,Marketplace,Delivered
ORD101669,CUST37,02-01-2024,Fashion,Running Shoes,1312.65,1.0,Germany,UPI,Website,Delivered
ORD102821,CUST1313,16/06/2024,Electronics,Smartwatch,4054.2,3.0,India,Credit Card,Mobile App,Cancelled
ORD102864,CUST253,03-02-2024,Electronics,Smartwatch,2241.5,5.0,UK,UPI,Website,Delivered
ORD101965,CUST1266,2024-07-16,Books,Cookbook,239.72,1.0,India,Net Banking,Marketplace,Delivered
ORD103797,CUST1477,2024-04-20,Electronics,USB-C Cable,4438.84,1.0,Germany,UPI,Website,Delivered
ORD102638,CUST623,13/04/2024,Sports,Dumbbell Set,1309.69,1.0,USA,Net Banking,Marketplace,Delivered
ORD102172,CUST627,2024-04-05,Beauty,Face Serum,980.45,2.0,United States,COD,Website,Delivered
ORD103322,CUST124,21/05/2024,Fashion,Running Shoes,1083.62,1.0,india,UPI,Website,Cancelled
ORD104318,CUST1482,2024-02-05,Fashion,Cotton T-Shirt,631.76,2.0,Germany,COD,Website,Delivered
ORD104300,CUST798,10/06/2024,Fashion,Cotton T-Shirt,1270.06,4.0,India,Credit Card,Marketplace,Delivered
ORD103187,CUST717,2024-01-03,Beauty,Lip Balm Set,417.51,1.0,India,UPI,Website,Returned
ORD103366,CUST246,05-14-2024,Electronics,USB-C Cable,4544.69,5.0,India,Net Banking,Website,Delivered
ORD104786,,2024-01-28,Electronics,Smartwatch,3769.28,3.0,United Kingdom,,Website,Delivered
ORD101931,CUST1062,22/09/2024,Sports,Cycling Gloves,2217.97,1.0,India,Credit Card,Website,Cancelled
ORD105871,CUST1563,2024-05-12,Books,Fiction Bestseller,566.62,1.0,UK,UPI,Website,Delivered
ORD105500,CUST1604,2024-08-21,Home & Kitchen,Air Fryer,2256.24,5.0,USA,Debit Card,Website,Delivered
ORD101328,CUST1397,09-28-2024,Electronics,USB-C Cable,2817.83,2.0,France,UPI,Marketplace,Delivered
ORD103371,CUST96,01-15-2024,Home & Kitchen,Air Fryer,1890.01,2.0,USA,UPI,Marketplace,Delivered
ORD104713,CUST1011,2024-06-21,Fashion,Sunglasses,2897.65,2.0,USA,PayPal,Marketplace,Delivered
ORD102401,CUST130,2024-01-26,Beauty,Hair Dryer,342.84,1.0,nan,Credit Card,Mobile App,Delivered
ORD101039,CUST66,02-07-2024,Fashion,Running Shoes,1567.2,3.0,USA,PayPal,Mobile App,Delivered
ORD100046,CUST6,04-03-2024,Fashion,Leather Wallet,276771.0,4.0,India,UPI,website,Delivered
ORD102859,CUST113,09-06-2024,Toys,Board Game,1021.41,2.0,UK,UPI,Marketplace,Delivered
ORD104647,CUST606,2024-08-30,Home & Kitchen,Air Fryer,1179.15,1.0,INDIA,Debit Card,Website,Delivered
ORD105380,CUST40,03-13-2024,Beauty,Sunscreen SPF50,857.08,2.0,UK,Debit Card,Mobile App,Returned
ORD105382,CUST646,2024-01-24,Electronics,Phone Case,598.82,1.0,USA,COD,Mobile App,Cancelled
ORD104005,CUST765,2024-02-02,Fashion,Denim Jacket,1007.36,1.0,France,PayPal,Mobile App,Delivered
ORD100271,CUST950,08/08/2024,Electronics,Power Bank,2017.9,1.0,India,Debit Card,Website,Delivered
ORD102985,CUST834,2024-09-21,Toys,Board Game,1707.33,1.0,India,Credit Card,Website,Delivered
ORD102905,CUST346,2024-05-01,Beauty,Lip Balm Set,782.19,1.0,United States,Credit Card,Mobile App,Delivered
ORD103234,CUST795,2024-03-31,Electronics,Smartwatch,4076.0,1.0,Germany,Net Banking,Mobile App,Delivered
ORD104843,CUST852,02-08-2024,Fashion,Running Shoes,1998.32,2.0,UAE,Credit Card,MOBILE APP,Delivered
ORD102740,CUST955,2024-04-21,Books,Kids Picture Book,586.23,1.0,India,Credit Card,Mobile App,Cancelled
ORD104860,CUST1169,2024-08-26,Home & Kitchen,LED Desk Lamp,1472.34,1.0,India,credit card,Mobile App,Delivered
ORD104166,CUST961,2024-01-20,Books,Cookbook,365.58,5.0,india,Credit Card,Mobile App,Delivered
ORD103475,CUST168,07-10-2024,Books,Kids Picture Book,174.48,2.0,UK,COD,Website,Delivered
ORD100623,CUST522,2024-06-22,Sports,Resistance Bands,2104.42,1.0,USA,PayPal,Mobile App,Delivered
ORD105773,CUST551,2024-09-02,Home & Kitchen,Non-stick Pan Set,2553.6,1.0,USA,Credit Card,Marketplace,Delivered 
ORD100436,,13/04/2024,Sports,Resistance Bands,654.87,5.0,india,Debit Card,Mobile App,Delivered
ORD102227,CUST556,15/04/2024,Home & Kitchen,LED Desk Lamp,1526.78,2.0,india,Credit Card,Website,Delivered
ORD105621,CUST1535,2024-06-04,Toys,Board Game,1815.77,1.0,UAE,PayPal,Website,Delivered
ORD101304,CUST1149,2024-02-27,Sports,Water Bottle,518.58,3.0,India,COD,MOBILE APP,Delivered
ORD101289,CUST535,18/05/2024,Home & Kitchen,Blender,122109.99999999999,,India,Credit Card,Marketplace,Cancelled
ORD102366,CUST582,02-19-2024,Electronics,Phone Case,555.51,1.0,USA,Credit Card,Website,Delivered
ORD102301,CUST32,2024-02-11,Beauty,Makeup Brush Kit,981.94,1.0,India,Net Banking,website,Delivered
ORD101896,CUST102,06-07-2024,Home & Kitchen,Air Fryer,2281.0,3.0,USA,Debit Card,Website,Delivered
ORD100287,CUST1239,02-23-2024,Sports,Dumbbell Set,1543.45,1.0,india,Credit Card,Website,Delivered
ORD100733,CUST1151,2024-09-21,Electronics,Smartwatch,4826.5,2.0,USA,COD,Mobile App,Delivered
ORD104009,CUST81,2024-09-10,Electronics,Phone Case,824.27,1.0,France,Net Banking,Website,Delivered
ORD104735,CUST545,2024-01-27,Beauty,Sunscreen SPF50,226.37,1.0,India,Credit Card,Marketplace,Delivered
ORD100117,CUST1255,01-07-2024,Sports,Cycling Gloves,2238.19,1.0,USA,UPI,Website,Delivered
ORD104342,CUST199,08-09-2024,Electronics,Power Bank,1937.64,1.0,India,UPI,Marketplace,Delivered
ORD104186,CUST1758,2024-04-19,Electronics,USB-C Cable,657.43,1.0,India,Credit Card,Marketplace,Delivered
ORD102221,CUST1550,08-21-2024,Home & Kitchen,Blender,,4.0,India,Debit Card,Marketplace,Delivered
ORD103369,CUST1118,09-04-2024,Electronics,USB-C Cable,2980.88,1.0,Germany,Credit Card,MOBILE APP,Cancelled
ORD103054,CUST531,2024-01-09,Electronics,Phone Case,2663.29,1.0,India,COD,Mobile App,Delivered
ORD100147,CUST931,04/06/2024,Electronics,Power Bank,3541.8,2.0,UK,Credit Card,Mobile App,delivered
ORD105218,CUST505,07-09-2024,Fashion,Denim Jacket,2044.15,1.0,India,Credit Card,Mobile App,Delivered
ORD104733,CUST479,04-16-2024,Toys,Board Game,333.82,,nan,Debit Card,Mobile App,Delivered
ORD104768,CUST926,2024-01-17,Sports,Dumbbell Set,671.95,1.0,UAE,UPI,Mobile App,Returned
ORD101641,CUST707,2024-01-14,Beauty,Lip Balm Set,744.72,2.0,USA,PayPal,Mobile App,Returned
ORD103930,CUST412,02-17-2024,Sports,Cycling Gloves,417.53,1.0,India,UPI,Marketplace,Delivered
ORD105035,CUST69,05-20-2024,Fashion,Sunglasses,1988.92,1.0,United Kingdom,Debit Card,Mobile App,Delivered 
ORD104160,CUST740,22/08/2024,Electronics,Bluetooth Speaker,3742.96,2.0,USA,PayPal,Marketplace,Delivered
ORD102514,CUST875,2024-01-27,Toys,Building Blocks Set,1299.13,1.0,India,Debit Card,Mobile App,Delivered
ORD101733,CUST737,16/04/2024,Electronics,USB-C Cable,775.52,3.0,USA,Credit Card,Mobile App,Delivered
ORD103690,CUST1628,2024-01-04,Fashion,Sunglasses,2763.26,1.0,USA,COD,Marketplace,Delivered
ORD100108,CUST1006,03-10-2024,Home & Kitchen,LED Desk Lamp,3160.41,1.0,India,Credit Card,Mobile App,Delivered
ORD104225,CUST1252,2024-02-28,Beauty,Hair Dryer,381.45,1.0,UK,COD,Marketplace,Cancelled
ORD101942,CUST1188,2024-03-28,Toys,Board Game,383.69,1.0,USA,Net Banking,Website,Delivered
ORD105943,CUST4,2024-02-22,Home & Kitchen,Blender,3106.65,3.0,Germany,COD,Mobile App,Delivered
ORD104196,CUST329,05/03/2024,Books,Kids Picture Book,427.25,2.0,UK,Credit Card,Website,Returned
ORD102430,CUST272,2024-04-28,Fashion,Leather Wallet,2012.26,4.0,USA,PayPal,Website,Delivered
ORD104148,CUST1165,05-03-2024,Fashion,Denim Jacket,699.06,1.0,nan,Credit Card,Mobile App,Delivered
ORD104058,CUST1328,2024-04-03,Beauty,Makeup Brush Kit,608.74,1.0,India,Debit Card,Mobile App,Delivered
ORD102829,CUST590,2024-07-06,Toys,Board Game,462.26,1.0,USA,credit card,Mobile App,Cancelled
ORD104519,CUST525,08-29-2024,Beauty,Sunscreen SPF50,407.13,1.0,India,Debit Card,Mobile App,Delivered
ORD102584,CUST1042,2024-02-19,Beauty,Sunscreen SPF50,842.11,1.0,France,Credit Card,MOBILE APP,Delivered
ORD102987,CUST497,2024-08-12,Electronics,Smartwatch,2629.07,1.0,India,COD,Website,Cancelled
ORD104368,CUST1413,2024-05-02,Toys,Board Game,1764.73,2.0,UK,UPI,Mobile App,Delivered
ORD102624,CUST144,2024-06-17,Electronics,Power Bank,1929.11,1.0,France,,Mobile App,Delivered
ORD105774,CUST988,2024-05-12,Electronics,Phone Case,4160.97,2.0,UK,UPI,Marketplace,Delivered
ORD103723,CUST1436,2024-01-14,Fashion,Sunglasses,2292.16,1.0,India,COD,website,Returned
ORD105505,,2024-07-17,Beauty,Lip Balm Set,485.34,1.0,Germany,credit card,Website,Delivered
ORD100087,CUST801,12/07/2024,Toys,RC Car,307.11,1.0,UAE,Credit Card,Mobile App,Returned
ORD101801,CUST1405,03-23-2024,Sports,Dumbbell Set,1886.24,1.0,India,UPI,Marketplace,Delivered
ORD104280,CUST557,2024-09-28,Sports,Cycling Gloves,474.99,3.0,UK,Credit Card,Website,Delivered
ORD102769,CUST816,2024-07-20,Electronics,Bluetooth Speaker,4471.78,2.0,USA,Debit Card,website,Delivered
ORD105177,CUST1005,2024-05-14,Beauty,Lip Balm Set,1003.82,2.0,nan,Credit Card,Website,Delivered
ORD101401,CUST570,2024-01-04,Electronics,Smartwatch,3409.96,1.0,India,credit card,Mobile App,Delivered
ORD105069,CUST488,2024-06-05,Electronics,Smartwatch,2974.03,1.0,UAE,Debit Card,Mobile App,Delivered
ORD105707,CUST1269,2024-09-23,Sports,Resistance Bands,,2.0,Germany,Debit Card,Mobile App,Delivered
ORD104064,CUST787,03/09/2024,Fashion,Denim Jacket,591.45,3.0,USA,Credit Card,Marketplace,Delivered
ORD100288,CUST622,2024-09-02,Toys,Puzzle 1000pc,249.33,1.0,United States,Credit Card,Marketplace,Cancelled
ORD101477,CUST1100,24/09/2024,Books,Self-Help Guide,583.09,5.0,India,,Marketplace,Delivered
ORD101439,CUST1186,2024-05-02,Fashion,Cotton T-Shirt,452.46,2.0,India,Debit Card,Mobile App,Delivered
ORD104011,CUST996,2024-08-22,Books,Self-Help Guide,586.43,1.0,India,COD,Website,Delivered
ORD104167,CUST1581,02/06/2024,Fashion,Sunglasses,1655.93,1.0,UK,UPI,Website,delivered
ORD104359,CUST1634,04-11-2024,Electronics,Bluetooth Speaker,1190.5,1.0,Germany,Debit Card,Marketplace,Delivered
ORD100094,CUST66,2024-01-10,Toys,Building Blocks Set,818.08,1.0,India,Credit Card,Mobile App,Delivered
ORD104559,CUST163,2024-07-28,Sports,Water Bottle,1872.56,3.0,UK,Net Banking,Marketplace,Delivered
ORD103189,CUST1680,2024-06-01,Home & Kitchen,LED Desk Lamp,3205.68,2.0,India,Credit Card,Mobile App,Delivered
ORD101992,CUST285,2024-01-25,Home & Kitchen,Non-stick Pan Set,1947.31,5.0,India,UPI,Mobile App,Delivered
ORD102818,CUST1775,2024-07-07,Beauty,Lip Balm Set,1385.55,1.0,India,UPI,Website,Delivered
ORD101907,CUST702,2024-03-01,Home & Kitchen,Air Fryer,1917.71,2.0,India,UPI,Website,Delivered
ORD105643,CUST1630,03-22-2024,Electronics,Wireless Earbuds,4068.49,1.0,India,UPI,Website,Delivered
ORD103569,CUST238,2024-04-30,Fashion,Cotton T-Shirt,1718.13,2.0,USA,Net Banking,Mobile App,Delivered
ORD101496,CUST245,2024-09-13,Sports,Water Bottle,2045.52,2.0,India,COD,Website,Delivered
ORD103564,CUST963,2024-05-21,Home & Kitchen,LED Desk Lamp,927.59,,USA,COD,Marketplace,Delivered
ORD105293,CUST420,24/02/2024,Fashion,Cotton T-Shirt,713.94,1.0,UK,Net Banking,Website,Delivered
ORD104646,CUST1679,03-03-2024,Fashion,Sunglasses,558.51,2.0,UAE,Debit Card,Mobile App,Returned
ORD102162,CUST996,2024-04-23,Electronics,Power Bank,2030.07,4.0,USA,Net Banking,Mobile App,delivered
ORD104968,CUST1154,07-31-2024,Sports,Cycling Gloves,1894.47,1.0,India,Credit Card,MOBILE APP,Delivered
ORD102115,CUST954,10/05/2024,Electronics,Wireless Earbuds,4186.8,1.0,India,UPI,Marketplace,Delivered
ORD101041,CUST1308,2024-03-31,Books,Cookbook,689.37,2.0,UK,Credit Card,Mobile App,Delivered
ORD105504,CUST682,2024-04-28,Electronics,Smartwatch,4287.3,3.0,France,Net Banking,Website,Delivered
ORD102459,,2024-06-30,Sports,Water Bottle,392.82,1.0,USA,Debit Card,Website,delivered
ORD103246,CUST1769,2024-04-03,Electronics,Wireless Earbuds,4534.52,4.0,India,credit card,Website,Delivered
ORD103578,CUST1405,05-18-2024,Beauty,Face Serum,327.06,2.0,USA,UPI,Website,Delivered
ORD101842,,2024-05-07,Electronics,USB-C Cable,4469.31,1.0,United Kingdom,Debit Card,Mobile App,Delivered
ORD103606,CUST1675,08-31-2024,Electronics,Bluetooth Speaker,2329.37,2.0,UK,Debit Card,Marketplace,Delivered
ORD102388,CUST1212,25/02/2024,Toys,Board Game,1269.39,4.0,India,Credit Card,Website,Delivered
ORD102834,CUST940,03-29-2024,Sports,Dumbbell Set,2043.29,3.0,USA,Debit Card,Website,Delivered
ORD101406,CUST554,07-30-2024,Fashion,Sunglasses,1754.31,3.0,UK,Debit Card,Mobile App,Delivered
ORD104366,CUST1089,2024-03-29,Electronics,Phone Case,4250.34,1.0,India,COD,Mobile App,Delivered
ORD105604,CUST1749,10/03/2024,Home & Kitchen,Storage Containers,2566.09,,USA,Credit Card,Mobile App,Delivered
ORD102237,CUST1098,2024-01-14,Beauty,Sunscreen SPF50,818.24,1.0,india,UPI,Mobile App,Cancelled
ORD100173,CUST322,08-02-2024,Electronics,Power Bank,3499.84,2.0,France,Debit Card,website,Delivered
ORD100516,CUST1765,2024-09-15,Books,Fiction Bestseller,231.64,1.0,UK,UPI,Mobile App,Cancelled
ORD103301,CUST1292,07/08/2024,Fashion,Sunglasses,916.22,1.0,India,COD,Website,Delivered
ORD105008,CUST1535,26/06/2024,Fashion,Denim Jacket,346.47,1.0,UAE,COD,Mobile App,Delivered
ORD104612,CUST1010,07-15-2024,Home & Kitchen,Storage Containers,2774.48,4.0,UK,UPI,Marketplace,Delivered
ORD100227,CUST195,2024-04-19,Books,Self-Help Guide,256.53,2.0,India,UPI,Website,Delivered
ORD102588,CUST1389,06-29-2024,Fashion,Denim Jacket,2497.5,1.0,nan,COD,Website,Cancelled
ORD105427,CUST194,2024-07-07,Electronics,Smartwatch,4992.23,5.0,USA,UPI,Website,Returned
ORD102643,CUST741,04-05-2024,Electronics,Bluetooth Speaker,2549.95,1.0,India,credit card,Website,Delivered
ORD103894,CUST1760,2024-04-21,Fashion,Leather Wallet,2575.7,1.0,india,Debit Card,Mobile App,Delivered
ORD101612,CUST445,2024-03-22,Sports,Cycling Gloves,1136.5,1.0,INDIA,UPI,Marketplace,Delivered
ORD104816,CUST997,07-10-2024,Electronics,Power Bank,1557.79,2.0,nan,Debit Card,Website,Delivered
ORD100319,CUST306,2024-05-11,Beauty,Face Serum,334.44,1.0,USA,Debit Card,Mobile App,delivered
ORD104010,CUST487,2024-05-07,Toys,Board Game,1644.47,2.0,USA,Credit Card,MOBILE APP,Delivered
ORD100203,CUST1015,2024-01-12,Toys,RC Car,682.14,1.0,India,Debit Card,Mobile App,Delivered
ORD105479,CUST1464,2024-09-18,Home & Kitchen,Blender,1087.6,1.0,India,PayPal,Mobile App,Returned
ORD101197,CUST1173,2024-03-15,Beauty,Lip Balm Set,439.0,4.0,India,Debit Card,Marketplace,Cancelled
ORD104779,CUST1344,2024-02-04,Toys,Building Blocks Set,1389.7,1.0,Germany,UPI,Website,Delivered
ORD100114,CUST833,2024-05-20,Beauty,Makeup Brush Kit,577.67,2.0,India,Credit Card,Website,Delivered
ORD105416,CUST579,2024-07-25,Sports,Resistance Bands,1643.2,1.0,India,credit card,Website,Delivered
ORD105587,CUST1196,17/08/2024,Home & Kitchen,Storage Containers,2889.05,1.0,USA,Credit Card,Marketplace,Delivered
ORD103713,CUST1293,08-05-2024,Home & Kitchen,Blender,2025.89,1.0,United States,COD,Marketplace,Delivered
ORD104650,CUST1712,2024-08-03,Electronics,USB-C Cable,3387.28,5.0,India,Credit Card,Website,Delivered
ORD100742,CUST480,03/09/2024,Electronics,Bluetooth Speaker,3095.09,1.0,India,Debit Card,Website,Cancelled
ORD105089,CUST193,01-04-2024,Toys,Puzzle 1000pc,692.69,2.0,India,Debit Card,Mobile App,Delivered
ORD100966,CUST420,2024-06-27,Sports,Resistance Bands,680.69,1.0,india,Credit Card,Mobile App,Delivered
ORD101899,CUST1582,2024-04-26,Books,Self-Help Guide,556.9,1.0,india,UPI,website,Delivered
ORD104677,CUST820,2024-04-03,Toys,RC Car,1729.62,1.0,USA,Credit Card,Marketplace,Delivered
ORD105493,CUST1475,25/03/2024,Fashion,Leather Wallet,1229.0,2.0,France,COD,MOBILE APP,Delivered
ORD105530,CUST1303,2024-09-25,Electronics,Power Bank,963.77,1.0,UAE,Debit Card,Website,Delivered
ORD100829,CUST484,2024-05-08,Electronics,Wireless Earbuds,1099.28,1.0,India,Credit Card,MOBILE APP,Delivered
ORD101358,CUST528,2024-06-09,Toys,RC Car,355.43,5.0,Germany,Debit Card,Website,Cancelled
ORD103403,CUST853,07-23-2024,Fashion,Cotton T-Shirt,2108.94,2.0,UAE,credit card,Website,Delivered
ORD101106,CUST358,19/06/2024,Home & Kitchen,Air Fryer,405.55,2.0,India,UPI,Website,Delivered
ORD104699,CUST1179,31/07/2024,Home & Kitchen,Storage Containers,1859.42,3.0,France,PayPal,Mobile App,Cancelled
ORD103425,CUST1168,2024-06-14,Sports,Water Bottle,1547.72,1.0,UAE,Debit Card,Website,Delivered
ORD104656,CUST1696,2024-05-11,Beauty,Sunscreen SPF50,248.4,2.0,USA,UPI,Mobile App,Delivered
ORD104752,CUST992,04-24-2024,Fashion,Running Shoes,1087.15,1.0,USA,UPI,Website,Delivered
ORD103468,CUST552,04-30-2024,Fashion,Leather Wallet,634.22,2.0,India,Net Banking,Website,Delivered
ORD104143,CUST40,2024-01-27,Beauty,Sunscreen SPF50,1329.07,1.0,United States,Credit Card,Website,Delivered
ORD103464,CUST372,05-26-2024,Home & Kitchen,Air Fryer,612.47,2.0,Germany,Credit Card,Website,Delivered
ORD101426,CUST1515,2024-06-03,Fashion,Sunglasses,657.17,1.0,India,Net Banking,Marketplace,Delivered
ORD101844,CUST1466,2024-01-31,Home & Kitchen,Storage Containers,2059.85,1.0,India,credit card,Mobile App,Delivered
ORD105094,CUST1337,14/08/2024,Sports,Dumbbell Set,1163.34,2.0,India,COD,Mobile App,Cancelled
ORD102148,CUST704,13/05/2024,Books,Self-Help Guide,365.57,1.0,France,Net Banking,Marketplace,Delivered
ORD103020,CUST1292,2024-01-31,Beauty,Makeup Brush Kit,715.89,1.0,India,credit card,Marketplace,Delivered
ORD103899,CUST1471,2024-08-12,Electronics,Bluetooth Speaker,665.6,1.0,India,Credit Card,Website,Delivered
ORD103716,CUST1569,06-07-2024,Toys,Building Blocks Set,1092.02,1.0,USA,credit card,Mobile App,Delivered
ORD101558,CUST106,07-28-2024,Toys,Board Game,357.64,1.0,India,Credit Card,Website,Delivered
ORD104823,CUST1384,2024-06-22,Electronics,USB-C Cable,2426.26,2.0,Germany,Net Banking,Website,Delivered
ORD105284,CUST391,2024-02-17,Books,Fiction Bestseller,193.59,1.0,USA,Net Banking,Mobile App,Cancelled
ORD103944,CUST548,2024-05-13,Electronics,Smartwatch,1554.53,1.0,India,Credit Card,Mobile App,Delivered
ORD104765,CUST1471,2024-03-29,Fashion,Cotton T-Shirt,1472.0,2.0,UK,PayPal,Website,Delivered
ORD105803,CUST573,03-01-2024,Fashion,Denim Jacket,435.57,1.0,France,UPI,Website,Delivered
ORD104500,CUST978,2024-01-14,Electronics,Power Bank,2963.14,1.0,UAE,Credit Card,Website,Cancelled
ORD100698,CUST1132,2024-03-18,Electronics,Wireless Earbuds,1357.64,1.0,india,COD,MOBILE APP,Delivered
ORD104244,CUST729,02/02/2024,Fashion,Running Shoes,1394.38,3.0,India,Debit Card,MOBILE APP,Delivered
ORD101461,CUST208,2024-06-04,Fashion,Sunglasses,2771.54,2.0,nan,UPI,Website,Delivered
ORD103280,CUST1023,2024-04-05,Beauty,Sunscreen SPF50,,1.0,India,UPI,Marketplace,Delivered
ORD102770,CUST750,2024-04-25,Electronics,Phone Case,1275.7,2.0,India,PayPal,Mobile App,Delivered
ORD105295,CUST220,15/01/2024,Beauty,Hair Dryer,619.8,1.0,india,UPI,Website,Delivered
ORD100603,CUST898,2024-03-18,Toys,Puzzle 1000pc,284.9,1.0,USA,UPI,Mobile App,delivered
ORD101088,CUST892,05/07/2024,Home & Kitchen,Non-stick Pan Set,1346.28,1.0,India,UPI,Mobile App,Delivered
ORD104348,CUST316,2024-01-05,Fashion,Running Shoes,1301.27,1.0,USA,Credit Card,Website,Delivered
ORD102711,CUST670,01-01-2024,Electronics,Power Bank,1847.7,2.0,india,Credit Card,Mobile App,Delivered
ORD102918,CUST1443,02-04-2024,Home & Kitchen,Blender,1534.63,1.0,UAE,Debit Card,Marketplace,Delivered
ORD103632,CUST336,2024-06-20,Home & Kitchen,LED Desk Lamp,1907.2,1.0,India,UPI,Website,Cancelled
ORD105122,CUST645,02-25-2024,Home & Kitchen,Blender,819.47,1.0,UK,Credit Card,Website,Returned
ORD104398,CUST1531,2024-01-27,Electronics,USB-C Cable,605.33,1.0,USA,UPI,Website,Delivered
ORD105568,CUST1248,2024-01-08,Electronics,Phone Case,3068.93,1.0,UK,PayPal,Mobile App,Cancelled
ORD103253,CUST174,2024-03-23,Electronics,Wireless Earbuds,2729.34,1.0,Germany,Credit Card,Mobile App,Delivered
ORD103748,CUST1434,08-29-2024,Sports,Water Bottle,2465.88,1.0,Germany,UPI,website,Delivered
ORD104133,CUST1085,06-17-2024,Electronics,Power Bank,4987.29,3.0,India,UPI,Marketplace,Delivered
ORD102048,CUST1221,07-18-2024,Beauty,Sunscreen SPF50,1104.52,,India,UPI,Website,Delivered
ORD102018,CUST616,06-28-2024,Fashion,Denim Jacket,2561.79,1.0,Germany,PayPal,website,Returned
ORD101674,CUST1013,2024-04-28,Home & Kitchen,Blender,3405.95,2.0,India,,Marketplace,Delivered
ORD104864,CUST1794,02-21-2024,Electronics,Smartwatch,2526.32,1.0,India,,Website,Cancelled
ORD104909,CUST1685,03-31-2024,Toys,Puzzle 1000pc,1204.24,2.0,India,UPI,Website,Delivered
ORD100798,CUST525,04-17-2024,Fashion,Leather Wallet,2171.34,1.0,France,UPI,Mobile App,Delivered
ORD105545,CUST1452,2024-06-05,Books,Kids Picture Book,495.49,1.0,USA,COD,website,Delivered
ORD105659,CUST415,02/03/2024,Home & Kitchen,LED Desk Lamp,423.97,1.0,UK,Credit Card,Website,Cancelled
ORD100685,CUST807,08-26-2024,Beauty,Lip Balm Set,276.18,1.0,USA,COD,Mobile App,Delivered
ORD105156,CUST794,2024-01-16,Toys,RC Car,687.48,2.0,India,Debit Card,Website,Cancelled
ORD105842,CUST844,03-14-2024,Sports,Cycling Gloves,1379.65,2.0,USA,Credit Card,Mobile App,Cancelled
ORD105876,CUST611,01-11-2024,Beauty,Sunscreen SPF50,469.38,1.0,France,UPI,Website,Cancelled
ORD103731,CUST1649,08-13-2024,Toys,Building Blocks Set,636.56,4.0,India,Debit Card,Website,Delivered
ORD100647,CUST1239,2024-05-25,Fashion,Running Shoes,1515.7,1.0,India,PayPal,Website,Delivered
ORD105905,CUST1540,03-10-2024,Fashion,Sunglasses,753.32,1.0,USA,Credit Card,Mobile App,Delivered
ORD104538,CUST606,08-16-2024,Beauty,Sunscreen SPF50,418.73,1.0,United States,Debit Card,Mobile App,Returned
ORD104561,CUST1148,2024-06-22,Fashion,Sunglasses,,1.0,India,PayPal,MOBILE APP,Delivered
ORD104224,,2024-01-18,Electronics,Wireless Earbuds,4319.56,2.0,India,PayPal,Marketplace,Delivered
ORD102799,CUST214,2024-01-18,Fashion,Running Shoes,1751.43,1.0,Germany,UPI,MOBILE APP,Returned
ORD101237,CUST1477,2024-08-24,Fashion,Sunglasses,1043.49,3.0,United States,UPI,Website,Delivered
ORD102062,CUST255,2024-03-13,Home & Kitchen,LED Desk Lamp,1211.19,2.0,France,Credit Card,Marketplace,Delivered
ORD104737,CUST1484,2024-07-06,Fashion,Denim Jacket,922.45,1.0,UK,PayPal,Marketplace,Delivered
ORD104025,CUST527,03-19-2024,Sports,Water Bottle,1546.46,1.0,India,UPI,Mobile App,Returned
ORD104715,CUST255,2024-06-20,Sports,Dumbbell Set,1910.91,3.0,india,COD,Website,Delivered
ORD103900,CUST1226,2024-04-06,Fashion,Leather Wallet,511.94,1.0,USA,Net Banking,Mobile App,Cancelled
ORD103064,CUST200,2024-03-29,Electronics,Wireless Earbuds,,1.0,India,Net Banking,MOBILE APP,Delivered
ORD104578,CUST939,2024-02-02,Beauty,Hair Dryer,,1.0,India,UPI,Mobile App,Returned
ORD104165,CUST121,2024-04-09,Books,Self-Help Guide,300.99,1.0,India,COD,Mobile App,Delivered
ORD105983,CUST749,23/07/2024,Toys,Puzzle 1000pc,830.56,1.0,India,COD,Marketplace,Delivered 
ORD104719,CUST820,2024-05-19,Sports,Dumbbell Set,1403.22,1.0,India,Credit Card,Website,Delivered
ORD102475,CUST233,2024-07-07,Electronics,Bluetooth Speaker,4610.24,1.0,France,Net Banking,Mobile App,Delivered
ORD102556,CUST1616,2024-03-21,Electronics,Bluetooth Speaker,2670.57,1.0,India,Credit Card,Website,Returned
ORD103487,CUST960,2024-06-30,Toys,Puzzle 1000pc,1658.13,2.0,France,COD,Mobile App,Cancelled
ORD104181,CUST1618,2024-01-25,Fashion,Cotton T-Shirt,659.74,1.0,Germany,Debit Card,Mobile App,Delivered
ORD104571,CUST808,08-14-2024,Toys,Board Game,838.79,1.0,Germany,COD,Mobile App,Delivered
ORD101921,CUST1249,04-07-2024,Fashion,Leather Wallet,2663.96,1.0,India,UPI,Marketplace,Delivered
ORD104557,CUST266,2024-04-25,Beauty,Sunscreen SPF50,1273.02,1.0,India,Debit Card,MOBILE APP,Delivered
ORD100681,CUST1402,2024-07-01,Fashion,Running Shoes,2760.31,2.0,USA,credit card,Website,Delivered
ORD101102,CUST107,2024-02-10,Beauty,Lip Balm Set,1096.05,1.0,USA,UPI,Website,Delivered
ORD100761,CUST988,2024-02-15,Electronics,Power Bank,,1.0,Germany,UPI,Marketplace,Cancelled
ORD103948,CUST83,01-31-2024,Fashion,Cotton T-Shirt,2285.45,1.0,UAE,COD,Marketplace,Delivered
ORD100575,CUST347,2024-03-01,Sports,Cycling Gloves,240.49,1.0,India,UPI,website,Delivered
ORD102233,CUST1729,2024-03-02,Fashion,Sunglasses,550.04,1.0,USA,Debit Card,Mobile App,Delivered
ORD100289,CUST381,2024-01-04,Electronics,Smartwatch,2020.38,1.0,UK,Credit Card,Website,Delivered
ORD101986,CUST772,02-25-2024,Fashion,Running Shoes,2753.66,1.0,USA,Credit Card,Mobile App,Delivered
ORD103450,CUST247,2024-07-22,Electronics,Phone Case,2717.98,,India,Debit Card,Mobile App,Delivered
ORD102393,CUST1116,03-24-2024,Fashion,Sunglasses,1422.71,2.0,India,Net Banking,Marketplace,Delivered
ORD104066,CUST1761,2024-07-11,Toys,RC Car,1497.83,1.0,india,UPI,Website,Delivered
ORD101245,CUST1263,12/01/2024,Books,Cookbook,511.28,1.0,USA,Credit Card,Mobile App,Delivered
ORD105851,CUST1618,2024-05-06,Home & Kitchen,LED Desk Lamp,2316.59,2.0,nan,UPI,Website,Returned
ORD101423,CUST972,2024-05-21,Home & Kitchen,LED Desk Lamp,778.54,1.0,India,Net Banking,Mobile App,Delivered
ORD101777,CUST115,2024-06-30,Home & Kitchen,Non-stick Pan Set,1640.1,1.0,UK,Debit Card,Website,Delivered
ORD103972,CUST1495,2024-02-28,Home & Kitchen,LED Desk Lamp,2623.71,2.0,Germany,COD,Website,Delivered
ORD105071,CUST948,06-16-2024,Fashion,Denim Jacket,2951.53,1.0,UK,Debit Card,website,Delivered
ORD100443,CUST798,10/01/2024,Fashion,Denim Jacket,2148.81,1.0,india,Debit Card,Mobile App,Delivered
ORD101239,CUST261,2024-07-17,Fashion,Sunglasses,2729.45,2.0,India,Net Banking,Mobile App,Delivered
ORD100901,CUST1725,07-31-2024,Home & Kitchen,Storage Containers,2030.3,3.0,India,UPI,Website,Delivered
ORD103146,CUST1777,04-12-2024,Home & Kitchen,Blender,807.69,1.0,UK,PayPal,Website,Delivered
ORD101792,CUST1032,2024-03-27,Beauty,Face Serum,1010.09,1.0,USA,Debit Card,Mobile App,Cancelled
ORD101303,CUST848,2024-03-29,Fashion,Sunglasses,776.26,2.0,India,Credit Card,Mobile App,Delivered
ORD103831,CUST1479,2024-07-23,Fashion,Running Shoes,447.01,1.0,United States,Credit Card,Website,Delivered
ORD105200,CUST1616,2024-09-15,Home & Kitchen,LED Desk Lamp,2815.81,1.0,India,Debit Card,Mobile App,Delivered
ORD101603,CUST1193,2024-04-10,Home & Kitchen,Storage Containers,2746.62,1.0,USA,Net Banking,Mobile App,Delivered
ORD104889,CUST204,2024-04-02,Fashion,Sunglasses,2634.7,1.0,UK,Credit Card,Website,Delivered
ORD105609,CUST1432,2024-05-20,Sports,Resistance Bands,1637.64,2.0,India,Debit Card,Mobile App,Delivered
ORD103244,CUST1688,2024-05-30,Home & Kitchen,Non-stick Pan Set,1034.7,4.0,USA,PayPal,Website,Delivered
ORD100225,CUST583,2024-03-04,Beauty,Hair Dryer,676.52,1.0,United Kingdom,COD,Mobile App,Delivered
ORD104489,CUST286,2024-06-13,Home & Kitchen,LED Desk Lamp,1548.39,1.0,France,UPI,Marketplace,Delivered
ORD104306,,2024-07-05,Home & Kitchen,Non-stick Pan Set,1115.38,1.0,India,Credit Card,Website,Delivered
ORD103084,CUST1093,2024-08-16,Toys,Puzzle 1000pc,1718.61,1.0,France,PayPal,Marketplace,Delivered
ORD103856,CUST210,03-11-2024,Electronics,Phone Case,1533.1,2.0,India,Debit Card,Mobile App,Delivered
ORD104648,CUST1443,06-03-2024,Home & Kitchen,Storage Containers,3153.77,2.0,United Kingdom,Credit Card,Mobile App,Delivered
ORD104283,CUST1451,03-30-2024,Books,Self-Help Guide,99.78,2.0,INDIA,COD,Website,Delivered
ORD100495,CUST844,26/06/2024,Electronics,Bluetooth Speaker,4247.47,2.0,India,Debit Card,Marketplace,Delivered
ORD103567,CUST1773,01-01-2024,Beauty,Sunscreen SPF50,177.79,1.0,india,UPI,Marketplace,Delivered
ORD103415,CUST992,18/08/2024,Electronics,Power Bank,3397.93,1.0,Germany,UPI,Mobile App,Delivered
ORD102382,CUST7,06/09/2024,Fashion,Denim Jacket,2454.64,2.0,Germany,PayPal,Website,Delivered
ORD102863,CUST1537,2024-04-20,Sports,Water Bottle,1740.63,1.0,India,,Mobile App,Delivered
ORD105390,CUST876,06-27-2024,Toys,RC Car,479.73,1.0,UAE,COD,Website,Delivered
ORD100757,CUST246,07-19-2024,Fashion,Cotton T-Shirt,452.85,1.0,UK,COD,Mobile App,Delivered
ORD101711,CUST1631,07-13-2024,Fashion,Denim Jacket,1008.3,1.0,USA,COD,Marketplace,Delivered
ORD104218,CUST699,06-13-2024,Electronics,Smartwatch,3158.42,1.0,UK,Credit Card,website,Delivered
ORD100014,CUST1649,2024-04-08,Electronics,USB-C Cable,,1.0,UAE,Debit Card,Website,Delivered
ORD101066,CUST1587,08-01-2024,Toys,Puzzle 1000pc,436.27,1.0,France,Debit Card,Mobile App,Delivered
ORD105265,CUST234,2024-06-07,Electronics,Power Bank,4344.63,1.0,United Kingdom,Debit Card,Website,Returned
ORD104895,CUST1340,09-21-2024,Sports,Water Bottle,1367.35,1.0,France,UPI,Marketplace,Delivered
ORD100452,CUST321,02-23-2024,Home & Kitchen,Non-stick Pan Set,355.46,1.0,India,Debit Card,Mobile App,Delivered
ORD104288,CUST280,2024-07-04,Home & Kitchen,LED Desk Lamp,2038.64,3.0,USA,Debit Card,Website,Delivered
ORD101866,CUST673,27/08/2024,Sports,Cycling Gloves,1575.96,2.0,India,Debit Card,Website,Cancelled
ORD101887,CUST419,2024-06-21,Toys,Puzzle 1000pc,,1.0,India,Credit Card,Website,Delivered
ORD101163,CUST1469,2024-05-13,Beauty,Face Serum,1272.86,1.0,UAE,Debit Card,Website,Delivered
ORD103531,CUST812,03-05-2024,Sports,Yoga Mat,468.92,1.0,India,Credit Card,website,Delivered
ORD102491,CUST15,08-20-2024,Electronics,Power Bank,3781.45,1.0,USA,Credit Card,Website,Delivered
ORD102041,CUST5,11/06/2024,Toys,Board Game,379.87,2.0,India,COD,Website,Delivered
ORD100359,CUST1320,2024-04-06,Fashion,Cotton T-Shirt,2392.8,2.0,USA,COD,MOBILE APP,Delivered
ORD100034,CUST1372,08-15-2024,Beauty,Sunscreen SPF50,458.68,1.0,UK,UPI,Website,Returned
ORD104106,CUST1607,19/01/2024,Books,Fiction Bestseller,193.93,1.0,United Kingdom,Debit Card,Marketplace,Delivered
ORD102715,CUST1402,2024-09-08,Books,Cookbook,755.35,1.0,India,Debit Card,Website,Delivered
ORD102763,CUST749,2024-09-21,Electronics,Bluetooth Speaker,1849.9,1.0,UAE,UPI,Website,Delivered
ORD104303,CUST1706,05-23-2024,Toys,Puzzle 1000pc,789.03,1.0,India,Debit Card,website,Cancelled
ORD100387,CUST1136,2024-03-05,Sports,Water Bottle,529.9,1.0,India,Debit Card,Mobile App,Delivered
ORD100683,CUST1718,2024-02-08,Beauty,Face Serum,711.61,1.0,India,Debit Card,Marketplace,Returned
ORD103907,CUST1248,2024-02-09,Sports,Resistance Bands,1121.52,1.0,INDIA,PayPal,Mobile App,Delivered
ORD101132,CUST27,03-19-2024,Fashion,Denim Jacket,2766.55,1.0,USA,UPI,website,Returned
ORD103236,CUST923,2024-06-02,Beauty,Sunscreen SPF50,1173.36,1.0,nan,UPI,Website,Delivered
ORD105896,CUST247,09-18-2024,Beauty,Makeup Brush Kit,621.44,2.0,France,credit card,Website,Delivered
ORD102348,CUST1697,09/03/2024,Electronics,Phone Case,3847.59,1.0,India,Credit Card,Website,Delivered
ORD105635,CUST1370,2024-09-24,Home & Kitchen,Storage Containers,,1.0,India,UPI,Mobile App,Delivered
ORD100895,CUST85,12/08/2024,Books,Self-Help Guide,70858.0,1.0,India,Net Banking,Website,Delivered
ORD105938,,2024-04-14,Home & Kitchen,Non-stick Pan Set,815.03,1.0,USA,PayPal,Marketplace,Delivered
ORD104315,CUST1201,2024-01-02,Home & Kitchen,LED Desk Lamp,2774.0,1.0,India,Debit Card,Marketplace,Delivered
ORD101609,CUST1298,2024-04-15,Sports,Water Bottle,657.54,4.0,UK,COD,Website,Returned
ORD102708,CUST207,2024-05-19,Books,Kids Picture Book,403.77,2.0,India,COD,Website,delivered
ORD105656,CUST806,2024-09-24,Home & Kitchen,Storage Containers,3428.46,3.0,USA,COD,Mobile App,Returned
ORD100508,CUST1506,2024-07-18,Home & Kitchen,Air Fryer,1626.99,1.0,Germany,,Website,Delivered
ORD104788,CUST983,02-29-2024,Books,Cookbook,218.37,1.0,India,UPI,Mobile App,Delivered
ORD100139,CUST1705,05/03/2024,Sports,Yoga Mat,1449.14,1.0,india,Credit Card,Mobile App,Delivered
ORD102199,CUST193,02-20-2024,Home & Kitchen,LED Desk Lamp,3151.03,1.0,India,COD,Mobile App,Returned
ORD100717,CUST570,2024-02-19,Fashion,Sunglasses,788.77,1.0,India,Credit Card,Mobile App,Returned
ORD102165,CUST679,2024-09-19,Beauty,Sunscreen SPF50,1144.81,5.0,United States,,Marketplace,Delivered
ORD102239,CUST74,16/01/2024,Fashion,Sunglasses,2132.11,1.0,nan,Credit Card,Website,Delivered
ORD103763,CUST1215,10/04/2024,Beauty,Face Serum,776.49,1.0,Germany,UPI,Marketplace,Delivered
ORD105275,CUST1162,08-16-2024,Sports,Water Bottle,848.63,2.0,India,UPI,Mobile App,Delivered
ORD105072,CUST575,05-26-2024,Home & Kitchen,Non-stick Pan Set,456.36,2.0,USA,UPI,Mobile App,Delivered
ORD105084,CUST999,2024-02-20,Books,Cookbook,147.2,1.0,UK,Credit Card,Marketplace,Cancelled
ORD100378,CUST1533,2024-01-10,Fashion,Sunglasses,2602.33,2.0,India,Debit Card,website,Delivered
ORD105091,CUST1260,23/03/2024,Books,Cookbook,623.53,5.0,India,UPI,Website,Delivered
ORD101707,CUST385,05/07/2024,Beauty,Lip Balm Set,776.04,1.0,India,UPI,Mobile App,Returned
ORD101336,CUST78,16/03/2024,Beauty,Hair Dryer,959.01,1.0,india,Credit Card,Mobile App,Delivered
ORD105240,CUST1398,2024-01-27,Beauty,Sunscreen SPF50,1194.45,1.0,India,Debit Card,website,Delivered
ORD105829,CUST744,2024-08-04,Toys,RC Car,1876.66,4.0,India,UPI,Mobile App,Delivered
ORD102596,CUST627,2024-07-12,Fashion,Leather Wallet,2727.48,1.0,India,Net Banking,Mobile App,Delivered
ORD100673,CUST444,14/02/2024,Home & Kitchen,Blender,1811.94,2.0,UK,Credit Card,Website,Returned
ORD101046,CUST345,2024-09-03,Home & Kitchen,LED Desk Lamp,2052.5,2.0,France,COD,Marketplace,Delivered 
ORD102633,CUST1580,2024-02-26,Fashion,Leather Wallet,916.49,1.0,USA,Net Banking,Website,Delivered
ORD102201,CUST891,2024-07-28,Home & Kitchen,Storage Containers,2793.22,1.0,India,Credit Card,Mobile App,Returned
ORD101225,CUST1064,2024-04-22,Toys,Building Blocks Set,1857.77,1.0,India,UPI,Mobile App,Cancelled
ORD100502,CUST935,2024-06-19,Fashion,Sunglasses,910.61,1.0,India,Credit Card,Website,Delivered
ORD101894,CUST73,07-01-2024,Home & Kitchen,Non-stick Pan Set,2001.16,1.0,USA,COD,Website,Returned
ORD103478,CUST399,26/09/2024,Beauty,Face Serum,1365.26,3.0,UAE,Net Banking,Marketplace,Delivered
ORD104323,CUST1389,02/04/2024,Fashion,Denim Jacket,420.66,1.0,India,Credit Card,Marketplace,Delivered
ORD100251,CUST968,07-02-2024,Books,Self-Help Guide,749.04,1.0,USA,Credit Card,MOBILE APP,Delivered
ORD102174,CUST499,2024-07-17,Electronics,USB-C Cable,1535.44,1.0,India,UPI,Website,Delivered
ORD101257,CUST1094,2024-01-03,Electronics,Power Bank,724.76,2.0,India,Debit Card,website,Delivered
ORD103916,CUST1344,06-19-2024,Home & Kitchen,Blender,2793.4,2.0,nan,UPI,Mobile App,Cancelled
ORD105033,CUST1341,2024-04-10,Fashion,Cotton T-Shirt,1819.42,2.0,USA,Credit Card,Mobile App,Delivered
ORD102262,CUST1592,02/09/2024,Electronics,Bluetooth Speaker,3470.47,1.0,United States,Debit Card,Marketplace,Delivered
ORD105618,CUST680,12/03/2024,Fashion,Running Shoes,,1.0,nan,Debit Card,Website,Delivered
ORD101062,CUST888,2024-06-24,Fashion,Cotton T-Shirt,2152.06,3.0,India,Debit Card,Mobile App,Delivered
ORD102183,CUST408,14/09/2024,Beauty,Makeup Brush Kit,383.73,4.0,India,Debit Card,Mobile App,Delivered
ORD103524,CUST1525,07-24-2024,Beauty,Hair Dryer,1152.7,2.0,UK,Debit Card,Mobile App,Delivered
ORD105132,CUST60,2024-07-11,Beauty,Hair Dryer,1165.73,1.0,India,Debit Card,Mobile App,Delivered
ORD102215,CUST45,2024-03-24,Beauty,Hair Dryer,967.43,1.0,UK,UPI,Marketplace,Delivered
ORD101827,CUST1520,2024-01-22,Toys,Puzzle 1000pc,900.95,1.0,UK,UPI,Website,Delivered
ORD104649,CUST1673,2024-08-20,Sports,Dumbbell Set,887.94,,UAE,PayPal,Website,Delivered
ORD103083,,2024-04-18,Fashion,Leather Wallet,,2.0,UAE,UPI,Marketplace,Delivered
ORD103429,CUST1454,2024-05-27,Electronics,Smartwatch,1986.68,1.0,UK,Credit Card,Marketplace,Cancelled
ORD104546,CUST1566,2024-08-10,Home & Kitchen,Non-stick Pan Set,768.61,3.0,United States,Credit Card,Mobile App,Delivered
ORD103535,CUST1380,2024-07-12,Toys,Building Blocks Set,1862.95,1.0,United States,Debit Card,Mobile App,Delivered
ORD105022,CUST1549,2024-04-19,Sports,Cycling Gloves,1587.63,1.0,India,Debit Card,Marketplace,Delivered
ORD102599,CUST1279,2024-04-28,Books,Self-Help Guide,774.03,1.0,India,Credit Card,MOBILE APP,Delivered
ORD101594,CUST264,06/03/2024,Toys,RC Car,1367.28,1.0,India,Credit Card,Mobile App,Returned
ORD101076,CUST988,2024-08-10,Home & Kitchen,Storage Containers,1776.67,1.0,Germany,Debit Card,Website,Delivered
ORD101795,CUST1496,05-28-2024,Beauty,Lip Balm Set,410.32,1.0,USA,UPI,Mobile App,Delivered
ORD100308,CUST1093,2024-09-16,Fashion,Leather Wallet,2460.61,2.0,UK,Debit Card,Marketplace,Delivered
ORD101933,CUST1599,05-13-2024,Electronics,Power Bank,4310.87,1.0,USA,UPI,Marketplace,Cancelled
ORD104913,CUST1484,29/01/2024,Fashion,Cotton T-Shirt,1792.98,1.0,India,credit card,Mobile App,Delivered
ORD104556,CUST1762,2024-01-11,Books,Fiction Bestseller,431.63,1.0,UAE,credit card,Marketplace,Delivered
ORD100517,CUST226,24/08/2024,Toys,Building Blocks Set,1416.86,1.0,India,UPI,Marketplace,Delivered 
ORD103837,CUST1352,2024-04-21,Fashion,Denim Jacket,2818.75,1.0,India,Debit Card,Marketplace,Delivered
ORD100503,CUST1284,05-08-2024,Fashion,Leather Wallet,1065.97,2.0,india,Credit Card,Website,Delivered
ORD101595,CUST525,04-28-2024,Toys,Puzzle 1000pc,1019.85,2.0,UK,COD,website,Delivered
ORD100189,CUST274,2024-02-28,Beauty,Sunscreen SPF50,1473.59,2.0,India,UPI,Mobile App,Cancelled
ORD105271,CUST1503,2024-07-04,Electronics,Power Bank,2433.4,1.0,France,Debit Card,Website,Delivered
ORD100711,CUST1493,2024-01-26,Fashion,Sunglasses,2195.49,1.0,India,UPI,Marketplace,Delivered
ORD101851,CUST1168,2024-09-03,Sports,Cycling Gloves,1864.95,2.0,Germany,,Mobile App,Delivered
ORD105154,CUST1093,04-19-2024,Sports,Water Bottle,286.21,4.0,India,credit card,Marketplace,Cancelled
ORD105495,CUST1711,17/05/2024,Fashion,Running Shoes,534.4,1.0,USA,Credit Card,Mobile App,Delivered
ORD102139,CUST778,2024-09-19,Toys,RC Car,1846.58,1.0,UK,Credit Card,Website,Delivered
ORD100784,CUST1470,2024-03-09,Beauty,Lip Balm Set,296.11,3.0,USA,UPI,Mobile App,Delivered
ORD104793,CUST1626,2024-04-16,Electronics,Phone Case,3815.01,2.0,UK,UPI,Website,Delivered
ORD102655,CUST1609,07-08-2024,Electronics,Smartwatch,3255.7,1.0,nan,COD,Marketplace,Delivered
ORD103512,CUST732,2024-03-25,Electronics,Phone Case,4274.82,1.0,india,,Website,Delivered
ORD103793,CUST1282,2024-09-15,Toys,Puzzle 1000pc,346.71,1.0,Germany,UPI,Website,Delivered
ORD101509,CUST1455,2024-01-21,Fashion,Cotton T-Shirt,324.31,2.0,USA,COD,website,Returned
ORD101516,CUST1318,06-16-2024,Home & Kitchen,Storage Containers,1695.59,1.0,India,Debit Card,Mobile App,Delivered
ORD104414,CUST1564,2024-09-27,Fashion,Sunglasses,804.66,1.0,UK,Debit Card,MOBILE APP,Delivered
ORD100900,CUST705,07-24-2024,Home & Kitchen,Blender,3322.8,1.0,India,Credit Card,MOBILE APP,Delivered
ORD102331,CUST1777,09-06-2024,Toys,Board Game,929.13,3.0,UK,UPI,Website,Returned
ORD102423,CUST1242,04-26-2024,Fashion,Running Shoes,2843.08,1.0,Germany,,Mobile App,Delivered
ORD105311,CUST1214,05-05-2024,Electronics,USB-C Cable,2328.67,1.0,nan,UPI,Mobile App,Delivered
ORD103089,CUST1571,03-01-2024,Sports,Cycling Gloves,1563.15,3.0,USA,Credit Card,Marketplace,Delivered
ORD103909,CUST1666,31/03/2024,Toys,Puzzle 1000pc,,2.0,UK,Net Banking,Website,Cancelled
ORD105144,CUST1466,03-16-2024,Sports,Resistance Bands,2162.29,1.0,UK,Debit Card,Mobile App,Delivered
ORD104156,CUST364,25/01/2024,Fashion,Denim Jacket,2690.24,3.0,UK,UPI,Mobile App,Delivered
ORD102901,CUST728,04/06/2024,Sports,Water Bottle,267.23,1.0,india,Credit Card,Website,Delivered
ORD103845,CUST680,2024-01-15,Electronics,Power Bank,1871.95,2.0,India,Credit Card,Mobile App,Delivered
ORD103178,CUST309,2024-06-11,Beauty,Sunscreen SPF50,818.83,1.0,India,Debit Card,Marketplace,Delivered 
ORD105187,CUST872,2024-06-29,Electronics,Power Bank,3648.27,1.0,India,Credit Card,MOBILE APP,Delivered
ORD104390,CUST533,2024-04-27,Electronics,Wireless Earbuds,4318.54,1.0,USA,Credit Card,Website,Delivered
ORD103208,CUST1376,2024-09-13,Toys,RC Car,949.18,1.0,Germany,Credit Card,Mobile App,Delivered
ORD102253,CUST807,2024-03-16,Books,Fiction Bestseller,587.4,1.0,UK,UPI,Website,Delivered
ORD100565,,2024-08-22,Toys,RC Car,1208.7,1.0,France,UPI,Mobile App,delivered
ORD101873,CUST629,09-06-2024,Toys,RC Car,1819.44,2.0,India,Credit Card,Website,Delivered
ORD102311,CUST404,04-14-2024,Home & Kitchen,LED Desk Lamp,2071.7,2.0,India,Credit Card,Mobile App,Delivered
ORD104212,CUST50,2024-06-07,Electronics,Bluetooth Speaker,2256.93,2.0,UK,Credit Card,Mobile App,Delivered
ORD102332,CUST658,2024-01-30,Toys,Puzzle 1000pc,572.11,2.0,USA,UPI,Marketplace,Delivered
ORD101465,CUST1446,09-24-2024,Toys,RC Car,1383.85,1.0,USA,Credit Card,Marketplace,Delivered
ORD100286,CUST652,2024-09-25,Home & Kitchen,LED Desk Lamp,1994.08,3.0,UK,Net Banking,Website,Delivered
ORD100732,CUST715,01-04-2024,Beauty,Makeup Brush Kit,1124.04,2.0,India,PayPal,Website,Delivered
ORD101067,CUST1566,2024-01-14,Books,Fiction Bestseller,170.44,1.0,nan,Credit Card,Mobile App,Delivered
ORD105921,CUST755,2024-03-02,Fashion,Sunglasses,765.99,1.0,UK,,Marketplace,Delivered
ORD105895,,2024-09-05,Electronics,Bluetooth Speaker,2745.84,2.0,India,Debit Card,Marketplace,Delivered
ORD105413,CUST563,19/04/2024,Books,Self-Help Guide,438.65,2.0,India,,website,Cancelled
ORD100398,CUST551,2024-02-19,Fashion,Denim Jacket,564.88,2.0,india,Net Banking,Mobile App,Delivered
ORD105751,CUST1040,2024-03-03,Fashion,Denim Jacket,367.31,2.0,India,UPI,Mobile App,Delivered
ORD102726,CUST1278,19/08/2024,Toys,RC Car,1435.72,2.0,India,Debit Card,Website,Delivered
ORD104450,CUST1151,2024-04-18,Home & Kitchen,Non-stick Pan Set,492.82,,India,COD,Mobile App,Delivered
ORD105679,,2024-04-26,Books,Cookbook,601.1,1.0,UK,Debit Card,Marketplace,Delivered
ORD103386,CUST1383,2024-03-18,Fashion,Leather Wallet,1628.12,1.0,USA,Net Banking,Mobile App,Delivered
ORD102677,CUST122,2024-04-24,Toys,Board Game,1669.26,1.0,UK,Credit Card,MOBILE APP,Delivered
ORD105126,CUST905,2024-07-15,Beauty,Lip Balm Set,215.44,,India,Net Banking,Mobile App,Cancelled
ORD101721,CUST680,08-12-2024,Home & Kitchen,Non-stick Pan Set,2468.18,1.0,UK,COD,Mobile App,Returned
ORD105966,CUST827,02-15-2024,Fashion,Cotton T-Shirt,212.97,1.0,India,Credit Card,Website,Delivered
ORD104910,CUST632,2024-05-17,Sports,Resistance Bands,1347.41,2.0,India,Credit Card,Mobile App,Returned
ORD100893,CUST841,2024-01-15,Home & Kitchen,Storage Containers,2927.93,1.0,USA,Debit Card,Website,Delivered
ORD104192,CUST1090,2024-05-12,Electronics,Smartwatch,850.43,2.0,USA,PayPal,Marketplace,Delivered
ORD104929,CUST632,07-19-2024,Electronics,Power Bank,686.18,1.0,USA,Credit Card,Marketplace,Delivered
ORD103540,CUST661,03-07-2024,Electronics,USB-C Cable,2911.54,1.0,India,Net Banking,Marketplace,Delivered
ORD102406,CUST1040,19/05/2024,Fashion,Running Shoes,388.19,2.0,India,Credit Card,Marketplace,Delivered 
ORD100868,CUST224,07-04-2024,Fashion,Denim Jacket,1015.03,5.0,India,COD,Mobile App,Delivered
ORD102830,CUST279,08-05-2024,Toys,Board Game,408.65,4.0,USA,Credit Card,website,Delivered
ORD101572,CUST1183,2024-02-11,Beauty,Hair Dryer,756.32,1.0,Germany,UPI,Mobile App,Delivered
ORD104618,CUST529,2024-08-31,Electronics,Wireless Earbuds,3450.17,3.0,UK,Debit Card,Mobile App,Delivered
ORD103770,CUST171,2024-05-17,Electronics,Phone Case,,1.0,nan,COD,Mobile App,Returned
ORD103736,CUST1482,19/07/2024,Home & Kitchen,Air Fryer,34226.0,1.0,india,Debit Card,Website,Delivered
ORD101518,CUST438,2024-04-14,Fashion,Cotton T-Shirt,462.66,1.0,India,Debit Card,Website,Delivered
ORD102089,CUST1366,09-20-2024,Sports,Resistance Bands,1522.88,1.0,India,UPI,Mobile App,Delivered
ORD102637,CUST1447,2024-08-14,Home & Kitchen,Storage Containers,694.39,1.0,UAE,PayPal,Website,Returned
ORD105456,CUST410,2024-07-06,Beauty,Sunscreen SPF50,330.66,1.0,nan,Credit Card,Website,Delivered
ORD101788,CUST961,09-21-2024,Sports,Cycling Gloves,577.31,1.0,UAE,PayPal,Website,Delivered
ORD103051,CUST45,2024-03-31,Beauty,Hair Dryer,609.48,1.0,India,Credit Card,Website,Delivered
ORD100270,CUST1148,2024-04-15,Sports,Cycling Gloves,968.12,1.0,India,Debit Card,website,Delivered
ORD102827,CUST268,2024-06-05,Fashion,Cotton T-Shirt,417.18,3.0,India,UPI,Marketplace,Returned
ORD103203,CUST218,2024-05-04,Toys,Building Blocks Set,1128.44,1.0,India,Credit Card,Website,Cancelled
ORD100820,CUST1657,2024-05-02,Home & Kitchen,Blender,1812.71,2.0,France,Debit Card,Marketplace,Delivered
ORD101011,CUST277,2024-06-05,Electronics,Bluetooth Speaker,2559.64,1.0,USA,UPI,Website,Delivered
ORD101748,CUST1345,2024-07-13,Beauty,Sunscreen SPF50,973.19,1.0,India,Credit Card,Website,Delivered
ORD103469,CUST968,02-22-2024,Beauty,Hair Dryer,770.85,1.0,UK,COD,Website,Delivered
ORD101769,CUST343,2024-02-18,Electronics,Smartwatch,1160.09,1.0,USA,PayPal,Website,Delivered
